ISO-10303-21;
HEADER;
/* Generated by software containing ST-Developer
 * from STEP Tools, Inc. (www.steptools.com) 
 */

FILE_DESCRIPTION(
/* description */ (''),
/* implementation_level */ '2;1');

FILE_NAME(
/* name */ 'Plant-Collector.step',
/* time_stamp */ '2026-09-11T17:25:19+05:30',
/* author */ (''),
/* organization */ (''),
/* preprocessor_version */ 'ST-DEVELOPER v20.1',
/* originating_system */ 'Autodesk Translation Framework v15.8.0.0',
/* authorisation */ '');

FILE_SCHEMA (('AUTOMOTIVE_DESIGN { 1 0 10303 214 3 1 1 }'));
ENDSEC;

DATA;
#10=MECHANICAL_DESIGN_GEOMETRIC_PRESENTATION_REPRESENTATION('',(#357,#358,
#359,#360,#361,#362,#363,#364,#365,#366,#367,#368,#369,#370,#371,#372,#373,
#374,#375,#376,#377,#378,#379,#380,#381,#382,#383,#384,#385,#386,#387,#388,
#389,#390,#391,#392,#393,#394,#395,#396,#397,#398,#399,#400,#401,#402,#403,
#404,#405,#406,#407,#408,#409,#410,#411,#412,#413,#414,#415,#416,#417,#418,
#419,#420,#421,#422,#423,#424,#425),#14496);
#11=SHAPE_REPRESENTATION_RELATIONSHIP('SRR','None',#14503,#12);
#12=ADVANCED_BREP_SHAPE_REPRESENTATION('',(#17,#18,#19,#20,#21,#22,#23,
#24,#25,#26,#27,#28,#29,#30,#31),#14495);
#13=B_SPLINE_SURFACE_WITH_KNOTS('',3,1,((#13745,#13746),(#13747,#13748),
(#13749,#13750),(#13751,#13752),(#13753,#13754),(#13755,#13756),(#13757,
#13758),(#13759,#13760),(#13761,#13762),(#13763,#13764),(#13765,#13766),
(#13767,#13768),(#13769,#13770),(#13771,#13772),(#13773,#13774),(#13775,
#13776),(#13777,#13778),(#13779,#13780),(#13781,#13782),(#13783,#13784),
(#13785,#13786),(#13787,#13788),(#13789,#13790),(#13791,#13792),(#13793,
#13794),(#13795,#13796),(#13797,#13798),(#13799,#13800),(#13801,#13802),
(#13803,#13804),(#13805,#13806),(#13807,#13808),(#13809,#13810),(#13811,
#13812),(#13813,#13814),(#13815,#13816),(#13817,#13818),(#13819,#13820),
(#13821,#13822),(#13823,#13824),(#13825,#13826),(#13827,#13828),(#13829,
#13830),(#13831,#13832),(#13833,#13834),(#13835,#13836),(#13837,#13838),
(#13839,#13840),(#13841,#13842),(#13843,#13844),(#13845,#13846),(#13847,
#13848),(#13849,#13850),(#13851,#13852),(#13853,#13854),(#13855,#13856),
(#13857,#13858),(#13859,#13860),(#13861,#13862),(#13863,#13864),(#13865,
#13866),(#13867,#13868),(#13869,#13870),(#13871,#13872),(#13873,#13874),
(#13875,#13876),(#13877,#13878),(#13879,#13880),(#13881,#13882),(#13883,
#13884),(#13885,#13886),(#13887,#13888),(#13889,#13890),(#13891,#13892),
(#13893,#13894),(#13895,#13896),(#13897,#13898),(#13899,#13900),(#13901,
#13902),(#13903,#13904),(#13905,#13906),(#13907,#13908),(#13909,#13910),
(#13911,#13912),(#13913,#13914),(#13915,#13916),(#13917,#13918),(#13919,
#13920),(#13921,#13922),(#13923,#13924),(#13925,#13926),(#13927,#13928),
(#13929,#13930),(#13931,#13932),(#13933,#13934),(#13935,#13936),(#13937,
#13938)),.UNSPECIFIED.,.T.,.F.,.F.,(4,3,3,3,3,3,3,3,3,3,3,3,3,3,3,3,3,3,
3,3,3,3,3,3,3,3,3,3,3,3,3,3,4),(2,2),(0.,0.0253068915327661,0.0530789572115958,
0.0929521081326356,0.126843846471909,0.156553586441726,0.186483931555006,
0.216619645899087,0.241730945485232,0.264179574714013,0.287839876463166,
0.323875942415817,0.356492729654032,0.402909507294492,0.440227663088586,
0.47521343414555,0.499696671139111,0.522159081068249,0.547858927461908,
0.581357048262953,0.613041508879713,0.643245685961815,0.674575965827747,
0.708043364591871,0.738253945129116,0.76084711332307,0.783272699556881,
0.812970272604068,0.84705207472669,0.886667768869428,0.932392298899276,
0.970810499199892,1.),(0.,4.),.UNSPECIFIED.);
#14=(
BOUNDED_SURFACE()
B_SPLINE_SURFACE(5,1,((#13619,#13620),(#13621,#13622),(#13623,#13624),(#13625,
#13626),(#13627,#13628),(#13629,#13630),(#13631,#13632),(#13633,#13634),
(#13635,#13636),(#13637,#13638),(#13639,#13640),(#13641,#13642),(#13643,
#13644),(#13645,#13646),(#13647,#13648),(#13649,#13650),(#13651,#13652),
(#13653,#13654),(#13655,#13656),(#13657,#13658),(#13659,#13660),(#13661,
#13662),(#13663,#13664),(#13665,#13666),(#13667,#13668),(#13669,#13670),
(#13671,#13672),(#13673,#13674),(#13675,#13676),(#13677,#13678),(#13679,
#13680),(#13681,#13682),(#13683,#13684),(#13685,#13686),(#13687,#13688)),
 .UNSPECIFIED.,.T.,.F.,.F.)
B_SPLINE_SURFACE_WITH_KNOTS((6,1,1,1,1,1,1,1,1,1,1,1,1,1,1,1,1,1,1,1,1,
1,1,1,1,1,1,1,1,1,6),(2,2),(-1.,-0.966666666666667,-0.933333333333333,-0.9,
-0.866666666666667,-0.833333333333333,-0.8,-0.766666666666667,-0.733333333333333,
-0.7,-0.666666666666667,-0.633333333333333,-0.6,-0.566666666666667,-0.533333333333333,
-0.5,-0.466666666666667,-0.433333333333333,-0.4,-0.366666666666667,-0.333333333333333,
-0.3,-0.266666666666667,-0.233333333333333,-0.2,-0.166666666666667,-0.133333333333333,
-0.1,-0.0666666666666667,-0.0333333333333333,0.),(0.,4.),.UNSPECIFIED.)
GEOMETRIC_REPRESENTATION_ITEM()
RATIONAL_B_SPLINE_SURFACE(((1.,1.),(1.,1.),(1.,1.),(1.,1.),(1.,1.),(1.,
1.),(1.,1.),(1.,1.),(1.,1.),(1.,1.),(1.,1.),(1.,1.),(1.,1.),(1.,1.),(1.,
1.),(1.,1.),(1.,1.),(1.,1.),(1.,1.),(1.,1.),(1.,1.),(1.,1.),(1.,1.),(1.,
1.),(1.,1.),(1.,1.),(1.,1.),(1.,1.),(1.,1.),(1.,1.),(1.,1.),(1.,1.),(1.,
1.),(1.,1.),(1.,1.)))
REPRESENTATION_ITEM('')
SURFACE()
);
#15=(
BOUNDED_CURVE()
B_SPLINE_CURVE(5,(#13582,#13583,#13584,#13585,#13586,#13587,#13588,#13589,
#13590,#13591,#13592,#13593,#13594,#13595,#13596,#13597,#13598,#13599,#13600,
#13601,#13602,#13603,#13604),.UNSPECIFIED.,.F.,.F.)
B_SPLINE_CURVE_WITH_KNOTS((6,1,1,1,1,1,1,1,1,1,1,1,1,1,1,1,1,1,6),(-0.573185756127423,
-0.566666666666667,-0.533333333333333,-0.5,-0.466666666666667,-0.433333333333333,
-0.4,-0.366666666666667,-0.333333333333333,-0.3,-0.266666666666667,-0.233333333333333,
-0.2,-0.166666666666667,-0.133333333333333,-0.1,-0.0666666666666667,-0.0333333333333333,
0.),.UNSPECIFIED.)
CURVE()
GEOMETRIC_REPRESENTATION_ITEM()
RATIONAL_B_SPLINE_CURVE((1.,1.,1.,1.,1.,1.,1.,1.,1.,1.,1.,1.,1.,1.,1.,1.,
1.,1.,1.,1.,1.,1.,1.))
REPRESENTATION_ITEM('')
);
#16=(
BOUNDED_CURVE()
B_SPLINE_CURVE(5,(#13605,#13606,#13607,#13608,#13609,#13610,#13611,#13612,
#13613,#13614,#13615,#13616,#13617,#13618),.UNSPECIFIED.,.F.,.F.)
B_SPLINE_CURVE_WITH_KNOTS((6,1,1,1,1,1,1,1,1,6),(-1.,-0.966666666666667,
-0.933333333333333,-0.9,-0.866666666666667,-0.833333333333333,-0.8,-0.766666666666667,
-0.733333333333333,-0.703713105408729),.UNSPECIFIED.)
CURVE()
GEOMETRIC_REPRESENTATION_ITEM()
RATIONAL_B_SPLINE_CURVE((1.,1.,1.,1.,1.,1.,1.,1.,1.,1.,1.,1.,1.,1.))
REPRESENTATION_ITEM('')
);
#17=MANIFOLD_SOLID_BREP('main',#7551);
#18=MANIFOLD_SOLID_BREP('holder (1)',#7552);
#19=MANIFOLD_SOLID_BREP('holder (2)',#7553);
#20=MANIFOLD_SOLID_BREP('holder',#7554);
#21=MANIFOLD_SOLID_BREP('holder (3)',#7555);
#22=MANIFOLD_SOLID_BREP('holder (4)',#7556);
#23=MANIFOLD_SOLID_BREP('holder (5)',#7557);
#24=MANIFOLD_SOLID_BREP('dispension',#7558);
#25=MANIFOLD_SOLID_BREP('cover ',#7559);
#26=MANIFOLD_SOLID_BREP('feets (1)',#7560);
#27=MANIFOLD_SOLID_BREP('feets (2)',#7561);
#28=MANIFOLD_SOLID_BREP('feets (3)',#7562);
#29=MANIFOLD_SOLID_BREP('feets (4)',#7563);
#30=MANIFOLD_SOLID_BREP('feets (5)',#7564);
#31=MANIFOLD_SOLID_BREP('feets',#7565);
#32=FACE_BOUND('',#963,.T.);
#33=FACE_BOUND('',#972,.T.);
#34=FACE_BOUND('',#973,.T.);
#35=FACE_BOUND('',#974,.T.);
#36=FACE_BOUND('',#975,.T.);
#37=FACE_BOUND('',#976,.T.);
#38=FACE_BOUND('',#977,.T.);
#39=FACE_BOUND('',#978,.T.);
#40=FACE_BOUND('',#1042,.T.);
#41=FACE_BOUND('',#1043,.T.);
#42=FACE_BOUND('',#1044,.T.);
#43=FACE_BOUND('',#1045,.T.);
#44=FACE_BOUND('',#1046,.T.);
#45=FACE_BOUND('',#1047,.T.);
#46=FACE_BOUND('',#1048,.T.);
#47=FACE_BOUND('',#1049,.T.);
#48=FACE_BOUND('',#1050,.T.);
#49=FACE_BOUND('',#1051,.T.);
#50=FACE_BOUND('',#1052,.T.);
#51=FACE_BOUND('',#1053,.T.);
#52=FACE_BOUND('',#1054,.T.);
#53=FACE_BOUND('',#1055,.T.);
#54=FACE_BOUND('',#1056,.T.);
#55=FACE_BOUND('',#1057,.T.);
#56=FACE_BOUND('',#1058,.T.);
#57=FACE_BOUND('',#1059,.T.);
#58=FACE_BOUND('',#1060,.T.);
#59=FACE_BOUND('',#1061,.T.);
#60=FACE_BOUND('',#1062,.T.);
#61=FACE_BOUND('',#1095,.T.);
#62=FACE_BOUND('',#1096,.T.);
#63=FACE_BOUND('',#1097,.T.);
#64=FACE_BOUND('',#1098,.T.);
#65=FACE_BOUND('',#1099,.T.);
#66=FACE_BOUND('',#1100,.T.);
#67=FACE_BOUND('',#1101,.T.);
#68=FACE_BOUND('',#1102,.T.);
#69=FACE_BOUND('',#1103,.T.);
#70=FACE_BOUND('',#1104,.T.);
#71=FACE_BOUND('',#1105,.T.);
#72=FACE_BOUND('',#1106,.T.);
#73=FACE_BOUND('',#1107,.T.);
#74=FACE_BOUND('',#1108,.T.);
#75=FACE_BOUND('',#1109,.T.);
#76=FACE_BOUND('',#1110,.T.);
#77=FACE_BOUND('',#1111,.T.);
#78=FACE_BOUND('',#1112,.T.);
#79=FACE_BOUND('',#1155,.T.);
#80=FACE_BOUND('',#1156,.T.);
#81=FACE_BOUND('',#1157,.T.);
#82=FACE_BOUND('',#1158,.T.);
#83=FACE_BOUND('',#1159,.T.);
#84=FACE_BOUND('',#1160,.T.);
#85=FACE_BOUND('',#1161,.T.);
#86=FACE_BOUND('',#1162,.T.);
#87=FACE_BOUND('',#1163,.T.);
#88=FACE_BOUND('',#1164,.T.);
#89=FACE_BOUND('',#1165,.T.);
#90=FACE_BOUND('',#1166,.T.);
#91=FACE_BOUND('',#1167,.T.);
#92=FACE_BOUND('',#1168,.T.);
#93=FACE_BOUND('',#1169,.T.);
#94=FACE_BOUND('',#1170,.T.);
#95=FACE_BOUND('',#1171,.T.);
#96=FACE_BOUND('',#1172,.T.);
#97=FACE_BOUND('',#1173,.T.);
#98=FACE_BOUND('',#1174,.T.);
#99=FACE_BOUND('',#1175,.T.);
#100=FACE_BOUND('',#1176,.T.);
#101=FACE_BOUND('',#1177,.T.);
#102=FACE_BOUND('',#1178,.T.);
#103=FACE_BOUND('',#1179,.T.);
#104=FACE_BOUND('',#1180,.T.);
#105=FACE_BOUND('',#1181,.T.);
#106=FACE_BOUND('',#1182,.T.);
#107=FACE_BOUND('',#1183,.T.);
#108=FACE_BOUND('',#1184,.T.);
#109=FACE_BOUND('',#1185,.T.);
#110=FACE_BOUND('',#1186,.T.);
#111=FACE_BOUND('',#1187,.T.);
#112=FACE_BOUND('',#1188,.T.);
#113=FACE_BOUND('',#1189,.T.);
#114=FACE_BOUND('',#1190,.T.);
#115=FACE_BOUND('',#1191,.T.);
#116=FACE_BOUND('',#1192,.T.);
#117=FACE_BOUND('',#1193,.T.);
#118=FACE_BOUND('',#1194,.T.);
#119=FACE_BOUND('',#1195,.T.);
#120=FACE_BOUND('',#1196,.T.);
#121=FACE_BOUND('',#1271,.T.);
#122=FACE_BOUND('',#1272,.T.);
#123=FACE_BOUND('',#1273,.T.);
#124=FACE_BOUND('',#1274,.T.);
#125=FACE_BOUND('',#1275,.T.);
#126=FACE_BOUND('',#1276,.T.);
#127=FACE_BOUND('',#1287,.T.);
#128=FACE_BOUND('',#1288,.T.);
#129=FACE_BOUND('',#1289,.T.);
#130=FACE_BOUND('',#1290,.T.);
#131=FACE_BOUND('',#1291,.T.);
#132=FACE_BOUND('',#1292,.T.);
#133=FACE_BOUND('',#1295,.T.);
#134=FACE_BOUND('',#1297,.T.);
#135=FACE_BOUND('',#1298,.T.);
#136=FACE_BOUND('',#1299,.T.);
#137=FACE_BOUND('',#1300,.T.);
#138=FACE_BOUND('',#1301,.T.);
#139=FACE_BOUND('',#1302,.T.);
#140=FACE_BOUND('',#1313,.T.);
#141=FACE_BOUND('',#1314,.T.);
#142=FACE_BOUND('',#1315,.T.);
#143=FACE_BOUND('',#1316,.T.);
#144=FACE_BOUND('',#1317,.T.);
#145=FACE_BOUND('',#1318,.T.);
#146=FACE_BOUND('',#1321,.T.);
#147=FACE_BOUND('',#1323,.T.);
#148=FACE_BOUND('',#1324,.T.);
#149=FACE_BOUND('',#1325,.T.);
#150=FACE_BOUND('',#1326,.T.);
#151=FACE_BOUND('',#1327,.T.);
#152=FACE_BOUND('',#1328,.T.);
#153=FACE_BOUND('',#1339,.T.);
#154=FACE_BOUND('',#1340,.T.);
#155=FACE_BOUND('',#1341,.T.);
#156=FACE_BOUND('',#1342,.T.);
#157=FACE_BOUND('',#1343,.T.);
#158=FACE_BOUND('',#1344,.T.);
#159=FACE_BOUND('',#1347,.T.);
#160=FACE_BOUND('',#1349,.T.);
#161=FACE_BOUND('',#1350,.T.);
#162=FACE_BOUND('',#1351,.T.);
#163=FACE_BOUND('',#1352,.T.);
#164=FACE_BOUND('',#1353,.T.);
#165=FACE_BOUND('',#1354,.T.);
#166=FACE_BOUND('',#1365,.T.);
#167=FACE_BOUND('',#1366,.T.);
#168=FACE_BOUND('',#1367,.T.);
#169=FACE_BOUND('',#1368,.T.);
#170=FACE_BOUND('',#1369,.T.);
#171=FACE_BOUND('',#1370,.T.);
#172=FACE_BOUND('',#1373,.T.);
#173=FACE_BOUND('',#1375,.T.);
#174=FACE_BOUND('',#1376,.T.);
#175=FACE_BOUND('',#1377,.T.);
#176=FACE_BOUND('',#1378,.T.);
#177=FACE_BOUND('',#1379,.T.);
#178=FACE_BOUND('',#1380,.T.);
#179=FACE_BOUND('',#1391,.T.);
#180=FACE_BOUND('',#1392,.T.);
#181=FACE_BOUND('',#1393,.T.);
#182=FACE_BOUND('',#1394,.T.);
#183=FACE_BOUND('',#1395,.T.);
#184=FACE_BOUND('',#1396,.T.);
#185=FACE_BOUND('',#1399,.T.);
#186=FACE_BOUND('',#1401,.T.);
#187=FACE_BOUND('',#1402,.T.);
#188=FACE_BOUND('',#1403,.T.);
#189=FACE_BOUND('',#1404,.T.);
#190=FACE_BOUND('',#1405,.T.);
#191=FACE_BOUND('',#1406,.T.);
#192=FACE_BOUND('',#1417,.T.);
#193=FACE_BOUND('',#1418,.T.);
#194=FACE_BOUND('',#1419,.T.);
#195=FACE_BOUND('',#1420,.T.);
#196=FACE_BOUND('',#1421,.T.);
#197=FACE_BOUND('',#1422,.T.);
#198=FACE_BOUND('',#1425,.T.);
#199=FACE_BOUND('',#1427,.T.);
#200=FACE_BOUND('',#1428,.T.);
#201=FACE_BOUND('',#1429,.T.);
#202=FACE_BOUND('',#1430,.T.);
#203=FACE_BOUND('',#1431,.T.);
#204=FACE_BOUND('',#1432,.T.);
#205=FACE_BOUND('',#1439,.T.);
#206=FACE_BOUND('',#1495,.T.);
#207=FACE_BOUND('',#1496,.T.);
#208=FACE_BOUND('',#1497,.T.);
#209=FACE_BOUND('',#1498,.T.);
#210=FACE_BOUND('',#1499,.T.);
#211=FACE_BOUND('',#1500,.T.);
#212=FACE_BOUND('',#1501,.T.);
#213=FACE_BOUND('',#1502,.T.);
#214=FACE_BOUND('',#1504,.T.);
#215=FACE_BOUND('',#1505,.T.);
#216=FACE_BOUND('',#1506,.T.);
#217=FACE_BOUND('',#1507,.T.);
#218=FACE_BOUND('',#1508,.T.);
#219=FACE_BOUND('',#1509,.T.);
#220=FACE_BOUND('',#1512,.T.);
#221=FACE_BOUND('',#1520,.T.);
#222=FACE_BOUND('',#1528,.T.);
#223=FACE_BOUND('',#1536,.T.);
#224=FACE_BOUND('',#1544,.T.);
#225=FACE_BOUND('',#1552,.T.);
#226=B_SPLINE_CURVE_WITH_KNOTS('',3,(#11111,#11112,#11113,#11114,#11115,
#11116,#11117,#11118),.UNSPECIFIED.,.F.,.F.,(4,2,2,4),(0.000302167881683852,
0.136541712860399,0.28212774173595,0.312187878495679),.UNSPECIFIED.);
#227=B_SPLINE_CURVE_WITH_KNOTS('',3,(#11120,#11121,#11122,#11123,#11124,
#11125,#11126,#11127),.UNSPECIFIED.,.F.,.F.,(4,2,2,4),(0.220099957087787,
0.366455639074299,0.594604854963815,0.595390201449724),.UNSPECIFIED.);
#228=B_SPLINE_CURVE_WITH_KNOTS('',3,(#11130,#11131,#11132,#11133,#11134,
#11135,#11136,#11137,#11138,#11139,#11140,#11141,#11142,#11143),
 .UNSPECIFIED.,.F.,.F.,(4,2,2,2,2,2,4),(-0.0010252790615819,0.,0.309985314606462,
0.634571730309939,0.796073735165004,0.880446331325864,0.946028646693097),
 .UNSPECIFIED.);
#229=B_SPLINE_CURVE_WITH_KNOTS('',3,(#11149,#11150,#11151,#11152,#11153,
#11154,#11155,#11156,#11157,#11158,#11159,#11160,#11161,#11162,#11163,#11164),
 .UNSPECIFIED.,.F.,.F.,(4,2,2,2,2,2,2,4),(-0.00103662249454398,0.,0.253338971765319,
0.495134640882263,0.792918780756636,0.950045436767475,1.06486627275568,
1.15947710801954),.UNSPECIFIED.);
#230=B_SPLINE_CURVE_WITH_KNOTS('',3,(#11170,#11171,#11172,#11173,#11174,
#11175,#11176,#11177,#11178,#11179,#11180,#11181,#11182,#11183,#11184,#11185),
 .UNSPECIFIED.,.F.,.F.,(4,2,2,2,2,2,2,4),(-0.00114874378730156,0.,0.212958348151042,
0.433361522296217,0.782839419815816,0.961480588499246,1.08769039948924,
1.19564944394994),.UNSPECIFIED.);
#231=B_SPLINE_CURVE_WITH_KNOTS('',3,(#11191,#11192,#11193,#11194,#11195,
#11196,#11197,#11198,#11199,#11200,#11201,#11202,#11203,#11204),
 .UNSPECIFIED.,.F.,.F.,(4,2,2,2,2,2,4),(-0.00107324582351483,0.,0.194804482716065,
0.391038578742729,0.578729779570803,0.699708610609105,0.795640429490029),
 .UNSPECIFIED.);
#232=B_SPLINE_CURVE_WITH_KNOTS('',3,(#11208,#11209,#11210,#11211,#11212,
#11213,#11214,#11215,#11216,#11217,#11218,#11219,#11220,#11221,#11222,#11223,
#11224,#11225),.UNSPECIFIED.,.F.,.F.,(4,2,2,2,2,2,2,2,4),(-0.281231098217295,
-0.272971488499607,-0.214173754761907,-0.168380407560327,-0.136485744252303,
-0.104591080943747,-0.0587977337406331,0.,0.00825960971442372),
 .UNSPECIFIED.);
#233=B_SPLINE_CURVE_WITH_KNOTS('',3,(#11229,#11230,#11231,#11232,#11233,
#11234,#11235,#11236,#11237,#11238,#11239,#11240,#11241,#11242,#11243,#11244),
 .UNSPECIFIED.,.F.,.F.,(4,2,2,2,2,2,2,4),(-0.00090719576723335,0.,0.271265330765305,
0.513228464942239,0.779364545208745,0.919469917198556,1.05037756839763,
1.12254065755857),.UNSPECIFIED.);
#234=B_SPLINE_CURVE_WITH_KNOTS('',3,(#11246,#11247,#11248,#11249,#11250,
#11251,#11252,#11253,#11254,#11255,#11256,#11257,#11258,#11259,#11260,#11261),
 .UNSPECIFIED.,.F.,.F.,(4,2,2,2,2,2,2,4),(0.000848307533118424,0.00190926842416618,
0.00275578380479608,0.00290251317287879,0.00296000066758037,0.00296752224121633,
0.00297128164468408,0.00297328799188364),.UNSPECIFIED.);
#235=B_SPLINE_CURVE_WITH_KNOTS('',3,(#11306,#11307,#11308,#11309,#11310,
#11311,#11312,#11313,#11314,#11315,#11316,#11317,#11318,#11319),
 .UNSPECIFIED.,.F.,.F.,(4,2,2,2,2,2,4),(-0.00102029560716396,0.,0.286856820010268,
0.584669076233351,0.753943880970117,0.844249644853299,0.914872812537529),
 .UNSPECIFIED.);
#236=B_SPLINE_CURVE_WITH_KNOTS('',3,(#11332,#11333,#11334,#11335,#11336,
#11337,#11338,#11339),.UNSPECIFIED.,.F.,.F.,(4,2,2,4),(0.353395372335665,
0.383857593699804,0.529475981536007,0.666344776022242),.UNSPECIFIED.);
#237=B_SPLINE_CURVE_WITH_KNOTS('',3,(#11343,#11344,#11345,#11346,#11347,
#11348,#11349,#11350),.UNSPECIFIED.,.F.,.F.,(4,2,2,4),(0.000302167881682073,
0.13654171286035,0.282127741735738,0.312187878495605),.UNSPECIFIED.);
#238=B_SPLINE_CURVE_WITH_KNOTS('',3,(#11352,#11353,#11354,#11355,#11356,
#11357,#11358,#11359),.UNSPECIFIED.,.F.,.F.,(4,2,2,4),(0.220099956948917,
0.366455639139646,0.594604854925183,0.595390201411456),.UNSPECIFIED.);
#239=B_SPLINE_CURVE_WITH_KNOTS('',3,(#11471,#11472,#11473,#11474,#11475,
#11476,#11477,#11478),.UNSPECIFIED.,.F.,.F.,(4,2,2,4),(0.35339536415988,
0.383858188502877,0.52947609814397,0.666344756805231),.UNSPECIFIED.);
#240=B_SPLINE_CURVE_WITH_KNOTS('',3,(#11482,#11483,#11484,#11485,#11486,
#11487,#11488,#11489),.UNSPECIFIED.,.F.,.F.,(4,2,2,4),(0.000302167881685628,
0.136541712858917,0.282127741729016,0.312187878495019),.UNSPECIFIED.);
#241=B_SPLINE_CURVE_WITH_KNOTS('',3,(#11490,#11491,#11492,#11493,#11494,
#11495,#11496,#11497),.UNSPECIFIED.,.F.,.F.,(4,2,2,4),(0.22009872065827,
0.366358130433219,0.594592021887364,0.595379539670024),.UNSPECIFIED.);
#242=B_SPLINE_CURVE_WITH_KNOTS('',3,(#11508,#11509,#11510,#11511,#11512,
#11513,#11514,#11515),.UNSPECIFIED.,.F.,.F.,(4,2,2,4),(0.353395124098107,
0.383883818538621,0.529481275270104,0.666344156429434),.UNSPECIFIED.);
#243=B_SPLINE_CURVE_WITH_KNOTS('',3,(#11519,#11520,#11521,#11522,#11523,
#11524,#11525,#11526,#11527,#11528,#11529,#11530,#11531,#11532),
 .UNSPECIFIED.,.F.,.F.,(4,2,2,2,2,2,4),(0.070510565950464,0.0712365217778452,
0.0732512408122035,0.0767520552743707,0.0840116660209702,0.103194195815232,
0.121071961314189),.UNSPECIFIED.);
#244=B_SPLINE_CURVE_WITH_KNOTS('',3,(#11533,#11534,#11535,#11536,#11537,
#11538,#11539,#11540,#11541,#11542,#11543,#11544,#11545,#11546),
 .UNSPECIFIED.,.F.,.F.,(4,2,2,2,2,2,4),(0.0517676437284859,0.05664751326773,
0.178075828688925,0.363857016965343,0.576099045452748,0.805960697550067,
0.806858870847327),.UNSPECIFIED.);
#245=B_SPLINE_CURVE_WITH_KNOTS('',3,(#11551,#11552,#11553,#11554,#11555,
#11556,#11557,#11558,#11559,#11560,#11561,#11562,#11563,#11564),
 .UNSPECIFIED.,.F.,.F.,(4,2,2,2,2,2,4),(0.0221895249841877,0.027809683023457,
0.0676062914826328,0.0705959454625726,0.0718558579737534,0.0726448901696608,
0.0727349835990453),.UNSPECIFIED.);
#246=B_SPLINE_CURVE_WITH_KNOTS('',3,(#11567,#11568,#11569,#11570,#11571,
#11572,#11573,#11574,#11575,#11576,#11577,#11578,#11579,#11580),
 .UNSPECIFIED.,.F.,.F.,(4,2,2,2,2,2,4),(-0.00113150684779138,0.,0.29093911932208,
0.617663190435569,0.792780941248516,0.881170040910459,0.947416623202437),
 .UNSPECIFIED.);
#247=B_SPLINE_CURVE_WITH_KNOTS('',3,(#11596,#11597,#11598,#11599,#11600,
#11601,#11602,#11603,#11604,#11605,#11606,#11607),.UNSPECIFIED.,.F.,.F.,
(4,2,2,2,2,4),(0.0933576914896489,0.0980082184737635,0.106152161687164,
0.123251197872309,0.158599834163227,0.159483308589523),.UNSPECIFIED.);
#248=B_SPLINE_CURVE_WITH_KNOTS('',3,(#11608,#11609,#11610,#11611,#11612,
#11613,#11614,#11615,#11616,#11617),.UNSPECIFIED.,.F.,.F.,(4,2,2,2,4),(0.335025509008373,
0.571226660199075,0.722714229595019,0.888354301522039,0.888903049541151),
 .UNSPECIFIED.);
#249=B_SPLINE_CURVE_WITH_KNOTS('',3,(#11618,#11619,#11620,#11621,#11622,
#11623,#11624,#11625,#11626,#11627,#11628,#11629,#11630,#11631),
 .UNSPECIFIED.,.F.,.F.,(4,2,2,2,2,2,4),(-0.00101273246170424,0.,0.1682694008017,
0.333590214623779,0.517579209054316,0.648698824823299,0.75902863049081),
 .UNSPECIFIED.);
#250=B_SPLINE_CURVE_WITH_KNOTS('',3,(#11635,#11636,#11637,#11638,#11639,
#11640,#11641,#11642,#11643,#11644,#11645,#11646,#11647,#11648),
 .UNSPECIFIED.,.F.,.F.,(4,2,2,2,2,2,4),(-0.00101317414390366,0.,0.168207546028424,
0.333504556153337,0.517545176158081,0.648701464116507,0.759041559699313),
 .UNSPECIFIED.);
#251=B_SPLINE_CURVE_WITH_KNOTS('',3,(#11652,#11653,#11654,#11655,#11656,
#11657,#11658,#11659,#11660,#11661,#11662,#11663,#11664,#11665),
 .UNSPECIFIED.,.F.,.F.,(4,2,2,2,2,2,4),(-0.00101339798384996,0.,0.168176143151293,
0.333461074031339,0.517527906745494,0.648702809174353,0.759048123373773),
 .UNSPECIFIED.);
#252=B_SPLINE_CURVE_WITH_KNOTS('',3,(#11669,#11670,#11671,#11672,#11673,
#11674,#11675,#11676,#11677,#11678,#11679,#11680,#11681,#11682),
 .UNSPECIFIED.,.F.,.F.,(4,2,2,2,2,2,4),(-0.00101349862451174,0.,0.168162012074636,
0.33344150859575,0.517520137508121,0.648703415534218,0.75905107687401),
 .UNSPECIFIED.);
#253=B_SPLINE_CURVE_WITH_KNOTS('',3,(#11686,#11687,#11688,#11689,#11690,
#11691,#11692,#11693,#11694,#11695,#11696,#11697,#11698,#11699),
 .UNSPECIFIED.,.F.,.F.,(4,2,2,2,2,2,4),(-0.00101350883878401,0.,0.168160577228213,
0.333439521995573,0.517519348697551,0.648703477140791,0.759051376763663),
 .UNSPECIFIED.);
#254=B_SPLINE_CURVE_WITH_KNOTS('',3,(#11703,#11704,#11705,#11706,#11707,
#11708,#11709,#11710,#11711,#11712,#11713,#11714,#11715,#11716),
 .UNSPECIFIED.,.F.,.F.,(4,2,2,2,2,2,4),(-0.0010183850097779,0.,0.19612257841111,
0.38749129469489,0.568409756948588,0.689084366763499,0.788101007075579),
 .UNSPECIFIED.);
#255=B_SPLINE_CURVE_WITH_KNOTS('',3,(#11720,#11721,#11722,#11723,#11724,
#11725,#11726,#11727,#11728,#11729,#11730,#11731,#11732,#11733),
 .UNSPECIFIED.,.F.,.F.,(4,2,2,2,2,2,4),(-0.00101809198083632,0.,0.196160824143595,
0.387540545829282,0.568425726116349,0.689080685966965,0.788091666996327),
 .UNSPECIFIED.);
#256=B_SPLINE_CURVE_WITH_KNOTS('',3,(#11737,#11738,#11739,#11740,#11741,
#11742,#11743,#11744,#11745,#11746,#11747,#11748,#11749,#11750),
 .UNSPECIFIED.,.F.,.F.,(4,2,2,2,2,2,4),(-0.00104172251015843,0.,0.324677413058853,
0.669000300148529,0.825679051248562,0.906427507707672,0.968760628728207),
 .UNSPECIFIED.);
#257=B_SPLINE_CURVE_WITH_KNOTS('',3,(#11754,#11755,#11756,#11757,#11758,
#11759,#11760,#11761,#11762,#11763,#11764,#11765,#11766,#11767),
 .UNSPECIFIED.,.F.,.F.,(4,2,2,2,2,2,4),(-0.00102214952863594,0.,0.272418151964662,
0.554611548321505,0.728140400908902,0.822724185276266,0.897082114540032),
 .UNSPECIFIED.);
#258=B_SPLINE_CURVE_WITH_KNOTS('',3,(#11771,#11772,#11773,#11774,#11775,
#11776,#11777,#11778,#11779,#11780,#11781,#11782,#11783,#11784),
 .UNSPECIFIED.,.F.,.F.,(4,2,2,2,2,2,4),(-0.00103735894929939,0.,0.152717151040016,
0.306269925193086,0.495389796617716,0.633138224325327,0.747923458893995),
 .UNSPECIFIED.);
#259=B_SPLINE_CURVE_WITH_KNOTS('',3,(#11789,#11790,#11791,#11792,#11793,
#11794,#11795,#11796,#11797,#11798,#11799,#11800),.UNSPECIFIED.,.F.,.F.,
(4,2,2,2,2,4),(0.027793888956047,0.0424137011404128,0.074603608780912,0.0856288117488031,
0.0926415899644442,0.0939118318486934),.UNSPECIFIED.);
#260=B_SPLINE_CURVE_WITH_KNOTS('',3,(#11803,#11804,#11805,#11806,#11807,
#11808,#11809,#11810,#11811,#11812,#11813,#11814,#11815,#11816),
 .UNSPECIFIED.,.F.,.F.,(4,2,2,2,2,2,4),(-0.00112123643091864,0.,0.298208454847629,
0.631723404362055,0.803848560263425,0.911410941499938,1.01026267436139),
 .UNSPECIFIED.);
#261=B_SPLINE_CURVE_WITH_KNOTS('',3,(#11832,#11833,#11834,#11835,#11836,
#11837,#11838,#11839,#11840,#11841,#11842,#11843),.UNSPECIFIED.,.F.,.F.,
(4,2,2,2,2,4),(0.0499295513389189,0.0508034721042393,0.0533995540647794,
0.0578420514918425,0.0670154320260476,0.08518804796541),.UNSPECIFIED.);
#262=B_SPLINE_CURVE_WITH_KNOTS('',3,(#11844,#11845,#11846,#11847,#11848,
#11849,#11850,#11851,#11852,#11853,#11854,#11855,#11856,#11857),
 .UNSPECIFIED.,.F.,.F.,(4,2,2,2,2,2,4),(0.035669370812097,0.0477529002396112,
0.0880413833172753,0.191613847664091,0.279852441642856,0.397924950660378,
0.398403457725296),.UNSPECIFIED.);
#263=B_SPLINE_CURVE_WITH_KNOTS('',3,(#11858,#11859,#11860,#11861,#11862,
#11863,#11864,#11865,#11866,#11867,#11868,#11869,#11870,#11871,#11872,#11873),
 .UNSPECIFIED.,.F.,.F.,(4,2,2,2,2,2,2,4),(-0.00112357742220182,0.,0.22497284854659,
0.380568016892984,0.485968712280439,0.522939983498292,0.544156577537631,
0.561774415936573),.UNSPECIFIED.);
#264=B_SPLINE_CURVE_WITH_KNOTS('',3,(#11878,#11879,#11880,#11881,#11882,
#11883,#11884,#11885,#11886,#11887),.UNSPECIFIED.,.F.,.F.,(4,2,2,2,4),(0.0145770775066701,
0.0417400835756046,0.0463760118646444,0.048534503561238,0.0498390836857814),
 .UNSPECIFIED.);
#265=B_SPLINE_CURVE_WITH_KNOTS('',3,(#11890,#11891,#11892,#11893,#11894,
#11895,#11896,#11897,#11898,#11899,#11900,#11901,#11902,#11903),
 .UNSPECIFIED.,.F.,.F.,(4,2,2,2,2,2,4),(-0.00100072745197426,0.,0.237376592076541,
0.460662671872699,0.697942261852776,0.896174367655591,1.01244900602014),
 .UNSPECIFIED.);
#266=B_SPLINE_CURVE_WITH_KNOTS('',3,(#11918,#11919,#11920,#11921),
 .UNSPECIFIED.,.F.,.F.,(4,4),(1.19237332422306,1.2479780124224),
 .UNSPECIFIED.);
#267=B_SPLINE_CURVE_WITH_KNOTS('',3,(#11922,#11923,#11924,#11925,#11926,
#11927,#11928,#11929,#11930,#11931,#11932,#11933,#11934,#11935),
 .UNSPECIFIED.,.F.,.F.,(4,2,2,2,2,2,4),(0.0577101956810438,0.0638443084394876,
0.120701993202395,0.270178649589558,0.384314573236199,0.511890416055581,
0.512362639254221),.UNSPECIFIED.);
#268=B_SPLINE_CURVE_WITH_KNOTS('',3,(#11938,#11939,#11940,#11941),
 .UNSPECIFIED.,.F.,.F.,(4,4),(1.13676863602372,1.19237332422306),
 .UNSPECIFIED.);
#269=B_SPLINE_CURVE_WITH_KNOTS('',3,(#11945,#11946,#11947,#11948),
 .UNSPECIFIED.,.F.,.F.,(4,4),(1.19237332422306,1.24797801242234),
 .UNSPECIFIED.);
#270=B_SPLINE_CURVE_WITH_KNOTS('',3,(#11949,#11950,#11951,#11952,#11953,
#11954,#11955,#11956,#11957,#11958,#11959,#11960,#11961,#11962),
 .UNSPECIFIED.,.F.,.F.,(4,2,2,2,2,2,4),(0.0577101946783012,0.0638442819692527,
0.120701945457638,0.270178528736192,0.384314585521208,0.511890595198175,
0.512362818742369),.UNSPECIFIED.);
#271=B_SPLINE_CURVE_WITH_KNOTS('',3,(#11975,#11976,#11977,#11978),
 .UNSPECIFIED.,.F.,.F.,(4,4),(1.13676863602377,1.19237332422306),
 .UNSPECIFIED.);
#272=B_SPLINE_CURVE_WITH_KNOTS('',3,(#11982,#11983,#11984,#11985),
 .UNSPECIFIED.,.F.,.F.,(4,4),(1.19237332422306,1.24797801242229),
 .UNSPECIFIED.);
#273=B_SPLINE_CURVE_WITH_KNOTS('',3,(#11986,#11987,#11988,#11989,#11990,
#11991,#11992,#11993,#11994,#11995,#11996,#11997,#11998,#11999),
 .UNSPECIFIED.,.F.,.F.,(4,2,2,2,2,2,4),(0.0577097306738978,0.0638320480496503,
0.120679877707097,0.270122664711529,0.38432024830405,0.511973372293451,
0.512445755744545),.UNSPECIFIED.);
#274=B_SPLINE_CURVE_WITH_KNOTS('',3,(#12002,#12003,#12004,#12005),
 .UNSPECIFIED.,.F.,.F.,(4,4),(1.13676863602382,1.19237332422305),
 .UNSPECIFIED.);
#275=B_SPLINE_CURVE_WITH_KNOTS('',3,(#12009,#12010,#12011,#12012),
 .UNSPECIFIED.,.F.,.F.,(4,4),(0.0168876943005094,0.028833898048091),
 .UNSPECIFIED.);
#276=B_SPLINE_CURVE_WITH_KNOTS('',3,(#12013,#12014,#12015,#12016,#12017,
#12018,#12019,#12020,#12021,#12022,#12023,#12024,#12025,#12026,#12027,#12028),
 .UNSPECIFIED.,.F.,.F.,(4,2,2,2,2,2,2,4),(0.0121979821919004,0.0167761498129606,
0.0454081612265831,0.124672744950745,0.261447554530891,0.324421199912395,
0.39271311662319,0.393023696312178),.UNSPECIFIED.);
#277=B_SPLINE_CURVE_WITH_KNOTS('',3,(#12049,#12050,#12051,#12052,#12053,
#12054,#12055,#12056),.UNSPECIFIED.,.F.,.F.,(4,2,2,4),(0.281537288110077,
0.28358960597217,0.29330101063158,0.293479675920717),.UNSPECIFIED.);
#278=B_SPLINE_CURVE_WITH_KNOTS('',3,(#12059,#12060,#12061,#12062,#12063,
#12064,#12065,#12066,#12067,#12068,#12069,#12070,#12071,#12072,#12073,#12074),
 .UNSPECIFIED.,.F.,.F.,(4,2,2,2,2,2,2,4),(-0.00114687787643745,0.,0.233700293962322,
0.430816945557563,0.607314224254626,0.673154172798729,0.711692602596421,
0.743819604827054),.UNSPECIFIED.);
#279=B_SPLINE_CURVE_WITH_KNOTS('',3,(#12077,#12078,#12079,#12080,#12081,
#12082,#12083,#12084,#12085,#12086,#12087,#12088,#12089,#12090),
 .UNSPECIFIED.,.F.,.F.,(4,2,2,2,2,2,4),(-0.00102106807175103,0.,0.28674079865903,
0.584554078123816,0.753916365491243,0.844251182678525,0.914878086528414),
 .UNSPECIFIED.);
#280=B_SPLINE_CURVE_WITH_KNOTS('',3,(#12094,#12095,#12096,#12097,#12098,
#12099,#12100,#12101,#12102,#12103,#12104,#12105,#12106,#12107),
 .UNSPECIFIED.,.F.,.F.,(4,2,2,2,2,2,4),(-0.00102142464101593,0.,0.286687156258436,
0.584500944498024,0.7539036686018,0.844251902234446,0.914880527370478),
 .UNSPECIFIED.);
#281=B_SPLINE_CURVE_WITH_KNOTS('',3,(#12111,#12112,#12113,#12114,#12115,
#12116,#12117,#12118,#12119,#12120,#12121,#12122,#12123,#12124),
 .UNSPECIFIED.,.F.,.F.,(4,2,2,2,2,2,4),(-0.00102152690107712,0.,0.167760897545454,
0.500871269716701,0.745794229970683,0.889006890676566,0.971428254048038),
 .UNSPECIFIED.);
#282=B_SPLINE_CURVE_WITH_KNOTS('',3,(#12129,#12130,#12131,#12132,#12133,
#12134,#12135,#12136,#12137,#12138,#12139,#12140,#12141,#12142),
 .UNSPECIFIED.,.F.,.F.,(4,2,2,2,2,2,4),(-0.00102141311542174,0.,0.167761011164817,
0.500858574070946,0.745795278164425,0.889021402382906,0.971428233149349),
 .UNSPECIFIED.);
#283=B_SPLINE_CURVE_WITH_KNOTS('',3,(#12146,#12147,#12148,#12149,#12150,
#12151,#12152,#12153,#12154,#12155,#12156,#12157,#12158,#12159),
 .UNSPECIFIED.,.F.,.F.,(4,2,2,2,2,2,4),(-0.00102104049780854,0.,0.167761383245968,
0.500817042209077,0.745798576280945,0.889068669812535,0.971428012470276),
 .UNSPECIFIED.);
#284=B_SPLINE_CURVE_WITH_KNOTS('',3,(#12163,#12164,#12165,#12166,#12167,
#12168,#12169,#12170,#12171,#12172,#12173,#12174,#12175,#12176,#12177,#12178),
 .UNSPECIFIED.,.F.,.F.,(4,2,2,2,2,2,2,4),(-0.00102650441838575,0.,0.269459720655262,
0.551114918065083,0.815989457055487,0.972853145224652,1.09216899836161,
1.15532478577143),.UNSPECIFIED.);
#285=B_SPLINE_CURVE_WITH_KNOTS('',3,(#12182,#12183,#12184,#12185,#12186,
#12187,#12188,#12189,#12190,#12191,#12192,#12193,#12194,#12195,#12196,#12197),
 .UNSPECIFIED.,.F.,.F.,(4,2,2,2,2,2,2,4),(-0.00102698402897767,0.,0.279949981500027,
0.576456742577698,0.859294706606332,1.02769359731668,1.15928461812091,1.23571454952377),
 .UNSPECIFIED.);
#286=B_SPLINE_CURVE_WITH_KNOTS('',3,(#12201,#12202,#12203,#12204,#12205,
#12206,#12207,#12208,#12209,#12210,#12211,#12212,#12213,#12214,#12215,#12216),
 .UNSPECIFIED.,.F.,.F.,(4,2,2,2,2,2,2,4),(-0.0011421284031149,0.,0.199961640214757,
0.406846897974016,0.766893384282826,0.899814027315055,0.972250605574614,
1.03456197023353),.UNSPECIFIED.);
#287=B_SPLINE_CURVE_WITH_KNOTS('',3,(#13444,#13445,#13446,#13447),
 .UNSPECIFIED.,.F.,.F.,(4,4),(-1.07927851026159,-0.0503854994953201),
 .UNSPECIFIED.);
#288=B_SPLINE_CURVE_WITH_KNOTS('',3,(#13453,#13454,#13455,#13456),
 .UNSPECIFIED.,.F.,.F.,(4,4),(-0.353435773016412,0.),.UNSPECIFIED.);
#289=B_SPLINE_CURVE_WITH_KNOTS('',3,(#13470,#13471,#13472,#13473),
 .UNSPECIFIED.,.F.,.F.,(4,4),(-0.403435773016412,-0.0499999999999996),
 .UNSPECIFIED.);
#290=B_SPLINE_CURVE_WITH_KNOTS('',3,(#13476,#13477,#13478,#13479,#13480,
#13481),.UNSPECIFIED.,.F.,.F.,(4,2,4),(-8.96492462209322,-4.5328643875588,
-1.07927851026159),.UNSPECIFIED.);
#291=B_SPLINE_CURVE_WITH_KNOTS('',3,(#13484,#13485,#13486,#13487,#13488,
#13489,#13490,#13491,#13492,#13493,#13494,#13495,#13496,#13497,#13498,#13499,
#13500,#13501,#13502,#13503,#13504,#13505,#13506,#13507,#13508,#13509,#13510,
#13511,#13512,#13513,#13514,#13515,#13516,#13517,#13518,#13519,#13520,#13521,
#13522,#13523,#13524,#13525,#13526,#13527,#13528,#13529,#13530,#13531,#13532,
#13533,#13534,#13535,#13536,#13537,#13538,#13539,#13540,#13541,#13542,#13543,
#13544,#13545,#13546,#13547,#13548,#13549,#13550,#13551,#13552,#13553,#13554,
#13555,#13556,#13557,#13558,#13559,#13560,#13561,#13562,#13563,#13564,#13565,
#13566,#13567,#13568,#13569,#13570,#13571,#13572,#13573,#13574,#13575,#13576,
#13577,#13578,#13579,#13580),.UNSPECIFIED.,.T.,.F.,(4,3,3,3,3,3,3,3,3,3,
3,3,3,3,3,3,3,3,3,3,3,3,3,3,3,3,3,3,3,3,3,3,4),(0.,0.0253068915327661,0.0530789572115958,
0.0929521081326356,0.126843846471909,0.156553586441726,0.186483931555006,
0.216619645899087,0.241730945485232,0.264179574714013,0.287839876463166,
0.323875942415817,0.356492729654032,0.402909507294492,0.440227663088586,
0.47521343414555,0.499696671139111,0.522159081068249,0.547858927461908,
0.581357048262953,0.613041508879713,0.643245685961815,0.674575965827747,
0.708043364591871,0.738253945129116,0.76084711332307,0.783272699556881,
0.812970272604068,0.84705207472669,0.886667768869428,0.932392298899276,
0.970810499199892,1.),.UNSPECIFIED.);
#292=B_SPLINE_CURVE_WITH_KNOTS('',3,(#13691,#13692,#13693,#13694,#13695,
#13696,#13697,#13698,#13699,#13700,#13701,#13702,#13703,#13704,#13705,#13706,
#13707,#13708,#13709,#13710,#13711,#13712,#13713,#13714,#13715,#13716,#13717,
#13718,#13719,#13720,#13721,#13722,#13723,#13724,#13725,#13726,#13727,#13728,
#13729,#13730,#13731,#13732,#13733,#13734,#13735,#13736,#13737,#13738,#13739,
#13740,#13741,#13742,#13743),.UNSPECIFIED.,.T.,.F.,(4,2,2,2,2,2,2,2,2,2,
2,2,2,2,2,2,2,2,2,2,2,2,3,2,2,4),(-93.7669079806114,-93.6865761364686,-88.5443366342113,
-79.9049038738413,-69.3293360085386,-64.3955169802639,-61.7259045077127,
-59.5031684932968,-56.9750580486037,-51.8944975186672,-46.0430106224912,
-42.3209133851161,-39.8516952145482,-37.8256065324774,-35.7685780173439,
-32.9019189105568,-26.7089957004829,-21.5427200733823,-18.5809625424568,
-15.6715508059378,-12.2317075428935,-6.34493470834539,0.,6.80784490749568,
10.7000125355186,14.485130081212),.UNSPECIFIED.);
#293=B_SPLINE_CURVE_WITH_KNOTS('',3,(#13941,#13942,#13943,#13944,#13945,
#13946,#13947,#13948,#13949,#13950,#13951,#13952,#13953,#13954,#13955,#13956,
#13957,#13958,#13959,#13960,#13961,#13962,#13963,#13964,#13965,#13966,#13967,
#13968,#13969,#13970,#13971,#13972,#13973,#13974,#13975,#13976,#13977,#13978,
#13979,#13980,#13981,#13982,#13983,#13984,#13985,#13986,#13987,#13988,#13989,
#13990,#13991,#13992,#13993,#13994,#13995,#13996,#13997,#13998,#13999,#14000,
#14001,#14002,#14003,#14004,#14005,#14006,#14007,#14008,#14009,#14010,#14011,
#14012,#14013,#14014,#14015,#14016,#14017,#14018,#14019,#14020,#14021,#14022,
#14023,#14024,#14025,#14026,#14027,#14028,#14029,#14030,#14031,#14032,#14033,
#14034,#14035,#14036,#14037),.UNSPECIFIED.,.T.,.F.,(4,3,3,3,3,3,3,3,3,3,
3,3,3,3,3,3,3,3,3,3,3,3,3,3,3,3,3,3,3,3,3,3,4),(0.,0.0253068915327661,0.0530789572115958,
0.0929521081326356,0.126843846471909,0.156553586441726,0.186483931555006,
0.216619645899087,0.241730945485232,0.264179574714013,0.287839876463166,
0.323875942415817,0.356492729654032,0.402909507294492,0.440227663088586,
0.47521343414555,0.499696671139111,0.522159081068249,0.547858927461908,
0.581357048262953,0.613041508879713,0.643245685961815,0.674575965827747,
0.708043364591871,0.738253945129116,0.76084711332307,0.783272699556881,
0.812970272604068,0.84705207472669,0.886667768869428,0.932392298899276,
0.970810499199892,1.),.UNSPECIFIED.);
#294=TOROIDAL_SURFACE('',#7600,3.78394008663681,1.2);
#295=TOROIDAL_SURFACE('',#7603,3.70864007924727,1.2);
#296=TOROIDAL_SURFACE('',#7606,3.6774953188581,1.2);
#297=TOROIDAL_SURFACE('',#7609,3.7059548580867,1.2);
#298=TOROIDAL_SURFACE('',#7612,3.70490444214146,1.2);
#299=TOROIDAL_SURFACE('',#7630,3.68443988359753,1.2);
#300=TOROIDAL_SURFACE('',#7633,8.1,0.6);
#301=TOROIDAL_SURFACE('',#7639,3.78394008663681,1.2);
#302=TOROIDAL_SURFACE('',#7689,3.78394008663681,1.2);
#303=TOROIDAL_SURFACE('',#7694,3.78394008663681,1.2);
#304=TOROIDAL_SURFACE('',#7697,3.75314418320708,1.2);
#305=TOROIDAL_SURFACE('',#7703,3.8966112120582,1.2);
#306=TOROIDAL_SURFACE('',#7705,3.8966112120582,1.2);
#307=TOROIDAL_SURFACE('',#7707,3.8966112120582,1.2);
#308=TOROIDAL_SURFACE('',#7709,3.8966112120582,1.2);
#309=TOROIDAL_SURFACE('',#7711,3.8966112120582,1.2);
#310=TOROIDAL_SURFACE('',#7713,3.8966112120582,1.2);
#311=TOROIDAL_SURFACE('',#7715,3.8966112120582,1.2);
#312=TOROIDAL_SURFACE('',#7717,3.8966112120582,1.2);
#313=TOROIDAL_SURFACE('',#7719,3.74204517709518,1.2);
#314=TOROIDAL_SURFACE('',#7721,3.72184287387618,1.2);
#315=TOROIDAL_SURFACE('',#7723,3.74365756081937,1.2);
#316=TOROIDAL_SURFACE('',#7725,3.95639048757322,1.2);
#317=TOROIDAL_SURFACE('',#7731,3.39118867533145,1.2);
#318=TOROIDAL_SURFACE('',#7733,3.42955982617069,1.2);
#319=TOROIDAL_SURFACE('',#7735,3.38996321520672,1.2);
#320=TOROIDAL_SURFACE('',#7741,3.3972566719865,1.2);
#321=TOROIDAL_SURFACE('',#7743,3.3972566719865,1.2);
#322=TOROIDAL_SURFACE('',#7748,3.3972566719865,1.2);
#323=TOROIDAL_SURFACE('',#7750,3.3972566719865,1.2);
#324=TOROIDAL_SURFACE('',#7755,3.59079897365007,1.2);
#325=TOROIDAL_SURFACE('',#7757,3.68443988359753,1.2);
#326=TOROIDAL_SURFACE('',#7759,3.68443988359753,1.2);
#327=TOROIDAL_SURFACE('',#7761,3.68443988359753,1.2);
#328=TOROIDAL_SURFACE('',#7763,3.68443988359754,1.2);
#329=TOROIDAL_SURFACE('',#7765,3.68443988359753,1.2);
#330=TOROIDAL_SURFACE('',#7767,3.68443988359753,1.2);
#331=TOROIDAL_SURFACE('',#7769,3.66392971749144,1.2);
#332=TOROIDAL_SURFACE('',#7771,3.66253378088292,1.2);
#333=TOROIDAL_SURFACE('',#7773,3.61749143634472,1.2);
#334=TOROIDAL_SURFACE('',#7777,8.1,0.6);
#335=TOROIDAL_SURFACE('',#7783,8.1,0.6);
#336=TOROIDAL_SURFACE('',#7789,8.1,0.6);
#337=TOROIDAL_SURFACE('',#7797,8.1,0.6);
#338=TOROIDAL_SURFACE('',#7803,8.1,0.6);
#339=TOROIDAL_SURFACE('',#8185,6.45,1.5);
#340=TOROIDAL_SURFACE('',#8219,6.45000000000002,1.5);
#341=TOROIDAL_SURFACE('',#8253,6.45,1.5);
#342=TOROIDAL_SURFACE('',#8287,6.45,1.5);
#343=TOROIDAL_SURFACE('',#8321,6.45,1.5);
#344=TOROIDAL_SURFACE('',#8355,6.45,1.5);
#345=TOROIDAL_SURFACE('',#8509,2.625,0.075);
#346=TOROIDAL_SURFACE('',#8518,1.98,0.15);
#347=TOROIDAL_SURFACE('',#8526,2.625,0.075);
#348=TOROIDAL_SURFACE('',#8535,1.98,0.15);
#349=TOROIDAL_SURFACE('',#8543,2.625,0.075);
#350=TOROIDAL_SURFACE('',#8552,1.98,0.15);
#351=TOROIDAL_SURFACE('',#8560,2.625,0.075);
#352=TOROIDAL_SURFACE('',#8569,1.98,0.15);
#353=TOROIDAL_SURFACE('',#8577,2.625,0.075);
#354=TOROIDAL_SURFACE('',#8586,1.98,0.15);
#355=TOROIDAL_SURFACE('',#8594,2.625,0.075);
#356=TOROIDAL_SURFACE('',#8603,1.98,0.15);
#357=STYLED_ITEM('',(#14514),#7143);
#358=STYLED_ITEM('',(#14514),#7144);
#359=STYLED_ITEM('',(#14514),#7145);
#360=STYLED_ITEM('',(#14514),#7146);
#361=STYLED_ITEM('',(#14514),#7147);
#362=STYLED_ITEM('',(#14514),#7153);
#363=STYLED_ITEM('',(#14514),#7155);
#364=STYLED_ITEM('',(#14515),#7157);
#365=STYLED_ITEM('',(#14514),#7158);
#366=STYLED_ITEM('',(#14514),#7161);
#367=STYLED_ITEM('',(#14514),#7163);
#368=STYLED_ITEM('',(#14514),#7166);
#369=STYLED_ITEM('',(#14514),#7167);
#370=STYLED_ITEM('',(#14514),#7168);
#371=STYLED_ITEM('',(#14514),#7169);
#372=STYLED_ITEM('',(#14514),#7170);
#373=STYLED_ITEM('',(#14514),#7171);
#374=STYLED_ITEM('',(#14514),#7172);
#375=STYLED_ITEM('',(#14514),#7173);
#376=STYLED_ITEM('',(#14514),#7174);
#377=STYLED_ITEM('',(#14514),#7175);
#378=STYLED_ITEM('',(#14514),#7176);
#379=STYLED_ITEM('',(#14514),#7177);
#380=STYLED_ITEM('',(#14514),#7180);
#381=STYLED_ITEM('',(#14514),#7181);
#382=STYLED_ITEM('',(#14514),#7182);
#383=STYLED_ITEM('',(#14514),#7185);
#384=STYLED_ITEM('',(#14514),#7186);
#385=STYLED_ITEM('',(#14514),#7189);
#386=STYLED_ITEM('',(#14514),#7190);
#387=STYLED_ITEM('',(#14514),#7193);
#388=STYLED_ITEM('',(#14514),#7194);
#389=STYLED_ITEM('',(#14514),#7195);
#390=STYLED_ITEM('',(#14514),#7196);
#391=STYLED_ITEM('',(#14514),#7197);
#392=STYLED_ITEM('',(#14514),#7198);
#393=STYLED_ITEM('',(#14514),#7199);
#394=STYLED_ITEM('',(#14514),#7200);
#395=STYLED_ITEM('',(#14514),#7201);
#396=STYLED_ITEM('',(#14514),#7202);
#397=STYLED_ITEM('',(#14514),#7215);
#398=STYLED_ITEM('',(#14514),#7220);
#399=STYLED_ITEM('',(#14514),#7222);
#400=STYLED_ITEM('',(#14514),#7223);
#401=STYLED_ITEM('',(#14513),#17);
#402=STYLED_ITEM('',(#14515),#7369);
#403=STYLED_ITEM('',(#14514),#18);
#404=STYLED_ITEM('',(#14515),#7382);
#405=STYLED_ITEM('',(#14514),#19);
#406=STYLED_ITEM('',(#14515),#7395);
#407=STYLED_ITEM('',(#14514),#20);
#408=STYLED_ITEM('',(#14515),#7408);
#409=STYLED_ITEM('',(#14514),#21);
#410=STYLED_ITEM('',(#14515),#7421);
#411=STYLED_ITEM('',(#14514),#22);
#412=STYLED_ITEM('',(#14515),#7434);
#413=STYLED_ITEM('',(#14514),#23);
#414=STYLED_ITEM('',(#14515),#7454);
#415=STYLED_ITEM('',(#14513),#7455);
#416=STYLED_ITEM('',(#14514),#24);
#417=STYLED_ITEM('',(#14513),#7465);
#418=STYLED_ITEM('',(#14513),#7474);
#419=STYLED_ITEM('',(#14515),#25);
#420=STYLED_ITEM('',(#14512),#26);
#421=STYLED_ITEM('',(#14512),#27);
#422=STYLED_ITEM('',(#14512),#28);
#423=STYLED_ITEM('',(#14512),#29);
#424=STYLED_ITEM('',(#14512),#30);
#425=STYLED_ITEM('',(#14512),#31);
#426=PLANE('',#7582);
#427=PLANE('',#7589);
#428=PLANE('',#7599);
#429=PLANE('',#7643);
#430=PLANE('',#7745);
#431=PLANE('',#7752);
#432=PLANE('',#7809);
#433=PLANE('',#7810);
#434=PLANE('',#7812);
#435=PLANE('',#7814);
#436=PLANE('',#7816);
#437=PLANE('',#7845);
#438=PLANE('',#7876);
#439=PLANE('',#7877);
#440=PLANE('',#7878);
#441=PLANE('',#7930);
#442=PLANE('',#7931);
#443=PLANE('',#7932);
#444=PLANE('',#7968);
#445=PLANE('',#8042);
#446=PLANE('',#8047);
#447=PLANE('',#8052);
#448=PLANE('',#8059);
#449=PLANE('',#8079);
#450=PLANE('',#8142);
#451=PLANE('',#8144);
#452=PLANE('',#8145);
#453=PLANE('',#8147);
#454=PLANE('',#8161);
#455=PLANE('',#8163);
#456=PLANE('',#8165);
#457=PLANE('',#8167);
#458=PLANE('',#8173);
#459=PLANE('',#8176);
#460=PLANE('',#8178);
#461=PLANE('',#8180);
#462=PLANE('',#8182);
#463=PLANE('',#8184);
#464=PLANE('',#8214);
#465=PLANE('',#8217);
#466=PLANE('',#8218);
#467=PLANE('',#8248);
#468=PLANE('',#8251);
#469=PLANE('',#8252);
#470=PLANE('',#8282);
#471=PLANE('',#8285);
#472=PLANE('',#8286);
#473=PLANE('',#8316);
#474=PLANE('',#8319);
#475=PLANE('',#8320);
#476=PLANE('',#8350);
#477=PLANE('',#8353);
#478=PLANE('',#8354);
#479=PLANE('',#8384);
#480=PLANE('',#8387);
#481=PLANE('',#8388);
#482=PLANE('',#8389);
#483=PLANE('',#8390);
#484=PLANE('',#8391);
#485=PLANE('',#8392);
#486=PLANE('',#8393);
#487=PLANE('',#8394);
#488=PLANE('',#8395);
#489=PLANE('',#8396);
#490=PLANE('',#8397);
#491=PLANE('',#8401);
#492=PLANE('',#8405);
#493=PLANE('',#8409);
#494=PLANE('',#8413);
#495=PLANE('',#8414);
#496=PLANE('',#8418);
#497=PLANE('',#8422);
#498=PLANE('',#8426);
#499=PLANE('',#8430);
#500=PLANE('',#8455);
#501=PLANE('',#8462);
#502=PLANE('',#8469);
#503=PLANE('',#8476);
#504=PLANE('',#8480);
#505=PLANE('',#8484);
#506=PLANE('',#8488);
#507=PLANE('',#8492);
#508=PLANE('',#8499);
#509=PLANE('',#8506);
#510=PLANE('',#8507);
#511=PLANE('',#8508);
#512=PLANE('',#8514);
#513=PLANE('',#8524);
#514=PLANE('',#8525);
#515=PLANE('',#8531);
#516=PLANE('',#8541);
#517=PLANE('',#8542);
#518=PLANE('',#8548);
#519=PLANE('',#8558);
#520=PLANE('',#8559);
#521=PLANE('',#8565);
#522=PLANE('',#8575);
#523=PLANE('',#8576);
#524=PLANE('',#8582);
#525=PLANE('',#8592);
#526=PLANE('',#8593);
#527=PLANE('',#8599);
#528=PLANE('',#8609);
#529=PLANE('',#8610);
#530=FACE_OUTER_BOUND('',#947,.T.);
#531=FACE_OUTER_BOUND('',#948,.T.);
#532=FACE_OUTER_BOUND('',#949,.T.);
#533=FACE_OUTER_BOUND('',#950,.T.);
#534=FACE_OUTER_BOUND('',#951,.T.);
#535=FACE_OUTER_BOUND('',#952,.T.);
#536=FACE_OUTER_BOUND('',#953,.T.);
#537=FACE_OUTER_BOUND('',#954,.T.);
#538=FACE_OUTER_BOUND('',#955,.T.);
#539=FACE_OUTER_BOUND('',#956,.T.);
#540=FACE_OUTER_BOUND('',#957,.T.);
#541=FACE_OUTER_BOUND('',#958,.T.);
#542=FACE_OUTER_BOUND('',#959,.T.);
#543=FACE_OUTER_BOUND('',#960,.T.);
#544=FACE_OUTER_BOUND('',#961,.T.);
#545=FACE_OUTER_BOUND('',#962,.T.);
#546=FACE_OUTER_BOUND('',#964,.T.);
#547=FACE_OUTER_BOUND('',#965,.T.);
#548=FACE_OUTER_BOUND('',#966,.T.);
#549=FACE_OUTER_BOUND('',#967,.T.);
#550=FACE_OUTER_BOUND('',#968,.T.);
#551=FACE_OUTER_BOUND('',#969,.T.);
#552=FACE_OUTER_BOUND('',#970,.T.);
#553=FACE_OUTER_BOUND('',#971,.T.);
#554=FACE_OUTER_BOUND('',#979,.T.);
#555=FACE_OUTER_BOUND('',#980,.T.);
#556=FACE_OUTER_BOUND('',#981,.T.);
#557=FACE_OUTER_BOUND('',#982,.T.);
#558=FACE_OUTER_BOUND('',#983,.T.);
#559=FACE_OUTER_BOUND('',#984,.T.);
#560=FACE_OUTER_BOUND('',#985,.T.);
#561=FACE_OUTER_BOUND('',#986,.T.);
#562=FACE_OUTER_BOUND('',#987,.T.);
#563=FACE_OUTER_BOUND('',#988,.T.);
#564=FACE_OUTER_BOUND('',#989,.T.);
#565=FACE_OUTER_BOUND('',#990,.T.);
#566=FACE_OUTER_BOUND('',#991,.T.);
#567=FACE_OUTER_BOUND('',#992,.T.);
#568=FACE_OUTER_BOUND('',#993,.T.);
#569=FACE_OUTER_BOUND('',#994,.T.);
#570=FACE_OUTER_BOUND('',#995,.T.);
#571=FACE_OUTER_BOUND('',#996,.T.);
#572=FACE_OUTER_BOUND('',#997,.T.);
#573=FACE_OUTER_BOUND('',#998,.T.);
#574=FACE_OUTER_BOUND('',#999,.T.);
#575=FACE_OUTER_BOUND('',#1000,.T.);
#576=FACE_OUTER_BOUND('',#1001,.T.);
#577=FACE_OUTER_BOUND('',#1002,.T.);
#578=FACE_OUTER_BOUND('',#1003,.T.);
#579=FACE_OUTER_BOUND('',#1004,.T.);
#580=FACE_OUTER_BOUND('',#1005,.T.);
#581=FACE_OUTER_BOUND('',#1006,.T.);
#582=FACE_OUTER_BOUND('',#1007,.T.);
#583=FACE_OUTER_BOUND('',#1008,.T.);
#584=FACE_OUTER_BOUND('',#1009,.T.);
#585=FACE_OUTER_BOUND('',#1010,.T.);
#586=FACE_OUTER_BOUND('',#1011,.T.);
#587=FACE_OUTER_BOUND('',#1012,.T.);
#588=FACE_OUTER_BOUND('',#1013,.T.);
#589=FACE_OUTER_BOUND('',#1014,.T.);
#590=FACE_OUTER_BOUND('',#1015,.T.);
#591=FACE_OUTER_BOUND('',#1016,.T.);
#592=FACE_OUTER_BOUND('',#1017,.T.);
#593=FACE_OUTER_BOUND('',#1018,.T.);
#594=FACE_OUTER_BOUND('',#1019,.T.);
#595=FACE_OUTER_BOUND('',#1020,.T.);
#596=FACE_OUTER_BOUND('',#1021,.T.);
#597=FACE_OUTER_BOUND('',#1022,.T.);
#598=FACE_OUTER_BOUND('',#1023,.T.);
#599=FACE_OUTER_BOUND('',#1024,.T.);
#600=FACE_OUTER_BOUND('',#1025,.T.);
#601=FACE_OUTER_BOUND('',#1026,.T.);
#602=FACE_OUTER_BOUND('',#1027,.T.);
#603=FACE_OUTER_BOUND('',#1028,.T.);
#604=FACE_OUTER_BOUND('',#1029,.T.);
#605=FACE_OUTER_BOUND('',#1030,.T.);
#606=FACE_OUTER_BOUND('',#1031,.T.);
#607=FACE_OUTER_BOUND('',#1032,.T.);
#608=FACE_OUTER_BOUND('',#1033,.T.);
#609=FACE_OUTER_BOUND('',#1034,.T.);
#610=FACE_OUTER_BOUND('',#1035,.T.);
#611=FACE_OUTER_BOUND('',#1036,.T.);
#612=FACE_OUTER_BOUND('',#1037,.T.);
#613=FACE_OUTER_BOUND('',#1038,.T.);
#614=FACE_OUTER_BOUND('',#1039,.T.);
#615=FACE_OUTER_BOUND('',#1040,.T.);
#616=FACE_OUTER_BOUND('',#1041,.T.);
#617=FACE_OUTER_BOUND('',#1063,.T.);
#618=FACE_OUTER_BOUND('',#1064,.T.);
#619=FACE_OUTER_BOUND('',#1065,.T.);
#620=FACE_OUTER_BOUND('',#1066,.T.);
#621=FACE_OUTER_BOUND('',#1067,.T.);
#622=FACE_OUTER_BOUND('',#1068,.T.);
#623=FACE_OUTER_BOUND('',#1069,.T.);
#624=FACE_OUTER_BOUND('',#1070,.T.);
#625=FACE_OUTER_BOUND('',#1071,.T.);
#626=FACE_OUTER_BOUND('',#1072,.T.);
#627=FACE_OUTER_BOUND('',#1073,.T.);
#628=FACE_OUTER_BOUND('',#1074,.T.);
#629=FACE_OUTER_BOUND('',#1075,.T.);
#630=FACE_OUTER_BOUND('',#1076,.T.);
#631=FACE_OUTER_BOUND('',#1077,.T.);
#632=FACE_OUTER_BOUND('',#1078,.T.);
#633=FACE_OUTER_BOUND('',#1079,.T.);
#634=FACE_OUTER_BOUND('',#1080,.T.);
#635=FACE_OUTER_BOUND('',#1081,.T.);
#636=FACE_OUTER_BOUND('',#1082,.T.);
#637=FACE_OUTER_BOUND('',#1083,.T.);
#638=FACE_OUTER_BOUND('',#1084,.T.);
#639=FACE_OUTER_BOUND('',#1085,.T.);
#640=FACE_OUTER_BOUND('',#1086,.T.);
#641=FACE_OUTER_BOUND('',#1087,.T.);
#642=FACE_OUTER_BOUND('',#1088,.T.);
#643=FACE_OUTER_BOUND('',#1089,.T.);
#644=FACE_OUTER_BOUND('',#1090,.T.);
#645=FACE_OUTER_BOUND('',#1091,.T.);
#646=FACE_OUTER_BOUND('',#1092,.T.);
#647=FACE_OUTER_BOUND('',#1093,.T.);
#648=FACE_OUTER_BOUND('',#1094,.T.);
#649=FACE_OUTER_BOUND('',#1113,.T.);
#650=FACE_OUTER_BOUND('',#1114,.T.);
#651=FACE_OUTER_BOUND('',#1115,.T.);
#652=FACE_OUTER_BOUND('',#1116,.T.);
#653=FACE_OUTER_BOUND('',#1117,.T.);
#654=FACE_OUTER_BOUND('',#1118,.T.);
#655=FACE_OUTER_BOUND('',#1119,.T.);
#656=FACE_OUTER_BOUND('',#1120,.T.);
#657=FACE_OUTER_BOUND('',#1121,.T.);
#658=FACE_OUTER_BOUND('',#1122,.T.);
#659=FACE_OUTER_BOUND('',#1123,.T.);
#660=FACE_OUTER_BOUND('',#1124,.T.);
#661=FACE_OUTER_BOUND('',#1125,.T.);
#662=FACE_OUTER_BOUND('',#1126,.T.);
#663=FACE_OUTER_BOUND('',#1127,.T.);
#664=FACE_OUTER_BOUND('',#1128,.T.);
#665=FACE_OUTER_BOUND('',#1129,.T.);
#666=FACE_OUTER_BOUND('',#1130,.T.);
#667=FACE_OUTER_BOUND('',#1131,.T.);
#668=FACE_OUTER_BOUND('',#1132,.T.);
#669=FACE_OUTER_BOUND('',#1133,.T.);
#670=FACE_OUTER_BOUND('',#1134,.T.);
#671=FACE_OUTER_BOUND('',#1135,.T.);
#672=FACE_OUTER_BOUND('',#1136,.T.);
#673=FACE_OUTER_BOUND('',#1137,.T.);
#674=FACE_OUTER_BOUND('',#1138,.T.);
#675=FACE_OUTER_BOUND('',#1139,.T.);
#676=FACE_OUTER_BOUND('',#1140,.T.);
#677=FACE_OUTER_BOUND('',#1141,.T.);
#678=FACE_OUTER_BOUND('',#1142,.T.);
#679=FACE_OUTER_BOUND('',#1143,.T.);
#680=FACE_OUTER_BOUND('',#1144,.T.);
#681=FACE_OUTER_BOUND('',#1145,.T.);
#682=FACE_OUTER_BOUND('',#1146,.T.);
#683=FACE_OUTER_BOUND('',#1147,.T.);
#684=FACE_OUTER_BOUND('',#1148,.T.);
#685=FACE_OUTER_BOUND('',#1149,.T.);
#686=FACE_OUTER_BOUND('',#1150,.T.);
#687=FACE_OUTER_BOUND('',#1151,.T.);
#688=FACE_OUTER_BOUND('',#1152,.T.);
#689=FACE_OUTER_BOUND('',#1153,.T.);
#690=FACE_OUTER_BOUND('',#1154,.T.);
#691=FACE_OUTER_BOUND('',#1197,.T.);
#692=FACE_OUTER_BOUND('',#1198,.T.);
#693=FACE_OUTER_BOUND('',#1199,.T.);
#694=FACE_OUTER_BOUND('',#1200,.T.);
#695=FACE_OUTER_BOUND('',#1201,.T.);
#696=FACE_OUTER_BOUND('',#1202,.T.);
#697=FACE_OUTER_BOUND('',#1203,.T.);
#698=FACE_OUTER_BOUND('',#1204,.T.);
#699=FACE_OUTER_BOUND('',#1205,.T.);
#700=FACE_OUTER_BOUND('',#1206,.T.);
#701=FACE_OUTER_BOUND('',#1207,.T.);
#702=FACE_OUTER_BOUND('',#1208,.T.);
#703=FACE_OUTER_BOUND('',#1209,.T.);
#704=FACE_OUTER_BOUND('',#1210,.T.);
#705=FACE_OUTER_BOUND('',#1211,.T.);
#706=FACE_OUTER_BOUND('',#1212,.T.);
#707=FACE_OUTER_BOUND('',#1213,.T.);
#708=FACE_OUTER_BOUND('',#1214,.T.);
#709=FACE_OUTER_BOUND('',#1215,.T.);
#710=FACE_OUTER_BOUND('',#1216,.T.);
#711=FACE_OUTER_BOUND('',#1217,.T.);
#712=FACE_OUTER_BOUND('',#1218,.T.);
#713=FACE_OUTER_BOUND('',#1219,.T.);
#714=FACE_OUTER_BOUND('',#1220,.T.);
#715=FACE_OUTER_BOUND('',#1221,.T.);
#716=FACE_OUTER_BOUND('',#1222,.T.);
#717=FACE_OUTER_BOUND('',#1223,.T.);
#718=FACE_OUTER_BOUND('',#1224,.T.);
#719=FACE_OUTER_BOUND('',#1225,.T.);
#720=FACE_OUTER_BOUND('',#1226,.T.);
#721=FACE_OUTER_BOUND('',#1227,.T.);
#722=FACE_OUTER_BOUND('',#1228,.T.);
#723=FACE_OUTER_BOUND('',#1229,.T.);
#724=FACE_OUTER_BOUND('',#1230,.T.);
#725=FACE_OUTER_BOUND('',#1231,.T.);
#726=FACE_OUTER_BOUND('',#1232,.T.);
#727=FACE_OUTER_BOUND('',#1233,.T.);
#728=FACE_OUTER_BOUND('',#1234,.T.);
#729=FACE_OUTER_BOUND('',#1235,.T.);
#730=FACE_OUTER_BOUND('',#1236,.T.);
#731=FACE_OUTER_BOUND('',#1237,.T.);
#732=FACE_OUTER_BOUND('',#1238,.T.);
#733=FACE_OUTER_BOUND('',#1239,.T.);
#734=FACE_OUTER_BOUND('',#1240,.T.);
#735=FACE_OUTER_BOUND('',#1241,.T.);
#736=FACE_OUTER_BOUND('',#1242,.T.);
#737=FACE_OUTER_BOUND('',#1243,.T.);
#738=FACE_OUTER_BOUND('',#1244,.T.);
#739=FACE_OUTER_BOUND('',#1245,.T.);
#740=FACE_OUTER_BOUND('',#1246,.T.);
#741=FACE_OUTER_BOUND('',#1247,.T.);
#742=FACE_OUTER_BOUND('',#1248,.T.);
#743=FACE_OUTER_BOUND('',#1249,.T.);
#744=FACE_OUTER_BOUND('',#1250,.T.);
#745=FACE_OUTER_BOUND('',#1251,.T.);
#746=FACE_OUTER_BOUND('',#1252,.T.);
#747=FACE_OUTER_BOUND('',#1253,.T.);
#748=FACE_OUTER_BOUND('',#1254,.T.);
#749=FACE_OUTER_BOUND('',#1255,.T.);
#750=FACE_OUTER_BOUND('',#1256,.T.);
#751=FACE_OUTER_BOUND('',#1257,.T.);
#752=FACE_OUTER_BOUND('',#1258,.T.);
#753=FACE_OUTER_BOUND('',#1259,.T.);
#754=FACE_OUTER_BOUND('',#1260,.T.);
#755=FACE_OUTER_BOUND('',#1261,.T.);
#756=FACE_OUTER_BOUND('',#1262,.T.);
#757=FACE_OUTER_BOUND('',#1263,.T.);
#758=FACE_OUTER_BOUND('',#1264,.T.);
#759=FACE_OUTER_BOUND('',#1265,.T.);
#760=FACE_OUTER_BOUND('',#1266,.T.);
#761=FACE_OUTER_BOUND('',#1267,.T.);
#762=FACE_OUTER_BOUND('',#1268,.T.);
#763=FACE_OUTER_BOUND('',#1269,.T.);
#764=FACE_OUTER_BOUND('',#1270,.T.);
#765=FACE_OUTER_BOUND('',#1277,.T.);
#766=FACE_OUTER_BOUND('',#1278,.T.);
#767=FACE_OUTER_BOUND('',#1279,.T.);
#768=FACE_OUTER_BOUND('',#1280,.T.);
#769=FACE_OUTER_BOUND('',#1281,.T.);
#770=FACE_OUTER_BOUND('',#1282,.T.);
#771=FACE_OUTER_BOUND('',#1283,.T.);
#772=FACE_OUTER_BOUND('',#1284,.T.);
#773=FACE_OUTER_BOUND('',#1285,.T.);
#774=FACE_OUTER_BOUND('',#1286,.T.);
#775=FACE_OUTER_BOUND('',#1293,.T.);
#776=FACE_OUTER_BOUND('',#1294,.T.);
#777=FACE_OUTER_BOUND('',#1296,.T.);
#778=FACE_OUTER_BOUND('',#1303,.T.);
#779=FACE_OUTER_BOUND('',#1304,.T.);
#780=FACE_OUTER_BOUND('',#1305,.T.);
#781=FACE_OUTER_BOUND('',#1306,.T.);
#782=FACE_OUTER_BOUND('',#1307,.T.);
#783=FACE_OUTER_BOUND('',#1308,.T.);
#784=FACE_OUTER_BOUND('',#1309,.T.);
#785=FACE_OUTER_BOUND('',#1310,.T.);
#786=FACE_OUTER_BOUND('',#1311,.T.);
#787=FACE_OUTER_BOUND('',#1312,.T.);
#788=FACE_OUTER_BOUND('',#1319,.T.);
#789=FACE_OUTER_BOUND('',#1320,.T.);
#790=FACE_OUTER_BOUND('',#1322,.T.);
#791=FACE_OUTER_BOUND('',#1329,.T.);
#792=FACE_OUTER_BOUND('',#1330,.T.);
#793=FACE_OUTER_BOUND('',#1331,.T.);
#794=FACE_OUTER_BOUND('',#1332,.T.);
#795=FACE_OUTER_BOUND('',#1333,.T.);
#796=FACE_OUTER_BOUND('',#1334,.T.);
#797=FACE_OUTER_BOUND('',#1335,.T.);
#798=FACE_OUTER_BOUND('',#1336,.T.);
#799=FACE_OUTER_BOUND('',#1337,.T.);
#800=FACE_OUTER_BOUND('',#1338,.T.);
#801=FACE_OUTER_BOUND('',#1345,.T.);
#802=FACE_OUTER_BOUND('',#1346,.T.);
#803=FACE_OUTER_BOUND('',#1348,.T.);
#804=FACE_OUTER_BOUND('',#1355,.T.);
#805=FACE_OUTER_BOUND('',#1356,.T.);
#806=FACE_OUTER_BOUND('',#1357,.T.);
#807=FACE_OUTER_BOUND('',#1358,.T.);
#808=FACE_OUTER_BOUND('',#1359,.T.);
#809=FACE_OUTER_BOUND('',#1360,.T.);
#810=FACE_OUTER_BOUND('',#1361,.T.);
#811=FACE_OUTER_BOUND('',#1362,.T.);
#812=FACE_OUTER_BOUND('',#1363,.T.);
#813=FACE_OUTER_BOUND('',#1364,.T.);
#814=FACE_OUTER_BOUND('',#1371,.T.);
#815=FACE_OUTER_BOUND('',#1372,.T.);
#816=FACE_OUTER_BOUND('',#1374,.T.);
#817=FACE_OUTER_BOUND('',#1381,.T.);
#818=FACE_OUTER_BOUND('',#1382,.T.);
#819=FACE_OUTER_BOUND('',#1383,.T.);
#820=FACE_OUTER_BOUND('',#1384,.T.);
#821=FACE_OUTER_BOUND('',#1385,.T.);
#822=FACE_OUTER_BOUND('',#1386,.T.);
#823=FACE_OUTER_BOUND('',#1387,.T.);
#824=FACE_OUTER_BOUND('',#1388,.T.);
#825=FACE_OUTER_BOUND('',#1389,.T.);
#826=FACE_OUTER_BOUND('',#1390,.T.);
#827=FACE_OUTER_BOUND('',#1397,.T.);
#828=FACE_OUTER_BOUND('',#1398,.T.);
#829=FACE_OUTER_BOUND('',#1400,.T.);
#830=FACE_OUTER_BOUND('',#1407,.T.);
#831=FACE_OUTER_BOUND('',#1408,.T.);
#832=FACE_OUTER_BOUND('',#1409,.T.);
#833=FACE_OUTER_BOUND('',#1410,.T.);
#834=FACE_OUTER_BOUND('',#1411,.T.);
#835=FACE_OUTER_BOUND('',#1412,.T.);
#836=FACE_OUTER_BOUND('',#1413,.T.);
#837=FACE_OUTER_BOUND('',#1414,.T.);
#838=FACE_OUTER_BOUND('',#1415,.T.);
#839=FACE_OUTER_BOUND('',#1416,.T.);
#840=FACE_OUTER_BOUND('',#1423,.T.);
#841=FACE_OUTER_BOUND('',#1424,.T.);
#842=FACE_OUTER_BOUND('',#1426,.T.);
#843=FACE_OUTER_BOUND('',#1433,.T.);
#844=FACE_OUTER_BOUND('',#1434,.T.);
#845=FACE_OUTER_BOUND('',#1435,.T.);
#846=FACE_OUTER_BOUND('',#1436,.T.);
#847=FACE_OUTER_BOUND('',#1437,.T.);
#848=FACE_OUTER_BOUND('',#1438,.T.);
#849=FACE_OUTER_BOUND('',#1440,.T.);
#850=FACE_OUTER_BOUND('',#1441,.T.);
#851=FACE_OUTER_BOUND('',#1442,.T.);
#852=FACE_OUTER_BOUND('',#1443,.T.);
#853=FACE_OUTER_BOUND('',#1444,.T.);
#854=FACE_OUTER_BOUND('',#1445,.T.);
#855=FACE_OUTER_BOUND('',#1446,.T.);
#856=FACE_OUTER_BOUND('',#1447,.T.);
#857=FACE_OUTER_BOUND('',#1448,.T.);
#858=FACE_OUTER_BOUND('',#1449,.T.);
#859=FACE_OUTER_BOUND('',#1450,.T.);
#860=FACE_OUTER_BOUND('',#1451,.T.);
#861=FACE_OUTER_BOUND('',#1452,.T.);
#862=FACE_OUTER_BOUND('',#1453,.T.);
#863=FACE_OUTER_BOUND('',#1454,.T.);
#864=FACE_OUTER_BOUND('',#1455,.T.);
#865=FACE_OUTER_BOUND('',#1456,.T.);
#866=FACE_OUTER_BOUND('',#1457,.T.);
#867=FACE_OUTER_BOUND('',#1458,.T.);
#868=FACE_OUTER_BOUND('',#1459,.T.);
#869=FACE_OUTER_BOUND('',#1460,.T.);
#870=FACE_OUTER_BOUND('',#1461,.T.);
#871=FACE_OUTER_BOUND('',#1462,.T.);
#872=FACE_OUTER_BOUND('',#1463,.T.);
#873=FACE_OUTER_BOUND('',#1464,.T.);
#874=FACE_OUTER_BOUND('',#1465,.T.);
#875=FACE_OUTER_BOUND('',#1466,.T.);
#876=FACE_OUTER_BOUND('',#1467,.T.);
#877=FACE_OUTER_BOUND('',#1468,.T.);
#878=FACE_OUTER_BOUND('',#1469,.T.);
#879=FACE_OUTER_BOUND('',#1470,.T.);
#880=FACE_OUTER_BOUND('',#1471,.T.);
#881=FACE_OUTER_BOUND('',#1472,.T.);
#882=FACE_OUTER_BOUND('',#1473,.T.);
#883=FACE_OUTER_BOUND('',#1474,.T.);
#884=FACE_OUTER_BOUND('',#1475,.T.);
#885=FACE_OUTER_BOUND('',#1476,.T.);
#886=FACE_OUTER_BOUND('',#1477,.T.);
#887=FACE_OUTER_BOUND('',#1478,.T.);
#888=FACE_OUTER_BOUND('',#1479,.T.);
#889=FACE_OUTER_BOUND('',#1480,.T.);
#890=FACE_OUTER_BOUND('',#1481,.T.);
#891=FACE_OUTER_BOUND('',#1482,.T.);
#892=FACE_OUTER_BOUND('',#1483,.T.);
#893=FACE_OUTER_BOUND('',#1484,.T.);
#894=FACE_OUTER_BOUND('',#1485,.T.);
#895=FACE_OUTER_BOUND('',#1486,.T.);
#896=FACE_OUTER_BOUND('',#1487,.T.);
#897=FACE_OUTER_BOUND('',#1488,.T.);
#898=FACE_OUTER_BOUND('',#1489,.T.);
#899=FACE_OUTER_BOUND('',#1490,.T.);
#900=FACE_OUTER_BOUND('',#1491,.T.);
#901=FACE_OUTER_BOUND('',#1492,.T.);
#902=FACE_OUTER_BOUND('',#1493,.T.);
#903=FACE_OUTER_BOUND('',#1494,.T.);
#904=FACE_OUTER_BOUND('',#1503,.T.);
#905=FACE_OUTER_BOUND('',#1510,.T.);
#906=FACE_OUTER_BOUND('',#1511,.T.);
#907=FACE_OUTER_BOUND('',#1513,.T.);
#908=FACE_OUTER_BOUND('',#1514,.T.);
#909=FACE_OUTER_BOUND('',#1515,.T.);
#910=FACE_OUTER_BOUND('',#1516,.T.);
#911=FACE_OUTER_BOUND('',#1517,.T.);
#912=FACE_OUTER_BOUND('',#1518,.T.);
#913=FACE_OUTER_BOUND('',#1519,.T.);
#914=FACE_OUTER_BOUND('',#1521,.T.);
#915=FACE_OUTER_BOUND('',#1522,.T.);
#916=FACE_OUTER_BOUND('',#1523,.T.);
#917=FACE_OUTER_BOUND('',#1524,.T.);
#918=FACE_OUTER_BOUND('',#1525,.T.);
#919=FACE_OUTER_BOUND('',#1526,.T.);
#920=FACE_OUTER_BOUND('',#1527,.T.);
#921=FACE_OUTER_BOUND('',#1529,.T.);
#922=FACE_OUTER_BOUND('',#1530,.T.);
#923=FACE_OUTER_BOUND('',#1531,.T.);
#924=FACE_OUTER_BOUND('',#1532,.T.);
#925=FACE_OUTER_BOUND('',#1533,.T.);
#926=FACE_OUTER_BOUND('',#1534,.T.);
#927=FACE_OUTER_BOUND('',#1535,.T.);
#928=FACE_OUTER_BOUND('',#1537,.T.);
#929=FACE_OUTER_BOUND('',#1538,.T.);
#930=FACE_OUTER_BOUND('',#1539,.T.);
#931=FACE_OUTER_BOUND('',#1540,.T.);
#932=FACE_OUTER_BOUND('',#1541,.T.);
#933=FACE_OUTER_BOUND('',#1542,.T.);
#934=FACE_OUTER_BOUND('',#1543,.T.);
#935=FACE_OUTER_BOUND('',#1545,.T.);
#936=FACE_OUTER_BOUND('',#1546,.T.);
#937=FACE_OUTER_BOUND('',#1547,.T.);
#938=FACE_OUTER_BOUND('',#1548,.T.);
#939=FACE_OUTER_BOUND('',#1549,.T.);
#940=FACE_OUTER_BOUND('',#1550,.T.);
#941=FACE_OUTER_BOUND('',#1551,.T.);
#942=FACE_OUTER_BOUND('',#1553,.T.);
#943=FACE_OUTER_BOUND('',#1554,.T.);
#944=FACE_OUTER_BOUND('',#1555,.T.);
#945=FACE_OUTER_BOUND('',#1556,.T.);
#946=FACE_OUTER_BOUND('',#1557,.T.);
#947=EDGE_LOOP('',(#4734,#4735,#4736,#4737));
#948=EDGE_LOOP('',(#4738));
#949=EDGE_LOOP('',(#4739,#4740,#4741,#4742));
#950=EDGE_LOOP('',(#4743,#4744,#4745,#4746));
#951=EDGE_LOOP('',(#4747));
#952=EDGE_LOOP('',(#4748,#4749,#4750,#4751));
#953=EDGE_LOOP('',(#4752,#4753,#4754,#4755));
#954=EDGE_LOOP('',(#4756,#4757,#4758,#4759));
#955=EDGE_LOOP('',(#4760));
#956=EDGE_LOOP('',(#4761,#4762,#4763,#4764,#4765));
#957=EDGE_LOOP('',(#4766,#4767,#4768,#4769));
#958=EDGE_LOOP('',(#4770,#4771,#4772,#4773));
#959=EDGE_LOOP('',(#4774,#4775,#4776,#4777));
#960=EDGE_LOOP('',(#4778,#4779,#4780,#4781,#4782,#4783,#4784));
#961=EDGE_LOOP('',(#4785,#4786,#4787,#4788));
#962=EDGE_LOOP('',(#4789,#4790,#4791,#4792));
#963=EDGE_LOOP('',(#4793,#4794,#4795,#4796));
#964=EDGE_LOOP('',(#4797,#4798,#4799,#4800,#4801,#4802,#4803,#4804));
#965=EDGE_LOOP('',(#4805,#4806,#4807,#4808));
#966=EDGE_LOOP('',(#4809,#4810,#4811,#4812));
#967=EDGE_LOOP('',(#4813,#4814,#4815,#4816,#4817));
#968=EDGE_LOOP('',(#4818,#4819,#4820,#4821,#4822,#4823,#4824));
#969=EDGE_LOOP('',(#4825,#4826,#4827,#4828,#4829,#4830));
#970=EDGE_LOOP('',(#4831,#4832,#4833));
#971=EDGE_LOOP('',(#4834,#4835,#4836,#4837,#4838,#4839,#4840,#4841,#4842,
#4843,#4844,#4845,#4846,#4847,#4848,#4849,#4850,#4851,#4852,#4853,#4854,
#4855,#4856,#4857,#4858,#4859,#4860,#4861,#4862,#4863,#4864,#4865,#4866,
#4867,#4868,#4869,#4870,#4871,#4872,#4873,#4874,#4875));
#972=EDGE_LOOP('',(#4876));
#973=EDGE_LOOP('',(#4877));
#974=EDGE_LOOP('',(#4878,#4879,#4880,#4881,#4882,#4883,#4884,#4885));
#975=EDGE_LOOP('',(#4886,#4887,#4888,#4889,#4890,#4891,#4892,#4893));
#976=EDGE_LOOP('',(#4894));
#977=EDGE_LOOP('',(#4895));
#978=EDGE_LOOP('',(#4896));
#979=EDGE_LOOP('',(#4897,#4898,#4899,#4900,#4901,#4902));
#980=EDGE_LOOP('',(#4903,#4904,#4905));
#981=EDGE_LOOP('',(#4906,#4907,#4908,#4909));
#982=EDGE_LOOP('',(#4910,#4911,#4912,#4913,#4914,#4915));
#983=EDGE_LOOP('',(#4916,#4917,#4918));
#984=EDGE_LOOP('',(#4919,#4920,#4921,#4922,#4923));
#985=EDGE_LOOP('',(#4924,#4925,#4926,#4927,#4928));
#986=EDGE_LOOP('',(#4929,#4930,#4931,#4932));
#987=EDGE_LOOP('',(#4933,#4934,#4935,#4936,#4937));
#988=EDGE_LOOP('',(#4938,#4939,#4940,#4941));
#989=EDGE_LOOP('',(#4942,#4943,#4944,#4945));
#990=EDGE_LOOP('',(#4946,#4947,#4948,#4949));
#991=EDGE_LOOP('',(#4950,#4951,#4952,#4953));
#992=EDGE_LOOP('',(#4954,#4955,#4956,#4957));
#993=EDGE_LOOP('',(#4958,#4959,#4960,#4961));
#994=EDGE_LOOP('',(#4962,#4963,#4964,#4965));
#995=EDGE_LOOP('',(#4966,#4967,#4968,#4969));
#996=EDGE_LOOP('',(#4970,#4971,#4972,#4973));
#997=EDGE_LOOP('',(#4974,#4975,#4976,#4977));
#998=EDGE_LOOP('',(#4978,#4979,#4980,#4981,#4982));
#999=EDGE_LOOP('',(#4983,#4984,#4985,#4986,#4987));
#1000=EDGE_LOOP('',(#4988,#4989,#4990,#4991));
#1001=EDGE_LOOP('',(#4992,#4993,#4994,#4995,#4996));
#1002=EDGE_LOOP('',(#4997,#4998,#4999,#5000));
#1003=EDGE_LOOP('',(#5001,#5002,#5003,#5004,#5005));
#1004=EDGE_LOOP('',(#5006,#5007,#5008,#5009,#5010));
#1005=EDGE_LOOP('',(#5011,#5012,#5013,#5014));
#1006=EDGE_LOOP('',(#5015,#5016,#5017,#5018,#5019));
#1007=EDGE_LOOP('',(#5020,#5021,#5022,#5023,#5024,#5025));
#1008=EDGE_LOOP('',(#5026,#5027,#5028,#5029,#5030));
#1009=EDGE_LOOP('',(#5031,#5032,#5033,#5034));
#1010=EDGE_LOOP('',(#5035,#5036,#5037,#5038,#5039,#5040));
#1011=EDGE_LOOP('',(#5041,#5042,#5043,#5044,#5045,#5046));
#1012=EDGE_LOOP('',(#5047,#5048,#5049,#5050,#5051,#5052,#5053,#5054,#5055));
#1013=EDGE_LOOP('',(#5056,#5057,#5058,#5059));
#1014=EDGE_LOOP('',(#5060,#5061,#5062,#5063,#5064));
#1015=EDGE_LOOP('',(#5065,#5066,#5067,#5068));
#1016=EDGE_LOOP('',(#5069,#5070,#5071,#5072));
#1017=EDGE_LOOP('',(#5073,#5074,#5075,#5076));
#1018=EDGE_LOOP('',(#5077,#5078,#5079,#5080));
#1019=EDGE_LOOP('',(#5081,#5082,#5083,#5084));
#1020=EDGE_LOOP('',(#5085,#5086,#5087,#5088));
#1021=EDGE_LOOP('',(#5089,#5090,#5091,#5092));
#1022=EDGE_LOOP('',(#5093,#5094,#5095,#5096));
#1023=EDGE_LOOP('',(#5097,#5098,#5099,#5100));
#1024=EDGE_LOOP('',(#5101,#5102,#5103,#5104));
#1025=EDGE_LOOP('',(#5105,#5106,#5107,#5108,#5109));
#1026=EDGE_LOOP('',(#5110,#5111,#5112,#5113,#5114));
#1027=EDGE_LOOP('',(#5115,#5116,#5117,#5118,#5119));
#1028=EDGE_LOOP('',(#5120,#5121,#5122,#5123,#5124));
#1029=EDGE_LOOP('',(#5125,#5126,#5127,#5128,#5129));
#1030=EDGE_LOOP('',(#5130,#5131,#5132,#5133,#5134));
#1031=EDGE_LOOP('',(#5135,#5136,#5137,#5138,#5139));
#1032=EDGE_LOOP('',(#5140,#5141,#5142,#5143,#5144));
#1033=EDGE_LOOP('',(#5145,#5146,#5147,#5148,#5149));
#1034=EDGE_LOOP('',(#5150,#5151,#5152,#5153,#5154));
#1035=EDGE_LOOP('',(#5155,#5156,#5157,#5158,#5159));
#1036=EDGE_LOOP('',(#5160,#5161,#5162,#5163));
#1037=EDGE_LOOP('',(#5164,#5165,#5166));
#1038=EDGE_LOOP('',(#5167,#5168));
#1039=EDGE_LOOP('',(#5169,#5170));
#1040=EDGE_LOOP('',(#5171,#5172,#5173,#5174,#5175,#5176,#5177,#5178,#5179,
#5180,#5181,#5182,#5183,#5184,#5185,#5186,#5187,#5188,#5189,#5190,#5191,
#5192,#5193,#5194,#5195,#5196,#5197,#5198,#5199,#5200,#5201,#5202,#5203,
#5204,#5205,#5206,#5207));
#1041=EDGE_LOOP('',(#5208,#5209,#5210,#5211,#5212,#5213,#5214,#5215,#5216,
#5217,#5218,#5219,#5220,#5221,#5222,#5223,#5224,#5225));
#1042=EDGE_LOOP('',(#5226));
#1043=EDGE_LOOP('',(#5227));
#1044=EDGE_LOOP('',(#5228));
#1045=EDGE_LOOP('',(#5229));
#1046=EDGE_LOOP('',(#5230));
#1047=EDGE_LOOP('',(#5231));
#1048=EDGE_LOOP('',(#5232));
#1049=EDGE_LOOP('',(#5233));
#1050=EDGE_LOOP('',(#5234));
#1051=EDGE_LOOP('',(#5235));
#1052=EDGE_LOOP('',(#5236));
#1053=EDGE_LOOP('',(#5237));
#1054=EDGE_LOOP('',(#5238));
#1055=EDGE_LOOP('',(#5239));
#1056=EDGE_LOOP('',(#5240));
#1057=EDGE_LOOP('',(#5241));
#1058=EDGE_LOOP('',(#5242));
#1059=EDGE_LOOP('',(#5243));
#1060=EDGE_LOOP('',(#5244));
#1061=EDGE_LOOP('',(#5245));
#1062=EDGE_LOOP('',(#5246));
#1063=EDGE_LOOP('',(#5247,#5248,#5249,#5250));
#1064=EDGE_LOOP('',(#5251,#5252,#5253,#5254,#5255,#5256,#5257,#5258,#5259,
#5260,#5261,#5262,#5263,#5264,#5265,#5266));
#1065=EDGE_LOOP('',(#5267,#5268,#5269,#5270,#5271,#5272,#5273,#5274));
#1066=EDGE_LOOP('',(#5275,#5276,#5277,#5278));
#1067=EDGE_LOOP('',(#5279,#5280,#5281,#5282));
#1068=EDGE_LOOP('',(#5283,#5284,#5285,#5286));
#1069=EDGE_LOOP('',(#5287,#5288,#5289,#5290));
#1070=EDGE_LOOP('',(#5291,#5292,#5293,#5294));
#1071=EDGE_LOOP('',(#5295,#5296,#5297,#5298));
#1072=EDGE_LOOP('',(#5299,#5300,#5301,#5302));
#1073=EDGE_LOOP('',(#5303,#5304,#5305,#5306));
#1074=EDGE_LOOP('',(#5307,#5308,#5309,#5310));
#1075=EDGE_LOOP('',(#5311,#5312,#5313,#5314));
#1076=EDGE_LOOP('',(#5315,#5316,#5317,#5318));
#1077=EDGE_LOOP('',(#5319,#5320,#5321,#5322));
#1078=EDGE_LOOP('',(#5323,#5324,#5325,#5326));
#1079=EDGE_LOOP('',(#5327,#5328,#5329,#5330));
#1080=EDGE_LOOP('',(#5331,#5332,#5333,#5334));
#1081=EDGE_LOOP('',(#5335,#5336,#5337,#5338));
#1082=EDGE_LOOP('',(#5339,#5340,#5341,#5342));
#1083=EDGE_LOOP('',(#5343,#5344,#5345,#5346));
#1084=EDGE_LOOP('',(#5347,#5348,#5349,#5350));
#1085=EDGE_LOOP('',(#5351,#5352,#5353,#5354));
#1086=EDGE_LOOP('',(#5355,#5356,#5357,#5358));
#1087=EDGE_LOOP('',(#5359,#5360,#5361,#5362));
#1088=EDGE_LOOP('',(#5363,#5364,#5365,#5366,#5367,#5368));
#1089=EDGE_LOOP('',(#5369,#5370,#5371,#5372,#5373,#5374,#5375,#5376));
#1090=EDGE_LOOP('',(#5377,#5378,#5379,#5380,#5381,#5382,#5383,#5384));
#1091=EDGE_LOOP('',(#5385,#5386,#5387,#5388,#5389,#5390,#5391,#5392));
#1092=EDGE_LOOP('',(#5393,#5394,#5395));
#1093=EDGE_LOOP('',(#5396,#5397,#5398));
#1094=EDGE_LOOP('',(#5399,#5400,#5401,#5402,#5403,#5404,#5405,#5406,#5407,
#5408,#5409,#5410,#5411,#5412,#5413,#5414,#5415,#5416,#5417));
#1095=EDGE_LOOP('',(#5418));
#1096=EDGE_LOOP('',(#5419));
#1097=EDGE_LOOP('',(#5420));
#1098=EDGE_LOOP('',(#5421));
#1099=EDGE_LOOP('',(#5422));
#1100=EDGE_LOOP('',(#5423));
#1101=EDGE_LOOP('',(#5424));
#1102=EDGE_LOOP('',(#5425));
#1103=EDGE_LOOP('',(#5426));
#1104=EDGE_LOOP('',(#5427));
#1105=EDGE_LOOP('',(#5428));
#1106=EDGE_LOOP('',(#5429));
#1107=EDGE_LOOP('',(#5430));
#1108=EDGE_LOOP('',(#5431));
#1109=EDGE_LOOP('',(#5432));
#1110=EDGE_LOOP('',(#5433));
#1111=EDGE_LOOP('',(#5434));
#1112=EDGE_LOOP('',(#5435));
#1113=EDGE_LOOP('',(#5436,#5437,#5438,#5439,#5440,#5441));
#1114=EDGE_LOOP('',(#5442,#5443,#5444,#5445));
#1115=EDGE_LOOP('',(#5446,#5447,#5448,#5449));
#1116=EDGE_LOOP('',(#5450,#5451,#5452,#5453));
#1117=EDGE_LOOP('',(#5454,#5455,#5456,#5457));
#1118=EDGE_LOOP('',(#5458,#5459,#5460,#5461));
#1119=EDGE_LOOP('',(#5462,#5463,#5464,#5465));
#1120=EDGE_LOOP('',(#5466,#5467,#5468,#5469));
#1121=EDGE_LOOP('',(#5470,#5471,#5472,#5473));
#1122=EDGE_LOOP('',(#5474,#5475,#5476,#5477));
#1123=EDGE_LOOP('',(#5478,#5479,#5480,#5481));
#1124=EDGE_LOOP('',(#5482,#5483,#5484,#5485));
#1125=EDGE_LOOP('',(#5486,#5487,#5488,#5489));
#1126=EDGE_LOOP('',(#5490,#5491,#5492,#5493));
#1127=EDGE_LOOP('',(#5494,#5495,#5496,#5497));
#1128=EDGE_LOOP('',(#5498,#5499,#5500,#5501));
#1129=EDGE_LOOP('',(#5502,#5503,#5504,#5505));
#1130=EDGE_LOOP('',(#5506,#5507,#5508,#5509));
#1131=EDGE_LOOP('',(#5510,#5511,#5512,#5513));
#1132=EDGE_LOOP('',(#5514,#5515,#5516,#5517));
#1133=EDGE_LOOP('',(#5518,#5519,#5520,#5521));
#1134=EDGE_LOOP('',(#5522,#5523,#5524,#5525));
#1135=EDGE_LOOP('',(#5526,#5527,#5528,#5529));
#1136=EDGE_LOOP('',(#5530,#5531,#5532,#5533));
#1137=EDGE_LOOP('',(#5534,#5535,#5536,#5537));
#1138=EDGE_LOOP('',(#5538,#5539,#5540,#5541));
#1139=EDGE_LOOP('',(#5542,#5543,#5544,#5545));
#1140=EDGE_LOOP('',(#5546,#5547,#5548,#5549));
#1141=EDGE_LOOP('',(#5550,#5551,#5552,#5553));
#1142=EDGE_LOOP('',(#5554,#5555,#5556,#5557));
#1143=EDGE_LOOP('',(#5558,#5559,#5560,#5561));
#1144=EDGE_LOOP('',(#5562,#5563,#5564,#5565));
#1145=EDGE_LOOP('',(#5566,#5567,#5568,#5569));
#1146=EDGE_LOOP('',(#5570,#5571,#5572,#5573));
#1147=EDGE_LOOP('',(#5574,#5575,#5576,#5577));
#1148=EDGE_LOOP('',(#5578,#5579,#5580,#5581));
#1149=EDGE_LOOP('',(#5582,#5583,#5584,#5585));
#1150=EDGE_LOOP('',(#5586,#5587,#5588,#5589,#5590,#5591,#5592,#5593));
#1151=EDGE_LOOP('',(#5594,#5595,#5596,#5597,#5598,#5599,#5600,#5601));
#1152=EDGE_LOOP('',(#5602,#5603,#5604));
#1153=EDGE_LOOP('',(#5605,#5606,#5607,#5608,#5609,#5610));
#1154=EDGE_LOOP('',(#5611,#5612,#5613,#5614,#5615,#5616,#5617,#5618,#5619,
#5620,#5621,#5622,#5623,#5624,#5625,#5626,#5627,#5628,#5629,#5630,#5631,
#5632,#5633,#5634,#5635,#5636,#5637,#5638,#5639,#5640,#5641,#5642,#5643,
#5644,#5645,#5646,#5647,#5648,#5649,#5650,#5651,#5652,#5653,#5654,#5655,
#5656,#5657,#5658,#5659));
#1155=EDGE_LOOP('',(#5660));
#1156=EDGE_LOOP('',(#5661));
#1157=EDGE_LOOP('',(#5662));
#1158=EDGE_LOOP('',(#5663));
#1159=EDGE_LOOP('',(#5664));
#1160=EDGE_LOOP('',(#5665));
#1161=EDGE_LOOP('',(#5666));
#1162=EDGE_LOOP('',(#5667));
#1163=EDGE_LOOP('',(#5668));
#1164=EDGE_LOOP('',(#5669));
#1165=EDGE_LOOP('',(#5670));
#1166=EDGE_LOOP('',(#5671));
#1167=EDGE_LOOP('',(#5672));
#1168=EDGE_LOOP('',(#5673));
#1169=EDGE_LOOP('',(#5674));
#1170=EDGE_LOOP('',(#5675));
#1171=EDGE_LOOP('',(#5676));
#1172=EDGE_LOOP('',(#5677));
#1173=EDGE_LOOP('',(#5678));
#1174=EDGE_LOOP('',(#5679));
#1175=EDGE_LOOP('',(#5680));
#1176=EDGE_LOOP('',(#5681));
#1177=EDGE_LOOP('',(#5682));
#1178=EDGE_LOOP('',(#5683));
#1179=EDGE_LOOP('',(#5684));
#1180=EDGE_LOOP('',(#5685));
#1181=EDGE_LOOP('',(#5686));
#1182=EDGE_LOOP('',(#5687));
#1183=EDGE_LOOP('',(#5688));
#1184=EDGE_LOOP('',(#5689));
#1185=EDGE_LOOP('',(#5690));
#1186=EDGE_LOOP('',(#5691));
#1187=EDGE_LOOP('',(#5692));
#1188=EDGE_LOOP('',(#5693));
#1189=EDGE_LOOP('',(#5694));
#1190=EDGE_LOOP('',(#5695));
#1191=EDGE_LOOP('',(#5696));
#1192=EDGE_LOOP('',(#5697));
#1193=EDGE_LOOP('',(#5698));
#1194=EDGE_LOOP('',(#5699));
#1195=EDGE_LOOP('',(#5700));
#1196=EDGE_LOOP('',(#5701));
#1197=EDGE_LOOP('',(#5702,#5703,#5704,#5705,#5706,#5707));
#1198=EDGE_LOOP('',(#5708,#5709,#5710,#5711));
#1199=EDGE_LOOP('',(#5712,#5713,#5714,#5715));
#1200=EDGE_LOOP('',(#5716,#5717,#5718,#5719));
#1201=EDGE_LOOP('',(#5720,#5721,#5722,#5723));
#1202=EDGE_LOOP('',(#5724,#5725,#5726,#5727));
#1203=EDGE_LOOP('',(#5728,#5729,#5730,#5731));
#1204=EDGE_LOOP('',(#5732,#5733,#5734,#5735));
#1205=EDGE_LOOP('',(#5736,#5737,#5738,#5739));
#1206=EDGE_LOOP('',(#5740,#5741,#5742,#5743));
#1207=EDGE_LOOP('',(#5744,#5745,#5746,#5747));
#1208=EDGE_LOOP('',(#5748,#5749,#5750,#5751));
#1209=EDGE_LOOP('',(#5752,#5753,#5754,#5755));
#1210=EDGE_LOOP('',(#5756,#5757,#5758,#5759));
#1211=EDGE_LOOP('',(#5760,#5761,#5762,#5763));
#1212=EDGE_LOOP('',(#5764,#5765,#5766,#5767));
#1213=EDGE_LOOP('',(#5768,#5769,#5770,#5771));
#1214=EDGE_LOOP('',(#5772,#5773,#5774,#5775));
#1215=EDGE_LOOP('',(#5776,#5777,#5778,#5779));
#1216=EDGE_LOOP('',(#5780,#5781,#5782,#5783,#5784,#5785));
#1217=EDGE_LOOP('',(#5786,#5787,#5788,#5789));
#1218=EDGE_LOOP('',(#5790,#5791,#5792,#5793));
#1219=EDGE_LOOP('',(#5794,#5795,#5796,#5797));
#1220=EDGE_LOOP('',(#5798,#5799,#5800,#5801));
#1221=EDGE_LOOP('',(#5802,#5803,#5804,#5805));
#1222=EDGE_LOOP('',(#5806,#5807,#5808,#5809));
#1223=EDGE_LOOP('',(#5810,#5811,#5812,#5813));
#1224=EDGE_LOOP('',(#5814,#5815,#5816,#5817));
#1225=EDGE_LOOP('',(#5818,#5819,#5820,#5821));
#1226=EDGE_LOOP('',(#5822,#5823,#5824,#5825));
#1227=EDGE_LOOP('',(#5826,#5827,#5828,#5829));
#1228=EDGE_LOOP('',(#5830,#5831,#5832,#5833));
#1229=EDGE_LOOP('',(#5834,#5835,#5836,#5837,#5838));
#1230=EDGE_LOOP('',(#5839,#5840,#5841,#5842));
#1231=EDGE_LOOP('',(#5843,#5844,#5845,#5846));
#1232=EDGE_LOOP('',(#5847,#5848,#5849,#5850));
#1233=EDGE_LOOP('',(#5851,#5852,#5853,#5854));
#1234=EDGE_LOOP('',(#5855,#5856,#5857,#5858));
#1235=EDGE_LOOP('',(#5859,#5860,#5861,#5862));
#1236=EDGE_LOOP('',(#5863,#5864,#5865,#5866));
#1237=EDGE_LOOP('',(#5867,#5868,#5869,#5870));
#1238=EDGE_LOOP('',(#5871,#5872,#5873,#5874));
#1239=EDGE_LOOP('',(#5875,#5876,#5877,#5878));
#1240=EDGE_LOOP('',(#5879,#5880,#5881,#5882));
#1241=EDGE_LOOP('',(#5883,#5884,#5885,#5886));
#1242=EDGE_LOOP('',(#5887,#5888,#5889,#5890));
#1243=EDGE_LOOP('',(#5891,#5892,#5893,#5894));
#1244=EDGE_LOOP('',(#5895,#5896,#5897,#5898));
#1245=EDGE_LOOP('',(#5899,#5900,#5901,#5902));
#1246=EDGE_LOOP('',(#5903,#5904,#5905,#5906));
#1247=EDGE_LOOP('',(#5907,#5908,#5909,#5910));
#1248=EDGE_LOOP('',(#5911,#5912,#5913,#5914));
#1249=EDGE_LOOP('',(#5915,#5916,#5917,#5918));
#1250=EDGE_LOOP('',(#5919,#5920,#5921,#5922));
#1251=EDGE_LOOP('',(#5923,#5924,#5925,#5926));
#1252=EDGE_LOOP('',(#5927,#5928,#5929,#5930));
#1253=EDGE_LOOP('',(#5931,#5932,#5933,#5934));
#1254=EDGE_LOOP('',(#5935,#5936,#5937,#5938));
#1255=EDGE_LOOP('',(#5939,#5940,#5941,#5942,#5943,#5944,#5945,#5946));
#1256=EDGE_LOOP('',(#5947,#5948,#5949,#5950));
#1257=EDGE_LOOP('',(#5951,#5952,#5953,#5954,#5955,#5956,#5957,#5958,#5959));
#1258=EDGE_LOOP('',(#5960,#5961,#5962,#5963));
#1259=EDGE_LOOP('',(#5964,#5965,#5966,#5967,#5968));
#1260=EDGE_LOOP('',(#5969,#5970,#5971,#5972));
#1261=EDGE_LOOP('',(#5973,#5974,#5975,#5976));
#1262=EDGE_LOOP('',(#5977,#5978,#5979,#5980));
#1263=EDGE_LOOP('',(#5981,#5982,#5983,#5984));
#1264=EDGE_LOOP('',(#5985,#5986,#5987,#5988));
#1265=EDGE_LOOP('',(#5989,#5990,#5991,#5992));
#1266=EDGE_LOOP('',(#5993,#5994,#5995,#5996));
#1267=EDGE_LOOP('',(#5997,#5998,#5999,#6000));
#1268=EDGE_LOOP('',(#6001,#6002,#6003,#6004));
#1269=EDGE_LOOP('',(#6005,#6006,#6007,#6008));
#1270=EDGE_LOOP('',(#6009,#6010,#6011,#6012,#6013,#6014,#6015,#6016,#6017,
#6018,#6019,#6020,#6021,#6022,#6023,#6024,#6025,#6026,#6027,#6028,#6029,
#6030,#6031,#6032,#6033,#6034,#6035,#6036,#6037,#6038,#6039,#6040,#6041,
#6042,#6043,#6044,#6045,#6046,#6047));
#1271=EDGE_LOOP('',(#6048));
#1272=EDGE_LOOP('',(#6049));
#1273=EDGE_LOOP('',(#6050));
#1274=EDGE_LOOP('',(#6051));
#1275=EDGE_LOOP('',(#6052));
#1276=EDGE_LOOP('',(#6053));
#1277=EDGE_LOOP('',(#6054,#6055,#6056,#6057,#6058,#6059));
#1278=EDGE_LOOP('',(#6060,#6061,#6062,#6063,#6064));
#1279=EDGE_LOOP('',(#6065,#6066,#6067,#6068));
#1280=EDGE_LOOP('',(#6069,#6070,#6071,#6072));
#1281=EDGE_LOOP('',(#6073,#6074,#6075,#6076));
#1282=EDGE_LOOP('',(#6077,#6078,#6079,#6080));
#1283=EDGE_LOOP('',(#6081,#6082,#6083,#6084));
#1284=EDGE_LOOP('',(#6085,#6086,#6087,#6088));
#1285=EDGE_LOOP('',(#6089,#6090,#6091,#6092));
#1286=EDGE_LOOP('',(#6093));
#1287=EDGE_LOOP('',(#6094));
#1288=EDGE_LOOP('',(#6095));
#1289=EDGE_LOOP('',(#6096));
#1290=EDGE_LOOP('',(#6097));
#1291=EDGE_LOOP('',(#6098));
#1292=EDGE_LOOP('',(#6099));
#1293=EDGE_LOOP('',(#6100,#6101,#6102,#6103,#6104));
#1294=EDGE_LOOP('',(#6105));
#1295=EDGE_LOOP('',(#6106));
#1296=EDGE_LOOP('',(#6107));
#1297=EDGE_LOOP('',(#6108));
#1298=EDGE_LOOP('',(#6109));
#1299=EDGE_LOOP('',(#6110));
#1300=EDGE_LOOP('',(#6111));
#1301=EDGE_LOOP('',(#6112));
#1302=EDGE_LOOP('',(#6113));
#1303=EDGE_LOOP('',(#6114,#6115,#6116,#6117,#6118,#6119));
#1304=EDGE_LOOP('',(#6120,#6121,#6122,#6123,#6124));
#1305=EDGE_LOOP('',(#6125,#6126,#6127,#6128));
#1306=EDGE_LOOP('',(#6129,#6130,#6131,#6132));
#1307=EDGE_LOOP('',(#6133,#6134,#6135,#6136));
#1308=EDGE_LOOP('',(#6137,#6138,#6139,#6140));
#1309=EDGE_LOOP('',(#6141,#6142,#6143,#6144));
#1310=EDGE_LOOP('',(#6145,#6146,#6147,#6148));
#1311=EDGE_LOOP('',(#6149,#6150,#6151,#6152));
#1312=EDGE_LOOP('',(#6153));
#1313=EDGE_LOOP('',(#6154));
#1314=EDGE_LOOP('',(#6155));
#1315=EDGE_LOOP('',(#6156));
#1316=EDGE_LOOP('',(#6157));
#1317=EDGE_LOOP('',(#6158));
#1318=EDGE_LOOP('',(#6159));
#1319=EDGE_LOOP('',(#6160,#6161,#6162,#6163,#6164));
#1320=EDGE_LOOP('',(#6165));
#1321=EDGE_LOOP('',(#6166));
#1322=EDGE_LOOP('',(#6167));
#1323=EDGE_LOOP('',(#6168));
#1324=EDGE_LOOP('',(#6169));
#1325=EDGE_LOOP('',(#6170));
#1326=EDGE_LOOP('',(#6171));
#1327=EDGE_LOOP('',(#6172));
#1328=EDGE_LOOP('',(#6173));
#1329=EDGE_LOOP('',(#6174,#6175,#6176,#6177,#6178,#6179));
#1330=EDGE_LOOP('',(#6180,#6181,#6182,#6183,#6184));
#1331=EDGE_LOOP('',(#6185,#6186,#6187,#6188));
#1332=EDGE_LOOP('',(#6189,#6190,#6191,#6192));
#1333=EDGE_LOOP('',(#6193,#6194,#6195,#6196));
#1334=EDGE_LOOP('',(#6197,#6198,#6199,#6200));
#1335=EDGE_LOOP('',(#6201,#6202,#6203,#6204));
#1336=EDGE_LOOP('',(#6205,#6206,#6207,#6208));
#1337=EDGE_LOOP('',(#6209,#6210,#6211,#6212));
#1338=EDGE_LOOP('',(#6213));
#1339=EDGE_LOOP('',(#6214));
#1340=EDGE_LOOP('',(#6215));
#1341=EDGE_LOOP('',(#6216));
#1342=EDGE_LOOP('',(#6217));
#1343=EDGE_LOOP('',(#6218));
#1344=EDGE_LOOP('',(#6219));
#1345=EDGE_LOOP('',(#6220,#6221,#6222,#6223,#6224));
#1346=EDGE_LOOP('',(#6225));
#1347=EDGE_LOOP('',(#6226));
#1348=EDGE_LOOP('',(#6227));
#1349=EDGE_LOOP('',(#6228));
#1350=EDGE_LOOP('',(#6229));
#1351=EDGE_LOOP('',(#6230));
#1352=EDGE_LOOP('',(#6231));
#1353=EDGE_LOOP('',(#6232));
#1354=EDGE_LOOP('',(#6233));
#1355=EDGE_LOOP('',(#6234,#6235,#6236,#6237,#6238,#6239));
#1356=EDGE_LOOP('',(#6240,#6241,#6242,#6243,#6244));
#1357=EDGE_LOOP('',(#6245,#6246,#6247,#6248));
#1358=EDGE_LOOP('',(#6249,#6250,#6251,#6252));
#1359=EDGE_LOOP('',(#6253,#6254,#6255,#6256));
#1360=EDGE_LOOP('',(#6257,#6258,#6259,#6260));
#1361=EDGE_LOOP('',(#6261,#6262,#6263,#6264));
#1362=EDGE_LOOP('',(#6265,#6266,#6267,#6268));
#1363=EDGE_LOOP('',(#6269,#6270,#6271,#6272));
#1364=EDGE_LOOP('',(#6273));
#1365=EDGE_LOOP('',(#6274));
#1366=EDGE_LOOP('',(#6275));
#1367=EDGE_LOOP('',(#6276));
#1368=EDGE_LOOP('',(#6277));
#1369=EDGE_LOOP('',(#6278));
#1370=EDGE_LOOP('',(#6279));
#1371=EDGE_LOOP('',(#6280,#6281,#6282,#6283,#6284));
#1372=EDGE_LOOP('',(#6285));
#1373=EDGE_LOOP('',(#6286));
#1374=EDGE_LOOP('',(#6287));
#1375=EDGE_LOOP('',(#6288));
#1376=EDGE_LOOP('',(#6289));
#1377=EDGE_LOOP('',(#6290));
#1378=EDGE_LOOP('',(#6291));
#1379=EDGE_LOOP('',(#6292));
#1380=EDGE_LOOP('',(#6293));
#1381=EDGE_LOOP('',(#6294,#6295,#6296,#6297,#6298,#6299));
#1382=EDGE_LOOP('',(#6300,#6301,#6302,#6303,#6304));
#1383=EDGE_LOOP('',(#6305,#6306,#6307,#6308));
#1384=EDGE_LOOP('',(#6309,#6310,#6311,#6312));
#1385=EDGE_LOOP('',(#6313,#6314,#6315,#6316));
#1386=EDGE_LOOP('',(#6317,#6318,#6319,#6320));
#1387=EDGE_LOOP('',(#6321,#6322,#6323,#6324));
#1388=EDGE_LOOP('',(#6325,#6326,#6327,#6328));
#1389=EDGE_LOOP('',(#6329,#6330,#6331,#6332));
#1390=EDGE_LOOP('',(#6333));
#1391=EDGE_LOOP('',(#6334));
#1392=EDGE_LOOP('',(#6335));
#1393=EDGE_LOOP('',(#6336));
#1394=EDGE_LOOP('',(#6337));
#1395=EDGE_LOOP('',(#6338));
#1396=EDGE_LOOP('',(#6339));
#1397=EDGE_LOOP('',(#6340,#6341,#6342,#6343,#6344));
#1398=EDGE_LOOP('',(#6345));
#1399=EDGE_LOOP('',(#6346));
#1400=EDGE_LOOP('',(#6347));
#1401=EDGE_LOOP('',(#6348));
#1402=EDGE_LOOP('',(#6349));
#1403=EDGE_LOOP('',(#6350));
#1404=EDGE_LOOP('',(#6351));
#1405=EDGE_LOOP('',(#6352));
#1406=EDGE_LOOP('',(#6353));
#1407=EDGE_LOOP('',(#6354,#6355,#6356,#6357,#6358,#6359));
#1408=EDGE_LOOP('',(#6360,#6361,#6362,#6363,#6364));
#1409=EDGE_LOOP('',(#6365,#6366,#6367,#6368));
#1410=EDGE_LOOP('',(#6369,#6370,#6371,#6372));
#1411=EDGE_LOOP('',(#6373,#6374,#6375,#6376));
#1412=EDGE_LOOP('',(#6377,#6378,#6379,#6380));
#1413=EDGE_LOOP('',(#6381,#6382,#6383,#6384));
#1414=EDGE_LOOP('',(#6385,#6386,#6387,#6388));
#1415=EDGE_LOOP('',(#6389,#6390,#6391,#6392));
#1416=EDGE_LOOP('',(#6393));
#1417=EDGE_LOOP('',(#6394));
#1418=EDGE_LOOP('',(#6395));
#1419=EDGE_LOOP('',(#6396));
#1420=EDGE_LOOP('',(#6397));
#1421=EDGE_LOOP('',(#6398));
#1422=EDGE_LOOP('',(#6399));
#1423=EDGE_LOOP('',(#6400,#6401,#6402,#6403,#6404));
#1424=EDGE_LOOP('',(#6405));
#1425=EDGE_LOOP('',(#6406));
#1426=EDGE_LOOP('',(#6407));
#1427=EDGE_LOOP('',(#6408));
#1428=EDGE_LOOP('',(#6409));
#1429=EDGE_LOOP('',(#6410));
#1430=EDGE_LOOP('',(#6411));
#1431=EDGE_LOOP('',(#6412));
#1432=EDGE_LOOP('',(#6413));
#1433=EDGE_LOOP('',(#6414,#6415,#6416));
#1434=EDGE_LOOP('',(#6417,#6418,#6419,#6420));
#1435=EDGE_LOOP('',(#6421,#6422,#6423,#6424,#6425));
#1436=EDGE_LOOP('',(#6426,#6427,#6428,#6429));
#1437=EDGE_LOOP('',(#6430,#6431,#6432));
#1438=EDGE_LOOP('',(#6433));
#1439=EDGE_LOOP('',(#6434,#6435,#6436,#6437,#6438));
#1440=EDGE_LOOP('',(#6439,#6440,#6441,#6442,#6443,#6444,#6445,#6446,#6447));
#1441=EDGE_LOOP('',(#6448));
#1442=EDGE_LOOP('',(#6449,#6450,#6451,#6452));
#1443=EDGE_LOOP('',(#6453));
#1444=EDGE_LOOP('',(#6454,#6455,#6456,#6457));
#1445=EDGE_LOOP('',(#6458,#6459,#6460,#6461));
#1446=EDGE_LOOP('',(#6462,#6463,#6464,#6465));
#1447=EDGE_LOOP('',(#6466,#6467,#6468,#6469));
#1448=EDGE_LOOP('',(#6470,#6471,#6472,#6473));
#1449=EDGE_LOOP('',(#6474,#6475,#6476,#6477));
#1450=EDGE_LOOP('',(#6478,#6479,#6480,#6481));
#1451=EDGE_LOOP('',(#6482,#6483,#6484,#6485));
#1452=EDGE_LOOP('',(#6486,#6487,#6488,#6489,#6490,#6491,#6492,#6493));
#1453=EDGE_LOOP('',(#6494,#6495,#6496,#6497));
#1454=EDGE_LOOP('',(#6498,#6499,#6500,#6501));
#1455=EDGE_LOOP('',(#6502,#6503,#6504,#6505));
#1456=EDGE_LOOP('',(#6506,#6507,#6508,#6509));
#1457=EDGE_LOOP('',(#6510,#6511,#6512,#6513));
#1458=EDGE_LOOP('',(#6514,#6515,#6516,#6517));
#1459=EDGE_LOOP('',(#6518,#6519,#6520,#6521));
#1460=EDGE_LOOP('',(#6522,#6523,#6524,#6525));
#1461=EDGE_LOOP('',(#6526,#6527,#6528,#6529,#6530,#6531,#6532,#6533));
#1462=EDGE_LOOP('',(#6534,#6535,#6536,#6537));
#1463=EDGE_LOOP('',(#6538,#6539,#6540,#6541));
#1464=EDGE_LOOP('',(#6542,#6543,#6544,#6545));
#1465=EDGE_LOOP('',(#6546,#6547,#6548,#6549));
#1466=EDGE_LOOP('',(#6550,#6551,#6552,#6553));
#1467=EDGE_LOOP('',(#6554,#6555,#6556,#6557));
#1468=EDGE_LOOP('',(#6558,#6559,#6560,#6561));
#1469=EDGE_LOOP('',(#6562,#6563,#6564,#6565));
#1470=EDGE_LOOP('',(#6566,#6567,#6568,#6569));
#1471=EDGE_LOOP('',(#6570,#6571,#6572,#6573));
#1472=EDGE_LOOP('',(#6574,#6575,#6576,#6577));
#1473=EDGE_LOOP('',(#6578,#6579,#6580,#6581));
#1474=EDGE_LOOP('',(#6582,#6583,#6584,#6585));
#1475=EDGE_LOOP('',(#6586,#6587,#6588,#6589));
#1476=EDGE_LOOP('',(#6590,#6591,#6592,#6593));
#1477=EDGE_LOOP('',(#6594,#6595,#6596,#6597));
#1478=EDGE_LOOP('',(#6598,#6599,#6600,#6601));
#1479=EDGE_LOOP('',(#6602,#6603,#6604,#6605));
#1480=EDGE_LOOP('',(#6606,#6607,#6608,#6609));
#1481=EDGE_LOOP('',(#6610,#6611,#6612,#6613));
#1482=EDGE_LOOP('',(#6614,#6615,#6616,#6617));
#1483=EDGE_LOOP('',(#6618,#6619,#6620,#6621));
#1484=EDGE_LOOP('',(#6622,#6623,#6624,#6625));
#1485=EDGE_LOOP('',(#6626,#6627,#6628,#6629));
#1486=EDGE_LOOP('',(#6630,#6631,#6632,#6633));
#1487=EDGE_LOOP('',(#6634,#6635,#6636,#6637));
#1488=EDGE_LOOP('',(#6638,#6639,#6640,#6641));
#1489=EDGE_LOOP('',(#6642,#6643,#6644,#6645));
#1490=EDGE_LOOP('',(#6646,#6647,#6648,#6649));
#1491=EDGE_LOOP('',(#6650,#6651,#6652,#6653));
#1492=EDGE_LOOP('',(#6654,#6655,#6656,#6657));
#1493=EDGE_LOOP('',(#6658,#6659,#6660,#6661));
#1494=EDGE_LOOP('',(#6662,#6663,#6664,#6665,#6666,#6667,#6668,#6669,#6670,
#6671,#6672,#6673,#6674,#6675,#6676,#6677,#6678,#6679,#6680,#6681,#6682,
#6683,#6684,#6685,#6686,#6687));
#1495=EDGE_LOOP('',(#6688));
#1496=EDGE_LOOP('',(#6689));
#1497=EDGE_LOOP('',(#6690));
#1498=EDGE_LOOP('',(#6691));
#1499=EDGE_LOOP('',(#6692));
#1500=EDGE_LOOP('',(#6693));
#1501=EDGE_LOOP('',(#6694,#6695,#6696,#6697,#6698,#6699,#6700,#6701));
#1502=EDGE_LOOP('',(#6702,#6703,#6704,#6705,#6706,#6707,#6708,#6709));
#1503=EDGE_LOOP('',(#6710,#6711,#6712,#6713,#6714,#6715,#6716,#6717,#6718,
#6719,#6720,#6721,#6722,#6723,#6724,#6725,#6726,#6727,#6728,#6729,#6730,
#6731,#6732,#6733,#6734,#6735));
#1504=EDGE_LOOP('',(#6736));
#1505=EDGE_LOOP('',(#6737));
#1506=EDGE_LOOP('',(#6738));
#1507=EDGE_LOOP('',(#6739));
#1508=EDGE_LOOP('',(#6740));
#1509=EDGE_LOOP('',(#6741));
#1510=EDGE_LOOP('',(#6742,#6743,#6744,#6745,#6746));
#1511=EDGE_LOOP('',(#6747));
#1512=EDGE_LOOP('',(#6748));
#1513=EDGE_LOOP('',(#6749,#6750,#6751,#6752,#6753));
#1514=EDGE_LOOP('',(#6754,#6755,#6756,#6757,#6758));
#1515=EDGE_LOOP('',(#6759,#6760,#6761,#6762,#6763));
#1516=EDGE_LOOP('',(#6764));
#1517=EDGE_LOOP('',(#6765));
#1518=EDGE_LOOP('',(#6766,#6767,#6768,#6769,#6770));
#1519=EDGE_LOOP('',(#6771));
#1520=EDGE_LOOP('',(#6772));
#1521=EDGE_LOOP('',(#6773,#6774,#6775,#6776,#6777));
#1522=EDGE_LOOP('',(#6778,#6779,#6780,#6781,#6782));
#1523=EDGE_LOOP('',(#6783,#6784,#6785,#6786,#6787));
#1524=EDGE_LOOP('',(#6788));
#1525=EDGE_LOOP('',(#6789));
#1526=EDGE_LOOP('',(#6790,#6791,#6792,#6793,#6794));
#1527=EDGE_LOOP('',(#6795));
#1528=EDGE_LOOP('',(#6796));
#1529=EDGE_LOOP('',(#6797,#6798,#6799,#6800,#6801));
#1530=EDGE_LOOP('',(#6802,#6803,#6804,#6805,#6806));
#1531=EDGE_LOOP('',(#6807,#6808,#6809,#6810,#6811));
#1532=EDGE_LOOP('',(#6812));
#1533=EDGE_LOOP('',(#6813));
#1534=EDGE_LOOP('',(#6814,#6815,#6816,#6817,#6818));
#1535=EDGE_LOOP('',(#6819));
#1536=EDGE_LOOP('',(#6820));
#1537=EDGE_LOOP('',(#6821,#6822,#6823,#6824,#6825));
#1538=EDGE_LOOP('',(#6826,#6827,#6828,#6829,#6830));
#1539=EDGE_LOOP('',(#6831,#6832,#6833,#6834,#6835));
#1540=EDGE_LOOP('',(#6836));
#1541=EDGE_LOOP('',(#6837));
#1542=EDGE_LOOP('',(#6838,#6839,#6840,#6841,#6842));
#1543=EDGE_LOOP('',(#6843));
#1544=EDGE_LOOP('',(#6844));
#1545=EDGE_LOOP('',(#6845,#6846,#6847,#6848,#6849));
#1546=EDGE_LOOP('',(#6850,#6851,#6852,#6853,#6854));
#1547=EDGE_LOOP('',(#6855,#6856,#6857,#6858,#6859));
#1548=EDGE_LOOP('',(#6860));
#1549=EDGE_LOOP('',(#6861));
#1550=EDGE_LOOP('',(#6862,#6863,#6864,#6865,#6866));
#1551=EDGE_LOOP('',(#6867));
#1552=EDGE_LOOP('',(#6868));
#1553=EDGE_LOOP('',(#6869,#6870,#6871,#6872,#6873));
#1554=EDGE_LOOP('',(#6874,#6875,#6876,#6877,#6878));
#1555=EDGE_LOOP('',(#6879,#6880,#6881,#6882,#6883));
#1556=EDGE_LOOP('',(#6884));
#1557=EDGE_LOOP('',(#6885));
#1558=LINE('',#11071,#1947);
#1559=LINE('',#11078,#1948);
#1560=LINE('',#11084,#1949);
#1561=LINE('',#11091,#1950);
#1562=LINE('',#11097,#1951);
#1563=LINE('',#11103,#1952);
#1564=LINE('',#11266,#1953);
#1565=LINE('',#11269,#1954);
#1566=LINE('',#11272,#1955);
#1567=LINE('',#11278,#1956);
#1568=LINE('',#11281,#1957);
#1569=LINE('',#11284,#1958);
#1570=LINE('',#11288,#1959);
#1571=LINE('',#11292,#1960);
#1572=LINE('',#11296,#1961);
#1573=LINE('',#11300,#1962);
#1574=LINE('',#11362,#1963);
#1575=LINE('',#11435,#1964);
#1576=LINE('',#11439,#1965);
#1577=LINE('',#11443,#1966);
#1578=LINE('',#11446,#1967);
#1579=LINE('',#11451,#1968);
#1580=LINE('',#11455,#1969);
#1581=LINE('',#11459,#1970);
#1582=LINE('',#11462,#1971);
#1583=LINE('',#11499,#1972);
#1584=LINE('',#11502,#1973);
#1585=LINE('',#11505,#1974);
#1586=LINE('',#11548,#1975);
#1587=LINE('',#11583,#1976);
#1588=LINE('',#11586,#1977);
#1589=LINE('',#11589,#1978);
#1590=LINE('',#11819,#1979);
#1591=LINE('',#11822,#1980);
#1592=LINE('',#11825,#1981);
#1593=LINE('',#11906,#1982);
#1594=LINE('',#11909,#1983);
#1595=LINE('',#11912,#1984);
#1596=LINE('',#11965,#1985);
#1597=LINE('',#11967,#1986);
#1598=LINE('',#11968,#1987);
#1599=LINE('',#11971,#1988);
#1600=LINE('',#12031,#1989);
#1601=LINE('',#12033,#1990);
#1602=LINE('',#12035,#1991);
#1603=LINE('',#12037,#1992);
#1604=LINE('',#12039,#1993);
#1605=LINE('',#12041,#1994);
#1606=LINE('',#12042,#1995);
#1607=LINE('',#12045,#1996);
#1608=LINE('',#12221,#1997);
#1609=LINE('',#12231,#1998);
#1610=LINE('',#12241,#1999);
#1611=LINE('',#12251,#2000);
#1612=LINE('',#12255,#2001);
#1613=LINE('',#12265,#2002);
#1614=LINE('',#12275,#2003);
#1615=LINE('',#12279,#2004);
#1616=LINE('',#12281,#2005);
#1617=LINE('',#12282,#2006);
#1618=LINE('',#12288,#2007);
#1619=LINE('',#12289,#2008);
#1620=LINE('',#12294,#2009);
#1621=LINE('',#12299,#2010);
#1622=LINE('',#12320,#2011);
#1623=LINE('',#12359,#2012);
#1624=LINE('',#12360,#2013);
#1625=LINE('',#12366,#2014);
#1626=LINE('',#12368,#2015);
#1627=LINE('',#12370,#2016);
#1628=LINE('',#12428,#2017);
#1629=LINE('',#12429,#2018);
#1630=LINE('',#12431,#2019);
#1631=LINE('',#12433,#2020);
#1632=LINE('',#12434,#2021);
#1633=LINE('',#12436,#2022);
#1634=LINE('',#12438,#2023);
#1635=LINE('',#12439,#2024);
#1636=LINE('',#12441,#2025);
#1637=LINE('',#12443,#2026);
#1638=LINE('',#12444,#2027);
#1639=LINE('',#12447,#2028);
#1640=LINE('',#12449,#2029);
#1641=LINE('',#12450,#2030);
#1642=LINE('',#12453,#2031);
#1643=LINE('',#12456,#2032);
#1644=LINE('',#12458,#2033);
#1645=LINE('',#12459,#2034);
#1646=LINE('',#12463,#2035);
#1647=LINE('',#12465,#2036);
#1648=LINE('',#12469,#2037);
#1649=LINE('',#12471,#2038);
#1650=LINE('',#12475,#2039);
#1651=LINE('',#12477,#2040);
#1652=LINE('',#12481,#2041);
#1653=LINE('',#12483,#2042);
#1654=LINE('',#12487,#2043);
#1655=LINE('',#12489,#2044);
#1656=LINE('',#12493,#2045);
#1657=LINE('',#12495,#2046);
#1658=LINE('',#12499,#2047);
#1659=LINE('',#12504,#2048);
#1660=LINE('',#12508,#2049);
#1661=LINE('',#12513,#2050);
#1662=LINE('',#12516,#2051);
#1663=LINE('',#12519,#2052);
#1664=LINE('',#12523,#2053);
#1665=LINE('',#12529,#2054);
#1666=LINE('',#12535,#2055);
#1667=LINE('',#12539,#2056);
#1668=LINE('',#12545,#2057);
#1669=LINE('',#12552,#2058);
#1670=LINE('',#12629,#2059);
#1671=LINE('',#12632,#2060);
#1672=LINE('',#12636,#2061);
#1673=LINE('',#12640,#2062);
#1674=LINE('',#12644,#2063);
#1675=LINE('',#12648,#2064);
#1676=LINE('',#12652,#2065);
#1677=LINE('',#12656,#2066);
#1678=LINE('',#12660,#2067);
#1679=LINE('',#12664,#2068);
#1680=LINE('',#12668,#2069);
#1681=LINE('',#12672,#2070);
#1682=LINE('',#12676,#2071);
#1683=LINE('',#12680,#2072);
#1684=LINE('',#12684,#2073);
#1685=LINE('',#12688,#2074);
#1686=LINE('',#12692,#2075);
#1687=LINE('',#12696,#2076);
#1688=LINE('',#12700,#2077);
#1689=LINE('',#12704,#2078);
#1690=LINE('',#12708,#2079);
#1691=LINE('',#12712,#2080);
#1692=LINE('',#12716,#2081);
#1693=LINE('',#12720,#2082);
#1694=LINE('',#12724,#2083);
#1695=LINE('',#12728,#2084);
#1696=LINE('',#12732,#2085);
#1697=LINE('',#12736,#2086);
#1698=LINE('',#12740,#2087);
#1699=LINE('',#12744,#2088);
#1700=LINE('',#12748,#2089);
#1701=LINE('',#12752,#2090);
#1702=LINE('',#12756,#2091);
#1703=LINE('',#12760,#2092);
#1704=LINE('',#12764,#2093);
#1705=LINE('',#12768,#2094);
#1706=LINE('',#12772,#2095);
#1707=LINE('',#12776,#2096);
#1708=LINE('',#12780,#2097);
#1709=LINE('',#12784,#2098);
#1710=LINE('',#12788,#2099);
#1711=LINE('',#12792,#2100);
#1712=LINE('',#12797,#2101);
#1713=LINE('',#12801,#2102);
#1714=LINE('',#12805,#2103);
#1715=LINE('',#12809,#2104);
#1716=LINE('',#12821,#2105);
#1717=LINE('',#12829,#2106);
#1718=LINE('',#12857,#2107);
#1719=LINE('',#12860,#2108);
#1720=LINE('',#12861,#2109);
#1721=LINE('',#12863,#2110);
#1722=LINE('',#12864,#2111);
#1723=LINE('',#12867,#2112);
#1724=LINE('',#12870,#2113);
#1725=LINE('',#12874,#2114);
#1726=LINE('',#12878,#2115);
#1727=LINE('',#12881,#2116);
#1728=LINE('',#12883,#2117);
#1729=LINE('',#12887,#2118);
#1730=LINE('',#12889,#2119);
#1731=LINE('',#12893,#2120);
#1732=LINE('',#12899,#2121);
#1733=LINE('',#12903,#2122);
#1734=LINE('',#12907,#2123);
#1735=LINE('',#12911,#2124);
#1736=LINE('',#12915,#2125);
#1737=LINE('',#12919,#2126);
#1738=LINE('',#12923,#2127);
#1739=LINE('',#12927,#2128);
#1740=LINE('',#12931,#2129);
#1741=LINE('',#12935,#2130);
#1742=LINE('',#12939,#2131);
#1743=LINE('',#12945,#2132);
#1744=LINE('',#12949,#2133);
#1745=LINE('',#12953,#2134);
#1746=LINE('',#12957,#2135);
#1747=LINE('',#12961,#2136);
#1748=LINE('',#12965,#2137);
#1749=LINE('',#12969,#2138);
#1750=LINE('',#12973,#2139);
#1751=LINE('',#12977,#2140);
#1752=LINE('',#12981,#2141);
#1753=LINE('',#12991,#2142);
#1754=LINE('',#12993,#2143);
#1755=LINE('',#12996,#2144);
#1756=LINE('',#12998,#2145);
#1757=LINE('',#13000,#2146);
#1758=LINE('',#13002,#2147);
#1759=LINE('',#13004,#2148);
#1760=LINE('',#13006,#2149);
#1761=LINE('',#13008,#2150);
#1762=LINE('',#13010,#2151);
#1763=LINE('',#13012,#2152);
#1764=LINE('',#13014,#2153);
#1765=LINE('',#13017,#2154);
#1766=LINE('',#13020,#2155);
#1767=LINE('',#13021,#2156);
#1768=LINE('',#13023,#2157);
#1769=LINE('',#13025,#2158);
#1770=LINE('',#13027,#2159);
#1771=LINE('',#13029,#2160);
#1772=LINE('',#13030,#2161);
#1773=LINE('',#13032,#2162);
#1774=LINE('',#13034,#2163);
#1775=LINE('',#13036,#2164);
#1776=LINE('',#13038,#2165);
#1777=LINE('',#13040,#2166);
#1778=LINE('',#13042,#2167);
#1779=LINE('',#13045,#2168);
#1780=LINE('',#13049,#2169);
#1781=LINE('',#13051,#2170);
#1782=LINE('',#13053,#2171);
#1783=LINE('',#13056,#2172);
#1784=LINE('',#13058,#2173);
#1785=LINE('',#13060,#2174);
#1786=LINE('',#13075,#2175);
#1787=LINE('',#13081,#2176);
#1788=LINE('',#13087,#2177);
#1789=LINE('',#13093,#2178);
#1790=LINE('',#13099,#2179);
#1791=LINE('',#13105,#2180);
#1792=LINE('',#13111,#2181);
#1793=LINE('',#13117,#2182);
#1794=LINE('',#13122,#2183);
#1795=LINE('',#13138,#2184);
#1796=LINE('',#13144,#2185);
#1797=LINE('',#13150,#2186);
#1798=LINE('',#13156,#2187);
#1799=LINE('',#13162,#2188);
#1800=LINE('',#13168,#2189);
#1801=LINE('',#13174,#2190);
#1802=LINE('',#13180,#2191);
#1803=LINE('',#13185,#2192);
#1804=LINE('',#13201,#2193);
#1805=LINE('',#13207,#2194);
#1806=LINE('',#13213,#2195);
#1807=LINE('',#13219,#2196);
#1808=LINE('',#13225,#2197);
#1809=LINE('',#13231,#2198);
#1810=LINE('',#13237,#2199);
#1811=LINE('',#13243,#2200);
#1812=LINE('',#13248,#2201);
#1813=LINE('',#13264,#2202);
#1814=LINE('',#13270,#2203);
#1815=LINE('',#13276,#2204);
#1816=LINE('',#13282,#2205);
#1817=LINE('',#13288,#2206);
#1818=LINE('',#13294,#2207);
#1819=LINE('',#13300,#2208);
#1820=LINE('',#13306,#2209);
#1821=LINE('',#13311,#2210);
#1822=LINE('',#13327,#2211);
#1823=LINE('',#13333,#2212);
#1824=LINE('',#13339,#2213);
#1825=LINE('',#13345,#2214);
#1826=LINE('',#13351,#2215);
#1827=LINE('',#13357,#2216);
#1828=LINE('',#13363,#2217);
#1829=LINE('',#13369,#2218);
#1830=LINE('',#13374,#2219);
#1831=LINE('',#13390,#2220);
#1832=LINE('',#13396,#2221);
#1833=LINE('',#13402,#2222);
#1834=LINE('',#13408,#2223);
#1835=LINE('',#13414,#2224);
#1836=LINE('',#13420,#2225);
#1837=LINE('',#13426,#2226);
#1838=LINE('',#13432,#2227);
#1839=LINE('',#13437,#2228);
#1840=LINE('',#13449,#2229);
#1841=LINE('',#13450,#2230);
#1842=LINE('',#13458,#2231);
#1843=LINE('',#13459,#2232);
#1844=LINE('',#13462,#2233);
#1845=LINE('',#13464,#2234);
#1846=LINE('',#13465,#2235);
#1847=LINE('',#13468,#2236);
#1848=LINE('',#13474,#2237);
#1849=LINE('',#13690,#2238);
#1850=LINE('',#13940,#2239);
#1851=LINE('',#14042,#2240);
#1852=LINE('',#14044,#2241);
#1853=LINE('',#14046,#2242);
#1854=LINE('',#14047,#2243);
#1855=LINE('',#14053,#2244);
#1856=LINE('',#14056,#2245);
#1857=LINE('',#14058,#2246);
#1858=LINE('',#14059,#2247);
#1859=LINE('',#14065,#2248);
#1860=LINE('',#14068,#2249);
#1861=LINE('',#14070,#2250);
#1862=LINE('',#14071,#2251);
#1863=LINE('',#14077,#2252);
#1864=LINE('',#14080,#2253);
#1865=LINE('',#14082,#2254);
#1866=LINE('',#14083,#2255);
#1867=LINE('',#14091,#2256);
#1868=LINE('',#14093,#2257);
#1869=LINE('',#14095,#2258);
#1870=LINE('',#14096,#2259);
#1871=LINE('',#14102,#2260);
#1872=LINE('',#14105,#2261);
#1873=LINE('',#14107,#2262);
#1874=LINE('',#14108,#2263);
#1875=LINE('',#14114,#2264);
#1876=LINE('',#14117,#2265);
#1877=LINE('',#14119,#2266);
#1878=LINE('',#14120,#2267);
#1879=LINE('',#14126,#2268);
#1880=LINE('',#14129,#2269);
#1881=LINE('',#14131,#2270);
#1882=LINE('',#14132,#2271);
#1883=LINE('',#14141,#2272);
#1884=LINE('',#14147,#2273);
#1885=LINE('',#14153,#2274);
#1886=LINE('',#14159,#2275);
#1887=LINE('',#14165,#2276);
#1888=LINE('',#14171,#2277);
#1889=LINE('',#14178,#2278);
#1890=LINE('',#14181,#2279);
#1891=LINE('',#14187,#2280);
#1892=LINE('',#14190,#2281);
#1893=LINE('',#14192,#2282);
#1894=LINE('',#14193,#2283);
#1895=LINE('',#14199,#2284);
#1896=LINE('',#14205,#2285);
#1897=LINE('',#14208,#2286);
#1898=LINE('',#14210,#2287);
#1899=LINE('',#14211,#2288);
#1900=LINE('',#14217,#2289);
#1901=LINE('',#14223,#2290);
#1902=LINE('',#14226,#2291);
#1903=LINE('',#14228,#2292);
#1904=LINE('',#14229,#2293);
#1905=LINE('',#14235,#2294);
#1906=LINE('',#14241,#2295);
#1907=LINE('',#14244,#2296);
#1908=LINE('',#14246,#2297);
#1909=LINE('',#14247,#2298);
#1910=LINE('',#14253,#2299);
#1911=LINE('',#14256,#2300);
#1912=LINE('',#14258,#2301);
#1913=LINE('',#14259,#2302);
#1914=LINE('',#14265,#2303);
#1915=LINE('',#14268,#2304);
#1916=LINE('',#14270,#2305);
#1917=LINE('',#14271,#2306);
#1918=LINE('',#14277,#2307);
#1919=LINE('',#14280,#2308);
#1920=LINE('',#14282,#2309);
#1921=LINE('',#14283,#2310);
#1922=LINE('',#14289,#2311);
#1923=LINE('',#14292,#2312);
#1924=LINE('',#14294,#2313);
#1925=LINE('',#14295,#2314);
#1926=LINE('',#14301,#2315);
#1927=LINE('',#14307,#2316);
#1928=LINE('',#14310,#2317);
#1929=LINE('',#14312,#2318);
#1930=LINE('',#14313,#2319);
#1931=LINE('',#14319,#2320);
#1932=LINE('',#14325,#2321);
#1933=LINE('',#14327,#2322);
#1934=LINE('',#14328,#2323);
#1935=LINE('',#14345,#2324);
#1936=LINE('',#14355,#2325);
#1937=LINE('',#14372,#2326);
#1938=LINE('',#14382,#2327);
#1939=LINE('',#14399,#2328);
#1940=LINE('',#14409,#2329);
#1941=LINE('',#14426,#2330);
#1942=LINE('',#14436,#2331);
#1943=LINE('',#14453,#2332);
#1944=LINE('',#14463,#2333);
#1945=LINE('',#14480,#2334);
#1946=LINE('',#14490,#2335);
#1947=VECTOR('',#8617,2.25);
#1948=VECTOR('',#8626,2.25);
#1949=VECTOR('',#8633,2.25);
#1950=VECTOR('',#8642,2.25);
#1951=VECTOR('',#8649,2.25);
#1952=VECTOR('',#8656,2.25);
#1953=VECTOR('',#8695,3.);
#1954=VECTOR('',#8698,3.);
#1955=VECTOR('',#8701,3.);
#1956=VECTOR('',#8706,3.);
#1957=VECTOR('',#8709,3.);
#1958=VECTOR('',#8712,3.);
#1959=VECTOR('',#8715,3.);
#1960=VECTOR('',#8718,3.);
#1961=VECTOR('',#8723,3.);
#1962=VECTOR('',#8728,3.);
#1963=VECTOR('',#8757,3.);
#1964=VECTOR('',#8830,3.);
#1965=VECTOR('',#8833,3.);
#1966=VECTOR('',#8836,3.);
#1967=VECTOR('',#8839,3.);
#1968=VECTOR('',#8842,3.);
#1969=VECTOR('',#8845,3.);
#1970=VECTOR('',#8848,3.);
#1971=VECTOR('',#8851,3.);
#1972=VECTOR('',#8864,3.);
#1973=VECTOR('',#8867,3.);
#1974=VECTOR('',#8870,3.);
#1975=VECTOR('',#8877,3.);
#1976=VECTOR('',#8884,3.);
#1977=VECTOR('',#8887,3.);
#1978=VECTOR('',#8890,3.);
#1979=VECTOR('',#8943,3.);
#1980=VECTOR('',#8946,3.);
#1981=VECTOR('',#8949,3.);
#1982=VECTOR('',#8966,3.);
#1983=VECTOR('',#8969,3.);
#1984=VECTOR('',#8972,3.);
#1985=VECTOR('',#8985,3.);
#1986=VECTOR('',#8986,3.);
#1987=VECTOR('',#8987,3.);
#1988=VECTOR('',#8990,3.);
#1989=VECTOR('',#9003,3.);
#1990=VECTOR('',#9004,3.);
#1991=VECTOR('',#9005,3.);
#1992=VECTOR('',#9006,3.);
#1993=VECTOR('',#9007,3.);
#1994=VECTOR('',#9008,3.);
#1995=VECTOR('',#9009,3.);
#1996=VECTOR('',#9012,3.);
#1997=VECTOR('',#9057,3.);
#1998=VECTOR('',#9070,7.5);
#1999=VECTOR('',#9083,7.5);
#2000=VECTOR('',#9096,7.5);
#2001=VECTOR('',#9101,7.5);
#2002=VECTOR('',#9114,7.5);
#2003=VECTOR('',#9127,7.5);
#2004=VECTOR('',#9132,3.);
#2005=VECTOR('',#9133,3.);
#2006=VECTOR('',#9134,3.);
#2007=VECTOR('',#9139,3.);
#2008=VECTOR('',#9140,3.);
#2009=VECTOR('',#9145,3.);
#2010=VECTOR('',#9150,3.);
#2011=VECTOR('',#9171,3.);
#2012=VECTOR('',#9210,3.);
#2013=VECTOR('',#9211,3.);
#2014=VECTOR('',#9218,3.);
#2015=VECTOR('',#9219,3.);
#2016=VECTOR('',#9220,3.);
#2017=VECTOR('',#9281,3.);
#2018=VECTOR('',#9282,3.);
#2019=VECTOR('',#9283,3.);
#2020=VECTOR('',#9284,3.);
#2021=VECTOR('',#9285,3.);
#2022=VECTOR('',#9286,3.);
#2023=VECTOR('',#9287,3.);
#2024=VECTOR('',#9288,3.);
#2025=VECTOR('',#9289,3.);
#2026=VECTOR('',#9290,3.);
#2027=VECTOR('',#9291,3.);
#2028=VECTOR('',#9294,3.);
#2029=VECTOR('',#9295,3.);
#2030=VECTOR('',#9296,3.);
#2031=VECTOR('',#9299,3.);
#2032=VECTOR('',#9302,3.);
#2033=VECTOR('',#9305,3.);
#2034=VECTOR('',#9306,3.);
#2035=VECTOR('',#9311,3.);
#2036=VECTOR('',#9314,3.);
#2037=VECTOR('',#9319,3.);
#2038=VECTOR('',#9322,3.);
#2039=VECTOR('',#9327,3.);
#2040=VECTOR('',#9330,3.);
#2041=VECTOR('',#9335,3.);
#2042=VECTOR('',#9338,3.);
#2043=VECTOR('',#9343,3.);
#2044=VECTOR('',#9346,3.);
#2045=VECTOR('',#9351,3.);
#2046=VECTOR('',#9354,3.);
#2047=VECTOR('',#9359,3.);
#2048=VECTOR('',#9366,3.);
#2049=VECTOR('',#9371,3.);
#2050=VECTOR('',#9378,3.);
#2051=VECTOR('',#9381,3.);
#2052=VECTOR('',#9384,3.);
#2053=VECTOR('',#9389,3.);
#2054=VECTOR('',#9396,3.);
#2055=VECTOR('',#9403,3.);
#2056=VECTOR('',#9406,3.);
#2057=VECTOR('',#9413,3.);
#2058=VECTOR('',#9422,3.);
#2059=VECTOR('',#9505,3.);
#2060=VECTOR('',#9508,3.);
#2061=VECTOR('',#9513,0.428049182767009);
#2062=VECTOR('',#9518,0.428049182767009);
#2063=VECTOR('',#9523,0.428049182767009);
#2064=VECTOR('',#9528,0.428049182767009);
#2065=VECTOR('',#9533,0.428049182767009);
#2066=VECTOR('',#9538,0.428049182767009);
#2067=VECTOR('',#9543,0.428049182767009);
#2068=VECTOR('',#9548,0.428049182767009);
#2069=VECTOR('',#9553,0.428049182767009);
#2070=VECTOR('',#9558,0.428049182767009);
#2071=VECTOR('',#9563,0.428049182767009);
#2072=VECTOR('',#9568,0.428049182767009);
#2073=VECTOR('',#9573,0.428049182767009);
#2074=VECTOR('',#9578,0.428049182767009);
#2075=VECTOR('',#9583,0.428049182767009);
#2076=VECTOR('',#9588,0.428049182767009);
#2077=VECTOR('',#9593,0.428049182767009);
#2078=VECTOR('',#9598,0.428049182767009);
#2079=VECTOR('',#9603,0.428049182767009);
#2080=VECTOR('',#9608,0.428049182767009);
#2081=VECTOR('',#9613,0.428049182767009);
#2082=VECTOR('',#9618,0.428049182767009);
#2083=VECTOR('',#9623,0.428049182767009);
#2084=VECTOR('',#9628,0.428049182767009);
#2085=VECTOR('',#9633,0.428049182767009);
#2086=VECTOR('',#9638,0.428049182767009);
#2087=VECTOR('',#9643,0.428049182767009);
#2088=VECTOR('',#9648,0.428049182767009);
#2089=VECTOR('',#9653,0.428049182767009);
#2090=VECTOR('',#9658,0.428049182767009);
#2091=VECTOR('',#9663,0.428049182767009);
#2092=VECTOR('',#9668,0.428049182767009);
#2093=VECTOR('',#9673,0.428049182767009);
#2094=VECTOR('',#9678,0.428049182767009);
#2095=VECTOR('',#9683,0.428049182767009);
#2096=VECTOR('',#9688,0.428049182767009);
#2097=VECTOR('',#9691,3.);
#2098=VECTOR('',#9694,3.);
#2099=VECTOR('',#9697,3.);
#2100=VECTOR('',#9700,3.);
#2101=VECTOR('',#9705,3.);
#2102=VECTOR('',#9708,3.);
#2103=VECTOR('',#9711,3.);
#2104=VECTOR('',#9714,3.);
#2105=VECTOR('',#9731,3.);
#2106=VECTOR('',#9740,3.);
#2107=VECTOR('',#9771,3.);
#2108=VECTOR('',#9774,3.);
#2109=VECTOR('',#9775,3.);
#2110=VECTOR('',#9778,3.);
#2111=VECTOR('',#9779,3.);
#2112=VECTOR('',#9782,3.);
#2113=VECTOR('',#9785,3.);
#2114=VECTOR('',#9790,3.);
#2115=VECTOR('',#9795,3.);
#2116=VECTOR('',#9798,3.);
#2117=VECTOR('',#9799,3.);
#2118=VECTOR('',#9804,3.);
#2119=VECTOR('',#9805,3.);
#2120=VECTOR('',#9810,3.);
#2121=VECTOR('',#9819,3.);
#2122=VECTOR('',#9824,3.);
#2123=VECTOR('',#9829,3.);
#2124=VECTOR('',#9834,3.);
#2125=VECTOR('',#9839,3.);
#2126=VECTOR('',#9844,3.);
#2127=VECTOR('',#9849,3.);
#2128=VECTOR('',#9854,3.);
#2129=VECTOR('',#9859,3.);
#2130=VECTOR('',#9864,3.);
#2131=VECTOR('',#9869,3.);
#2132=VECTOR('',#9878,3.);
#2133=VECTOR('',#9883,3.);
#2134=VECTOR('',#9888,3.);
#2135=VECTOR('',#9893,3.);
#2136=VECTOR('',#9898,3.);
#2137=VECTOR('',#9903,3.);
#2138=VECTOR('',#9908,3.);
#2139=VECTOR('',#9913,3.);
#2140=VECTOR('',#9918,3.);
#2141=VECTOR('',#9923,3.);
#2142=VECTOR('',#9942,3.);
#2143=VECTOR('',#9945,3.);
#2144=VECTOR('',#9950,3.);
#2145=VECTOR('',#9953,3.);
#2146=VECTOR('',#9956,3.);
#2147=VECTOR('',#9959,3.);
#2148=VECTOR('',#9962,3.);
#2149=VECTOR('',#9965,3.);
#2150=VECTOR('',#9968,3.);
#2151=VECTOR('',#9971,3.);
#2152=VECTOR('',#9974,3.);
#2153=VECTOR('',#9977,3.);
#2154=VECTOR('',#9982,3.);
#2155=VECTOR('',#9987,3.);
#2156=VECTOR('',#9988,3.);
#2157=VECTOR('',#9991,3.);
#2158=VECTOR('',#9994,3.);
#2159=VECTOR('',#9997,3.);
#2160=VECTOR('',#10000,3.);
#2161=VECTOR('',#10001,3.);
#2162=VECTOR('',#10004,3.);
#2163=VECTOR('',#10007,3.);
#2164=VECTOR('',#10010,3.);
#2165=VECTOR('',#10013,3.);
#2166=VECTOR('',#10016,3.);
#2167=VECTOR('',#10019,3.);
#2168=VECTOR('',#10024,3.);
#2169=VECTOR('',#10031,3.);
#2170=VECTOR('',#10034,3.);
#2171=VECTOR('',#10037,3.);
#2172=VECTOR('',#10042,3.);
#2173=VECTOR('',#10045,3.);
#2174=VECTOR('',#10048,3.);
#2175=VECTOR('',#10067,7.95);
#2176=VECTOR('',#10074,0.428049182767009);
#2177=VECTOR('',#10081,0.428049182767009);
#2178=VECTOR('',#10088,0.428049182767009);
#2179=VECTOR('',#10095,0.428049182767009);
#2180=VECTOR('',#10102,0.428049182767009);
#2181=VECTOR('',#10109,0.428049182767009);
#2182=VECTOR('',#10116,6.6);
#2183=VECTOR('',#10123,6.6);
#2184=VECTOR('',#10144,7.95000000000002);
#2185=VECTOR('',#10151,0.428049182767009);
#2186=VECTOR('',#10158,0.428049182767009);
#2187=VECTOR('',#10165,0.428049182767009);
#2188=VECTOR('',#10172,0.428049182767009);
#2189=VECTOR('',#10179,0.428049182767009);
#2190=VECTOR('',#10186,0.428049182767009);
#2191=VECTOR('',#10193,6.6);
#2192=VECTOR('',#10200,6.6);
#2193=VECTOR('',#10221,7.95);
#2194=VECTOR('',#10228,0.428049182767009);
#2195=VECTOR('',#10235,0.428049182767009);
#2196=VECTOR('',#10242,0.428049182767009);
#2197=VECTOR('',#10249,0.428049182767009);
#2198=VECTOR('',#10256,0.428049182767009);
#2199=VECTOR('',#10263,0.428049182767009);
#2200=VECTOR('',#10270,6.6);
#2201=VECTOR('',#10277,6.6);
#2202=VECTOR('',#10298,7.95);
#2203=VECTOR('',#10305,0.428049182767009);
#2204=VECTOR('',#10312,0.428049182767009);
#2205=VECTOR('',#10319,0.428049182767009);
#2206=VECTOR('',#10326,0.428049182767009);
#2207=VECTOR('',#10333,0.428049182767009);
#2208=VECTOR('',#10340,0.428049182767009);
#2209=VECTOR('',#10347,6.6);
#2210=VECTOR('',#10354,6.6);
#2211=VECTOR('',#10375,7.95);
#2212=VECTOR('',#10382,0.428049182767009);
#2213=VECTOR('',#10389,0.428049182767009);
#2214=VECTOR('',#10396,0.428049182767009);
#2215=VECTOR('',#10403,0.428049182767009);
#2216=VECTOR('',#10410,0.428049182767009);
#2217=VECTOR('',#10417,0.428049182767009);
#2218=VECTOR('',#10424,6.6);
#2219=VECTOR('',#10431,6.6);
#2220=VECTOR('',#10452,7.95);
#2221=VECTOR('',#10459,0.428049182767009);
#2222=VECTOR('',#10466,0.428049182767009);
#2223=VECTOR('',#10473,0.428049182767009);
#2224=VECTOR('',#10480,0.428049182767009);
#2225=VECTOR('',#10487,0.428049182767009);
#2226=VECTOR('',#10494,0.428049182767009);
#2227=VECTOR('',#10501,6.6);
#2228=VECTOR('',#10508,6.6);
#2229=VECTOR('',#10517,3.);
#2230=VECTOR('',#10518,3.);
#2231=VECTOR('',#10521,3.);
#2232=VECTOR('',#10522,3.);
#2233=VECTOR('',#10525,3.);
#2234=VECTOR('',#10526,3.);
#2235=VECTOR('',#10527,3.);
#2236=VECTOR('',#10530,3.);
#2237=VECTOR('',#10531,3.);
#2238=VECTOR('',#10536,2.10210471096);
#2239=VECTOR('',#10539,2.10210471096);
#2240=VECTOR('',#10544,3.);
#2241=VECTOR('',#10545,3.);
#2242=VECTOR('',#10546,3.);
#2243=VECTOR('',#10547,3.);
#2244=VECTOR('',#10554,3.);
#2245=VECTOR('',#10557,3.);
#2246=VECTOR('',#10558,3.);
#2247=VECTOR('',#10559,3.);
#2248=VECTOR('',#10566,3.);
#2249=VECTOR('',#10569,3.);
#2250=VECTOR('',#10570,3.);
#2251=VECTOR('',#10571,3.);
#2252=VECTOR('',#10578,3.);
#2253=VECTOR('',#10581,3.);
#2254=VECTOR('',#10582,3.);
#2255=VECTOR('',#10583,3.);
#2256=VECTOR('',#10594,3.);
#2257=VECTOR('',#10595,3.);
#2258=VECTOR('',#10596,3.);
#2259=VECTOR('',#10597,3.);
#2260=VECTOR('',#10604,3.);
#2261=VECTOR('',#10607,3.);
#2262=VECTOR('',#10608,3.);
#2263=VECTOR('',#10609,3.);
#2264=VECTOR('',#10616,3.);
#2265=VECTOR('',#10619,3.);
#2266=VECTOR('',#10620,3.);
#2267=VECTOR('',#10621,3.);
#2268=VECTOR('',#10628,3.);
#2269=VECTOR('',#10631,3.);
#2270=VECTOR('',#10632,3.);
#2271=VECTOR('',#10633,3.);
#2272=VECTOR('',#10646,6.6);
#2273=VECTOR('',#10653,6.6);
#2274=VECTOR('',#10660,6.6);
#2275=VECTOR('',#10667,6.6);
#2276=VECTOR('',#10674,6.6);
#2277=VECTOR('',#10681,6.6);
#2278=VECTOR('',#10688,3.);
#2279=VECTOR('',#10691,3.);
#2280=VECTOR('',#10698,3.);
#2281=VECTOR('',#10701,3.);
#2282=VECTOR('',#10702,3.);
#2283=VECTOR('',#10703,3.);
#2284=VECTOR('',#10710,3.);
#2285=VECTOR('',#10717,3.);
#2286=VECTOR('',#10720,3.);
#2287=VECTOR('',#10721,3.);
#2288=VECTOR('',#10722,3.);
#2289=VECTOR('',#10729,3.);
#2290=VECTOR('',#10736,3.);
#2291=VECTOR('',#10739,3.);
#2292=VECTOR('',#10740,3.);
#2293=VECTOR('',#10741,3.);
#2294=VECTOR('',#10748,3.);
#2295=VECTOR('',#10755,3.);
#2296=VECTOR('',#10758,3.);
#2297=VECTOR('',#10759,3.);
#2298=VECTOR('',#10760,3.);
#2299=VECTOR('',#10767,3.);
#2300=VECTOR('',#10770,3.);
#2301=VECTOR('',#10771,3.);
#2302=VECTOR('',#10772,3.);
#2303=VECTOR('',#10779,3.);
#2304=VECTOR('',#10782,3.);
#2305=VECTOR('',#10783,3.);
#2306=VECTOR('',#10784,3.);
#2307=VECTOR('',#10791,3.);
#2308=VECTOR('',#10794,3.);
#2309=VECTOR('',#10795,3.);
#2310=VECTOR('',#10796,3.);
#2311=VECTOR('',#10803,3.);
#2312=VECTOR('',#10806,3.);
#2313=VECTOR('',#10807,3.);
#2314=VECTOR('',#10808,3.);
#2315=VECTOR('',#10815,3.);
#2316=VECTOR('',#10822,3.);
#2317=VECTOR('',#10825,3.);
#2318=VECTOR('',#10826,3.);
#2319=VECTOR('',#10827,3.);
#2320=VECTOR('',#10834,3.);
#2321=VECTOR('',#10841,3.);
#2322=VECTOR('',#10844,3.);
#2323=VECTOR('',#10845,3.);
#2324=VECTOR('',#10868,2.7);
#2325=VECTOR('',#10881,2.13);
#2326=VECTOR('',#10904,2.7);
#2327=VECTOR('',#10917,2.13);
#2328=VECTOR('',#10940,2.7);
#2329=VECTOR('',#10953,2.13);
#2330=VECTOR('',#10976,2.7);
#2331=VECTOR('',#10989,2.13);
#2332=VECTOR('',#11012,2.7);
#2333=VECTOR('',#11025,2.13);
#2334=VECTOR('',#11048,2.7);
#2335=VECTOR('',#11061,2.13);
#2336=CIRCLE('',#7580,2.25);
#2337=CIRCLE('',#7581,2.25);
#2338=CIRCLE('',#7584,2.25);
#2339=CIRCLE('',#7585,2.25);
#2340=CIRCLE('',#7587,2.25);
#2341=CIRCLE('',#7588,2.25);
#2342=CIRCLE('',#7591,2.25);
#2343=CIRCLE('',#7592,2.25);
#2344=CIRCLE('',#7594,2.25);
#2345=CIRCLE('',#7595,2.25);
#2346=CIRCLE('',#7597,2.25);
#2347=CIRCLE('',#7598,2.25);
#2348=CIRCLE('',#7601,2.58394008663681);
#2349=CIRCLE('',#7602,3.78394008663681);
#2350=CIRCLE('',#7604,2.50864007924727);
#2351=CIRCLE('',#7605,3.70864007924727);
#2352=CIRCLE('',#7607,2.4774953188581);
#2353=CIRCLE('',#7608,3.6774953188581);
#2354=CIRCLE('',#7610,2.5059548580867);
#2355=CIRCLE('',#7611,3.7059548580867);
#2356=CIRCLE('',#7613,3.70490444214146);
#2357=CIRCLE('',#7614,2.50490444214146);
#2358=CIRCLE('',#7615,3.70490444214146);
#2359=CIRCLE('',#7617,2.58394008663681);
#2360=CIRCLE('',#7619,2.50864007924727);
#2361=CIRCLE('',#7620,2.50864007924727);
#2362=CIRCLE('',#7621,2.50864007924727);
#2363=CIRCLE('',#7623,2.4774953188581);
#2364=CIRCLE('',#7624,2.4774953188581);
#2365=CIRCLE('',#7625,2.4774953188581);
#2366=CIRCLE('',#7627,2.5059548580867);
#2367=CIRCLE('',#7629,2.50490444214146);
#2368=CIRCLE('',#7631,3.68443988359753);
#2369=CIRCLE('',#7632,2.48443988359753);
#2370=CIRCLE('',#7634,8.1);
#2371=CIRCLE('',#7635,0.6);
#2372=CIRCLE('',#7636,7.5);
#2373=CIRCLE('',#7637,7.5);
#2374=CIRCLE('',#7638,8.1);
#2375=CIRCLE('',#7640,2.58394008663681);
#2376=CIRCLE('',#7641,3.78394008663681);
#2377=CIRCLE('',#7644,3.78394008663681);
#2378=CIRCLE('',#7645,3.78394008663681);
#2379=CIRCLE('',#7646,3.75314418320708);
#2380=CIRCLE('',#7647,3.74365756081937);
#2381=CIRCLE('',#7648,3.72184287387618);
#2382=CIRCLE('',#7649,3.74204517709518);
#2383=CIRCLE('',#7650,3.8966112120582);
#2384=CIRCLE('',#7651,3.8966112120582);
#2385=CIRCLE('',#7652,3.8966112120582);
#2386=CIRCLE('',#7653,3.8966112120582);
#2387=CIRCLE('',#7654,3.8966112120582);
#2388=CIRCLE('',#7655,3.8966112120582);
#2389=CIRCLE('',#7656,3.8966112120582);
#2390=CIRCLE('',#7657,3.8966112120582);
#2391=CIRCLE('',#7658,3.95639048757322);
#2392=CIRCLE('',#7659,3.42955982617069);
#2393=CIRCLE('',#7660,3.39118867533145);
#2394=CIRCLE('',#7661,3.38996321520672);
#2395=CIRCLE('',#7662,3.3972566719865);
#2396=CIRCLE('',#7663,3.3972566719865);
#2397=CIRCLE('',#7664,3.3972566719865);
#2398=CIRCLE('',#7665,3.3972566719865);
#2399=CIRCLE('',#7666,3.59079897365007);
#2400=CIRCLE('',#7667,3.61749143634472);
#2401=CIRCLE('',#7668,3.66253378088292);
#2402=CIRCLE('',#7669,3.66392971749144);
#2403=CIRCLE('',#7670,3.68443988359753);
#2404=CIRCLE('',#7671,3.68443988359753);
#2405=CIRCLE('',#7672,3.68443988359754);
#2406=CIRCLE('',#7673,3.68443988359753);
#2407=CIRCLE('',#7674,3.68443988359753);
#2408=CIRCLE('',#7675,3.68443988359753);
#2409=CIRCLE('',#7676,8.1);
#2410=CIRCLE('',#7677,8.1);
#2411=CIRCLE('',#7678,0.6);
#2412=CIRCLE('',#7679,0.600000000000003);
#2413=CIRCLE('',#7680,0.600000000000001);
#2414=CIRCLE('',#7681,0.600000000000001);
#2415=CIRCLE('',#7682,0.600000000000001);
#2416=CIRCLE('',#7683,0.6);
#2417=CIRCLE('',#7684,0.600000000000003);
#2418=CIRCLE('',#7685,0.600000000000001);
#2419=CIRCLE('',#7686,8.1);
#2420=CIRCLE('',#7687,8.1);
#2421=CIRCLE('',#7688,8.1);
#2422=CIRCLE('',#7690,2.58394008663681);
#2423=CIRCLE('',#7693,2.58394008663681);
#2424=CIRCLE('',#7695,2.58394008663681);
#2425=CIRCLE('',#7698,2.55314418320708);
#2426=CIRCLE('',#7700,12.);
#2427=CIRCLE('',#7702,2.58394008663681);
#2428=CIRCLE('',#7704,2.6966112120582);
#2429=CIRCLE('',#7706,2.6966112120582);
#2430=CIRCLE('',#7708,2.6966112120582);
#2431=CIRCLE('',#7710,2.6966112120582);
#2432=CIRCLE('',#7712,2.6966112120582);
#2433=CIRCLE('',#7714,2.6966112120582);
#2434=CIRCLE('',#7716,2.6966112120582);
#2435=CIRCLE('',#7718,2.6966112120582);
#2436=CIRCLE('',#7720,2.54204517709518);
#2437=CIRCLE('',#7722,2.52184287387618);
#2438=CIRCLE('',#7724,2.54365756081937);
#2439=CIRCLE('',#7726,2.75639048757322);
#2440=CIRCLE('',#7728,12.0000000000776);
#2441=CIRCLE('',#7730,2.6966112120582);
#2442=CIRCLE('',#7732,2.19118867533145);
#2443=CIRCLE('',#7734,2.22955982617069);
#2444=CIRCLE('',#7736,2.18996321520672);
#2445=CIRCLE('',#7738,12.0000000000776);
#2446=CIRCLE('',#7740,2.19118867533145);
#2447=CIRCLE('',#7742,2.1972566719865);
#2448=CIRCLE('',#7744,2.1972566719865);
#2449=CIRCLE('',#7747,2.1972566719865);
#2450=CIRCLE('',#7749,2.1972566719865);
#2451=CIRCLE('',#7751,2.1972566719865);
#2452=CIRCLE('',#7754,2.1972566719865);
#2453=CIRCLE('',#7756,2.39079897365007);
#2454=CIRCLE('',#7758,2.48443988359753);
#2455=CIRCLE('',#7760,2.48443988359753);
#2456=CIRCLE('',#7762,2.48443988359754);
#2457=CIRCLE('',#7764,2.48443988359754);
#2458=CIRCLE('',#7766,2.48443988359753);
#2459=CIRCLE('',#7768,2.48443988359753);
#2460=CIRCLE('',#7770,2.46392971749144);
#2461=CIRCLE('',#7772,2.46253378088292);
#2462=CIRCLE('',#7774,2.41749143634472);
#2463=CIRCLE('',#7776,2.48443988359753);
#2464=CIRCLE('',#7778,0.6);
#2465=CIRCLE('',#7779,7.5);
#2466=CIRCLE('',#7780,7.5);
#2467=CIRCLE('',#7782,7.5);
#2468=CIRCLE('',#7784,0.6);
#2469=CIRCLE('',#7785,7.5);
#2470=CIRCLE('',#7786,7.5);
#2471=CIRCLE('',#7788,7.5);
#2472=CIRCLE('',#7790,0.6);
#2473=CIRCLE('',#7791,7.5);
#2474=CIRCLE('',#7792,7.5);
#2475=CIRCLE('',#7794,7.5);
#2476=CIRCLE('',#7796,7.5);
#2477=CIRCLE('',#7798,0.6);
#2478=CIRCLE('',#7799,7.5);
#2479=CIRCLE('',#7800,7.5);
#2480=CIRCLE('',#7802,7.5);
#2481=CIRCLE('',#7804,0.6);
#2482=CIRCLE('',#7805,7.5);
#2483=CIRCLE('',#7806,7.5);
#2484=CIRCLE('',#7808,7.5);
#2485=CIRCLE('',#7811,3.6972566719865);
#2486=CIRCLE('',#7813,3.6972566719865);
#2487=CIRCLE('',#7815,3.6972566719865);
#2488=CIRCLE('',#7817,2.48443988359753);
#2489=CIRCLE('',#7818,2.48443988359753);
#2490=CIRCLE('',#7819,2.48443988359754);
#2491=CIRCLE('',#7820,2.48443988359754);
#2492=CIRCLE('',#7821,2.48443988359753);
#2493=CIRCLE('',#7822,2.48443988359753);
#2494=CIRCLE('',#7823,2.46392971749144);
#2495=CIRCLE('',#7824,2.46253378088292);
#2496=CIRCLE('',#7825,2.41749143634472);
#2497=CIRCLE('',#7826,3.89079897365007);
#2498=CIRCLE('',#7827,3.91749143634472);
#2499=CIRCLE('',#7828,3.96253378088291);
#2500=CIRCLE('',#7829,3.96392971749144);
#2501=CIRCLE('',#7830,3.98443988359753);
#2502=CIRCLE('',#7831,3.98443988359753);
#2503=CIRCLE('',#7832,3.98443988359753);
#2504=CIRCLE('',#7833,3.98443988359753);
#2505=CIRCLE('',#7834,3.98443988359754);
#2506=CIRCLE('',#7835,3.98443988359753);
#2507=CIRCLE('',#7836,3.98443988359753);
#2508=CIRCLE('',#7837,4.00490444214146);
#2509=CIRCLE('',#7838,4.0059548580867);
#2510=CIRCLE('',#7839,3.9774953188581);
#2511=CIRCLE('',#7840,4.00864007924727);
#2512=CIRCLE('',#7841,4.08394008663681);
#2513=CIRCLE('',#7842,4.08394008663681);
#2514=CIRCLE('',#7843,4.08394008663681);
#2515=CIRCLE('',#7844,4.08394008663681);
#2516=CIRCLE('',#7846,2.50490444214146);
#2517=CIRCLE('',#7847,2.5059548580867);
#2518=CIRCLE('',#7848,2.41749143634472);
#2519=CIRCLE('',#7849,2.46253378088292);
#2520=CIRCLE('',#7850,2.46392971749144);
#2521=CIRCLE('',#7851,2.48443988359753);
#2522=CIRCLE('',#7852,2.48443988359753);
#2523=CIRCLE('',#7853,2.48443988359754);
#2524=CIRCLE('',#7854,2.48443988359754);
#2525=CIRCLE('',#7855,2.48443988359753);
#2526=CIRCLE('',#7856,2.48443988359753);
#2527=CIRCLE('',#7857,2.48443988359753);
#2528=CIRCLE('',#7858,0.428049182767009);
#2529=CIRCLE('',#7859,0.428049182767009);
#2530=CIRCLE('',#7860,0.428049182767009);
#2531=CIRCLE('',#7861,0.428049182767009);
#2532=CIRCLE('',#7862,0.428049182767009);
#2533=CIRCLE('',#7863,0.428049182767009);
#2534=CIRCLE('',#7864,0.428049182767009);
#2535=CIRCLE('',#7865,0.428049182767009);
#2536=CIRCLE('',#7866,0.428049182767009);
#2537=CIRCLE('',#7867,0.428049182767009);
#2538=CIRCLE('',#7868,0.428049182767009);
#2539=CIRCLE('',#7869,0.428049182767009);
#2540=CIRCLE('',#7870,0.428049182767009);
#2541=CIRCLE('',#7871,0.428049182767009);
#2542=CIRCLE('',#7872,0.428049182767009);
#2543=CIRCLE('',#7873,0.428049182767009);
#2544=CIRCLE('',#7874,0.428049182767009);
#2545=CIRCLE('',#7875,0.428049182767009);
#2546=CIRCLE('',#7880,2.46253378088292);
#2547=CIRCLE('',#7883,2.46392971749144);
#2548=CIRCLE('',#7886,2.48443988359753);
#2549=CIRCLE('',#7889,2.48443988359753);
#2550=CIRCLE('',#7892,2.48443988359754);
#2551=CIRCLE('',#7895,2.48443988359754);
#2552=CIRCLE('',#7898,2.48443988359753);
#2553=CIRCLE('',#7901,2.48443988359753);
#2554=CIRCLE('',#7904,2.48443988359753);
#2555=CIRCLE('',#7906,2.50490444214146);
#2556=CIRCLE('',#7908,2.5059548580867);
#2557=CIRCLE('',#7910,3.96392971749144);
#2558=CIRCLE('',#7912,3.96253378088291);
#2559=CIRCLE('',#7914,3.91749143634472);
#2560=CIRCLE('',#7916,3.89079897365007);
#2561=CIRCLE('',#7917,3.89079897365007);
#2562=CIRCLE('',#7919,3.6972566719865);
#2563=CIRCLE('',#7920,3.6972566719865);
#2564=CIRCLE('',#7921,3.6972566719865);
#2565=CIRCLE('',#7923,3.6972566719865);
#2566=CIRCLE('',#7924,3.6972566719865);
#2567=CIRCLE('',#7925,3.6972566719865);
#2568=CIRCLE('',#7927,3.6972566719865);
#2569=CIRCLE('',#7928,3.6972566719865);
#2570=CIRCLE('',#7929,3.6972566719865);
#2571=CIRCLE('',#7933,4.08394008663681);
#2572=CIRCLE('',#7934,4.05314418320708);
#2573=CIRCLE('',#7935,4.04365756081937);
#2574=CIRCLE('',#7936,4.02184287387618);
#2575=CIRCLE('',#7937,4.04204517709518);
#2576=CIRCLE('',#7938,4.1966112120582);
#2577=CIRCLE('',#7939,4.1966112120582);
#2578=CIRCLE('',#7940,4.1966112120582);
#2579=CIRCLE('',#7941,4.1966112120582);
#2580=CIRCLE('',#7942,4.1966112120582);
#2581=CIRCLE('',#7943,4.1966112120582);
#2582=CIRCLE('',#7944,4.1966112120582);
#2583=CIRCLE('',#7945,4.1966112120582);
#2584=CIRCLE('',#7946,4.25639048757322);
#2585=CIRCLE('',#7947,3.72955982617069);
#2586=CIRCLE('',#7948,3.69118867533145);
#2587=CIRCLE('',#7949,3.68996321520672);
#2588=CIRCLE('',#7950,0.428049182767009);
#2589=CIRCLE('',#7951,0.428049182767009);
#2590=CIRCLE('',#7952,0.428049182767009);
#2591=CIRCLE('',#7953,0.428049182767009);
#2592=CIRCLE('',#7954,0.428049182767009);
#2593=CIRCLE('',#7955,0.428049182767009);
#2594=CIRCLE('',#7956,0.428049182767009);
#2595=CIRCLE('',#7957,0.428049182767009);
#2596=CIRCLE('',#7958,0.428049182767009);
#2597=CIRCLE('',#7959,0.428049182767009);
#2598=CIRCLE('',#7960,0.428049182767009);
#2599=CIRCLE('',#7961,0.428049182767009);
#2600=CIRCLE('',#7962,0.428049182767009);
#2601=CIRCLE('',#7963,0.428049182767009);
#2602=CIRCLE('',#7964,0.428049182767009);
#2603=CIRCLE('',#7965,0.428049182767009);
#2604=CIRCLE('',#7966,0.428049182767009);
#2605=CIRCLE('',#7967,0.428049182767009);
#2606=CIRCLE('',#7969,2.1972566719865);
#2607=CIRCLE('',#7971,0.428049182767009);
#2608=CIRCLE('',#7973,0.428049182767009);
#2609=CIRCLE('',#7975,0.428049182767009);
#2610=CIRCLE('',#7977,0.428049182767009);
#2611=CIRCLE('',#7979,0.428049182767009);
#2612=CIRCLE('',#7981,0.428049182767009);
#2613=CIRCLE('',#7983,0.428049182767009);
#2614=CIRCLE('',#7985,0.428049182767009);
#2615=CIRCLE('',#7987,0.428049182767009);
#2616=CIRCLE('',#7989,0.428049182767009);
#2617=CIRCLE('',#7991,0.428049182767009);
#2618=CIRCLE('',#7993,0.428049182767009);
#2619=CIRCLE('',#7995,0.428049182767009);
#2620=CIRCLE('',#7997,0.428049182767009);
#2621=CIRCLE('',#7999,0.428049182767009);
#2622=CIRCLE('',#8001,0.428049182767009);
#2623=CIRCLE('',#8003,0.428049182767009);
#2624=CIRCLE('',#8005,0.428049182767009);
#2625=CIRCLE('',#8007,0.428049182767009);
#2626=CIRCLE('',#8009,0.428049182767009);
#2627=CIRCLE('',#8011,0.428049182767009);
#2628=CIRCLE('',#8013,0.428049182767009);
#2629=CIRCLE('',#8015,0.428049182767009);
#2630=CIRCLE('',#8017,0.428049182767009);
#2631=CIRCLE('',#8019,0.428049182767009);
#2632=CIRCLE('',#8021,0.428049182767009);
#2633=CIRCLE('',#8023,0.428049182767009);
#2634=CIRCLE('',#8025,0.428049182767009);
#2635=CIRCLE('',#8027,0.428049182767009);
#2636=CIRCLE('',#8029,0.428049182767009);
#2637=CIRCLE('',#8031,0.428049182767009);
#2638=CIRCLE('',#8033,0.428049182767009);
#2639=CIRCLE('',#8035,0.428049182767009);
#2640=CIRCLE('',#8037,0.428049182767009);
#2641=CIRCLE('',#8039,0.428049182767009);
#2642=CIRCLE('',#8041,0.428049182767009);
#2643=CIRCLE('',#8043,0.600000000000001);
#2644=CIRCLE('',#8044,0.600000000000001);
#2645=CIRCLE('',#8045,0.600000000000003);
#2646=CIRCLE('',#8046,0.6);
#2647=CIRCLE('',#8048,0.600000000000001);
#2648=CIRCLE('',#8049,0.600000000000003);
#2649=CIRCLE('',#8050,0.6);
#2650=CIRCLE('',#8051,0.600000000000001);
#2651=CIRCLE('',#8053,2.1972566719865);
#2652=CIRCLE('',#8054,12.0000000000075);
#2653=CIRCLE('',#8056,2.1972566719865);
#2654=CIRCLE('',#8057,2.1972566719865);
#2655=CIRCLE('',#8058,2.1972566719865);
#2656=CIRCLE('',#8060,2.41749143634472);
#2657=CIRCLE('',#8061,2.39079897365007);
#2658=CIRCLE('',#8062,12.0000000000075);
#2659=CIRCLE('',#8063,2.1972566719865);
#2660=CIRCLE('',#8064,2.18996321520672);
#2661=CIRCLE('',#8065,2.22955982617069);
#2662=CIRCLE('',#8066,2.75639048757322);
#2663=CIRCLE('',#8067,2.6966112120582);
#2664=CIRCLE('',#8068,2.6966112120582);
#2665=CIRCLE('',#8069,2.6966112120582);
#2666=CIRCLE('',#8070,2.6966112120582);
#2667=CIRCLE('',#8071,2.6966112120582);
#2668=CIRCLE('',#8072,2.6966112120582);
#2669=CIRCLE('',#8073,2.6966112120582);
#2670=CIRCLE('',#8074,2.54204517709518);
#2671=CIRCLE('',#8075,2.52184287387617);
#2672=CIRCLE('',#8076,2.54365756081937);
#2673=CIRCLE('',#8077,2.55314418320708);
#2674=CIRCLE('',#8078,2.58394008663681);
#2675=CIRCLE('',#8081,4.08394008663681);
#2676=CIRCLE('',#8083,4.08394008663681);
#2677=CIRCLE('',#8085,4.08394008663681);
#2678=CIRCLE('',#8087,4.1966112120582);
#2679=CIRCLE('',#8089,3.69118867533145);
#2680=CIRCLE('',#8091,3.72955982617069);
#2681=CIRCLE('',#8093,4.25639048757322);
#2682=CIRCLE('',#8095,4.1966112120582);
#2683=CIRCLE('',#8097,4.1966112120582);
#2684=CIRCLE('',#8099,4.1966112120582);
#2685=CIRCLE('',#8101,4.1966112120582);
#2686=CIRCLE('',#8103,4.1966112120582);
#2687=CIRCLE('',#8105,4.1966112120582);
#2688=CIRCLE('',#8107,4.1966112120582);
#2689=CIRCLE('',#8109,4.04204517709518);
#2690=CIRCLE('',#8111,4.02184287387618);
#2691=CIRCLE('',#8113,4.04365756081937);
#2692=CIRCLE('',#8115,4.05314418320708);
#2693=CIRCLE('',#8117,4.08394008663681);
#2694=CIRCLE('',#8119,4.00864007924727);
#2695=CIRCLE('',#8121,3.9774953188581);
#2696=CIRCLE('',#8123,4.0059548580867);
#2697=CIRCLE('',#8125,4.00490444214146);
#2698=CIRCLE('',#8127,3.98443988359753);
#2699=CIRCLE('',#8129,3.98443988359753);
#2700=CIRCLE('',#8131,3.98443988359754);
#2701=CIRCLE('',#8133,3.98443988359753);
#2702=CIRCLE('',#8135,3.98443988359753);
#2703=CIRCLE('',#8137,3.98443988359753);
#2704=CIRCLE('',#8139,3.98443988359753);
#2705=CIRCLE('',#8141,3.68996321520672);
#2706=CIRCLE('',#8143,12.0000000000075);
#2707=CIRCLE('',#8186,7.95);
#2708=CIRCLE('',#8187,7.95);
#2709=CIRCLE('',#8188,1.5);
#2710=CIRCLE('',#8189,6.6);
#2711=CIRCLE('',#8190,6.6);
#2712=CIRCLE('',#8192,7.95);
#2713=CIRCLE('',#8194,0.428049182767009);
#2714=CIRCLE('',#8195,0.428049182767009);
#2715=CIRCLE('',#8197,0.428049182767009);
#2716=CIRCLE('',#8198,0.428049182767009);
#2717=CIRCLE('',#8200,0.428049182767009);
#2718=CIRCLE('',#8201,0.428049182767009);
#2719=CIRCLE('',#8203,0.428049182767009);
#2720=CIRCLE('',#8204,0.428049182767009);
#2721=CIRCLE('',#8206,0.428049182767009);
#2722=CIRCLE('',#8207,0.428049182767009);
#2723=CIRCLE('',#8209,0.428049182767009);
#2724=CIRCLE('',#8210,0.428049182767009);
#2725=CIRCLE('',#8212,5.7);
#2726=CIRCLE('',#8213,5.7);
#2727=CIRCLE('',#8216,6.6);
#2728=CIRCLE('',#8220,7.95000000000002);
#2729=CIRCLE('',#8221,7.95000000000002);
#2730=CIRCLE('',#8222,1.5);
#2731=CIRCLE('',#8223,6.6);
#2732=CIRCLE('',#8224,6.6);
#2733=CIRCLE('',#8226,7.95000000000002);
#2734=CIRCLE('',#8228,0.428049182767009);
#2735=CIRCLE('',#8229,0.428049182767009);
#2736=CIRCLE('',#8231,0.428049182767009);
#2737=CIRCLE('',#8232,0.428049182767009);
#2738=CIRCLE('',#8234,0.428049182767009);
#2739=CIRCLE('',#8235,0.428049182767009);
#2740=CIRCLE('',#8237,0.428049182767009);
#2741=CIRCLE('',#8238,0.428049182767009);
#2742=CIRCLE('',#8240,0.428049182767009);
#2743=CIRCLE('',#8241,0.428049182767009);
#2744=CIRCLE('',#8243,0.428049182767009);
#2745=CIRCLE('',#8244,0.428049182767009);
#2746=CIRCLE('',#8246,5.7);
#2747=CIRCLE('',#8247,5.7);
#2748=CIRCLE('',#8250,6.6);
#2749=CIRCLE('',#8254,7.95);
#2750=CIRCLE('',#8255,7.95);
#2751=CIRCLE('',#8256,1.5);
#2752=CIRCLE('',#8257,6.6);
#2753=CIRCLE('',#8258,6.6);
#2754=CIRCLE('',#8260,7.95);
#2755=CIRCLE('',#8262,0.428049182767009);
#2756=CIRCLE('',#8263,0.428049182767009);
#2757=CIRCLE('',#8265,0.428049182767009);
#2758=CIRCLE('',#8266,0.428049182767009);
#2759=CIRCLE('',#8268,0.428049182767009);
#2760=CIRCLE('',#8269,0.428049182767009);
#2761=CIRCLE('',#8271,0.428049182767009);
#2762=CIRCLE('',#8272,0.428049182767009);
#2763=CIRCLE('',#8274,0.428049182767009);
#2764=CIRCLE('',#8275,0.428049182767009);
#2765=CIRCLE('',#8277,0.428049182767009);
#2766=CIRCLE('',#8278,0.428049182767009);
#2767=CIRCLE('',#8280,5.7);
#2768=CIRCLE('',#8281,5.7);
#2769=CIRCLE('',#8284,6.6);
#2770=CIRCLE('',#8288,7.95);
#2771=CIRCLE('',#8289,7.95);
#2772=CIRCLE('',#8290,1.5);
#2773=CIRCLE('',#8291,6.6);
#2774=CIRCLE('',#8292,6.6);
#2775=CIRCLE('',#8294,7.95);
#2776=CIRCLE('',#8296,0.428049182767009);
#2777=CIRCLE('',#8297,0.428049182767009);
#2778=CIRCLE('',#8299,0.428049182767009);
#2779=CIRCLE('',#8300,0.428049182767009);
#2780=CIRCLE('',#8302,0.428049182767009);
#2781=CIRCLE('',#8303,0.428049182767009);
#2782=CIRCLE('',#8305,0.428049182767009);
#2783=CIRCLE('',#8306,0.428049182767009);
#2784=CIRCLE('',#8308,0.428049182767009);
#2785=CIRCLE('',#8309,0.428049182767009);
#2786=CIRCLE('',#8311,0.428049182767009);
#2787=CIRCLE('',#8312,0.428049182767009);
#2788=CIRCLE('',#8314,5.7);
#2789=CIRCLE('',#8315,5.7);
#2790=CIRCLE('',#8318,6.6);
#2791=CIRCLE('',#8322,7.95);
#2792=CIRCLE('',#8323,7.95);
#2793=CIRCLE('',#8324,1.5);
#2794=CIRCLE('',#8325,6.6);
#2795=CIRCLE('',#8326,6.6);
#2796=CIRCLE('',#8328,7.95);
#2797=CIRCLE('',#8330,0.428049182767009);
#2798=CIRCLE('',#8331,0.428049182767009);
#2799=CIRCLE('',#8333,0.428049182767009);
#2800=CIRCLE('',#8334,0.428049182767009);
#2801=CIRCLE('',#8336,0.428049182767009);
#2802=CIRCLE('',#8337,0.428049182767009);
#2803=CIRCLE('',#8339,0.428049182767009);
#2804=CIRCLE('',#8340,0.428049182767009);
#2805=CIRCLE('',#8342,0.428049182767009);
#2806=CIRCLE('',#8343,0.428049182767009);
#2807=CIRCLE('',#8345,0.428049182767009);
#2808=CIRCLE('',#8346,0.428049182767009);
#2809=CIRCLE('',#8348,5.7);
#2810=CIRCLE('',#8349,5.7);
#2811=CIRCLE('',#8352,6.6);
#2812=CIRCLE('',#8356,7.95);
#2813=CIRCLE('',#8357,7.95);
#2814=CIRCLE('',#8358,1.5);
#2815=CIRCLE('',#8359,6.6);
#2816=CIRCLE('',#8360,6.6);
#2817=CIRCLE('',#8362,7.95);
#2818=CIRCLE('',#8364,0.428049182767009);
#2819=CIRCLE('',#8365,0.428049182767009);
#2820=CIRCLE('',#8367,0.428049182767009);
#2821=CIRCLE('',#8368,0.428049182767009);
#2822=CIRCLE('',#8370,0.428049182767009);
#2823=CIRCLE('',#8371,0.428049182767009);
#2824=CIRCLE('',#8373,0.428049182767009);
#2825=CIRCLE('',#8374,0.428049182767009);
#2826=CIRCLE('',#8376,0.428049182767009);
#2827=CIRCLE('',#8377,0.428049182767009);
#2828=CIRCLE('',#8379,0.428049182767009);
#2829=CIRCLE('',#8380,0.428049182767009);
#2830=CIRCLE('',#8382,5.7);
#2831=CIRCLE('',#8383,5.7);
#2832=CIRCLE('',#8386,6.6);
#2833=CIRCLE('',#8399,0.360000000000003);
#2834=CIRCLE('',#8400,0.360000000000003);
#2835=CIRCLE('',#8403,0.360000000000001);
#2836=CIRCLE('',#8404,0.360000000000001);
#2837=CIRCLE('',#8407,0.36);
#2838=CIRCLE('',#8408,0.36);
#2839=CIRCLE('',#8411,0.36);
#2840=CIRCLE('',#8412,0.36);
#2841=CIRCLE('',#8416,0.360000000000003);
#2842=CIRCLE('',#8417,0.360000000000003);
#2843=CIRCLE('',#8420,0.360000000000001);
#2844=CIRCLE('',#8421,0.360000000000001);
#2845=CIRCLE('',#8424,0.36);
#2846=CIRCLE('',#8425,0.36);
#2847=CIRCLE('',#8428,0.36);
#2848=CIRCLE('',#8429,0.36);
#2849=CIRCLE('',#8432,6.6);
#2850=CIRCLE('',#8433,6.6);
#2851=CIRCLE('',#8435,6.6);
#2852=CIRCLE('',#8436,6.6);
#2853=CIRCLE('',#8438,6.6);
#2854=CIRCLE('',#8439,6.6);
#2855=CIRCLE('',#8441,6.6);
#2856=CIRCLE('',#8442,6.6);
#2857=CIRCLE('',#8444,6.6);
#2858=CIRCLE('',#8445,6.6);
#2859=CIRCLE('',#8447,6.6);
#2860=CIRCLE('',#8448,6.6);
#2861=CIRCLE('',#8450,2.48443988359754);
#2862=CIRCLE('',#8451,2.48443988359754);
#2863=CIRCLE('',#8453,2.48443988359754);
#2864=CIRCLE('',#8454,2.48443988359754);
#2865=CIRCLE('',#8457,2.48443988359753);
#2866=CIRCLE('',#8458,2.48443988359753);
#2867=CIRCLE('',#8460,2.48443988359754);
#2868=CIRCLE('',#8461,2.48443988359754);
#2869=CIRCLE('',#8464,2.48443988359753);
#2870=CIRCLE('',#8465,2.48443988359753);
#2871=CIRCLE('',#8467,2.48443988359753);
#2872=CIRCLE('',#8468,2.48443988359753);
#2873=CIRCLE('',#8471,2.48443988359753);
#2874=CIRCLE('',#8472,2.48443988359753);
#2875=CIRCLE('',#8474,2.48443988359753);
#2876=CIRCLE('',#8475,2.48443988359753);
#2877=CIRCLE('',#8478,12.0000000000377);
#2878=CIRCLE('',#8479,12.0000000000377);
#2879=CIRCLE('',#8482,12.);
#2880=CIRCLE('',#8483,12.);
#2881=CIRCLE('',#8486,12.0000000000776);
#2882=CIRCLE('',#8487,12.0000000000776);
#2883=CIRCLE('',#8490,12.0000000000075);
#2884=CIRCLE('',#8491,12.0000000000075);
#2885=CIRCLE('',#8494,2.48443988359753);
#2886=CIRCLE('',#8495,2.48443988359753);
#2887=CIRCLE('',#8497,2.48443988359753);
#2888=CIRCLE('',#8498,2.48443988359753);
#2889=CIRCLE('',#8501,2.48443988359754);
#2890=CIRCLE('',#8502,2.48443988359754);
#2891=CIRCLE('',#8504,2.48443988359753);
#2892=CIRCLE('',#8505,2.48443988359753);
#2893=CIRCLE('',#8510,2.7);
#2894=CIRCLE('',#8511,0.075);
#2895=CIRCLE('',#8512,2.625);
#2896=CIRCLE('',#8513,2.7);
#2897=CIRCLE('',#8515,2.13);
#2898=CIRCLE('',#8517,2.7);
#2899=CIRCLE('',#8519,1.98);
#2900=CIRCLE('',#8520,0.15);
#2901=CIRCLE('',#8521,2.13);
#2902=CIRCLE('',#8522,2.13);
#2903=CIRCLE('',#8527,2.7);
#2904=CIRCLE('',#8528,0.075);
#2905=CIRCLE('',#8529,2.625);
#2906=CIRCLE('',#8530,2.7);
#2907=CIRCLE('',#8532,2.13);
#2908=CIRCLE('',#8534,2.7);
#2909=CIRCLE('',#8536,1.98);
#2910=CIRCLE('',#8537,0.15);
#2911=CIRCLE('',#8538,2.13);
#2912=CIRCLE('',#8539,2.13);
#2913=CIRCLE('',#8544,2.7);
#2914=CIRCLE('',#8545,0.075);
#2915=CIRCLE('',#8546,2.625);
#2916=CIRCLE('',#8547,2.7);
#2917=CIRCLE('',#8549,2.13);
#2918=CIRCLE('',#8551,2.7);
#2919=CIRCLE('',#8553,1.98);
#2920=CIRCLE('',#8554,0.15);
#2921=CIRCLE('',#8555,2.13);
#2922=CIRCLE('',#8556,2.13);
#2923=CIRCLE('',#8561,2.7);
#2924=CIRCLE('',#8562,0.075);
#2925=CIRCLE('',#8563,2.625);
#2926=CIRCLE('',#8564,2.7);
#2927=CIRCLE('',#8566,2.13);
#2928=CIRCLE('',#8568,2.7);
#2929=CIRCLE('',#8570,1.98);
#2930=CIRCLE('',#8571,0.15);
#2931=CIRCLE('',#8572,2.13);
#2932=CIRCLE('',#8573,2.13);
#2933=CIRCLE('',#8578,2.7);
#2934=CIRCLE('',#8579,0.075);
#2935=CIRCLE('',#8580,2.625);
#2936=CIRCLE('',#8581,2.7);
#2937=CIRCLE('',#8583,2.13);
#2938=CIRCLE('',#8585,2.7);
#2939=CIRCLE('',#8587,1.98);
#2940=CIRCLE('',#8588,0.15);
#2941=CIRCLE('',#8589,2.13);
#2942=CIRCLE('',#8590,2.13);
#2943=CIRCLE('',#8595,2.7);
#2944=CIRCLE('',#8596,0.075);
#2945=CIRCLE('',#8597,2.625);
#2946=CIRCLE('',#8598,2.7);
#2947=CIRCLE('',#8600,2.13);
#2948=CIRCLE('',#8602,2.7);
#2949=CIRCLE('',#8604,1.98);
#2950=CIRCLE('',#8605,0.15);
#2951=CIRCLE('',#8606,2.13);
#2952=CIRCLE('',#8607,2.13);
#2953=VERTEX_POINT('',#11068);
#2954=VERTEX_POINT('',#11070);
#2955=VERTEX_POINT('',#11075);
#2956=VERTEX_POINT('',#11077);
#2957=VERTEX_POINT('',#11081);
#2958=VERTEX_POINT('',#11083);
#2959=VERTEX_POINT('',#11088);
#2960=VERTEX_POINT('',#11090);
#2961=VERTEX_POINT('',#11094);
#2962=VERTEX_POINT('',#11096);
#2963=VERTEX_POINT('',#11100);
#2964=VERTEX_POINT('',#11102);
#2965=VERTEX_POINT('',#11107);
#2966=VERTEX_POINT('',#11108);
#2967=VERTEX_POINT('',#11110);
#2968=VERTEX_POINT('',#11119);
#2969=VERTEX_POINT('',#11128);
#2970=VERTEX_POINT('',#11145);
#2971=VERTEX_POINT('',#11147);
#2972=VERTEX_POINT('',#11166);
#2973=VERTEX_POINT('',#11168);
#2974=VERTEX_POINT('',#11187);
#2975=VERTEX_POINT('',#11189);
#2976=VERTEX_POINT('',#11206);
#2977=VERTEX_POINT('',#11207);
#2978=VERTEX_POINT('',#11226);
#2979=VERTEX_POINT('',#11228);
#2980=VERTEX_POINT('',#11245);
#2981=VERTEX_POINT('',#11265);
#2982=VERTEX_POINT('',#11267);
#2983=VERTEX_POINT('',#11271);
#2984=VERTEX_POINT('',#11274);
#2985=VERTEX_POINT('',#11275);
#2986=VERTEX_POINT('',#11277);
#2987=VERTEX_POINT('',#11279);
#2988=VERTEX_POINT('',#11283);
#2989=VERTEX_POINT('',#11285);
#2990=VERTEX_POINT('',#11287);
#2991=VERTEX_POINT('',#11289);
#2992=VERTEX_POINT('',#11291);
#2993=VERTEX_POINT('',#11295);
#2994=VERTEX_POINT('',#11299);
#2995=VERTEX_POINT('',#11303);
#2996=VERTEX_POINT('',#11305);
#2997=VERTEX_POINT('',#11322);
#2998=VERTEX_POINT('',#11324);
#2999=VERTEX_POINT('',#11326);
#3000=VERTEX_POINT('',#11331);
#3001=VERTEX_POINT('',#11340);
#3002=VERTEX_POINT('',#11342);
#3003=VERTEX_POINT('',#11351);
#3004=VERTEX_POINT('',#11364);
#3005=VERTEX_POINT('',#11366);
#3006=VERTEX_POINT('',#11368);
#3007=VERTEX_POINT('',#11370);
#3008=VERTEX_POINT('',#11372);
#3009=VERTEX_POINT('',#11374);
#3010=VERTEX_POINT('',#11376);
#3011=VERTEX_POINT('',#11378);
#3012=VERTEX_POINT('',#11380);
#3013=VERTEX_POINT('',#11382);
#3014=VERTEX_POINT('',#11384);
#3015=VERTEX_POINT('',#11386);
#3016=VERTEX_POINT('',#11388);
#3017=VERTEX_POINT('',#11390);
#3018=VERTEX_POINT('',#11392);
#3019=VERTEX_POINT('',#11394);
#3020=VERTEX_POINT('',#11396);
#3021=VERTEX_POINT('',#11398);
#3022=VERTEX_POINT('',#11400);
#3023=VERTEX_POINT('',#11402);
#3024=VERTEX_POINT('',#11404);
#3025=VERTEX_POINT('',#11406);
#3026=VERTEX_POINT('',#11408);
#3027=VERTEX_POINT('',#11410);
#3028=VERTEX_POINT('',#11412);
#3029=VERTEX_POINT('',#11414);
#3030=VERTEX_POINT('',#11416);
#3031=VERTEX_POINT('',#11418);
#3032=VERTEX_POINT('',#11420);
#3033=VERTEX_POINT('',#11422);
#3034=VERTEX_POINT('',#11424);
#3035=VERTEX_POINT('',#11427);
#3036=VERTEX_POINT('',#11429);
#3037=VERTEX_POINT('',#11431);
#3038=VERTEX_POINT('',#11432);
#3039=VERTEX_POINT('',#11434);
#3040=VERTEX_POINT('',#11436);
#3041=VERTEX_POINT('',#11438);
#3042=VERTEX_POINT('',#11440);
#3043=VERTEX_POINT('',#11442);
#3044=VERTEX_POINT('',#11444);
#3045=VERTEX_POINT('',#11447);
#3046=VERTEX_POINT('',#11448);
#3047=VERTEX_POINT('',#11450);
#3048=VERTEX_POINT('',#11452);
#3049=VERTEX_POINT('',#11454);
#3050=VERTEX_POINT('',#11456);
#3051=VERTEX_POINT('',#11458);
#3052=VERTEX_POINT('',#11460);
#3053=VERTEX_POINT('',#11463);
#3054=VERTEX_POINT('',#11465);
#3055=VERTEX_POINT('',#11467);
#3056=VERTEX_POINT('',#11470);
#3057=VERTEX_POINT('',#11479);
#3058=VERTEX_POINT('',#11481);
#3059=VERTEX_POINT('',#11501);
#3060=VERTEX_POINT('',#11503);
#3061=VERTEX_POINT('',#11507);
#3062=VERTEX_POINT('',#11516);
#3063=VERTEX_POINT('',#11518);
#3064=VERTEX_POINT('',#11550);
#3065=VERTEX_POINT('',#11565);
#3066=VERTEX_POINT('',#11582);
#3067=VERTEX_POINT('',#11584);
#3068=VERTEX_POINT('',#11588);
#3069=VERTEX_POINT('',#11592);
#3070=VERTEX_POINT('',#11593);
#3071=VERTEX_POINT('',#11595);
#3072=VERTEX_POINT('',#11633);
#3073=VERTEX_POINT('',#11650);
#3074=VERTEX_POINT('',#11667);
#3075=VERTEX_POINT('',#11684);
#3076=VERTEX_POINT('',#11701);
#3077=VERTEX_POINT('',#11718);
#3078=VERTEX_POINT('',#11735);
#3079=VERTEX_POINT('',#11752);
#3080=VERTEX_POINT('',#11769);
#3081=VERTEX_POINT('',#11788);
#3082=VERTEX_POINT('',#11801);
#3083=VERTEX_POINT('',#11818);
#3084=VERTEX_POINT('',#11820);
#3085=VERTEX_POINT('',#11824);
#3086=VERTEX_POINT('',#11828);
#3087=VERTEX_POINT('',#11829);
#3088=VERTEX_POINT('',#11831);
#3089=VERTEX_POINT('',#11877);
#3090=VERTEX_POINT('',#11888);
#3091=VERTEX_POINT('',#11905);
#3092=VERTEX_POINT('',#11907);
#3093=VERTEX_POINT('',#11911);
#3094=VERTEX_POINT('',#11915);
#3095=VERTEX_POINT('',#11917);
#3096=VERTEX_POINT('',#11937);
#3097=VERTEX_POINT('',#11942);
#3098=VERTEX_POINT('',#11944);
#3099=VERTEX_POINT('',#11964);
#3100=VERTEX_POINT('',#11966);
#3101=VERTEX_POINT('',#11970);
#3102=VERTEX_POINT('',#11974);
#3103=VERTEX_POINT('',#11979);
#3104=VERTEX_POINT('',#11981);
#3105=VERTEX_POINT('',#12001);
#3106=VERTEX_POINT('',#12006);
#3107=VERTEX_POINT('',#12008);
#3108=VERTEX_POINT('',#12030);
#3109=VERTEX_POINT('',#12032);
#3110=VERTEX_POINT('',#12034);
#3111=VERTEX_POINT('',#12036);
#3112=VERTEX_POINT('',#12038);
#3113=VERTEX_POINT('',#12040);
#3114=VERTEX_POINT('',#12044);
#3115=VERTEX_POINT('',#12048);
#3116=VERTEX_POINT('',#12057);
#3117=VERTEX_POINT('',#12076);
#3118=VERTEX_POINT('',#12093);
#3119=VERTEX_POINT('',#12110);
#3120=VERTEX_POINT('',#12127);
#3121=VERTEX_POINT('',#12144);
#3122=VERTEX_POINT('',#12161);
#3123=VERTEX_POINT('',#12180);
#3124=VERTEX_POINT('',#12199);
#3125=VERTEX_POINT('',#12220);
#3126=VERTEX_POINT('',#12224);
#3127=VERTEX_POINT('',#12226);
#3128=VERTEX_POINT('',#12230);
#3129=VERTEX_POINT('',#12234);
#3130=VERTEX_POINT('',#12236);
#3131=VERTEX_POINT('',#12240);
#3132=VERTEX_POINT('',#12244);
#3133=VERTEX_POINT('',#12246);
#3134=VERTEX_POINT('',#12250);
#3135=VERTEX_POINT('',#12254);
#3136=VERTEX_POINT('',#12258);
#3137=VERTEX_POINT('',#12260);
#3138=VERTEX_POINT('',#12264);
#3139=VERTEX_POINT('',#12268);
#3140=VERTEX_POINT('',#12270);
#3141=VERTEX_POINT('',#12274);
#3142=VERTEX_POINT('',#12278);
#3143=VERTEX_POINT('',#12280);
#3144=VERTEX_POINT('',#12284);
#3145=VERTEX_POINT('',#12285);
#3146=VERTEX_POINT('',#12287);
#3147=VERTEX_POINT('',#12291);
#3148=VERTEX_POINT('',#12292);
#3149=VERTEX_POINT('',#12296);
#3150=VERTEX_POINT('',#12297);
#3151=VERTEX_POINT('',#12301);
#3152=VERTEX_POINT('',#12303);
#3153=VERTEX_POINT('',#12305);
#3154=VERTEX_POINT('',#12307);
#3155=VERTEX_POINT('',#12309);
#3156=VERTEX_POINT('',#12311);
#3157=VERTEX_POINT('',#12313);
#3158=VERTEX_POINT('',#12315);
#3159=VERTEX_POINT('',#12317);
#3160=VERTEX_POINT('',#12319);
#3161=VERTEX_POINT('',#12321);
#3162=VERTEX_POINT('',#12323);
#3163=VERTEX_POINT('',#12325);
#3164=VERTEX_POINT('',#12327);
#3165=VERTEX_POINT('',#12329);
#3166=VERTEX_POINT('',#12331);
#3167=VERTEX_POINT('',#12333);
#3168=VERTEX_POINT('',#12335);
#3169=VERTEX_POINT('',#12337);
#3170=VERTEX_POINT('',#12339);
#3171=VERTEX_POINT('',#12341);
#3172=VERTEX_POINT('',#12343);
#3173=VERTEX_POINT('',#12345);
#3174=VERTEX_POINT('',#12347);
#3175=VERTEX_POINT('',#12349);
#3176=VERTEX_POINT('',#12351);
#3177=VERTEX_POINT('',#12353);
#3178=VERTEX_POINT('',#12355);
#3179=VERTEX_POINT('',#12357);
#3180=VERTEX_POINT('',#12362);
#3181=VERTEX_POINT('',#12363);
#3182=VERTEX_POINT('',#12367);
#3183=VERTEX_POINT('',#12369);
#3184=VERTEX_POINT('',#12371);
#3185=VERTEX_POINT('',#12373);
#3186=VERTEX_POINT('',#12375);
#3187=VERTEX_POINT('',#12377);
#3188=VERTEX_POINT('',#12379);
#3189=VERTEX_POINT('',#12381);
#3190=VERTEX_POINT('',#12383);
#3191=VERTEX_POINT('',#12385);
#3192=VERTEX_POINT('',#12387);
#3193=VERTEX_POINT('',#12390);
#3194=VERTEX_POINT('',#12392);
#3195=VERTEX_POINT('',#12394);
#3196=VERTEX_POINT('',#12396);
#3197=VERTEX_POINT('',#12398);
#3198=VERTEX_POINT('',#12400);
#3199=VERTEX_POINT('',#12402);
#3200=VERTEX_POINT('',#12404);
#3201=VERTEX_POINT('',#12406);
#3202=VERTEX_POINT('',#12408);
#3203=VERTEX_POINT('',#12410);
#3204=VERTEX_POINT('',#12412);
#3205=VERTEX_POINT('',#12414);
#3206=VERTEX_POINT('',#12416);
#3207=VERTEX_POINT('',#12418);
#3208=VERTEX_POINT('',#12420);
#3209=VERTEX_POINT('',#12422);
#3210=VERTEX_POINT('',#12424);
#3211=VERTEX_POINT('',#12430);
#3212=VERTEX_POINT('',#12432);
#3213=VERTEX_POINT('',#12435);
#3214=VERTEX_POINT('',#12437);
#3215=VERTEX_POINT('',#12440);
#3216=VERTEX_POINT('',#12442);
#3217=VERTEX_POINT('',#12446);
#3218=VERTEX_POINT('',#12448);
#3219=VERTEX_POINT('',#12452);
#3220=VERTEX_POINT('',#12454);
#3221=VERTEX_POINT('',#12461);
#3222=VERTEX_POINT('',#12467);
#3223=VERTEX_POINT('',#12473);
#3224=VERTEX_POINT('',#12479);
#3225=VERTEX_POINT('',#12485);
#3226=VERTEX_POINT('',#12491);
#3227=VERTEX_POINT('',#12497);
#3228=VERTEX_POINT('',#12502);
#3229=VERTEX_POINT('',#12506);
#3230=VERTEX_POINT('',#12512);
#3231=VERTEX_POINT('',#12514);
#3232=VERTEX_POINT('',#12518);
#3233=VERTEX_POINT('',#12522);
#3234=VERTEX_POINT('',#12526);
#3235=VERTEX_POINT('',#12528);
#3236=VERTEX_POINT('',#12532);
#3237=VERTEX_POINT('',#12534);
#3238=VERTEX_POINT('',#12536);
#3239=VERTEX_POINT('',#12538);
#3240=VERTEX_POINT('',#12542);
#3241=VERTEX_POINT('',#12544);
#3242=VERTEX_POINT('',#12549);
#3243=VERTEX_POINT('',#12551);
#3244=VERTEX_POINT('',#12558);
#3245=VERTEX_POINT('',#12560);
#3246=VERTEX_POINT('',#12562);
#3247=VERTEX_POINT('',#12564);
#3248=VERTEX_POINT('',#12566);
#3249=VERTEX_POINT('',#12568);
#3250=VERTEX_POINT('',#12570);
#3251=VERTEX_POINT('',#12572);
#3252=VERTEX_POINT('',#12574);
#3253=VERTEX_POINT('',#12576);
#3254=VERTEX_POINT('',#12578);
#3255=VERTEX_POINT('',#12580);
#3256=VERTEX_POINT('',#12582);
#3257=VERTEX_POINT('',#12584);
#3258=VERTEX_POINT('',#12586);
#3259=VERTEX_POINT('',#12588);
#3260=VERTEX_POINT('',#12591);
#3261=VERTEX_POINT('',#12593);
#3262=VERTEX_POINT('',#12595);
#3263=VERTEX_POINT('',#12597);
#3264=VERTEX_POINT('',#12599);
#3265=VERTEX_POINT('',#12601);
#3266=VERTEX_POINT('',#12603);
#3267=VERTEX_POINT('',#12605);
#3268=VERTEX_POINT('',#12607);
#3269=VERTEX_POINT('',#12609);
#3270=VERTEX_POINT('',#12611);
#3271=VERTEX_POINT('',#12613);
#3272=VERTEX_POINT('',#12615);
#3273=VERTEX_POINT('',#12617);
#3274=VERTEX_POINT('',#12619);
#3275=VERTEX_POINT('',#12621);
#3276=VERTEX_POINT('',#12623);
#3277=VERTEX_POINT('',#12625);
#3278=VERTEX_POINT('',#12628);
#3279=VERTEX_POINT('',#12630);
#3280=VERTEX_POINT('',#12634);
#3281=VERTEX_POINT('',#12638);
#3282=VERTEX_POINT('',#12642);
#3283=VERTEX_POINT('',#12646);
#3284=VERTEX_POINT('',#12650);
#3285=VERTEX_POINT('',#12654);
#3286=VERTEX_POINT('',#12658);
#3287=VERTEX_POINT('',#12662);
#3288=VERTEX_POINT('',#12666);
#3289=VERTEX_POINT('',#12670);
#3290=VERTEX_POINT('',#12674);
#3291=VERTEX_POINT('',#12678);
#3292=VERTEX_POINT('',#12682);
#3293=VERTEX_POINT('',#12686);
#3294=VERTEX_POINT('',#12690);
#3295=VERTEX_POINT('',#12694);
#3296=VERTEX_POINT('',#12698);
#3297=VERTEX_POINT('',#12702);
#3298=VERTEX_POINT('',#12706);
#3299=VERTEX_POINT('',#12710);
#3300=VERTEX_POINT('',#12714);
#3301=VERTEX_POINT('',#12718);
#3302=VERTEX_POINT('',#12722);
#3303=VERTEX_POINT('',#12726);
#3304=VERTEX_POINT('',#12730);
#3305=VERTEX_POINT('',#12734);
#3306=VERTEX_POINT('',#12738);
#3307=VERTEX_POINT('',#12742);
#3308=VERTEX_POINT('',#12746);
#3309=VERTEX_POINT('',#12750);
#3310=VERTEX_POINT('',#12754);
#3311=VERTEX_POINT('',#12758);
#3312=VERTEX_POINT('',#12762);
#3313=VERTEX_POINT('',#12766);
#3314=VERTEX_POINT('',#12770);
#3315=VERTEX_POINT('',#12774);
#3316=VERTEX_POINT('',#12778);
#3317=VERTEX_POINT('',#12779);
#3318=VERTEX_POINT('',#12781);
#3319=VERTEX_POINT('',#12783);
#3320=VERTEX_POINT('',#12785);
#3321=VERTEX_POINT('',#12787);
#3322=VERTEX_POINT('',#12789);
#3323=VERTEX_POINT('',#12791);
#3324=VERTEX_POINT('',#12795);
#3325=VERTEX_POINT('',#12796);
#3326=VERTEX_POINT('',#12798);
#3327=VERTEX_POINT('',#12800);
#3328=VERTEX_POINT('',#12802);
#3329=VERTEX_POINT('',#12804);
#3330=VERTEX_POINT('',#12806);
#3331=VERTEX_POINT('',#12808);
#3332=VERTEX_POINT('',#12812);
#3333=VERTEX_POINT('',#12816);
#3334=VERTEX_POINT('',#12819);
#3335=VERTEX_POINT('',#12823);
#3336=VERTEX_POINT('',#12825);
#3337=VERTEX_POINT('',#12828);
#3338=VERTEX_POINT('',#12832);
#3339=VERTEX_POINT('',#12835);
#3340=VERTEX_POINT('',#12837);
#3341=VERTEX_POINT('',#12839);
#3342=VERTEX_POINT('',#12841);
#3343=VERTEX_POINT('',#12843);
#3344=VERTEX_POINT('',#12845);
#3345=VERTEX_POINT('',#12847);
#3346=VERTEX_POINT('',#12849);
#3347=VERTEX_POINT('',#12851);
#3348=VERTEX_POINT('',#12853);
#3349=VERTEX_POINT('',#12856);
#3350=VERTEX_POINT('',#12858);
#3351=VERTEX_POINT('',#12866);
#3352=VERTEX_POINT('',#12868);
#3353=VERTEX_POINT('',#12872);
#3354=VERTEX_POINT('',#12876);
#3355=VERTEX_POINT('',#12880);
#3356=VERTEX_POINT('',#12882);
#3357=VERTEX_POINT('',#12886);
#3358=VERTEX_POINT('',#12888);
#3359=VERTEX_POINT('',#12892);
#3360=VERTEX_POINT('',#12898);
#3361=VERTEX_POINT('',#12902);
#3362=VERTEX_POINT('',#12906);
#3363=VERTEX_POINT('',#12910);
#3364=VERTEX_POINT('',#12914);
#3365=VERTEX_POINT('',#12918);
#3366=VERTEX_POINT('',#12922);
#3367=VERTEX_POINT('',#12926);
#3368=VERTEX_POINT('',#12930);
#3369=VERTEX_POINT('',#12934);
#3370=VERTEX_POINT('',#12938);
#3371=VERTEX_POINT('',#12944);
#3372=VERTEX_POINT('',#12948);
#3373=VERTEX_POINT('',#12952);
#3374=VERTEX_POINT('',#12956);
#3375=VERTEX_POINT('',#12960);
#3376=VERTEX_POINT('',#12964);
#3377=VERTEX_POINT('',#12968);
#3378=VERTEX_POINT('',#12972);
#3379=VERTEX_POINT('',#12976);
#3380=VERTEX_POINT('',#12980);
#3381=VERTEX_POINT('',#13064);
#3382=VERTEX_POINT('',#13065);
#3383=VERTEX_POINT('',#13068);
#3384=VERTEX_POINT('',#13070);
#3385=VERTEX_POINT('',#13074);
#3386=VERTEX_POINT('',#13078);
#3387=VERTEX_POINT('',#13080);
#3388=VERTEX_POINT('',#13084);
#3389=VERTEX_POINT('',#13086);
#3390=VERTEX_POINT('',#13090);
#3391=VERTEX_POINT('',#13092);
#3392=VERTEX_POINT('',#13096);
#3393=VERTEX_POINT('',#13098);
#3394=VERTEX_POINT('',#13102);
#3395=VERTEX_POINT('',#13104);
#3396=VERTEX_POINT('',#13108);
#3397=VERTEX_POINT('',#13110);
#3398=VERTEX_POINT('',#13114);
#3399=VERTEX_POINT('',#13116);
#3400=VERTEX_POINT('',#13121);
#3401=VERTEX_POINT('',#13127);
#3402=VERTEX_POINT('',#13128);
#3403=VERTEX_POINT('',#13131);
#3404=VERTEX_POINT('',#13133);
#3405=VERTEX_POINT('',#13137);
#3406=VERTEX_POINT('',#13141);
#3407=VERTEX_POINT('',#13143);
#3408=VERTEX_POINT('',#13147);
#3409=VERTEX_POINT('',#13149);
#3410=VERTEX_POINT('',#13153);
#3411=VERTEX_POINT('',#13155);
#3412=VERTEX_POINT('',#13159);
#3413=VERTEX_POINT('',#13161);
#3414=VERTEX_POINT('',#13165);
#3415=VERTEX_POINT('',#13167);
#3416=VERTEX_POINT('',#13171);
#3417=VERTEX_POINT('',#13173);
#3418=VERTEX_POINT('',#13177);
#3419=VERTEX_POINT('',#13179);
#3420=VERTEX_POINT('',#13184);
#3421=VERTEX_POINT('',#13190);
#3422=VERTEX_POINT('',#13191);
#3423=VERTEX_POINT('',#13194);
#3424=VERTEX_POINT('',#13196);
#3425=VERTEX_POINT('',#13200);
#3426=VERTEX_POINT('',#13204);
#3427=VERTEX_POINT('',#13206);
#3428=VERTEX_POINT('',#13210);
#3429=VERTEX_POINT('',#13212);
#3430=VERTEX_POINT('',#13216);
#3431=VERTEX_POINT('',#13218);
#3432=VERTEX_POINT('',#13222);
#3433=VERTEX_POINT('',#13224);
#3434=VERTEX_POINT('',#13228);
#3435=VERTEX_POINT('',#13230);
#3436=VERTEX_POINT('',#13234);
#3437=VERTEX_POINT('',#13236);
#3438=VERTEX_POINT('',#13240);
#3439=VERTEX_POINT('',#13242);
#3440=VERTEX_POINT('',#13247);
#3441=VERTEX_POINT('',#13253);
#3442=VERTEX_POINT('',#13254);
#3443=VERTEX_POINT('',#13257);
#3444=VERTEX_POINT('',#13259);
#3445=VERTEX_POINT('',#13263);
#3446=VERTEX_POINT('',#13267);
#3447=VERTEX_POINT('',#13269);
#3448=VERTEX_POINT('',#13273);
#3449=VERTEX_POINT('',#13275);
#3450=VERTEX_POINT('',#13279);
#3451=VERTEX_POINT('',#13281);
#3452=VERTEX_POINT('',#13285);
#3453=VERTEX_POINT('',#13287);
#3454=VERTEX_POINT('',#13291);
#3455=VERTEX_POINT('',#13293);
#3456=VERTEX_POINT('',#13297);
#3457=VERTEX_POINT('',#13299);
#3458=VERTEX_POINT('',#13303);
#3459=VERTEX_POINT('',#13305);
#3460=VERTEX_POINT('',#13310);
#3461=VERTEX_POINT('',#13316);
#3462=VERTEX_POINT('',#13317);
#3463=VERTEX_POINT('',#13320);
#3464=VERTEX_POINT('',#13322);
#3465=VERTEX_POINT('',#13326);
#3466=VERTEX_POINT('',#13330);
#3467=VERTEX_POINT('',#13332);
#3468=VERTEX_POINT('',#13336);
#3469=VERTEX_POINT('',#13338);
#3470=VERTEX_POINT('',#13342);
#3471=VERTEX_POINT('',#13344);
#3472=VERTEX_POINT('',#13348);
#3473=VERTEX_POINT('',#13350);
#3474=VERTEX_POINT('',#13354);
#3475=VERTEX_POINT('',#13356);
#3476=VERTEX_POINT('',#13360);
#3477=VERTEX_POINT('',#13362);
#3478=VERTEX_POINT('',#13366);
#3479=VERTEX_POINT('',#13368);
#3480=VERTEX_POINT('',#13373);
#3481=VERTEX_POINT('',#13379);
#3482=VERTEX_POINT('',#13380);
#3483=VERTEX_POINT('',#13383);
#3484=VERTEX_POINT('',#13385);
#3485=VERTEX_POINT('',#13389);
#3486=VERTEX_POINT('',#13393);
#3487=VERTEX_POINT('',#13395);
#3488=VERTEX_POINT('',#13399);
#3489=VERTEX_POINT('',#13401);
#3490=VERTEX_POINT('',#13405);
#3491=VERTEX_POINT('',#13407);
#3492=VERTEX_POINT('',#13411);
#3493=VERTEX_POINT('',#13413);
#3494=VERTEX_POINT('',#13417);
#3495=VERTEX_POINT('',#13419);
#3496=VERTEX_POINT('',#13423);
#3497=VERTEX_POINT('',#13425);
#3498=VERTEX_POINT('',#13429);
#3499=VERTEX_POINT('',#13431);
#3500=VERTEX_POINT('',#13436);
#3501=VERTEX_POINT('',#13442);
#3502=VERTEX_POINT('',#13443);
#3503=VERTEX_POINT('',#13448);
#3504=VERTEX_POINT('',#13452);
#3505=VERTEX_POINT('',#13457);
#3506=VERTEX_POINT('',#13461);
#3507=VERTEX_POINT('',#13463);
#3508=VERTEX_POINT('',#13467);
#3509=VERTEX_POINT('',#13469);
#3510=VERTEX_POINT('',#13483);
#3511=VERTEX_POINT('',#13581);
#3512=VERTEX_POINT('',#13689);
#3513=VERTEX_POINT('',#13939);
#3514=VERTEX_POINT('',#14040);
#3515=VERTEX_POINT('',#14041);
#3516=VERTEX_POINT('',#14043);
#3517=VERTEX_POINT('',#14045);
#3518=VERTEX_POINT('',#14049);
#3519=VERTEX_POINT('',#14051);
#3520=VERTEX_POINT('',#14055);
#3521=VERTEX_POINT('',#14057);
#3522=VERTEX_POINT('',#14061);
#3523=VERTEX_POINT('',#14063);
#3524=VERTEX_POINT('',#14067);
#3525=VERTEX_POINT('',#14069);
#3526=VERTEX_POINT('',#14073);
#3527=VERTEX_POINT('',#14075);
#3528=VERTEX_POINT('',#14079);
#3529=VERTEX_POINT('',#14081);
#3530=VERTEX_POINT('',#14089);
#3531=VERTEX_POINT('',#14090);
#3532=VERTEX_POINT('',#14092);
#3533=VERTEX_POINT('',#14094);
#3534=VERTEX_POINT('',#14098);
#3535=VERTEX_POINT('',#14100);
#3536=VERTEX_POINT('',#14104);
#3537=VERTEX_POINT('',#14106);
#3538=VERTEX_POINT('',#14110);
#3539=VERTEX_POINT('',#14112);
#3540=VERTEX_POINT('',#14116);
#3541=VERTEX_POINT('',#14118);
#3542=VERTEX_POINT('',#14122);
#3543=VERTEX_POINT('',#14124);
#3544=VERTEX_POINT('',#14128);
#3545=VERTEX_POINT('',#14130);
#3546=VERTEX_POINT('',#14138);
#3547=VERTEX_POINT('',#14140);
#3548=VERTEX_POINT('',#14144);
#3549=VERTEX_POINT('',#14146);
#3550=VERTEX_POINT('',#14150);
#3551=VERTEX_POINT('',#14152);
#3552=VERTEX_POINT('',#14156);
#3553=VERTEX_POINT('',#14158);
#3554=VERTEX_POINT('',#14162);
#3555=VERTEX_POINT('',#14164);
#3556=VERTEX_POINT('',#14168);
#3557=VERTEX_POINT('',#14170);
#3558=VERTEX_POINT('',#14174);
#3559=VERTEX_POINT('',#14175);
#3560=VERTEX_POINT('',#14177);
#3561=VERTEX_POINT('',#14179);
#3562=VERTEX_POINT('',#14183);
#3563=VERTEX_POINT('',#14185);
#3564=VERTEX_POINT('',#14189);
#3565=VERTEX_POINT('',#14191);
#3566=VERTEX_POINT('',#14195);
#3567=VERTEX_POINT('',#14197);
#3568=VERTEX_POINT('',#14201);
#3569=VERTEX_POINT('',#14203);
#3570=VERTEX_POINT('',#14207);
#3571=VERTEX_POINT('',#14209);
#3572=VERTEX_POINT('',#14213);
#3573=VERTEX_POINT('',#14215);
#3574=VERTEX_POINT('',#14219);
#3575=VERTEX_POINT('',#14221);
#3576=VERTEX_POINT('',#14225);
#3577=VERTEX_POINT('',#14227);
#3578=VERTEX_POINT('',#14231);
#3579=VERTEX_POINT('',#14233);
#3580=VERTEX_POINT('',#14237);
#3581=VERTEX_POINT('',#14239);
#3582=VERTEX_POINT('',#14243);
#3583=VERTEX_POINT('',#14245);
#3584=VERTEX_POINT('',#14249);
#3585=VERTEX_POINT('',#14251);
#3586=VERTEX_POINT('',#14255);
#3587=VERTEX_POINT('',#14257);
#3588=VERTEX_POINT('',#14261);
#3589=VERTEX_POINT('',#14263);
#3590=VERTEX_POINT('',#14267);
#3591=VERTEX_POINT('',#14269);
#3592=VERTEX_POINT('',#14273);
#3593=VERTEX_POINT('',#14275);
#3594=VERTEX_POINT('',#14279);
#3595=VERTEX_POINT('',#14281);
#3596=VERTEX_POINT('',#14285);
#3597=VERTEX_POINT('',#14287);
#3598=VERTEX_POINT('',#14291);
#3599=VERTEX_POINT('',#14293);
#3600=VERTEX_POINT('',#14297);
#3601=VERTEX_POINT('',#14299);
#3602=VERTEX_POINT('',#14303);
#3603=VERTEX_POINT('',#14305);
#3604=VERTEX_POINT('',#14309);
#3605=VERTEX_POINT('',#14311);
#3606=VERTEX_POINT('',#14315);
#3607=VERTEX_POINT('',#14317);
#3608=VERTEX_POINT('',#14321);
#3609=VERTEX_POINT('',#14323);
#3610=VERTEX_POINT('',#14332);
#3611=VERTEX_POINT('',#14333);
#3612=VERTEX_POINT('',#14335);
#3613=VERTEX_POINT('',#14340);
#3614=VERTEX_POINT('',#14343);
#3615=VERTEX_POINT('',#14347);
#3616=VERTEX_POINT('',#14349);
#3617=VERTEX_POINT('',#14351);
#3618=VERTEX_POINT('',#14359);
#3619=VERTEX_POINT('',#14360);
#3620=VERTEX_POINT('',#14362);
#3621=VERTEX_POINT('',#14367);
#3622=VERTEX_POINT('',#14370);
#3623=VERTEX_POINT('',#14374);
#3624=VERTEX_POINT('',#14376);
#3625=VERTEX_POINT('',#14378);
#3626=VERTEX_POINT('',#14386);
#3627=VERTEX_POINT('',#14387);
#3628=VERTEX_POINT('',#14389);
#3629=VERTEX_POINT('',#14394);
#3630=VERTEX_POINT('',#14397);
#3631=VERTEX_POINT('',#14401);
#3632=VERTEX_POINT('',#14403);
#3633=VERTEX_POINT('',#14405);
#3634=VERTEX_POINT('',#14413);
#3635=VERTEX_POINT('',#14414);
#3636=VERTEX_POINT('',#14416);
#3637=VERTEX_POINT('',#14421);
#3638=VERTEX_POINT('',#14424);
#3639=VERTEX_POINT('',#14428);
#3640=VERTEX_POINT('',#14430);
#3641=VERTEX_POINT('',#14432);
#3642=VERTEX_POINT('',#14440);
#3643=VERTEX_POINT('',#14441);
#3644=VERTEX_POINT('',#14443);
#3645=VERTEX_POINT('',#14448);
#3646=VERTEX_POINT('',#14451);
#3647=VERTEX_POINT('',#14455);
#3648=VERTEX_POINT('',#14457);
#3649=VERTEX_POINT('',#14459);
#3650=VERTEX_POINT('',#14467);
#3651=VERTEX_POINT('',#14468);
#3652=VERTEX_POINT('',#14470);
#3653=VERTEX_POINT('',#14475);
#3654=VERTEX_POINT('',#14478);
#3655=VERTEX_POINT('',#14482);
#3656=VERTEX_POINT('',#14484);
#3657=VERTEX_POINT('',#14486);
#3658=EDGE_CURVE('',#2953,#2953,#2336,.T.);
#3659=EDGE_CURVE('',#2953,#2954,#1558,.T.);
#3660=EDGE_CURVE('',#2954,#2954,#2337,.T.);
#3661=EDGE_CURVE('',#2955,#2955,#2338,.T.);
#3662=EDGE_CURVE('',#2955,#2956,#1559,.T.);
#3663=EDGE_CURVE('',#2956,#2956,#2339,.T.);
#3664=EDGE_CURVE('',#2957,#2957,#2340,.T.);
#3665=EDGE_CURVE('',#2957,#2958,#1560,.T.);
#3666=EDGE_CURVE('',#2958,#2958,#2341,.T.);
#3667=EDGE_CURVE('',#2959,#2959,#2342,.T.);
#3668=EDGE_CURVE('',#2959,#2960,#1561,.T.);
#3669=EDGE_CURVE('',#2960,#2960,#2343,.T.);
#3670=EDGE_CURVE('',#2961,#2961,#2344,.T.);
#3671=EDGE_CURVE('',#2961,#2962,#1562,.T.);
#3672=EDGE_CURVE('',#2962,#2962,#2345,.T.);
#3673=EDGE_CURVE('',#2963,#2963,#2346,.T.);
#3674=EDGE_CURVE('',#2963,#2964,#1563,.T.);
#3675=EDGE_CURVE('',#2964,#2964,#2347,.T.);
#3676=EDGE_CURVE('',#2965,#2966,#2348,.T.);
#3677=EDGE_CURVE('',#2966,#2967,#226,.T.);
#3678=EDGE_CURVE('',#2967,#2968,#227,.T.);
#3679=EDGE_CURVE('',#2968,#2969,#2349,.T.);
#3680=EDGE_CURVE('',#2969,#2965,#228,.T.);
#3681=EDGE_CURVE('',#2970,#2965,#2350,.T.);
#3682=EDGE_CURVE('',#2969,#2971,#2351,.T.);
#3683=EDGE_CURVE('',#2971,#2970,#229,.T.);
#3684=EDGE_CURVE('',#2972,#2970,#2352,.T.);
#3685=EDGE_CURVE('',#2971,#2973,#2353,.T.);
#3686=EDGE_CURVE('',#2973,#2972,#230,.T.);
#3687=EDGE_CURVE('',#2974,#2972,#2354,.T.);
#3688=EDGE_CURVE('',#2973,#2975,#2355,.T.);
#3689=EDGE_CURVE('',#2975,#2974,#231,.T.);
#3690=EDGE_CURVE('',#2976,#2977,#232,.T.);
#3691=EDGE_CURVE('',#2977,#2978,#2356,.T.);
#3692=EDGE_CURVE('',#2978,#2979,#233,.T.);
#3693=EDGE_CURVE('',#2979,#2980,#234,.T.);
#3694=EDGE_CURVE('',#2980,#2974,#2357,.T.);
#3695=EDGE_CURVE('',#2975,#2976,#2358,.T.);
#3696=EDGE_CURVE('',#2981,#2965,#1564,.T.);
#3697=EDGE_CURVE('',#2982,#2981,#2359,.T.);
#3698=EDGE_CURVE('',#2982,#2966,#1565,.T.);
#3699=EDGE_CURVE('',#2983,#2970,#1566,.T.);
#3700=EDGE_CURVE('',#2981,#2983,#2360,.T.);
#3701=EDGE_CURVE('',#2984,#2985,#2361,.T.);
#3702=EDGE_CURVE('',#2985,#2986,#1567,.T.);
#3703=EDGE_CURVE('',#2986,#2987,#2362,.T.);
#3704=EDGE_CURVE('',#2987,#2984,#1568,.T.);
#3705=EDGE_CURVE('',#2988,#2972,#1569,.T.);
#3706=EDGE_CURVE('',#2988,#2989,#2363,.T.);
#3707=EDGE_CURVE('',#2989,#2990,#1570,.T.);
#3708=EDGE_CURVE('',#2990,#2991,#2364,.T.);
#3709=EDGE_CURVE('',#2992,#2991,#1571,.T.);
#3710=EDGE_CURVE('',#2983,#2992,#2365,.T.);
#3711=EDGE_CURVE('',#2993,#2974,#1572,.T.);
#3712=EDGE_CURVE('',#2993,#2988,#2366,.T.);
#3713=EDGE_CURVE('',#2994,#2980,#1573,.T.);
#3714=EDGE_CURVE('',#2994,#2993,#2367,.T.);
#3715=EDGE_CURVE('',#2978,#2995,#2368,.T.);
#3716=EDGE_CURVE('',#2995,#2996,#235,.T.);
#3717=EDGE_CURVE('',#2996,#2980,#2369,.T.);
#3718=EDGE_CURVE('',#2976,#2997,#2370,.T.);
#3719=EDGE_CURVE('',#2997,#2998,#2371,.T.);
#3720=EDGE_CURVE('',#2998,#2999,#2372,.T.);
#3721=EDGE_CURVE('',#2999,#2998,#2373,.T.);
#3722=EDGE_CURVE('',#2997,#2977,#2374,.T.);
#3723=EDGE_CURVE('',#2967,#3000,#236,.T.);
#3724=EDGE_CURVE('',#3000,#3001,#2375,.T.);
#3725=EDGE_CURVE('',#3001,#3002,#237,.T.);
#3726=EDGE_CURVE('',#3002,#3003,#238,.T.);
#3727=EDGE_CURVE('',#3003,#2968,#2376,.T.);
#3728=EDGE_CURVE('',#2966,#3000,#1574,.T.);
#3729=EDGE_CURVE('',#3004,#3003,#2377,.T.);
#3730=EDGE_CURVE('',#3005,#3004,#2378,.T.);
#3731=EDGE_CURVE('',#3006,#3005,#2379,.T.);
#3732=EDGE_CURVE('',#3007,#3006,#2380,.T.);
#3733=EDGE_CURVE('',#3008,#3007,#2381,.T.);
#3734=EDGE_CURVE('',#3009,#3008,#2382,.T.);
#3735=EDGE_CURVE('',#3010,#3009,#2383,.T.);
#3736=EDGE_CURVE('',#3011,#3010,#2384,.T.);
#3737=EDGE_CURVE('',#3012,#3011,#2385,.T.);
#3738=EDGE_CURVE('',#3013,#3012,#2386,.T.);
#3739=EDGE_CURVE('',#3014,#3013,#2387,.T.);
#3740=EDGE_CURVE('',#3015,#3014,#2388,.T.);
#3741=EDGE_CURVE('',#3016,#3015,#2389,.T.);
#3742=EDGE_CURVE('',#3017,#3016,#2390,.T.);
#3743=EDGE_CURVE('',#3018,#3017,#2391,.T.);
#3744=EDGE_CURVE('',#3019,#3018,#2392,.T.);
#3745=EDGE_CURVE('',#3020,#3019,#2393,.T.);
#3746=EDGE_CURVE('',#3021,#3020,#2394,.T.);
#3747=EDGE_CURVE('',#3022,#3021,#2395,.T.);
#3748=EDGE_CURVE('',#3023,#3022,#2396,.T.);
#3749=EDGE_CURVE('',#3024,#3023,#2397,.T.);
#3750=EDGE_CURVE('',#3025,#3024,#2398,.T.);
#3751=EDGE_CURVE('',#3026,#3025,#2399,.T.);
#3752=EDGE_CURVE('',#3027,#3026,#2400,.T.);
#3753=EDGE_CURVE('',#3028,#3027,#2401,.T.);
#3754=EDGE_CURVE('',#3029,#3028,#2402,.T.);
#3755=EDGE_CURVE('',#3030,#3029,#2403,.T.);
#3756=EDGE_CURVE('',#3031,#3030,#2404,.T.);
#3757=EDGE_CURVE('',#3032,#3031,#2405,.T.);
#3758=EDGE_CURVE('',#3033,#3032,#2406,.T.);
#3759=EDGE_CURVE('',#3034,#3033,#2407,.T.);
#3760=EDGE_CURVE('',#2995,#3034,#2408,.T.);
#3761=EDGE_CURVE('',#3035,#3035,#2409,.T.);
#3762=EDGE_CURVE('',#3036,#3036,#2410,.T.);
#3763=EDGE_CURVE('',#3037,#3038,#2411,.T.);
#3764=EDGE_CURVE('',#3038,#3039,#1575,.T.);
#3765=EDGE_CURVE('',#3039,#3040,#2412,.T.);
#3766=EDGE_CURVE('',#3040,#3041,#1576,.T.);
#3767=EDGE_CURVE('',#3041,#3042,#2413,.T.);
#3768=EDGE_CURVE('',#3042,#3043,#1577,.T.);
#3769=EDGE_CURVE('',#3043,#3044,#2414,.T.);
#3770=EDGE_CURVE('',#3044,#3037,#1578,.T.);
#3771=EDGE_CURVE('',#3045,#3046,#2415,.T.);
#3772=EDGE_CURVE('',#3046,#3047,#1579,.T.);
#3773=EDGE_CURVE('',#3047,#3048,#2416,.T.);
#3774=EDGE_CURVE('',#3048,#3049,#1580,.T.);
#3775=EDGE_CURVE('',#3049,#3050,#2417,.T.);
#3776=EDGE_CURVE('',#3050,#3051,#1581,.T.);
#3777=EDGE_CURVE('',#3051,#3052,#2418,.T.);
#3778=EDGE_CURVE('',#3052,#3045,#1582,.T.);
#3779=EDGE_CURVE('',#3053,#3053,#2419,.T.);
#3780=EDGE_CURVE('',#3054,#3054,#2420,.T.);
#3781=EDGE_CURVE('',#3055,#3055,#2421,.T.);
#3782=EDGE_CURVE('',#3002,#3056,#239,.T.);
#3783=EDGE_CURVE('',#3056,#3057,#2422,.T.);
#3784=EDGE_CURVE('',#3057,#3058,#240,.T.);
#3785=EDGE_CURVE('',#3058,#3004,#241,.T.);
#3786=EDGE_CURVE('',#3001,#3056,#1583,.T.);
#3787=EDGE_CURVE('',#3059,#3000,#1584,.T.);
#3788=EDGE_CURVE('',#3060,#3059,#2423,.T.);
#3789=EDGE_CURVE('',#3060,#3001,#1585,.T.);
#3790=EDGE_CURVE('',#3058,#3061,#242,.T.);
#3791=EDGE_CURVE('',#3061,#3062,#2424,.T.);
#3792=EDGE_CURVE('',#3062,#3063,#243,.T.);
#3793=EDGE_CURVE('',#3063,#3005,#244,.T.);
#3794=EDGE_CURVE('',#3057,#3061,#1586,.T.);
#3795=EDGE_CURVE('',#3063,#3064,#245,.T.);
#3796=EDGE_CURVE('',#3064,#3065,#2425,.T.);
#3797=EDGE_CURVE('',#3006,#3065,#246,.T.);
#3798=EDGE_CURVE('',#3066,#3062,#1587,.T.);
#3799=EDGE_CURVE('',#3067,#3066,#2426,.T.);
#3800=EDGE_CURVE('',#3067,#3064,#1588,.T.);
#3801=EDGE_CURVE('',#3068,#3061,#1589,.T.);
#3802=EDGE_CURVE('',#3066,#3068,#2427,.T.);
#3803=EDGE_CURVE('',#3069,#3070,#2428,.T.);
#3804=EDGE_CURVE('',#3070,#3071,#247,.T.);
#3805=EDGE_CURVE('',#3071,#3017,#248,.T.);
#3806=EDGE_CURVE('',#3016,#3069,#249,.T.);
#3807=EDGE_CURVE('',#3072,#3069,#2429,.T.);
#3808=EDGE_CURVE('',#3015,#3072,#250,.T.);
#3809=EDGE_CURVE('',#3073,#3072,#2430,.T.);
#3810=EDGE_CURVE('',#3014,#3073,#251,.T.);
#3811=EDGE_CURVE('',#3074,#3073,#2431,.T.);
#3812=EDGE_CURVE('',#3013,#3074,#252,.T.);
#3813=EDGE_CURVE('',#3075,#3074,#2432,.T.);
#3814=EDGE_CURVE('',#3012,#3075,#253,.T.);
#3815=EDGE_CURVE('',#3076,#3075,#2433,.T.);
#3816=EDGE_CURVE('',#3011,#3076,#254,.T.);
#3817=EDGE_CURVE('',#3077,#3076,#2434,.T.);
#3818=EDGE_CURVE('',#3010,#3077,#255,.T.);
#3819=EDGE_CURVE('',#3078,#3077,#2435,.T.);
#3820=EDGE_CURVE('',#3009,#3078,#256,.T.);
#3821=EDGE_CURVE('',#3079,#3078,#2436,.T.);
#3822=EDGE_CURVE('',#3008,#3079,#257,.T.);
#3823=EDGE_CURVE('',#3080,#3079,#2437,.T.);
#3824=EDGE_CURVE('',#3007,#3080,#258,.T.);
#3825=EDGE_CURVE('',#3065,#3080,#2438,.T.);
#3826=EDGE_CURVE('',#3071,#3081,#259,.T.);
#3827=EDGE_CURVE('',#3081,#3082,#2439,.T.);
#3828=EDGE_CURVE('',#3018,#3082,#260,.T.);
#3829=EDGE_CURVE('',#3083,#3070,#1590,.T.);
#3830=EDGE_CURVE('',#3084,#3083,#2440,.T.);
#3831=EDGE_CURVE('',#3084,#3081,#1591,.T.);
#3832=EDGE_CURVE('',#3085,#3069,#1592,.T.);
#3833=EDGE_CURVE('',#3083,#3085,#2441,.T.);
#3834=EDGE_CURVE('',#3086,#3087,#2442,.T.);
#3835=EDGE_CURVE('',#3087,#3088,#261,.T.);
#3836=EDGE_CURVE('',#3088,#3020,#262,.T.);
#3837=EDGE_CURVE('',#3019,#3086,#263,.T.);
#3838=EDGE_CURVE('',#3082,#3086,#2443,.T.);
#3839=EDGE_CURVE('',#3088,#3089,#264,.T.);
#3840=EDGE_CURVE('',#3089,#3090,#2444,.T.);
#3841=EDGE_CURVE('',#3021,#3090,#265,.T.);
#3842=EDGE_CURVE('',#3087,#3091,#1593,.T.);
#3843=EDGE_CURVE('',#3092,#3091,#2445,.T.);
#3844=EDGE_CURVE('',#3092,#3089,#1594,.T.);
#3845=EDGE_CURVE('',#3093,#3086,#1595,.T.);
#3846=EDGE_CURVE('',#3091,#3093,#2446,.T.);
#3847=EDGE_CURVE('',#3090,#3094,#2447,.T.);
#3848=EDGE_CURVE('',#3094,#3095,#266,.T.);
#3849=EDGE_CURVE('',#3095,#3022,#267,.T.);
#3850=EDGE_CURVE('',#3095,#3096,#268,.T.);
#3851=EDGE_CURVE('',#3096,#3097,#2448,.T.);
#3852=EDGE_CURVE('',#3097,#3098,#269,.T.);
#3853=EDGE_CURVE('',#3098,#3023,#270,.T.);
#3854=EDGE_CURVE('',#3099,#3094,#1596,.T.);
#3855=EDGE_CURVE('',#3100,#3099,#1597,.T.);
#3856=EDGE_CURVE('',#3100,#3096,#1598,.T.);
#3857=EDGE_CURVE('',#3101,#3090,#1599,.T.);
#3858=EDGE_CURVE('',#3099,#3101,#2449,.T.);
#3859=EDGE_CURVE('',#3098,#3102,#271,.T.);
#3860=EDGE_CURVE('',#3102,#3103,#2450,.T.);
#3861=EDGE_CURVE('',#3103,#3104,#272,.T.);
#3862=EDGE_CURVE('',#3104,#3024,#273,.T.);
#3863=EDGE_CURVE('',#3104,#3105,#274,.T.);
#3864=EDGE_CURVE('',#3105,#3106,#2451,.T.);
#3865=EDGE_CURVE('',#3106,#3107,#275,.T.);
#3866=EDGE_CURVE('',#3107,#3025,#276,.T.);
#3867=EDGE_CURVE('',#3108,#3103,#1600,.T.);
#3868=EDGE_CURVE('',#3109,#3108,#1601,.T.);
#3869=EDGE_CURVE('',#3110,#3109,#1602,.T.);
#3870=EDGE_CURVE('',#3111,#3110,#1603,.T.);
#3871=EDGE_CURVE('',#3111,#3112,#1604,.T.);
#3872=EDGE_CURVE('',#3113,#3112,#1605,.T.);
#3873=EDGE_CURVE('',#3113,#3105,#1606,.T.);
#3874=EDGE_CURVE('',#3114,#3102,#1607,.T.);
#3875=EDGE_CURVE('',#3108,#3114,#2452,.T.);
#3876=EDGE_CURVE('',#3107,#3115,#277,.T.);
#3877=EDGE_CURVE('',#3115,#3116,#2453,.T.);
#3878=EDGE_CURVE('',#3026,#3116,#278,.T.);
#3879=EDGE_CURVE('',#3034,#3117,#279,.T.);
#3880=EDGE_CURVE('',#3117,#2996,#2454,.T.);
#3881=EDGE_CURVE('',#3033,#3118,#280,.T.);
#3882=EDGE_CURVE('',#3118,#3117,#2455,.T.);
#3883=EDGE_CURVE('',#3032,#3119,#281,.T.);
#3884=EDGE_CURVE('',#3119,#3118,#2456,.T.);
#3885=EDGE_CURVE('',#3120,#3119,#2457,.T.);
#3886=EDGE_CURVE('',#3031,#3120,#282,.T.);
#3887=EDGE_CURVE('',#3121,#3120,#2458,.T.);
#3888=EDGE_CURVE('',#3030,#3121,#283,.T.);
#3889=EDGE_CURVE('',#3122,#3121,#2459,.T.);
#3890=EDGE_CURVE('',#3029,#3122,#284,.T.);
#3891=EDGE_CURVE('',#3123,#3122,#2460,.T.);
#3892=EDGE_CURVE('',#3028,#3123,#285,.T.);
#3893=EDGE_CURVE('',#3124,#3123,#2461,.T.);
#3894=EDGE_CURVE('',#3027,#3124,#286,.T.);
#3895=EDGE_CURVE('',#3116,#3124,#2462,.T.);
#3896=EDGE_CURVE('',#3125,#2996,#1608,.T.);
#3897=EDGE_CURVE('',#3125,#2994,#2463,.T.);
#3898=EDGE_CURVE('',#3055,#3126,#2464,.T.);
#3899=EDGE_CURVE('',#3126,#3127,#2465,.T.);
#3900=EDGE_CURVE('',#3127,#3126,#2466,.T.);
#3901=EDGE_CURVE('',#3127,#3128,#1609,.T.);
#3902=EDGE_CURVE('',#3128,#3128,#2467,.T.);
#3903=EDGE_CURVE('',#3035,#3129,#2468,.T.);
#3904=EDGE_CURVE('',#3129,#3130,#2469,.T.);
#3905=EDGE_CURVE('',#3130,#3129,#2470,.T.);
#3906=EDGE_CURVE('',#3130,#3131,#1610,.T.);
#3907=EDGE_CURVE('',#3131,#3131,#2471,.T.);
#3908=EDGE_CURVE('',#3054,#3132,#2472,.T.);
#3909=EDGE_CURVE('',#3132,#3133,#2473,.T.);
#3910=EDGE_CURVE('',#3133,#3132,#2474,.T.);
#3911=EDGE_CURVE('',#3133,#3134,#1611,.T.);
#3912=EDGE_CURVE('',#3134,#3134,#2475,.T.);
#3913=EDGE_CURVE('',#2999,#3135,#1612,.T.);
#3914=EDGE_CURVE('',#3135,#3135,#2476,.T.);
#3915=EDGE_CURVE('',#3053,#3136,#2477,.T.);
#3916=EDGE_CURVE('',#3136,#3137,#2478,.T.);
#3917=EDGE_CURVE('',#3137,#3136,#2479,.T.);
#3918=EDGE_CURVE('',#3137,#3138,#1613,.T.);
#3919=EDGE_CURVE('',#3138,#3138,#2480,.T.);
#3920=EDGE_CURVE('',#3036,#3139,#2481,.T.);
#3921=EDGE_CURVE('',#3139,#3140,#2482,.T.);
#3922=EDGE_CURVE('',#3140,#3139,#2483,.T.);
#3923=EDGE_CURVE('',#3140,#3141,#1614,.T.);
#3924=EDGE_CURVE('',#3141,#3141,#2484,.T.);
#3925=EDGE_CURVE('',#2987,#3142,#1615,.T.);
#3926=EDGE_CURVE('',#3142,#3143,#1616,.T.);
#3927=EDGE_CURVE('',#2984,#3143,#1617,.T.);
#3928=EDGE_CURVE('',#3144,#3145,#2485,.T.);
#3929=EDGE_CURVE('',#3144,#3146,#1618,.T.);
#3930=EDGE_CURVE('',#3146,#3145,#1619,.T.);
#3931=EDGE_CURVE('',#3147,#3148,#2486,.T.);
#3932=EDGE_CURVE('',#3147,#3148,#1620,.T.);
#3933=EDGE_CURVE('',#3149,#3150,#2487,.T.);
#3934=EDGE_CURVE('',#3149,#3150,#1621,.T.);
#3935=EDGE_CURVE('',#3151,#3125,#2488,.T.);
#3936=EDGE_CURVE('',#3152,#3151,#2489,.T.);
#3937=EDGE_CURVE('',#3153,#3152,#2490,.T.);
#3938=EDGE_CURVE('',#3154,#3153,#2491,.T.);
#3939=EDGE_CURVE('',#3155,#3154,#2492,.T.);
#3940=EDGE_CURVE('',#3156,#3155,#2493,.T.);
#3941=EDGE_CURVE('',#3157,#3156,#2494,.T.);
#3942=EDGE_CURVE('',#3158,#3157,#2495,.T.);
#3943=EDGE_CURVE('',#3159,#3158,#2496,.T.);
#3944=EDGE_CURVE('',#3159,#3160,#1622,.T.);
#3945=EDGE_CURVE('',#3161,#3160,#2497,.T.);
#3946=EDGE_CURVE('',#3162,#3161,#2498,.T.);
#3947=EDGE_CURVE('',#3163,#3162,#2499,.T.);
#3948=EDGE_CURVE('',#3164,#3163,#2500,.T.);
#3949=EDGE_CURVE('',#3165,#3164,#2501,.T.);
#3950=EDGE_CURVE('',#3166,#3165,#2502,.T.);
#3951=EDGE_CURVE('',#3167,#3166,#2503,.T.);
#3952=EDGE_CURVE('',#3168,#3167,#2504,.T.);
#3953=EDGE_CURVE('',#3169,#3168,#2505,.T.);
#3954=EDGE_CURVE('',#3170,#3169,#2506,.T.);
#3955=EDGE_CURVE('',#3171,#3170,#2507,.T.);
#3956=EDGE_CURVE('',#3172,#3171,#2508,.T.);
#3957=EDGE_CURVE('',#3173,#3172,#2509,.T.);
#3958=EDGE_CURVE('',#3174,#3173,#2510,.T.);
#3959=EDGE_CURVE('',#3175,#3174,#2511,.T.);
#3960=EDGE_CURVE('',#3176,#3175,#2512,.T.);
#3961=EDGE_CURVE('',#3177,#3176,#2513,.T.);
#3962=EDGE_CURVE('',#3178,#3177,#2514,.T.);
#3963=EDGE_CURVE('',#3179,#3178,#2515,.T.);
#3964=EDGE_CURVE('',#3179,#3142,#1623,.T.);
#3965=EDGE_CURVE('',#2989,#2986,#1624,.T.);
#3966=EDGE_CURVE('',#3180,#3181,#2516,.T.);
#3967=EDGE_CURVE('',#2991,#3180,#2517,.T.);
#3968=EDGE_CURVE('',#2990,#2985,#1625,.T.);
#3969=EDGE_CURVE('',#3143,#3182,#1626,.T.);
#3970=EDGE_CURVE('',#3182,#3183,#1627,.T.);
#3971=EDGE_CURVE('',#3184,#3183,#2518,.T.);
#3972=EDGE_CURVE('',#3185,#3184,#2519,.T.);
#3973=EDGE_CURVE('',#3186,#3185,#2520,.T.);
#3974=EDGE_CURVE('',#3187,#3186,#2521,.T.);
#3975=EDGE_CURVE('',#3188,#3187,#2522,.T.);
#3976=EDGE_CURVE('',#3189,#3188,#2523,.T.);
#3977=EDGE_CURVE('',#3190,#3189,#2524,.T.);
#3978=EDGE_CURVE('',#3191,#3190,#2525,.T.);
#3979=EDGE_CURVE('',#3192,#3191,#2526,.T.);
#3980=EDGE_CURVE('',#3181,#3192,#2527,.T.);
#3981=EDGE_CURVE('',#3193,#3193,#2528,.T.);
#3982=EDGE_CURVE('',#3194,#3194,#2529,.T.);
#3983=EDGE_CURVE('',#3195,#3195,#2530,.T.);
#3984=EDGE_CURVE('',#3196,#3196,#2531,.T.);
#3985=EDGE_CURVE('',#3197,#3197,#2532,.T.);
#3986=EDGE_CURVE('',#3198,#3198,#2533,.T.);
#3987=EDGE_CURVE('',#3199,#3199,#2534,.T.);
#3988=EDGE_CURVE('',#3200,#3200,#2535,.T.);
#3989=EDGE_CURVE('',#3201,#3201,#2536,.T.);
#3990=EDGE_CURVE('',#3202,#3202,#2537,.T.);
#3991=EDGE_CURVE('',#3203,#3203,#2538,.T.);
#3992=EDGE_CURVE('',#3204,#3204,#2539,.T.);
#3993=EDGE_CURVE('',#3205,#3205,#2540,.T.);
#3994=EDGE_CURVE('',#3206,#3206,#2541,.T.);
#3995=EDGE_CURVE('',#3207,#3207,#2542,.T.);
#3996=EDGE_CURVE('',#3208,#3208,#2543,.T.);
#3997=EDGE_CURVE('',#3209,#3209,#2544,.T.);
#3998=EDGE_CURVE('',#3210,#3210,#2545,.T.);
#3999=EDGE_CURVE('',#3183,#3159,#1628,.T.);
#4000=EDGE_CURVE('',#3182,#3146,#1629,.T.);
#4001=EDGE_CURVE('',#3211,#3144,#1630,.T.);
#4002=EDGE_CURVE('',#3212,#3211,#1631,.T.);
#4003=EDGE_CURVE('',#3148,#3212,#1632,.T.);
#4004=EDGE_CURVE('',#3213,#3147,#1633,.T.);
#4005=EDGE_CURVE('',#3214,#3213,#1634,.T.);
#4006=EDGE_CURVE('',#3150,#3214,#1635,.T.);
#4007=EDGE_CURVE('',#3215,#3149,#1636,.T.);
#4008=EDGE_CURVE('',#3216,#3215,#1637,.T.);
#4009=EDGE_CURVE('',#3160,#3216,#1638,.T.);
#4010=EDGE_CURVE('',#3217,#3179,#1639,.T.);
#4011=EDGE_CURVE('',#3218,#3217,#1640,.T.);
#4012=EDGE_CURVE('',#3145,#3218,#1641,.T.);
#4013=EDGE_CURVE('',#3219,#3184,#1642,.T.);
#4014=EDGE_CURVE('',#3220,#3219,#2546,.T.);
#4015=EDGE_CURVE('',#3220,#3185,#1643,.T.);
#4016=EDGE_CURVE('',#3158,#3124,#1644,.T.);
#4017=EDGE_CURVE('',#3157,#3123,#1645,.T.);
#4018=EDGE_CURVE('',#3221,#3220,#2547,.T.);
#4019=EDGE_CURVE('',#3221,#3186,#1646,.T.);
#4020=EDGE_CURVE('',#3156,#3122,#1647,.T.);
#4021=EDGE_CURVE('',#3222,#3221,#2548,.T.);
#4022=EDGE_CURVE('',#3222,#3187,#1648,.T.);
#4023=EDGE_CURVE('',#3155,#3121,#1649,.T.);
#4024=EDGE_CURVE('',#3223,#3222,#2549,.T.);
#4025=EDGE_CURVE('',#3223,#3188,#1650,.T.);
#4026=EDGE_CURVE('',#3154,#3120,#1651,.T.);
#4027=EDGE_CURVE('',#3224,#3223,#2550,.T.);
#4028=EDGE_CURVE('',#3224,#3189,#1652,.T.);
#4029=EDGE_CURVE('',#3153,#3119,#1653,.T.);
#4030=EDGE_CURVE('',#3225,#3224,#2551,.T.);
#4031=EDGE_CURVE('',#3225,#3190,#1654,.T.);
#4032=EDGE_CURVE('',#3152,#3118,#1655,.T.);
#4033=EDGE_CURVE('',#3226,#3225,#2552,.T.);
#4034=EDGE_CURVE('',#3226,#3191,#1656,.T.);
#4035=EDGE_CURVE('',#3151,#3117,#1657,.T.);
#4036=EDGE_CURVE('',#3227,#3226,#2553,.T.);
#4037=EDGE_CURVE('',#3227,#3192,#1658,.T.);
#4038=EDGE_CURVE('',#3228,#3227,#2554,.T.);
#4039=EDGE_CURVE('',#3228,#3181,#1659,.T.);
#4040=EDGE_CURVE('',#3229,#3228,#2555,.T.);
#4041=EDGE_CURVE('',#3229,#3180,#1660,.T.);
#4042=EDGE_CURVE('',#2992,#3229,#2556,.T.);
#4043=EDGE_CURVE('',#3163,#3230,#1661,.F.);
#4044=EDGE_CURVE('',#3231,#3230,#2557,.T.);
#4045=EDGE_CURVE('',#3164,#3231,#1662,.F.);
#4046=EDGE_CURVE('',#3162,#3232,#1663,.F.);
#4047=EDGE_CURVE('',#3230,#3232,#2558,.T.);
#4048=EDGE_CURVE('',#3161,#3233,#1664,.F.);
#4049=EDGE_CURVE('',#3232,#3233,#2559,.T.);
#4050=EDGE_CURVE('',#3234,#3216,#2560,.T.);
#4051=EDGE_CURVE('',#3235,#3234,#1665,.T.);
#4052=EDGE_CURVE('',#3233,#3235,#2561,.T.);
#4053=EDGE_CURVE('',#3236,#3214,#2562,.T.);
#4054=EDGE_CURVE('',#3237,#3236,#1666,.T.);
#4055=EDGE_CURVE('',#3238,#3237,#2563,.T.);
#4056=EDGE_CURVE('',#3239,#3238,#1667,.F.);
#4057=EDGE_CURVE('',#3215,#3239,#2564,.T.);
#4058=EDGE_CURVE('',#3240,#3212,#2565,.T.);
#4059=EDGE_CURVE('',#3241,#3240,#1668,.T.);
#4060=EDGE_CURVE('',#3237,#3241,#2566,.T.);
#4061=EDGE_CURVE('',#3213,#3236,#2567,.T.);
#4062=EDGE_CURVE('',#3242,#3218,#2568,.T.);
#4063=EDGE_CURVE('',#3242,#3243,#1669,.F.);
#4064=EDGE_CURVE('',#3241,#3243,#2569,.T.);
#4065=EDGE_CURVE('',#3211,#3240,#2570,.T.);
#4066=EDGE_CURVE('',#3217,#3244,#2571,.T.);
#4067=EDGE_CURVE('',#3244,#3245,#2572,.T.);
#4068=EDGE_CURVE('',#3245,#3246,#2573,.T.);
#4069=EDGE_CURVE('',#3246,#3247,#2574,.T.);
#4070=EDGE_CURVE('',#3247,#3248,#2575,.T.);
#4071=EDGE_CURVE('',#3248,#3249,#2576,.T.);
#4072=EDGE_CURVE('',#3249,#3250,#2577,.T.);
#4073=EDGE_CURVE('',#3250,#3251,#2578,.T.);
#4074=EDGE_CURVE('',#3251,#3252,#2579,.T.);
#4075=EDGE_CURVE('',#3252,#3253,#2580,.T.);
#4076=EDGE_CURVE('',#3253,#3254,#2581,.T.);
#4077=EDGE_CURVE('',#3254,#3255,#2582,.T.);
#4078=EDGE_CURVE('',#3255,#3256,#2583,.T.);
#4079=EDGE_CURVE('',#3256,#3257,#2584,.T.);
#4080=EDGE_CURVE('',#3257,#3258,#2585,.T.);
#4081=EDGE_CURVE('',#3258,#3259,#2586,.T.);
#4082=EDGE_CURVE('',#3259,#3242,#2587,.T.);
#4083=EDGE_CURVE('',#3260,#3260,#2588,.T.);
#4084=EDGE_CURVE('',#3261,#3261,#2589,.T.);
#4085=EDGE_CURVE('',#3262,#3262,#2590,.T.);
#4086=EDGE_CURVE('',#3263,#3263,#2591,.T.);
#4087=EDGE_CURVE('',#3264,#3264,#2592,.T.);
#4088=EDGE_CURVE('',#3265,#3265,#2593,.T.);
#4089=EDGE_CURVE('',#3266,#3266,#2594,.T.);
#4090=EDGE_CURVE('',#3267,#3267,#2595,.T.);
#4091=EDGE_CURVE('',#3268,#3268,#2596,.T.);
#4092=EDGE_CURVE('',#3269,#3269,#2597,.T.);
#4093=EDGE_CURVE('',#3270,#3270,#2598,.T.);
#4094=EDGE_CURVE('',#3271,#3271,#2599,.T.);
#4095=EDGE_CURVE('',#3272,#3272,#2600,.T.);
#4096=EDGE_CURVE('',#3273,#3273,#2601,.T.);
#4097=EDGE_CURVE('',#3274,#3274,#2602,.T.);
#4098=EDGE_CURVE('',#3275,#3275,#2603,.T.);
#4099=EDGE_CURVE('',#3276,#3276,#2604,.T.);
#4100=EDGE_CURVE('',#3277,#3277,#2605,.T.);
#4101=EDGE_CURVE('',#3239,#3278,#1670,.T.);
#4102=EDGE_CURVE('',#3279,#3278,#2606,.T.);
#4103=EDGE_CURVE('',#3279,#3234,#1671,.T.);
#4104=EDGE_CURVE('',#3280,#3280,#2607,.T.);
#4105=EDGE_CURVE('',#3280,#3260,#1672,.T.);
#4106=EDGE_CURVE('',#3281,#3281,#2608,.T.);
#4107=EDGE_CURVE('',#3281,#3261,#1673,.T.);
#4108=EDGE_CURVE('',#3282,#3282,#2609,.T.);
#4109=EDGE_CURVE('',#3282,#3262,#1674,.T.);
#4110=EDGE_CURVE('',#3283,#3283,#2610,.T.);
#4111=EDGE_CURVE('',#3283,#3263,#1675,.T.);
#4112=EDGE_CURVE('',#3284,#3284,#2611,.T.);
#4113=EDGE_CURVE('',#3284,#3193,#1676,.T.);
#4114=EDGE_CURVE('',#3285,#3285,#2612,.T.);
#4115=EDGE_CURVE('',#3285,#3194,#1677,.T.);
#4116=EDGE_CURVE('',#3286,#3286,#2613,.T.);
#4117=EDGE_CURVE('',#3286,#3195,#1678,.T.);
#4118=EDGE_CURVE('',#3287,#3287,#2614,.T.);
#4119=EDGE_CURVE('',#3287,#3196,#1679,.T.);
#4120=EDGE_CURVE('',#3288,#3288,#2615,.T.);
#4121=EDGE_CURVE('',#3288,#3197,#1680,.T.);
#4122=EDGE_CURVE('',#3289,#3289,#2616,.T.);
#4123=EDGE_CURVE('',#3289,#3198,#1681,.T.);
#4124=EDGE_CURVE('',#3290,#3290,#2617,.T.);
#4125=EDGE_CURVE('',#3290,#3199,#1682,.T.);
#4126=EDGE_CURVE('',#3291,#3291,#2618,.T.);
#4127=EDGE_CURVE('',#3291,#3200,#1683,.T.);
#4128=EDGE_CURVE('',#3292,#3292,#2619,.T.);
#4129=EDGE_CURVE('',#3292,#3201,#1684,.T.);
#4130=EDGE_CURVE('',#3293,#3293,#2620,.T.);
#4131=EDGE_CURVE('',#3293,#3264,#1685,.T.);
#4132=EDGE_CURVE('',#3294,#3294,#2621,.T.);
#4133=EDGE_CURVE('',#3294,#3265,#1686,.T.);
#4134=EDGE_CURVE('',#3295,#3295,#2622,.T.);
#4135=EDGE_CURVE('',#3295,#3266,#1687,.T.);
#4136=EDGE_CURVE('',#3296,#3296,#2623,.T.);
#4137=EDGE_CURVE('',#3296,#3267,#1688,.T.);
#4138=EDGE_CURVE('',#3297,#3297,#2624,.T.);
#4139=EDGE_CURVE('',#3297,#3268,#1689,.T.);
#4140=EDGE_CURVE('',#3298,#3298,#2625,.T.);
#4141=EDGE_CURVE('',#3298,#3269,#1690,.T.);
#4142=EDGE_CURVE('',#3299,#3299,#2626,.T.);
#4143=EDGE_CURVE('',#3299,#3270,#1691,.T.);
#4144=EDGE_CURVE('',#3300,#3300,#2627,.T.);
#4145=EDGE_CURVE('',#3300,#3271,#1692,.T.);
#4146=EDGE_CURVE('',#3301,#3301,#2628,.T.);
#4147=EDGE_CURVE('',#3301,#3272,#1693,.T.);
#4148=EDGE_CURVE('',#3302,#3302,#2629,.T.);
#4149=EDGE_CURVE('',#3302,#3202,#1694,.T.);
#4150=EDGE_CURVE('',#3303,#3303,#2630,.T.);
#4151=EDGE_CURVE('',#3303,#3203,#1695,.T.);
#4152=EDGE_CURVE('',#3304,#3304,#2631,.T.);
#4153=EDGE_CURVE('',#3304,#3204,#1696,.T.);
#4154=EDGE_CURVE('',#3305,#3305,#2632,.T.);
#4155=EDGE_CURVE('',#3305,#3205,#1697,.T.);
#4156=EDGE_CURVE('',#3306,#3306,#2633,.T.);
#4157=EDGE_CURVE('',#3306,#3206,#1698,.T.);
#4158=EDGE_CURVE('',#3307,#3307,#2634,.T.);
#4159=EDGE_CURVE('',#3307,#3207,#1699,.T.);
#4160=EDGE_CURVE('',#3308,#3308,#2635,.T.);
#4161=EDGE_CURVE('',#3308,#3208,#1700,.T.);
#4162=EDGE_CURVE('',#3309,#3309,#2636,.T.);
#4163=EDGE_CURVE('',#3309,#3209,#1701,.T.);
#4164=EDGE_CURVE('',#3310,#3310,#2637,.T.);
#4165=EDGE_CURVE('',#3310,#3210,#1702,.T.);
#4166=EDGE_CURVE('',#3311,#3311,#2638,.T.);
#4167=EDGE_CURVE('',#3311,#3273,#1703,.T.);
#4168=EDGE_CURVE('',#3312,#3312,#2639,.T.);
#4169=EDGE_CURVE('',#3312,#3274,#1704,.T.);
#4170=EDGE_CURVE('',#3313,#3313,#2640,.T.);
#4171=EDGE_CURVE('',#3313,#3275,#1705,.T.);
#4172=EDGE_CURVE('',#3314,#3314,#2641,.T.);
#4173=EDGE_CURVE('',#3314,#3276,#1706,.T.);
#4174=EDGE_CURVE('',#3315,#3315,#2642,.T.);
#4175=EDGE_CURVE('',#3315,#3277,#1707,.T.);
#4176=EDGE_CURVE('',#3316,#3317,#1708,.T.);
#4177=EDGE_CURVE('',#3318,#3316,#2643,.T.);
#4178=EDGE_CURVE('',#3319,#3318,#1709,.T.);
#4179=EDGE_CURVE('',#3320,#3319,#2644,.T.);
#4180=EDGE_CURVE('',#3321,#3320,#1710,.T.);
#4181=EDGE_CURVE('',#3322,#3321,#2645,.T.);
#4182=EDGE_CURVE('',#3323,#3322,#1711,.T.);
#4183=EDGE_CURVE('',#3317,#3323,#2646,.T.);
#4184=EDGE_CURVE('',#3324,#3325,#1712,.T.);
#4185=EDGE_CURVE('',#3326,#3324,#2647,.T.);
#4186=EDGE_CURVE('',#3327,#3326,#1713,.T.);
#4187=EDGE_CURVE('',#3328,#3327,#2648,.T.);
#4188=EDGE_CURVE('',#3329,#3328,#1714,.T.);
#4189=EDGE_CURVE('',#3330,#3329,#2649,.T.);
#4190=EDGE_CURVE('',#3331,#3330,#1715,.T.);
#4191=EDGE_CURVE('',#3325,#3331,#2650,.T.);
#4192=EDGE_CURVE('',#3113,#3332,#2651,.T.);
#4193=EDGE_CURVE('',#3112,#3332,#2652,.T.);
#4194=EDGE_CURVE('',#3279,#3333,#2653,.T.);
#4195=EDGE_CURVE('',#3110,#3278,#2654,.T.);
#4196=EDGE_CURVE('',#3334,#3109,#2655,.T.);
#4197=EDGE_CURVE('',#3333,#3334,#1716,.T.);
#4198=EDGE_CURVE('',#3219,#3335,#2656,.T.);
#4199=EDGE_CURVE('',#3335,#3336,#2657,.T.);
#4200=EDGE_CURVE('',#3336,#3334,#2658,.T.);
#4201=EDGE_CURVE('',#3114,#3337,#1717,.T.);
#4202=EDGE_CURVE('',#3337,#3100,#2659,.T.);
#4203=EDGE_CURVE('',#3101,#3092,#2660,.T.);
#4204=EDGE_CURVE('',#3093,#3338,#2661,.T.);
#4205=EDGE_CURVE('',#3338,#3084,#2662,.T.);
#4206=EDGE_CURVE('',#3085,#3339,#2663,.T.);
#4207=EDGE_CURVE('',#3339,#3340,#2664,.T.);
#4208=EDGE_CURVE('',#3340,#3341,#2665,.T.);
#4209=EDGE_CURVE('',#3341,#3342,#2666,.T.);
#4210=EDGE_CURVE('',#3342,#3343,#2667,.T.);
#4211=EDGE_CURVE('',#3343,#3344,#2668,.T.);
#4212=EDGE_CURVE('',#3344,#3345,#2669,.T.);
#4213=EDGE_CURVE('',#3345,#3346,#2670,.T.);
#4214=EDGE_CURVE('',#3346,#3347,#2671,.T.);
#4215=EDGE_CURVE('',#3347,#3348,#2672,.T.);
#4216=EDGE_CURVE('',#3348,#3067,#2673,.T.);
#4217=EDGE_CURVE('',#3068,#3349,#1718,.T.);
#4218=EDGE_CURVE('',#3349,#3350,#2674,.T.);
#4219=EDGE_CURVE('',#3350,#3060,#1719,.T.);
#4220=EDGE_CURVE('',#3059,#2982,#1720,.T.);
#4221=EDGE_CURVE('',#3278,#3279,#1721,.T.);
#4222=EDGE_CURVE('',#3235,#3238,#1722,.T.);
#4223=EDGE_CURVE('',#3175,#3351,#1723,.F.);
#4224=EDGE_CURVE('',#3352,#3351,#2675,.T.);
#4225=EDGE_CURVE('',#3352,#3176,#1724,.T.);
#4226=EDGE_CURVE('',#3353,#3352,#2676,.T.);
#4227=EDGE_CURVE('',#3353,#3177,#1725,.T.);
#4228=EDGE_CURVE('',#3354,#3353,#2677,.T.);
#4229=EDGE_CURVE('',#3354,#3178,#1726,.T.);
#4230=EDGE_CURVE('',#3355,#3256,#1727,.T.);
#4231=EDGE_CURVE('',#3255,#3356,#1728,.F.);
#4232=EDGE_CURVE('',#3355,#3356,#2678,.T.);
#4233=EDGE_CURVE('',#3259,#3357,#1729,.T.);
#4234=EDGE_CURVE('',#3258,#3358,#1730,.F.);
#4235=EDGE_CURVE('',#3357,#3358,#2679,.T.);
#4236=EDGE_CURVE('',#3257,#3359,#1731,.F.);
#4237=EDGE_CURVE('',#3358,#3359,#2680,.T.);
#4238=EDGE_CURVE('',#3359,#3355,#2681,.T.);
#4239=EDGE_CURVE('',#3254,#3360,#1732,.F.);
#4240=EDGE_CURVE('',#3356,#3360,#2682,.T.);
#4241=EDGE_CURVE('',#3253,#3361,#1733,.F.);
#4242=EDGE_CURVE('',#3360,#3361,#2683,.T.);
#4243=EDGE_CURVE('',#3252,#3362,#1734,.F.);
#4244=EDGE_CURVE('',#3361,#3362,#2684,.T.);
#4245=EDGE_CURVE('',#3251,#3363,#1735,.F.);
#4246=EDGE_CURVE('',#3362,#3363,#2685,.T.);
#4247=EDGE_CURVE('',#3250,#3364,#1736,.F.);
#4248=EDGE_CURVE('',#3363,#3364,#2686,.T.);
#4249=EDGE_CURVE('',#3249,#3365,#1737,.F.);
#4250=EDGE_CURVE('',#3364,#3365,#2687,.T.);
#4251=EDGE_CURVE('',#3248,#3366,#1738,.F.);
#4252=EDGE_CURVE('',#3365,#3366,#2688,.T.);
#4253=EDGE_CURVE('',#3247,#3367,#1739,.F.);
#4254=EDGE_CURVE('',#3366,#3367,#2689,.T.);
#4255=EDGE_CURVE('',#3246,#3368,#1740,.F.);
#4256=EDGE_CURVE('',#3367,#3368,#2690,.T.);
#4257=EDGE_CURVE('',#3245,#3369,#1741,.F.);
#4258=EDGE_CURVE('',#3368,#3369,#2691,.T.);
#4259=EDGE_CURVE('',#3244,#3370,#1742,.F.);
#4260=EDGE_CURVE('',#3369,#3370,#2692,.T.);
#4261=EDGE_CURVE('',#3370,#3354,#2693,.T.);
#4262=EDGE_CURVE('',#3174,#3371,#1743,.F.);
#4263=EDGE_CURVE('',#3351,#3371,#2694,.T.);
#4264=EDGE_CURVE('',#3173,#3372,#1744,.F.);
#4265=EDGE_CURVE('',#3371,#3372,#2695,.T.);
#4266=EDGE_CURVE('',#3172,#3373,#1745,.F.);
#4267=EDGE_CURVE('',#3372,#3373,#2696,.T.);
#4268=EDGE_CURVE('',#3171,#3374,#1746,.F.);
#4269=EDGE_CURVE('',#3373,#3374,#2697,.T.);
#4270=EDGE_CURVE('',#3170,#3375,#1747,.F.);
#4271=EDGE_CURVE('',#3374,#3375,#2698,.T.);
#4272=EDGE_CURVE('',#3169,#3376,#1748,.F.);
#4273=EDGE_CURVE('',#3375,#3376,#2699,.T.);
#4274=EDGE_CURVE('',#3168,#3377,#1749,.F.);
#4275=EDGE_CURVE('',#3376,#3377,#2700,.T.);
#4276=EDGE_CURVE('',#3167,#3378,#1750,.F.);
#4277=EDGE_CURVE('',#3377,#3378,#2701,.T.);
#4278=EDGE_CURVE('',#3166,#3379,#1751,.F.);
#4279=EDGE_CURVE('',#3378,#3379,#2702,.T.);
#4280=EDGE_CURVE('',#3165,#3380,#1752,.F.);
#4281=EDGE_CURVE('',#3379,#3380,#2703,.T.);
#4282=EDGE_CURVE('',#3380,#3231,#2704,.T.);
#4283=EDGE_CURVE('',#3243,#3357,#2705,.T.);
#4284=EDGE_CURVE('',#3333,#3111,#2706,.T.);
#4285=EDGE_CURVE('',#3350,#3056,#1753,.T.);
#4286=EDGE_CURVE('',#3349,#3057,#1754,.T.);
#4287=EDGE_CURVE('',#3348,#3065,#1755,.T.);
#4288=EDGE_CURVE('',#3347,#3080,#1756,.T.);
#4289=EDGE_CURVE('',#3346,#3079,#1757,.T.);
#4290=EDGE_CURVE('',#3345,#3078,#1758,.T.);
#4291=EDGE_CURVE('',#3344,#3077,#1759,.T.);
#4292=EDGE_CURVE('',#3343,#3076,#1760,.T.);
#4293=EDGE_CURVE('',#3342,#3075,#1761,.T.);
#4294=EDGE_CURVE('',#3341,#3074,#1762,.T.);
#4295=EDGE_CURVE('',#3340,#3073,#1763,.T.);
#4296=EDGE_CURVE('',#3339,#3072,#1764,.T.);
#4297=EDGE_CURVE('',#3338,#3082,#1765,.T.);
#4298=EDGE_CURVE('',#3328,#3049,#1766,.T.);
#4299=EDGE_CURVE('',#3329,#3048,#1767,.T.);
#4300=EDGE_CURVE('',#3327,#3050,#1768,.T.);
#4301=EDGE_CURVE('',#3326,#3051,#1769,.T.);
#4302=EDGE_CURVE('',#3324,#3052,#1770,.T.);
#4303=EDGE_CURVE('',#3320,#3041,#1771,.T.);
#4304=EDGE_CURVE('',#3321,#3040,#1772,.T.);
#4305=EDGE_CURVE('',#3319,#3042,#1773,.T.);
#4306=EDGE_CURVE('',#3318,#3043,#1774,.T.);
#4307=EDGE_CURVE('',#3316,#3044,#1775,.T.);
#4308=EDGE_CURVE('',#3335,#3116,#1776,.T.);
#4309=EDGE_CURVE('',#3336,#3115,#1777,.T.);
#4310=EDGE_CURVE('',#3332,#3106,#1778,.T.);
#4311=EDGE_CURVE('',#3337,#3097,#1779,.T.);
#4312=EDGE_CURVE('',#3325,#3045,#1780,.T.);
#4313=EDGE_CURVE('',#3330,#3047,#1781,.T.);
#4314=EDGE_CURVE('',#3331,#3046,#1782,.T.);
#4315=EDGE_CURVE('',#3317,#3037,#1783,.T.);
#4316=EDGE_CURVE('',#3322,#3039,#1784,.T.);
#4317=EDGE_CURVE('',#3323,#3038,#1785,.T.);
#4318=EDGE_CURVE('',#3381,#3382,#2707,.T.);
#4319=EDGE_CURVE('',#3382,#3381,#2708,.T.);
#4320=EDGE_CURVE('',#3381,#3383,#2709,.T.);
#4321=EDGE_CURVE('',#3384,#3383,#2710,.T.);
#4322=EDGE_CURVE('',#3383,#3384,#2711,.T.);
#4323=EDGE_CURVE('',#3382,#3385,#1786,.T.);
#4324=EDGE_CURVE('',#3385,#3385,#2712,.T.);
#4325=EDGE_CURVE('',#3386,#3386,#2713,.T.);
#4326=EDGE_CURVE('',#3386,#3387,#1787,.T.);
#4327=EDGE_CURVE('',#3387,#3387,#2714,.T.);
#4328=EDGE_CURVE('',#3388,#3388,#2715,.T.);
#4329=EDGE_CURVE('',#3388,#3389,#1788,.T.);
#4330=EDGE_CURVE('',#3389,#3389,#2716,.T.);
#4331=EDGE_CURVE('',#3390,#3390,#2717,.T.);
#4332=EDGE_CURVE('',#3390,#3391,#1789,.T.);
#4333=EDGE_CURVE('',#3391,#3391,#2718,.T.);
#4334=EDGE_CURVE('',#3392,#3392,#2719,.T.);
#4335=EDGE_CURVE('',#3392,#3393,#1790,.T.);
#4336=EDGE_CURVE('',#3393,#3393,#2720,.T.);
#4337=EDGE_CURVE('',#3394,#3394,#2721,.T.);
#4338=EDGE_CURVE('',#3394,#3395,#1791,.T.);
#4339=EDGE_CURVE('',#3395,#3395,#2722,.T.);
#4340=EDGE_CURVE('',#3396,#3396,#2723,.T.);
#4341=EDGE_CURVE('',#3396,#3397,#1792,.T.);
#4342=EDGE_CURVE('',#3397,#3397,#2724,.T.);
#4343=EDGE_CURVE('',#3398,#3398,#2725,.F.);
#4344=EDGE_CURVE('',#3398,#3399,#1793,.T.);
#4345=EDGE_CURVE('',#3399,#3399,#2726,.T.);
#4346=EDGE_CURVE('',#3384,#3400,#1794,.T.);
#4347=EDGE_CURVE('',#3400,#3400,#2727,.T.);
#4348=EDGE_CURVE('',#3401,#3402,#2728,.T.);
#4349=EDGE_CURVE('',#3402,#3401,#2729,.T.);
#4350=EDGE_CURVE('',#3401,#3403,#2730,.T.);
#4351=EDGE_CURVE('',#3404,#3403,#2731,.T.);
#4352=EDGE_CURVE('',#3403,#3404,#2732,.T.);
#4353=EDGE_CURVE('',#3402,#3405,#1795,.T.);
#4354=EDGE_CURVE('',#3405,#3405,#2733,.T.);
#4355=EDGE_CURVE('',#3406,#3406,#2734,.T.);
#4356=EDGE_CURVE('',#3406,#3407,#1796,.T.);
#4357=EDGE_CURVE('',#3407,#3407,#2735,.T.);
#4358=EDGE_CURVE('',#3408,#3408,#2736,.T.);
#4359=EDGE_CURVE('',#3408,#3409,#1797,.T.);
#4360=EDGE_CURVE('',#3409,#3409,#2737,.T.);
#4361=EDGE_CURVE('',#3410,#3410,#2738,.T.);
#4362=EDGE_CURVE('',#3410,#3411,#1798,.T.);
#4363=EDGE_CURVE('',#3411,#3411,#2739,.T.);
#4364=EDGE_CURVE('',#3412,#3412,#2740,.T.);
#4365=EDGE_CURVE('',#3412,#3413,#1799,.T.);
#4366=EDGE_CURVE('',#3413,#3413,#2741,.T.);
#4367=EDGE_CURVE('',#3414,#3414,#2742,.T.);
#4368=EDGE_CURVE('',#3414,#3415,#1800,.T.);
#4369=EDGE_CURVE('',#3415,#3415,#2743,.T.);
#4370=EDGE_CURVE('',#3416,#3416,#2744,.T.);
#4371=EDGE_CURVE('',#3416,#3417,#1801,.T.);
#4372=EDGE_CURVE('',#3417,#3417,#2745,.T.);
#4373=EDGE_CURVE('',#3418,#3418,#2746,.F.);
#4374=EDGE_CURVE('',#3418,#3419,#1802,.T.);
#4375=EDGE_CURVE('',#3419,#3419,#2747,.T.);
#4376=EDGE_CURVE('',#3404,#3420,#1803,.T.);
#4377=EDGE_CURVE('',#3420,#3420,#2748,.T.);
#4378=EDGE_CURVE('',#3421,#3422,#2749,.T.);
#4379=EDGE_CURVE('',#3422,#3421,#2750,.T.);
#4380=EDGE_CURVE('',#3421,#3423,#2751,.T.);
#4381=EDGE_CURVE('',#3424,#3423,#2752,.T.);
#4382=EDGE_CURVE('',#3423,#3424,#2753,.T.);
#4383=EDGE_CURVE('',#3422,#3425,#1804,.T.);
#4384=EDGE_CURVE('',#3425,#3425,#2754,.T.);
#4385=EDGE_CURVE('',#3426,#3426,#2755,.T.);
#4386=EDGE_CURVE('',#3426,#3427,#1805,.T.);
#4387=EDGE_CURVE('',#3427,#3427,#2756,.T.);
#4388=EDGE_CURVE('',#3428,#3428,#2757,.T.);
#4389=EDGE_CURVE('',#3428,#3429,#1806,.T.);
#4390=EDGE_CURVE('',#3429,#3429,#2758,.T.);
#4391=EDGE_CURVE('',#3430,#3430,#2759,.T.);
#4392=EDGE_CURVE('',#3430,#3431,#1807,.T.);
#4393=EDGE_CURVE('',#3431,#3431,#2760,.T.);
#4394=EDGE_CURVE('',#3432,#3432,#2761,.T.);
#4395=EDGE_CURVE('',#3432,#3433,#1808,.T.);
#4396=EDGE_CURVE('',#3433,#3433,#2762,.T.);
#4397=EDGE_CURVE('',#3434,#3434,#2763,.T.);
#4398=EDGE_CURVE('',#3434,#3435,#1809,.T.);
#4399=EDGE_CURVE('',#3435,#3435,#2764,.T.);
#4400=EDGE_CURVE('',#3436,#3436,#2765,.T.);
#4401=EDGE_CURVE('',#3436,#3437,#1810,.T.);
#4402=EDGE_CURVE('',#3437,#3437,#2766,.T.);
#4403=EDGE_CURVE('',#3438,#3438,#2767,.F.);
#4404=EDGE_CURVE('',#3438,#3439,#1811,.T.);
#4405=EDGE_CURVE('',#3439,#3439,#2768,.T.);
#4406=EDGE_CURVE('',#3424,#3440,#1812,.T.);
#4407=EDGE_CURVE('',#3440,#3440,#2769,.T.);
#4408=EDGE_CURVE('',#3441,#3442,#2770,.T.);
#4409=EDGE_CURVE('',#3442,#3441,#2771,.T.);
#4410=EDGE_CURVE('',#3441,#3443,#2772,.T.);
#4411=EDGE_CURVE('',#3444,#3443,#2773,.T.);
#4412=EDGE_CURVE('',#3443,#3444,#2774,.T.);
#4413=EDGE_CURVE('',#3442,#3445,#1813,.T.);
#4414=EDGE_CURVE('',#3445,#3445,#2775,.T.);
#4415=EDGE_CURVE('',#3446,#3446,#2776,.T.);
#4416=EDGE_CURVE('',#3446,#3447,#1814,.T.);
#4417=EDGE_CURVE('',#3447,#3447,#2777,.T.);
#4418=EDGE_CURVE('',#3448,#3448,#2778,.T.);
#4419=EDGE_CURVE('',#3448,#3449,#1815,.T.);
#4420=EDGE_CURVE('',#3449,#3449,#2779,.T.);
#4421=EDGE_CURVE('',#3450,#3450,#2780,.T.);
#4422=EDGE_CURVE('',#3450,#3451,#1816,.T.);
#4423=EDGE_CURVE('',#3451,#3451,#2781,.T.);
#4424=EDGE_CURVE('',#3452,#3452,#2782,.T.);
#4425=EDGE_CURVE('',#3452,#3453,#1817,.T.);
#4426=EDGE_CURVE('',#3453,#3453,#2783,.T.);
#4427=EDGE_CURVE('',#3454,#3454,#2784,.T.);
#4428=EDGE_CURVE('',#3454,#3455,#1818,.T.);
#4429=EDGE_CURVE('',#3455,#3455,#2785,.T.);
#4430=EDGE_CURVE('',#3456,#3456,#2786,.T.);
#4431=EDGE_CURVE('',#3456,#3457,#1819,.T.);
#4432=EDGE_CURVE('',#3457,#3457,#2787,.T.);
#4433=EDGE_CURVE('',#3458,#3458,#2788,.F.);
#4434=EDGE_CURVE('',#3458,#3459,#1820,.T.);
#4435=EDGE_CURVE('',#3459,#3459,#2789,.T.);
#4436=EDGE_CURVE('',#3444,#3460,#1821,.T.);
#4437=EDGE_CURVE('',#3460,#3460,#2790,.T.);
#4438=EDGE_CURVE('',#3461,#3462,#2791,.T.);
#4439=EDGE_CURVE('',#3462,#3461,#2792,.T.);
#4440=EDGE_CURVE('',#3461,#3463,#2793,.T.);
#4441=EDGE_CURVE('',#3464,#3463,#2794,.T.);
#4442=EDGE_CURVE('',#3463,#3464,#2795,.T.);
#4443=EDGE_CURVE('',#3462,#3465,#1822,.T.);
#4444=EDGE_CURVE('',#3465,#3465,#2796,.T.);
#4445=EDGE_CURVE('',#3466,#3466,#2797,.T.);
#4446=EDGE_CURVE('',#3466,#3467,#1823,.T.);
#4447=EDGE_CURVE('',#3467,#3467,#2798,.T.);
#4448=EDGE_CURVE('',#3468,#3468,#2799,.T.);
#4449=EDGE_CURVE('',#3468,#3469,#1824,.T.);
#4450=EDGE_CURVE('',#3469,#3469,#2800,.T.);
#4451=EDGE_CURVE('',#3470,#3470,#2801,.T.);
#4452=EDGE_CURVE('',#3470,#3471,#1825,.T.);
#4453=EDGE_CURVE('',#3471,#3471,#2802,.T.);
#4454=EDGE_CURVE('',#3472,#3472,#2803,.T.);
#4455=EDGE_CURVE('',#3472,#3473,#1826,.T.);
#4456=EDGE_CURVE('',#3473,#3473,#2804,.T.);
#4457=EDGE_CURVE('',#3474,#3474,#2805,.T.);
#4458=EDGE_CURVE('',#3474,#3475,#1827,.T.);
#4459=EDGE_CURVE('',#3475,#3475,#2806,.T.);
#4460=EDGE_CURVE('',#3476,#3476,#2807,.T.);
#4461=EDGE_CURVE('',#3476,#3477,#1828,.T.);
#4462=EDGE_CURVE('',#3477,#3477,#2808,.T.);
#4463=EDGE_CURVE('',#3478,#3478,#2809,.F.);
#4464=EDGE_CURVE('',#3478,#3479,#1829,.T.);
#4465=EDGE_CURVE('',#3479,#3479,#2810,.T.);
#4466=EDGE_CURVE('',#3464,#3480,#1830,.T.);
#4467=EDGE_CURVE('',#3480,#3480,#2811,.T.);
#4468=EDGE_CURVE('',#3481,#3482,#2812,.T.);
#4469=EDGE_CURVE('',#3482,#3481,#2813,.T.);
#4470=EDGE_CURVE('',#3481,#3483,#2814,.T.);
#4471=EDGE_CURVE('',#3484,#3483,#2815,.T.);
#4472=EDGE_CURVE('',#3483,#3484,#2816,.T.);
#4473=EDGE_CURVE('',#3482,#3485,#1831,.T.);
#4474=EDGE_CURVE('',#3485,#3485,#2817,.T.);
#4475=EDGE_CURVE('',#3486,#3486,#2818,.T.);
#4476=EDGE_CURVE('',#3486,#3487,#1832,.T.);
#4477=EDGE_CURVE('',#3487,#3487,#2819,.T.);
#4478=EDGE_CURVE('',#3488,#3488,#2820,.T.);
#4479=EDGE_CURVE('',#3488,#3489,#1833,.T.);
#4480=EDGE_CURVE('',#3489,#3489,#2821,.T.);
#4481=EDGE_CURVE('',#3490,#3490,#2822,.T.);
#4482=EDGE_CURVE('',#3490,#3491,#1834,.T.);
#4483=EDGE_CURVE('',#3491,#3491,#2823,.T.);
#4484=EDGE_CURVE('',#3492,#3492,#2824,.T.);
#4485=EDGE_CURVE('',#3492,#3493,#1835,.T.);
#4486=EDGE_CURVE('',#3493,#3493,#2825,.T.);
#4487=EDGE_CURVE('',#3494,#3494,#2826,.T.);
#4488=EDGE_CURVE('',#3494,#3495,#1836,.T.);
#4489=EDGE_CURVE('',#3495,#3495,#2827,.T.);
#4490=EDGE_CURVE('',#3496,#3496,#2828,.T.);
#4491=EDGE_CURVE('',#3496,#3497,#1837,.T.);
#4492=EDGE_CURVE('',#3497,#3497,#2829,.T.);
#4493=EDGE_CURVE('',#3498,#3498,#2830,.F.);
#4494=EDGE_CURVE('',#3498,#3499,#1838,.T.);
#4495=EDGE_CURVE('',#3499,#3499,#2831,.T.);
#4496=EDGE_CURVE('',#3484,#3500,#1839,.T.);
#4497=EDGE_CURVE('',#3500,#3500,#2832,.T.);
#4498=EDGE_CURVE('',#3501,#3502,#287,.T.);
#4499=EDGE_CURVE('',#3503,#3501,#1840,.T.);
#4500=EDGE_CURVE('',#3502,#3503,#1841,.T.);
#4501=EDGE_CURVE('',#3502,#3504,#288,.T.);
#4502=EDGE_CURVE('',#3505,#3503,#1842,.T.);
#4503=EDGE_CURVE('',#3504,#3505,#1843,.T.);
#4504=EDGE_CURVE('',#3506,#3505,#1844,.T.);
#4505=EDGE_CURVE('',#3507,#3501,#1845,.T.);
#4506=EDGE_CURVE('',#3506,#3507,#1846,.T.);
#4507=EDGE_CURVE('',#3508,#3507,#1847,.T.);
#4508=EDGE_CURVE('',#3509,#3508,#289,.T.);
#4509=EDGE_CURVE('',#3506,#3509,#1848,.T.);
#4510=EDGE_CURVE('',#3508,#3501,#290,.T.);
#4511=EDGE_CURVE('',#3510,#3510,#291,.T.);
#4512=EDGE_CURVE('',#3509,#3511,#15,.T.);
#4513=EDGE_CURVE('',#3511,#3504,#16,.T.);
#4514=EDGE_CURVE('',#3512,#3511,#1849,.T.);
#4515=EDGE_CURVE('',#3512,#3512,#292,.T.);
#4516=EDGE_CURVE('',#3513,#3510,#1850,.T.);
#4517=EDGE_CURVE('',#3513,#3513,#293,.T.);
#4518=EDGE_CURVE('',#3514,#3515,#1851,.T.);
#4519=EDGE_CURVE('',#3514,#3516,#1852,.T.);
#4520=EDGE_CURVE('',#3517,#3516,#1853,.T.);
#4521=EDGE_CURVE('',#3515,#3517,#1854,.T.);
#4522=EDGE_CURVE('',#3515,#3518,#2833,.T.);
#4523=EDGE_CURVE('',#3519,#3517,#2834,.T.);
#4524=EDGE_CURVE('',#3518,#3519,#1855,.T.);
#4525=EDGE_CURVE('',#3518,#3520,#1856,.T.);
#4526=EDGE_CURVE('',#3521,#3519,#1857,.T.);
#4527=EDGE_CURVE('',#3520,#3521,#1858,.T.);
#4528=EDGE_CURVE('',#3520,#3522,#2835,.T.);
#4529=EDGE_CURVE('',#3523,#3521,#2836,.T.);
#4530=EDGE_CURVE('',#3522,#3523,#1859,.T.);
#4531=EDGE_CURVE('',#3522,#3524,#1860,.T.);
#4532=EDGE_CURVE('',#3525,#3523,#1861,.T.);
#4533=EDGE_CURVE('',#3524,#3525,#1862,.T.);
#4534=EDGE_CURVE('',#3524,#3526,#2837,.T.);
#4535=EDGE_CURVE('',#3527,#3525,#2838,.T.);
#4536=EDGE_CURVE('',#3526,#3527,#1863,.T.);
#4537=EDGE_CURVE('',#3526,#3528,#1864,.T.);
#4538=EDGE_CURVE('',#3529,#3527,#1865,.T.);
#4539=EDGE_CURVE('',#3528,#3529,#1866,.T.);
#4540=EDGE_CURVE('',#3528,#3514,#2839,.T.);
#4541=EDGE_CURVE('',#3516,#3529,#2840,.T.);
#4542=EDGE_CURVE('',#3530,#3531,#1867,.T.);
#4543=EDGE_CURVE('',#3530,#3532,#1868,.T.);
#4544=EDGE_CURVE('',#3533,#3532,#1869,.T.);
#4545=EDGE_CURVE('',#3531,#3533,#1870,.T.);
#4546=EDGE_CURVE('',#3531,#3534,#2841,.T.);
#4547=EDGE_CURVE('',#3535,#3533,#2842,.T.);
#4548=EDGE_CURVE('',#3534,#3535,#1871,.T.);
#4549=EDGE_CURVE('',#3534,#3536,#1872,.T.);
#4550=EDGE_CURVE('',#3537,#3535,#1873,.T.);
#4551=EDGE_CURVE('',#3536,#3537,#1874,.T.);
#4552=EDGE_CURVE('',#3536,#3538,#2843,.T.);
#4553=EDGE_CURVE('',#3539,#3537,#2844,.T.);
#4554=EDGE_CURVE('',#3538,#3539,#1875,.T.);
#4555=EDGE_CURVE('',#3538,#3540,#1876,.T.);
#4556=EDGE_CURVE('',#3541,#3539,#1877,.T.);
#4557=EDGE_CURVE('',#3540,#3541,#1878,.T.);
#4558=EDGE_CURVE('',#3540,#3542,#2845,.T.);
#4559=EDGE_CURVE('',#3543,#3541,#2846,.T.);
#4560=EDGE_CURVE('',#3542,#3543,#1879,.T.);
#4561=EDGE_CURVE('',#3542,#3544,#1880,.T.);
#4562=EDGE_CURVE('',#3545,#3543,#1881,.T.);
#4563=EDGE_CURVE('',#3544,#3545,#1882,.T.);
#4564=EDGE_CURVE('',#3544,#3530,#2847,.T.);
#4565=EDGE_CURVE('',#3532,#3545,#2848,.T.);
#4566=EDGE_CURVE('',#3546,#3546,#2849,.T.);
#4567=EDGE_CURVE('',#3546,#3547,#1883,.T.);
#4568=EDGE_CURVE('',#3547,#3547,#2850,.T.);
#4569=EDGE_CURVE('',#3548,#3548,#2851,.T.);
#4570=EDGE_CURVE('',#3548,#3549,#1884,.T.);
#4571=EDGE_CURVE('',#3549,#3549,#2852,.T.);
#4572=EDGE_CURVE('',#3550,#3550,#2853,.T.);
#4573=EDGE_CURVE('',#3550,#3551,#1885,.T.);
#4574=EDGE_CURVE('',#3551,#3551,#2854,.T.);
#4575=EDGE_CURVE('',#3552,#3552,#2855,.T.);
#4576=EDGE_CURVE('',#3552,#3553,#1886,.T.);
#4577=EDGE_CURVE('',#3553,#3553,#2856,.T.);
#4578=EDGE_CURVE('',#3554,#3554,#2857,.T.);
#4579=EDGE_CURVE('',#3554,#3555,#1887,.T.);
#4580=EDGE_CURVE('',#3555,#3555,#2858,.T.);
#4581=EDGE_CURVE('',#3556,#3556,#2859,.T.);
#4582=EDGE_CURVE('',#3556,#3557,#1888,.T.);
#4583=EDGE_CURVE('',#3557,#3557,#2860,.T.);
#4584=EDGE_CURVE('',#3558,#3559,#2861,.T.);
#4585=EDGE_CURVE('',#3559,#3560,#1889,.T.);
#4586=EDGE_CURVE('',#3561,#3560,#2862,.T.);
#4587=EDGE_CURVE('',#3558,#3561,#1890,.T.);
#4588=EDGE_CURVE('',#3562,#3558,#2863,.T.);
#4589=EDGE_CURVE('',#3563,#3561,#2864,.T.);
#4590=EDGE_CURVE('',#3562,#3563,#1891,.T.);
#4591=EDGE_CURVE('',#3562,#3564,#1892,.T.);
#4592=EDGE_CURVE('',#3565,#3563,#1893,.T.);
#4593=EDGE_CURVE('',#3564,#3565,#1894,.T.);
#4594=EDGE_CURVE('',#3566,#3564,#2865,.T.);
#4595=EDGE_CURVE('',#3567,#3565,#2866,.T.);
#4596=EDGE_CURVE('',#3566,#3567,#1895,.T.);
#4597=EDGE_CURVE('',#3568,#3566,#2867,.T.);
#4598=EDGE_CURVE('',#3569,#3567,#2868,.T.);
#4599=EDGE_CURVE('',#3568,#3569,#1896,.T.);
#4600=EDGE_CURVE('',#3568,#3570,#1897,.T.);
#4601=EDGE_CURVE('',#3571,#3569,#1898,.T.);
#4602=EDGE_CURVE('',#3570,#3571,#1899,.T.);
#4603=EDGE_CURVE('',#3572,#3570,#2869,.T.);
#4604=EDGE_CURVE('',#3573,#3571,#2870,.T.);
#4605=EDGE_CURVE('',#3572,#3573,#1900,.T.);
#4606=EDGE_CURVE('',#3574,#3572,#2871,.T.);
#4607=EDGE_CURVE('',#3575,#3573,#2872,.T.);
#4608=EDGE_CURVE('',#3574,#3575,#1901,.T.);
#4609=EDGE_CURVE('',#3574,#3576,#1902,.T.);
#4610=EDGE_CURVE('',#3577,#3575,#1903,.T.);
#4611=EDGE_CURVE('',#3576,#3577,#1904,.T.);
#4612=EDGE_CURVE('',#3578,#3576,#2873,.T.);
#4613=EDGE_CURVE('',#3579,#3577,#2874,.T.);
#4614=EDGE_CURVE('',#3578,#3579,#1905,.T.);
#4615=EDGE_CURVE('',#3580,#3578,#2875,.T.);
#4616=EDGE_CURVE('',#3581,#3579,#2876,.T.);
#4617=EDGE_CURVE('',#3580,#3581,#1906,.T.);
#4618=EDGE_CURVE('',#3580,#3582,#1907,.T.);
#4619=EDGE_CURVE('',#3583,#3581,#1908,.T.);
#4620=EDGE_CURVE('',#3582,#3583,#1909,.T.);
#4621=EDGE_CURVE('',#3582,#3584,#2877,.T.);
#4622=EDGE_CURVE('',#3585,#3583,#2878,.T.);
#4623=EDGE_CURVE('',#3584,#3585,#1910,.T.);
#4624=EDGE_CURVE('',#3584,#3586,#1911,.T.);
#4625=EDGE_CURVE('',#3587,#3585,#1912,.T.);
#4626=EDGE_CURVE('',#3586,#3587,#1913,.T.);
#4627=EDGE_CURVE('',#3586,#3588,#2879,.T.);
#4628=EDGE_CURVE('',#3589,#3587,#2880,.T.);
#4629=EDGE_CURVE('',#3588,#3589,#1914,.T.);
#4630=EDGE_CURVE('',#3588,#3590,#1915,.T.);
#4631=EDGE_CURVE('',#3591,#3589,#1916,.T.);
#4632=EDGE_CURVE('',#3590,#3591,#1917,.T.);
#4633=EDGE_CURVE('',#3590,#3592,#2881,.T.);
#4634=EDGE_CURVE('',#3593,#3591,#2882,.T.);
#4635=EDGE_CURVE('',#3592,#3593,#1918,.T.);
#4636=EDGE_CURVE('',#3592,#3594,#1919,.T.);
#4637=EDGE_CURVE('',#3595,#3593,#1920,.T.);
#4638=EDGE_CURVE('',#3594,#3595,#1921,.T.);
#4639=EDGE_CURVE('',#3594,#3596,#2883,.T.);
#4640=EDGE_CURVE('',#3597,#3595,#2884,.T.);
#4641=EDGE_CURVE('',#3596,#3597,#1922,.T.);
#4642=EDGE_CURVE('',#3596,#3598,#1923,.T.);
#4643=EDGE_CURVE('',#3599,#3597,#1924,.T.);
#4644=EDGE_CURVE('',#3598,#3599,#1925,.T.);
#4645=EDGE_CURVE('',#3600,#3598,#2885,.T.);
#4646=EDGE_CURVE('',#3601,#3599,#2886,.T.);
#4647=EDGE_CURVE('',#3600,#3601,#1926,.T.);
#4648=EDGE_CURVE('',#3602,#3600,#2887,.T.);
#4649=EDGE_CURVE('',#3603,#3601,#2888,.T.);
#4650=EDGE_CURVE('',#3602,#3603,#1927,.T.);
#4651=EDGE_CURVE('',#3602,#3604,#1928,.T.);
#4652=EDGE_CURVE('',#3605,#3603,#1929,.T.);
#4653=EDGE_CURVE('',#3604,#3605,#1930,.T.);
#4654=EDGE_CURVE('',#3606,#3604,#2889,.T.);
#4655=EDGE_CURVE('',#3607,#3605,#2890,.T.);
#4656=EDGE_CURVE('',#3606,#3607,#1931,.T.);
#4657=EDGE_CURVE('',#3608,#3606,#2891,.T.);
#4658=EDGE_CURVE('',#3609,#3607,#2892,.T.);
#4659=EDGE_CURVE('',#3608,#3609,#1932,.T.);
#4660=EDGE_CURVE('',#3608,#3559,#1933,.T.);
#4661=EDGE_CURVE('',#3560,#3609,#1934,.T.);
#4662=EDGE_CURVE('',#3610,#3611,#2893,.T.);
#4663=EDGE_CURVE('',#3611,#3612,#2894,.T.);
#4664=EDGE_CURVE('',#3612,#3612,#2895,.T.);
#4665=EDGE_CURVE('',#3611,#3610,#2896,.T.);
#4666=EDGE_CURVE('',#3613,#3613,#2897,.T.);
#4667=EDGE_CURVE('',#3614,#3614,#2898,.T.);
#4668=EDGE_CURVE('',#3614,#3610,#1935,.T.);
#4669=EDGE_CURVE('',#3615,#3615,#2899,.T.);
#4670=EDGE_CURVE('',#3615,#3616,#2900,.T.);
#4671=EDGE_CURVE('',#3616,#3617,#2901,.T.);
#4672=EDGE_CURVE('',#3617,#3616,#2902,.T.);
#4673=EDGE_CURVE('',#3617,#3613,#1936,.T.);
#4674=EDGE_CURVE('',#3618,#3619,#2903,.T.);
#4675=EDGE_CURVE('',#3619,#3620,#2904,.T.);
#4676=EDGE_CURVE('',#3620,#3620,#2905,.T.);
#4677=EDGE_CURVE('',#3619,#3618,#2906,.T.);
#4678=EDGE_CURVE('',#3621,#3621,#2907,.T.);
#4679=EDGE_CURVE('',#3622,#3622,#2908,.T.);
#4680=EDGE_CURVE('',#3622,#3618,#1937,.T.);
#4681=EDGE_CURVE('',#3623,#3623,#2909,.T.);
#4682=EDGE_CURVE('',#3623,#3624,#2910,.T.);
#4683=EDGE_CURVE('',#3624,#3625,#2911,.T.);
#4684=EDGE_CURVE('',#3625,#3624,#2912,.T.);
#4685=EDGE_CURVE('',#3625,#3621,#1938,.T.);
#4686=EDGE_CURVE('',#3626,#3627,#2913,.T.);
#4687=EDGE_CURVE('',#3627,#3628,#2914,.T.);
#4688=EDGE_CURVE('',#3628,#3628,#2915,.T.);
#4689=EDGE_CURVE('',#3627,#3626,#2916,.T.);
#4690=EDGE_CURVE('',#3629,#3629,#2917,.T.);
#4691=EDGE_CURVE('',#3630,#3630,#2918,.T.);
#4692=EDGE_CURVE('',#3630,#3626,#1939,.T.);
#4693=EDGE_CURVE('',#3631,#3631,#2919,.T.);
#4694=EDGE_CURVE('',#3631,#3632,#2920,.T.);
#4695=EDGE_CURVE('',#3632,#3633,#2921,.T.);
#4696=EDGE_CURVE('',#3633,#3632,#2922,.T.);
#4697=EDGE_CURVE('',#3633,#3629,#1940,.T.);
#4698=EDGE_CURVE('',#3634,#3635,#2923,.T.);
#4699=EDGE_CURVE('',#3635,#3636,#2924,.T.);
#4700=EDGE_CURVE('',#3636,#3636,#2925,.T.);
#4701=EDGE_CURVE('',#3635,#3634,#2926,.T.);
#4702=EDGE_CURVE('',#3637,#3637,#2927,.T.);
#4703=EDGE_CURVE('',#3638,#3638,#2928,.T.);
#4704=EDGE_CURVE('',#3638,#3634,#1941,.T.);
#4705=EDGE_CURVE('',#3639,#3639,#2929,.T.);
#4706=EDGE_CURVE('',#3639,#3640,#2930,.T.);
#4707=EDGE_CURVE('',#3640,#3641,#2931,.T.);
#4708=EDGE_CURVE('',#3641,#3640,#2932,.T.);
#4709=EDGE_CURVE('',#3641,#3637,#1942,.T.);
#4710=EDGE_CURVE('',#3642,#3643,#2933,.T.);
#4711=EDGE_CURVE('',#3643,#3644,#2934,.T.);
#4712=EDGE_CURVE('',#3644,#3644,#2935,.T.);
#4713=EDGE_CURVE('',#3643,#3642,#2936,.T.);
#4714=EDGE_CURVE('',#3645,#3645,#2937,.T.);
#4715=EDGE_CURVE('',#3646,#3646,#2938,.T.);
#4716=EDGE_CURVE('',#3646,#3642,#1943,.T.);
#4717=EDGE_CURVE('',#3647,#3647,#2939,.T.);
#4718=EDGE_CURVE('',#3647,#3648,#2940,.T.);
#4719=EDGE_CURVE('',#3648,#3649,#2941,.T.);
#4720=EDGE_CURVE('',#3649,#3648,#2942,.T.);
#4721=EDGE_CURVE('',#3649,#3645,#1944,.T.);
#4722=EDGE_CURVE('',#3650,#3651,#2943,.T.);
#4723=EDGE_CURVE('',#3651,#3652,#2944,.T.);
#4724=EDGE_CURVE('',#3652,#3652,#2945,.T.);
#4725=EDGE_CURVE('',#3651,#3650,#2946,.T.);
#4726=EDGE_CURVE('',#3653,#3653,#2947,.T.);
#4727=EDGE_CURVE('',#3654,#3654,#2948,.T.);
#4728=EDGE_CURVE('',#3654,#3650,#1945,.T.);
#4729=EDGE_CURVE('',#3655,#3655,#2949,.T.);
#4730=EDGE_CURVE('',#3655,#3656,#2950,.T.);
#4731=EDGE_CURVE('',#3656,#3657,#2951,.T.);
#4732=EDGE_CURVE('',#3657,#3656,#2952,.T.);
#4733=EDGE_CURVE('',#3657,#3653,#1946,.T.);
#4734=ORIENTED_EDGE('',*,*,#3658,.F.);
#4735=ORIENTED_EDGE('',*,*,#3659,.T.);
#4736=ORIENTED_EDGE('',*,*,#3660,.T.);
#4737=ORIENTED_EDGE('',*,*,#3659,.F.);
#4738=ORIENTED_EDGE('',*,*,#3660,.F.);
#4739=ORIENTED_EDGE('',*,*,#3661,.F.);
#4740=ORIENTED_EDGE('',*,*,#3662,.T.);
#4741=ORIENTED_EDGE('',*,*,#3663,.F.);
#4742=ORIENTED_EDGE('',*,*,#3662,.F.);
#4743=ORIENTED_EDGE('',*,*,#3664,.F.);
#4744=ORIENTED_EDGE('',*,*,#3665,.T.);
#4745=ORIENTED_EDGE('',*,*,#3666,.T.);
#4746=ORIENTED_EDGE('',*,*,#3665,.F.);
#4747=ORIENTED_EDGE('',*,*,#3666,.F.);
#4748=ORIENTED_EDGE('',*,*,#3667,.F.);
#4749=ORIENTED_EDGE('',*,*,#3668,.T.);
#4750=ORIENTED_EDGE('',*,*,#3669,.F.);
#4751=ORIENTED_EDGE('',*,*,#3668,.F.);
#4752=ORIENTED_EDGE('',*,*,#3670,.F.);
#4753=ORIENTED_EDGE('',*,*,#3671,.T.);
#4754=ORIENTED_EDGE('',*,*,#3672,.F.);
#4755=ORIENTED_EDGE('',*,*,#3671,.F.);
#4756=ORIENTED_EDGE('',*,*,#3673,.F.);
#4757=ORIENTED_EDGE('',*,*,#3674,.T.);
#4758=ORIENTED_EDGE('',*,*,#3675,.T.);
#4759=ORIENTED_EDGE('',*,*,#3674,.F.);
#4760=ORIENTED_EDGE('',*,*,#3675,.F.);
#4761=ORIENTED_EDGE('',*,*,#3676,.T.);
#4762=ORIENTED_EDGE('',*,*,#3677,.T.);
#4763=ORIENTED_EDGE('',*,*,#3678,.T.);
#4764=ORIENTED_EDGE('',*,*,#3679,.T.);
#4765=ORIENTED_EDGE('',*,*,#3680,.T.);
#4766=ORIENTED_EDGE('',*,*,#3681,.T.);
#4767=ORIENTED_EDGE('',*,*,#3680,.F.);
#4768=ORIENTED_EDGE('',*,*,#3682,.T.);
#4769=ORIENTED_EDGE('',*,*,#3683,.T.);
#4770=ORIENTED_EDGE('',*,*,#3684,.T.);
#4771=ORIENTED_EDGE('',*,*,#3683,.F.);
#4772=ORIENTED_EDGE('',*,*,#3685,.T.);
#4773=ORIENTED_EDGE('',*,*,#3686,.T.);
#4774=ORIENTED_EDGE('',*,*,#3687,.T.);
#4775=ORIENTED_EDGE('',*,*,#3686,.F.);
#4776=ORIENTED_EDGE('',*,*,#3688,.T.);
#4777=ORIENTED_EDGE('',*,*,#3689,.T.);
#4778=ORIENTED_EDGE('',*,*,#3690,.T.);
#4779=ORIENTED_EDGE('',*,*,#3691,.T.);
#4780=ORIENTED_EDGE('',*,*,#3692,.T.);
#4781=ORIENTED_EDGE('',*,*,#3693,.T.);
#4782=ORIENTED_EDGE('',*,*,#3694,.T.);
#4783=ORIENTED_EDGE('',*,*,#3689,.F.);
#4784=ORIENTED_EDGE('',*,*,#3695,.T.);
#4785=ORIENTED_EDGE('',*,*,#3676,.F.);
#4786=ORIENTED_EDGE('',*,*,#3696,.F.);
#4787=ORIENTED_EDGE('',*,*,#3697,.F.);
#4788=ORIENTED_EDGE('',*,*,#3698,.T.);
#4789=ORIENTED_EDGE('',*,*,#3681,.F.);
#4790=ORIENTED_EDGE('',*,*,#3699,.F.);
#4791=ORIENTED_EDGE('',*,*,#3700,.F.);
#4792=ORIENTED_EDGE('',*,*,#3696,.T.);
#4793=ORIENTED_EDGE('',*,*,#3701,.T.);
#4794=ORIENTED_EDGE('',*,*,#3702,.T.);
#4795=ORIENTED_EDGE('',*,*,#3703,.T.);
#4796=ORIENTED_EDGE('',*,*,#3704,.T.);
#4797=ORIENTED_EDGE('',*,*,#3684,.F.);
#4798=ORIENTED_EDGE('',*,*,#3705,.F.);
#4799=ORIENTED_EDGE('',*,*,#3706,.T.);
#4800=ORIENTED_EDGE('',*,*,#3707,.T.);
#4801=ORIENTED_EDGE('',*,*,#3708,.T.);
#4802=ORIENTED_EDGE('',*,*,#3709,.F.);
#4803=ORIENTED_EDGE('',*,*,#3710,.F.);
#4804=ORIENTED_EDGE('',*,*,#3699,.T.);
#4805=ORIENTED_EDGE('',*,*,#3687,.F.);
#4806=ORIENTED_EDGE('',*,*,#3711,.F.);
#4807=ORIENTED_EDGE('',*,*,#3712,.T.);
#4808=ORIENTED_EDGE('',*,*,#3705,.T.);
#4809=ORIENTED_EDGE('',*,*,#3694,.F.);
#4810=ORIENTED_EDGE('',*,*,#3713,.F.);
#4811=ORIENTED_EDGE('',*,*,#3714,.T.);
#4812=ORIENTED_EDGE('',*,*,#3711,.T.);
#4813=ORIENTED_EDGE('',*,*,#3692,.F.);
#4814=ORIENTED_EDGE('',*,*,#3715,.T.);
#4815=ORIENTED_EDGE('',*,*,#3716,.T.);
#4816=ORIENTED_EDGE('',*,*,#3717,.T.);
#4817=ORIENTED_EDGE('',*,*,#3693,.F.);
#4818=ORIENTED_EDGE('',*,*,#3690,.F.);
#4819=ORIENTED_EDGE('',*,*,#3718,.T.);
#4820=ORIENTED_EDGE('',*,*,#3719,.T.);
#4821=ORIENTED_EDGE('',*,*,#3720,.T.);
#4822=ORIENTED_EDGE('',*,*,#3721,.T.);
#4823=ORIENTED_EDGE('',*,*,#3719,.F.);
#4824=ORIENTED_EDGE('',*,*,#3722,.T.);
#4825=ORIENTED_EDGE('',*,*,#3678,.F.);
#4826=ORIENTED_EDGE('',*,*,#3723,.T.);
#4827=ORIENTED_EDGE('',*,*,#3724,.T.);
#4828=ORIENTED_EDGE('',*,*,#3725,.T.);
#4829=ORIENTED_EDGE('',*,*,#3726,.T.);
#4830=ORIENTED_EDGE('',*,*,#3727,.T.);
#4831=ORIENTED_EDGE('',*,*,#3677,.F.);
#4832=ORIENTED_EDGE('',*,*,#3728,.T.);
#4833=ORIENTED_EDGE('',*,*,#3723,.F.);
#4834=ORIENTED_EDGE('',*,*,#3679,.F.);
#4835=ORIENTED_EDGE('',*,*,#3727,.F.);
#4836=ORIENTED_EDGE('',*,*,#3729,.F.);
#4837=ORIENTED_EDGE('',*,*,#3730,.F.);
#4838=ORIENTED_EDGE('',*,*,#3731,.F.);
#4839=ORIENTED_EDGE('',*,*,#3732,.F.);
#4840=ORIENTED_EDGE('',*,*,#3733,.F.);
#4841=ORIENTED_EDGE('',*,*,#3734,.F.);
#4842=ORIENTED_EDGE('',*,*,#3735,.F.);
#4843=ORIENTED_EDGE('',*,*,#3736,.F.);
#4844=ORIENTED_EDGE('',*,*,#3737,.F.);
#4845=ORIENTED_EDGE('',*,*,#3738,.F.);
#4846=ORIENTED_EDGE('',*,*,#3739,.F.);
#4847=ORIENTED_EDGE('',*,*,#3740,.F.);
#4848=ORIENTED_EDGE('',*,*,#3741,.F.);
#4849=ORIENTED_EDGE('',*,*,#3742,.F.);
#4850=ORIENTED_EDGE('',*,*,#3743,.F.);
#4851=ORIENTED_EDGE('',*,*,#3744,.F.);
#4852=ORIENTED_EDGE('',*,*,#3745,.F.);
#4853=ORIENTED_EDGE('',*,*,#3746,.F.);
#4854=ORIENTED_EDGE('',*,*,#3747,.F.);
#4855=ORIENTED_EDGE('',*,*,#3748,.F.);
#4856=ORIENTED_EDGE('',*,*,#3749,.F.);
#4857=ORIENTED_EDGE('',*,*,#3750,.F.);
#4858=ORIENTED_EDGE('',*,*,#3751,.F.);
#4859=ORIENTED_EDGE('',*,*,#3752,.F.);
#4860=ORIENTED_EDGE('',*,*,#3753,.F.);
#4861=ORIENTED_EDGE('',*,*,#3754,.F.);
#4862=ORIENTED_EDGE('',*,*,#3755,.F.);
#4863=ORIENTED_EDGE('',*,*,#3756,.F.);
#4864=ORIENTED_EDGE('',*,*,#3757,.F.);
#4865=ORIENTED_EDGE('',*,*,#3758,.F.);
#4866=ORIENTED_EDGE('',*,*,#3759,.F.);
#4867=ORIENTED_EDGE('',*,*,#3760,.F.);
#4868=ORIENTED_EDGE('',*,*,#3715,.F.);
#4869=ORIENTED_EDGE('',*,*,#3691,.F.);
#4870=ORIENTED_EDGE('',*,*,#3722,.F.);
#4871=ORIENTED_EDGE('',*,*,#3718,.F.);
#4872=ORIENTED_EDGE('',*,*,#3695,.F.);
#4873=ORIENTED_EDGE('',*,*,#3688,.F.);
#4874=ORIENTED_EDGE('',*,*,#3685,.F.);
#4875=ORIENTED_EDGE('',*,*,#3682,.F.);
#4876=ORIENTED_EDGE('',*,*,#3761,.F.);
#4877=ORIENTED_EDGE('',*,*,#3762,.F.);
#4878=ORIENTED_EDGE('',*,*,#3763,.T.);
#4879=ORIENTED_EDGE('',*,*,#3764,.T.);
#4880=ORIENTED_EDGE('',*,*,#3765,.T.);
#4881=ORIENTED_EDGE('',*,*,#3766,.T.);
#4882=ORIENTED_EDGE('',*,*,#3767,.T.);
#4883=ORIENTED_EDGE('',*,*,#3768,.T.);
#4884=ORIENTED_EDGE('',*,*,#3769,.T.);
#4885=ORIENTED_EDGE('',*,*,#3770,.T.);
#4886=ORIENTED_EDGE('',*,*,#3771,.T.);
#4887=ORIENTED_EDGE('',*,*,#3772,.T.);
#4888=ORIENTED_EDGE('',*,*,#3773,.T.);
#4889=ORIENTED_EDGE('',*,*,#3774,.T.);
#4890=ORIENTED_EDGE('',*,*,#3775,.T.);
#4891=ORIENTED_EDGE('',*,*,#3776,.T.);
#4892=ORIENTED_EDGE('',*,*,#3777,.T.);
#4893=ORIENTED_EDGE('',*,*,#3778,.T.);
#4894=ORIENTED_EDGE('',*,*,#3779,.F.);
#4895=ORIENTED_EDGE('',*,*,#3780,.F.);
#4896=ORIENTED_EDGE('',*,*,#3781,.F.);
#4897=ORIENTED_EDGE('',*,*,#3726,.F.);
#4898=ORIENTED_EDGE('',*,*,#3782,.T.);
#4899=ORIENTED_EDGE('',*,*,#3783,.T.);
#4900=ORIENTED_EDGE('',*,*,#3784,.T.);
#4901=ORIENTED_EDGE('',*,*,#3785,.T.);
#4902=ORIENTED_EDGE('',*,*,#3729,.T.);
#4903=ORIENTED_EDGE('',*,*,#3725,.F.);
#4904=ORIENTED_EDGE('',*,*,#3786,.T.);
#4905=ORIENTED_EDGE('',*,*,#3782,.F.);
#4906=ORIENTED_EDGE('',*,*,#3724,.F.);
#4907=ORIENTED_EDGE('',*,*,#3787,.F.);
#4908=ORIENTED_EDGE('',*,*,#3788,.F.);
#4909=ORIENTED_EDGE('',*,*,#3789,.T.);
#4910=ORIENTED_EDGE('',*,*,#3785,.F.);
#4911=ORIENTED_EDGE('',*,*,#3790,.T.);
#4912=ORIENTED_EDGE('',*,*,#3791,.T.);
#4913=ORIENTED_EDGE('',*,*,#3792,.T.);
#4914=ORIENTED_EDGE('',*,*,#3793,.T.);
#4915=ORIENTED_EDGE('',*,*,#3730,.T.);
#4916=ORIENTED_EDGE('',*,*,#3784,.F.);
#4917=ORIENTED_EDGE('',*,*,#3794,.T.);
#4918=ORIENTED_EDGE('',*,*,#3790,.F.);
#4919=ORIENTED_EDGE('',*,*,#3793,.F.);
#4920=ORIENTED_EDGE('',*,*,#3795,.T.);
#4921=ORIENTED_EDGE('',*,*,#3796,.T.);
#4922=ORIENTED_EDGE('',*,*,#3797,.F.);
#4923=ORIENTED_EDGE('',*,*,#3731,.T.);
#4924=ORIENTED_EDGE('',*,*,#3792,.F.);
#4925=ORIENTED_EDGE('',*,*,#3798,.F.);
#4926=ORIENTED_EDGE('',*,*,#3799,.F.);
#4927=ORIENTED_EDGE('',*,*,#3800,.T.);
#4928=ORIENTED_EDGE('',*,*,#3795,.F.);
#4929=ORIENTED_EDGE('',*,*,#3791,.F.);
#4930=ORIENTED_EDGE('',*,*,#3801,.F.);
#4931=ORIENTED_EDGE('',*,*,#3802,.F.);
#4932=ORIENTED_EDGE('',*,*,#3798,.T.);
#4933=ORIENTED_EDGE('',*,*,#3803,.T.);
#4934=ORIENTED_EDGE('',*,*,#3804,.T.);
#4935=ORIENTED_EDGE('',*,*,#3805,.T.);
#4936=ORIENTED_EDGE('',*,*,#3742,.T.);
#4937=ORIENTED_EDGE('',*,*,#3806,.T.);
#4938=ORIENTED_EDGE('',*,*,#3807,.T.);
#4939=ORIENTED_EDGE('',*,*,#3806,.F.);
#4940=ORIENTED_EDGE('',*,*,#3741,.T.);
#4941=ORIENTED_EDGE('',*,*,#3808,.T.);
#4942=ORIENTED_EDGE('',*,*,#3809,.T.);
#4943=ORIENTED_EDGE('',*,*,#3808,.F.);
#4944=ORIENTED_EDGE('',*,*,#3740,.T.);
#4945=ORIENTED_EDGE('',*,*,#3810,.T.);
#4946=ORIENTED_EDGE('',*,*,#3811,.T.);
#4947=ORIENTED_EDGE('',*,*,#3810,.F.);
#4948=ORIENTED_EDGE('',*,*,#3739,.T.);
#4949=ORIENTED_EDGE('',*,*,#3812,.T.);
#4950=ORIENTED_EDGE('',*,*,#3813,.T.);
#4951=ORIENTED_EDGE('',*,*,#3812,.F.);
#4952=ORIENTED_EDGE('',*,*,#3738,.T.);
#4953=ORIENTED_EDGE('',*,*,#3814,.T.);
#4954=ORIENTED_EDGE('',*,*,#3815,.T.);
#4955=ORIENTED_EDGE('',*,*,#3814,.F.);
#4956=ORIENTED_EDGE('',*,*,#3737,.T.);
#4957=ORIENTED_EDGE('',*,*,#3816,.T.);
#4958=ORIENTED_EDGE('',*,*,#3817,.T.);
#4959=ORIENTED_EDGE('',*,*,#3816,.F.);
#4960=ORIENTED_EDGE('',*,*,#3736,.T.);
#4961=ORIENTED_EDGE('',*,*,#3818,.T.);
#4962=ORIENTED_EDGE('',*,*,#3819,.T.);
#4963=ORIENTED_EDGE('',*,*,#3818,.F.);
#4964=ORIENTED_EDGE('',*,*,#3735,.T.);
#4965=ORIENTED_EDGE('',*,*,#3820,.T.);
#4966=ORIENTED_EDGE('',*,*,#3821,.T.);
#4967=ORIENTED_EDGE('',*,*,#3820,.F.);
#4968=ORIENTED_EDGE('',*,*,#3734,.T.);
#4969=ORIENTED_EDGE('',*,*,#3822,.T.);
#4970=ORIENTED_EDGE('',*,*,#3823,.T.);
#4971=ORIENTED_EDGE('',*,*,#3822,.F.);
#4972=ORIENTED_EDGE('',*,*,#3733,.T.);
#4973=ORIENTED_EDGE('',*,*,#3824,.T.);
#4974=ORIENTED_EDGE('',*,*,#3825,.T.);
#4975=ORIENTED_EDGE('',*,*,#3824,.F.);
#4976=ORIENTED_EDGE('',*,*,#3732,.T.);
#4977=ORIENTED_EDGE('',*,*,#3797,.T.);
#4978=ORIENTED_EDGE('',*,*,#3805,.F.);
#4979=ORIENTED_EDGE('',*,*,#3826,.T.);
#4980=ORIENTED_EDGE('',*,*,#3827,.T.);
#4981=ORIENTED_EDGE('',*,*,#3828,.F.);
#4982=ORIENTED_EDGE('',*,*,#3743,.T.);
#4983=ORIENTED_EDGE('',*,*,#3804,.F.);
#4984=ORIENTED_EDGE('',*,*,#3829,.F.);
#4985=ORIENTED_EDGE('',*,*,#3830,.F.);
#4986=ORIENTED_EDGE('',*,*,#3831,.T.);
#4987=ORIENTED_EDGE('',*,*,#3826,.F.);
#4988=ORIENTED_EDGE('',*,*,#3803,.F.);
#4989=ORIENTED_EDGE('',*,*,#3832,.F.);
#4990=ORIENTED_EDGE('',*,*,#3833,.F.);
#4991=ORIENTED_EDGE('',*,*,#3829,.T.);
#4992=ORIENTED_EDGE('',*,*,#3834,.T.);
#4993=ORIENTED_EDGE('',*,*,#3835,.T.);
#4994=ORIENTED_EDGE('',*,*,#3836,.T.);
#4995=ORIENTED_EDGE('',*,*,#3745,.T.);
#4996=ORIENTED_EDGE('',*,*,#3837,.T.);
#4997=ORIENTED_EDGE('',*,*,#3838,.T.);
#4998=ORIENTED_EDGE('',*,*,#3837,.F.);
#4999=ORIENTED_EDGE('',*,*,#3744,.T.);
#5000=ORIENTED_EDGE('',*,*,#3828,.T.);
#5001=ORIENTED_EDGE('',*,*,#3836,.F.);
#5002=ORIENTED_EDGE('',*,*,#3839,.T.);
#5003=ORIENTED_EDGE('',*,*,#3840,.T.);
#5004=ORIENTED_EDGE('',*,*,#3841,.F.);
#5005=ORIENTED_EDGE('',*,*,#3746,.T.);
#5006=ORIENTED_EDGE('',*,*,#3835,.F.);
#5007=ORIENTED_EDGE('',*,*,#3842,.T.);
#5008=ORIENTED_EDGE('',*,*,#3843,.F.);
#5009=ORIENTED_EDGE('',*,*,#3844,.T.);
#5010=ORIENTED_EDGE('',*,*,#3839,.F.);
#5011=ORIENTED_EDGE('',*,*,#3834,.F.);
#5012=ORIENTED_EDGE('',*,*,#3845,.F.);
#5013=ORIENTED_EDGE('',*,*,#3846,.F.);
#5014=ORIENTED_EDGE('',*,*,#3842,.F.);
#5015=ORIENTED_EDGE('',*,*,#3847,.T.);
#5016=ORIENTED_EDGE('',*,*,#3848,.T.);
#5017=ORIENTED_EDGE('',*,*,#3849,.T.);
#5018=ORIENTED_EDGE('',*,*,#3747,.T.);
#5019=ORIENTED_EDGE('',*,*,#3841,.T.);
#5020=ORIENTED_EDGE('',*,*,#3849,.F.);
#5021=ORIENTED_EDGE('',*,*,#3850,.T.);
#5022=ORIENTED_EDGE('',*,*,#3851,.T.);
#5023=ORIENTED_EDGE('',*,*,#3852,.T.);
#5024=ORIENTED_EDGE('',*,*,#3853,.T.);
#5025=ORIENTED_EDGE('',*,*,#3748,.T.);
#5026=ORIENTED_EDGE('',*,*,#3848,.F.);
#5027=ORIENTED_EDGE('',*,*,#3854,.F.);
#5028=ORIENTED_EDGE('',*,*,#3855,.F.);
#5029=ORIENTED_EDGE('',*,*,#3856,.T.);
#5030=ORIENTED_EDGE('',*,*,#3850,.F.);
#5031=ORIENTED_EDGE('',*,*,#3847,.F.);
#5032=ORIENTED_EDGE('',*,*,#3857,.F.);
#5033=ORIENTED_EDGE('',*,*,#3858,.F.);
#5034=ORIENTED_EDGE('',*,*,#3854,.T.);
#5035=ORIENTED_EDGE('',*,*,#3853,.F.);
#5036=ORIENTED_EDGE('',*,*,#3859,.T.);
#5037=ORIENTED_EDGE('',*,*,#3860,.T.);
#5038=ORIENTED_EDGE('',*,*,#3861,.T.);
#5039=ORIENTED_EDGE('',*,*,#3862,.T.);
#5040=ORIENTED_EDGE('',*,*,#3749,.T.);
#5041=ORIENTED_EDGE('',*,*,#3862,.F.);
#5042=ORIENTED_EDGE('',*,*,#3863,.T.);
#5043=ORIENTED_EDGE('',*,*,#3864,.T.);
#5044=ORIENTED_EDGE('',*,*,#3865,.T.);
#5045=ORIENTED_EDGE('',*,*,#3866,.T.);
#5046=ORIENTED_EDGE('',*,*,#3750,.T.);
#5047=ORIENTED_EDGE('',*,*,#3861,.F.);
#5048=ORIENTED_EDGE('',*,*,#3867,.F.);
#5049=ORIENTED_EDGE('',*,*,#3868,.F.);
#5050=ORIENTED_EDGE('',*,*,#3869,.F.);
#5051=ORIENTED_EDGE('',*,*,#3870,.F.);
#5052=ORIENTED_EDGE('',*,*,#3871,.T.);
#5053=ORIENTED_EDGE('',*,*,#3872,.F.);
#5054=ORIENTED_EDGE('',*,*,#3873,.T.);
#5055=ORIENTED_EDGE('',*,*,#3863,.F.);
#5056=ORIENTED_EDGE('',*,*,#3860,.F.);
#5057=ORIENTED_EDGE('',*,*,#3874,.F.);
#5058=ORIENTED_EDGE('',*,*,#3875,.F.);
#5059=ORIENTED_EDGE('',*,*,#3867,.T.);
#5060=ORIENTED_EDGE('',*,*,#3866,.F.);
#5061=ORIENTED_EDGE('',*,*,#3876,.T.);
#5062=ORIENTED_EDGE('',*,*,#3877,.T.);
#5063=ORIENTED_EDGE('',*,*,#3878,.F.);
#5064=ORIENTED_EDGE('',*,*,#3751,.T.);
#5065=ORIENTED_EDGE('',*,*,#3760,.T.);
#5066=ORIENTED_EDGE('',*,*,#3879,.T.);
#5067=ORIENTED_EDGE('',*,*,#3880,.T.);
#5068=ORIENTED_EDGE('',*,*,#3716,.F.);
#5069=ORIENTED_EDGE('',*,*,#3759,.T.);
#5070=ORIENTED_EDGE('',*,*,#3881,.T.);
#5071=ORIENTED_EDGE('',*,*,#3882,.T.);
#5072=ORIENTED_EDGE('',*,*,#3879,.F.);
#5073=ORIENTED_EDGE('',*,*,#3758,.T.);
#5074=ORIENTED_EDGE('',*,*,#3883,.T.);
#5075=ORIENTED_EDGE('',*,*,#3884,.T.);
#5076=ORIENTED_EDGE('',*,*,#3881,.F.);
#5077=ORIENTED_EDGE('',*,*,#3885,.T.);
#5078=ORIENTED_EDGE('',*,*,#3883,.F.);
#5079=ORIENTED_EDGE('',*,*,#3757,.T.);
#5080=ORIENTED_EDGE('',*,*,#3886,.T.);
#5081=ORIENTED_EDGE('',*,*,#3887,.T.);
#5082=ORIENTED_EDGE('',*,*,#3886,.F.);
#5083=ORIENTED_EDGE('',*,*,#3756,.T.);
#5084=ORIENTED_EDGE('',*,*,#3888,.T.);
#5085=ORIENTED_EDGE('',*,*,#3889,.T.);
#5086=ORIENTED_EDGE('',*,*,#3888,.F.);
#5087=ORIENTED_EDGE('',*,*,#3755,.T.);
#5088=ORIENTED_EDGE('',*,*,#3890,.T.);
#5089=ORIENTED_EDGE('',*,*,#3891,.T.);
#5090=ORIENTED_EDGE('',*,*,#3890,.F.);
#5091=ORIENTED_EDGE('',*,*,#3754,.T.);
#5092=ORIENTED_EDGE('',*,*,#3892,.T.);
#5093=ORIENTED_EDGE('',*,*,#3893,.T.);
#5094=ORIENTED_EDGE('',*,*,#3892,.F.);
#5095=ORIENTED_EDGE('',*,*,#3753,.T.);
#5096=ORIENTED_EDGE('',*,*,#3894,.T.);
#5097=ORIENTED_EDGE('',*,*,#3895,.T.);
#5098=ORIENTED_EDGE('',*,*,#3894,.F.);
#5099=ORIENTED_EDGE('',*,*,#3752,.T.);
#5100=ORIENTED_EDGE('',*,*,#3878,.T.);
#5101=ORIENTED_EDGE('',*,*,#3717,.F.);
#5102=ORIENTED_EDGE('',*,*,#3896,.F.);
#5103=ORIENTED_EDGE('',*,*,#3897,.T.);
#5104=ORIENTED_EDGE('',*,*,#3713,.T.);
#5105=ORIENTED_EDGE('',*,*,#3781,.T.);
#5106=ORIENTED_EDGE('',*,*,#3898,.T.);
#5107=ORIENTED_EDGE('',*,*,#3899,.T.);
#5108=ORIENTED_EDGE('',*,*,#3900,.T.);
#5109=ORIENTED_EDGE('',*,*,#3898,.F.);
#5110=ORIENTED_EDGE('',*,*,#3900,.F.);
#5111=ORIENTED_EDGE('',*,*,#3901,.T.);
#5112=ORIENTED_EDGE('',*,*,#3902,.F.);
#5113=ORIENTED_EDGE('',*,*,#3901,.F.);
#5114=ORIENTED_EDGE('',*,*,#3899,.F.);
#5115=ORIENTED_EDGE('',*,*,#3761,.T.);
#5116=ORIENTED_EDGE('',*,*,#3903,.T.);
#5117=ORIENTED_EDGE('',*,*,#3904,.T.);
#5118=ORIENTED_EDGE('',*,*,#3905,.T.);
#5119=ORIENTED_EDGE('',*,*,#3903,.F.);
#5120=ORIENTED_EDGE('',*,*,#3905,.F.);
#5121=ORIENTED_EDGE('',*,*,#3906,.T.);
#5122=ORIENTED_EDGE('',*,*,#3907,.F.);
#5123=ORIENTED_EDGE('',*,*,#3906,.F.);
#5124=ORIENTED_EDGE('',*,*,#3904,.F.);
#5125=ORIENTED_EDGE('',*,*,#3780,.T.);
#5126=ORIENTED_EDGE('',*,*,#3908,.T.);
#5127=ORIENTED_EDGE('',*,*,#3909,.T.);
#5128=ORIENTED_EDGE('',*,*,#3910,.T.);
#5129=ORIENTED_EDGE('',*,*,#3908,.F.);
#5130=ORIENTED_EDGE('',*,*,#3910,.F.);
#5131=ORIENTED_EDGE('',*,*,#3911,.T.);
#5132=ORIENTED_EDGE('',*,*,#3912,.F.);
#5133=ORIENTED_EDGE('',*,*,#3911,.F.);
#5134=ORIENTED_EDGE('',*,*,#3909,.F.);
#5135=ORIENTED_EDGE('',*,*,#3721,.F.);
#5136=ORIENTED_EDGE('',*,*,#3913,.T.);
#5137=ORIENTED_EDGE('',*,*,#3914,.F.);
#5138=ORIENTED_EDGE('',*,*,#3913,.F.);
#5139=ORIENTED_EDGE('',*,*,#3720,.F.);
#5140=ORIENTED_EDGE('',*,*,#3779,.T.);
#5141=ORIENTED_EDGE('',*,*,#3915,.T.);
#5142=ORIENTED_EDGE('',*,*,#3916,.T.);
#5143=ORIENTED_EDGE('',*,*,#3917,.T.);
#5144=ORIENTED_EDGE('',*,*,#3915,.F.);
#5145=ORIENTED_EDGE('',*,*,#3917,.F.);
#5146=ORIENTED_EDGE('',*,*,#3918,.T.);
#5147=ORIENTED_EDGE('',*,*,#3919,.F.);
#5148=ORIENTED_EDGE('',*,*,#3918,.F.);
#5149=ORIENTED_EDGE('',*,*,#3916,.F.);
#5150=ORIENTED_EDGE('',*,*,#3762,.T.);
#5151=ORIENTED_EDGE('',*,*,#3920,.T.);
#5152=ORIENTED_EDGE('',*,*,#3921,.T.);
#5153=ORIENTED_EDGE('',*,*,#3922,.T.);
#5154=ORIENTED_EDGE('',*,*,#3920,.F.);
#5155=ORIENTED_EDGE('',*,*,#3922,.F.);
#5156=ORIENTED_EDGE('',*,*,#3923,.T.);
#5157=ORIENTED_EDGE('',*,*,#3924,.F.);
#5158=ORIENTED_EDGE('',*,*,#3923,.F.);
#5159=ORIENTED_EDGE('',*,*,#3921,.F.);
#5160=ORIENTED_EDGE('',*,*,#3704,.F.);
#5161=ORIENTED_EDGE('',*,*,#3925,.T.);
#5162=ORIENTED_EDGE('',*,*,#3926,.T.);
#5163=ORIENTED_EDGE('',*,*,#3927,.F.);
#5164=ORIENTED_EDGE('',*,*,#3928,.F.);
#5165=ORIENTED_EDGE('',*,*,#3929,.T.);
#5166=ORIENTED_EDGE('',*,*,#3930,.T.);
#5167=ORIENTED_EDGE('',*,*,#3931,.F.);
#5168=ORIENTED_EDGE('',*,*,#3932,.T.);
#5169=ORIENTED_EDGE('',*,*,#3933,.F.);
#5170=ORIENTED_EDGE('',*,*,#3934,.T.);
#5171=ORIENTED_EDGE('',*,*,#3897,.F.);
#5172=ORIENTED_EDGE('',*,*,#3935,.F.);
#5173=ORIENTED_EDGE('',*,*,#3936,.F.);
#5174=ORIENTED_EDGE('',*,*,#3937,.F.);
#5175=ORIENTED_EDGE('',*,*,#3938,.F.);
#5176=ORIENTED_EDGE('',*,*,#3939,.F.);
#5177=ORIENTED_EDGE('',*,*,#3940,.F.);
#5178=ORIENTED_EDGE('',*,*,#3941,.F.);
#5179=ORIENTED_EDGE('',*,*,#3942,.F.);
#5180=ORIENTED_EDGE('',*,*,#3943,.F.);
#5181=ORIENTED_EDGE('',*,*,#3944,.T.);
#5182=ORIENTED_EDGE('',*,*,#3945,.F.);
#5183=ORIENTED_EDGE('',*,*,#3946,.F.);
#5184=ORIENTED_EDGE('',*,*,#3947,.F.);
#5185=ORIENTED_EDGE('',*,*,#3948,.F.);
#5186=ORIENTED_EDGE('',*,*,#3949,.F.);
#5187=ORIENTED_EDGE('',*,*,#3950,.F.);
#5188=ORIENTED_EDGE('',*,*,#3951,.F.);
#5189=ORIENTED_EDGE('',*,*,#3952,.F.);
#5190=ORIENTED_EDGE('',*,*,#3953,.F.);
#5191=ORIENTED_EDGE('',*,*,#3954,.F.);
#5192=ORIENTED_EDGE('',*,*,#3955,.F.);
#5193=ORIENTED_EDGE('',*,*,#3956,.F.);
#5194=ORIENTED_EDGE('',*,*,#3957,.F.);
#5195=ORIENTED_EDGE('',*,*,#3958,.F.);
#5196=ORIENTED_EDGE('',*,*,#3959,.F.);
#5197=ORIENTED_EDGE('',*,*,#3960,.F.);
#5198=ORIENTED_EDGE('',*,*,#3961,.F.);
#5199=ORIENTED_EDGE('',*,*,#3962,.F.);
#5200=ORIENTED_EDGE('',*,*,#3963,.F.);
#5201=ORIENTED_EDGE('',*,*,#3964,.T.);
#5202=ORIENTED_EDGE('',*,*,#3925,.F.);
#5203=ORIENTED_EDGE('',*,*,#3703,.F.);
#5204=ORIENTED_EDGE('',*,*,#3965,.F.);
#5205=ORIENTED_EDGE('',*,*,#3706,.F.);
#5206=ORIENTED_EDGE('',*,*,#3712,.F.);
#5207=ORIENTED_EDGE('',*,*,#3714,.F.);
#5208=ORIENTED_EDGE('',*,*,#3966,.F.);
#5209=ORIENTED_EDGE('',*,*,#3967,.F.);
#5210=ORIENTED_EDGE('',*,*,#3708,.F.);
#5211=ORIENTED_EDGE('',*,*,#3968,.T.);
#5212=ORIENTED_EDGE('',*,*,#3701,.F.);
#5213=ORIENTED_EDGE('',*,*,#3927,.T.);
#5214=ORIENTED_EDGE('',*,*,#3969,.T.);
#5215=ORIENTED_EDGE('',*,*,#3970,.T.);
#5216=ORIENTED_EDGE('',*,*,#3971,.F.);
#5217=ORIENTED_EDGE('',*,*,#3972,.F.);
#5218=ORIENTED_EDGE('',*,*,#3973,.F.);
#5219=ORIENTED_EDGE('',*,*,#3974,.F.);
#5220=ORIENTED_EDGE('',*,*,#3975,.F.);
#5221=ORIENTED_EDGE('',*,*,#3976,.F.);
#5222=ORIENTED_EDGE('',*,*,#3977,.F.);
#5223=ORIENTED_EDGE('',*,*,#3978,.F.);
#5224=ORIENTED_EDGE('',*,*,#3979,.F.);
#5225=ORIENTED_EDGE('',*,*,#3980,.F.);
#5226=ORIENTED_EDGE('',*,*,#3981,.F.);
#5227=ORIENTED_EDGE('',*,*,#3982,.F.);
#5228=ORIENTED_EDGE('',*,*,#3983,.F.);
#5229=ORIENTED_EDGE('',*,*,#3984,.F.);
#5230=ORIENTED_EDGE('',*,*,#3985,.F.);
#5231=ORIENTED_EDGE('',*,*,#3986,.F.);
#5232=ORIENTED_EDGE('',*,*,#3987,.F.);
#5233=ORIENTED_EDGE('',*,*,#3988,.F.);
#5234=ORIENTED_EDGE('',*,*,#3989,.F.);
#5235=ORIENTED_EDGE('',*,*,#3990,.F.);
#5236=ORIENTED_EDGE('',*,*,#3991,.F.);
#5237=ORIENTED_EDGE('',*,*,#3992,.F.);
#5238=ORIENTED_EDGE('',*,*,#3993,.F.);
#5239=ORIENTED_EDGE('',*,*,#3994,.F.);
#5240=ORIENTED_EDGE('',*,*,#3995,.F.);
#5241=ORIENTED_EDGE('',*,*,#3996,.F.);
#5242=ORIENTED_EDGE('',*,*,#3997,.F.);
#5243=ORIENTED_EDGE('',*,*,#3998,.F.);
#5244=ORIENTED_EDGE('',*,*,#3672,.T.);
#5245=ORIENTED_EDGE('',*,*,#3669,.T.);
#5246=ORIENTED_EDGE('',*,*,#3663,.T.);
#5247=ORIENTED_EDGE('',*,*,#3702,.F.);
#5248=ORIENTED_EDGE('',*,*,#3968,.F.);
#5249=ORIENTED_EDGE('',*,*,#3707,.F.);
#5250=ORIENTED_EDGE('',*,*,#3965,.T.);
#5251=ORIENTED_EDGE('',*,*,#3999,.F.);
#5252=ORIENTED_EDGE('',*,*,#3970,.F.);
#5253=ORIENTED_EDGE('',*,*,#4000,.T.);
#5254=ORIENTED_EDGE('',*,*,#3929,.F.);
#5255=ORIENTED_EDGE('',*,*,#4001,.F.);
#5256=ORIENTED_EDGE('',*,*,#4002,.F.);
#5257=ORIENTED_EDGE('',*,*,#4003,.F.);
#5258=ORIENTED_EDGE('',*,*,#3932,.F.);
#5259=ORIENTED_EDGE('',*,*,#4004,.F.);
#5260=ORIENTED_EDGE('',*,*,#4005,.F.);
#5261=ORIENTED_EDGE('',*,*,#4006,.F.);
#5262=ORIENTED_EDGE('',*,*,#3934,.F.);
#5263=ORIENTED_EDGE('',*,*,#4007,.F.);
#5264=ORIENTED_EDGE('',*,*,#4008,.F.);
#5265=ORIENTED_EDGE('',*,*,#4009,.F.);
#5266=ORIENTED_EDGE('',*,*,#3944,.F.);
#5267=ORIENTED_EDGE('',*,*,#4010,.F.);
#5268=ORIENTED_EDGE('',*,*,#4011,.F.);
#5269=ORIENTED_EDGE('',*,*,#4012,.F.);
#5270=ORIENTED_EDGE('',*,*,#3930,.F.);
#5271=ORIENTED_EDGE('',*,*,#4000,.F.);
#5272=ORIENTED_EDGE('',*,*,#3969,.F.);
#5273=ORIENTED_EDGE('',*,*,#3926,.F.);
#5274=ORIENTED_EDGE('',*,*,#3964,.F.);
#5275=ORIENTED_EDGE('',*,*,#3972,.T.);
#5276=ORIENTED_EDGE('',*,*,#4013,.F.);
#5277=ORIENTED_EDGE('',*,*,#4014,.F.);
#5278=ORIENTED_EDGE('',*,*,#4015,.T.);
#5279=ORIENTED_EDGE('',*,*,#3893,.F.);
#5280=ORIENTED_EDGE('',*,*,#4016,.F.);
#5281=ORIENTED_EDGE('',*,*,#3942,.T.);
#5282=ORIENTED_EDGE('',*,*,#4017,.T.);
#5283=ORIENTED_EDGE('',*,*,#3973,.T.);
#5284=ORIENTED_EDGE('',*,*,#4015,.F.);
#5285=ORIENTED_EDGE('',*,*,#4018,.F.);
#5286=ORIENTED_EDGE('',*,*,#4019,.T.);
#5287=ORIENTED_EDGE('',*,*,#3891,.F.);
#5288=ORIENTED_EDGE('',*,*,#4017,.F.);
#5289=ORIENTED_EDGE('',*,*,#3941,.T.);
#5290=ORIENTED_EDGE('',*,*,#4020,.T.);
#5291=ORIENTED_EDGE('',*,*,#3974,.T.);
#5292=ORIENTED_EDGE('',*,*,#4019,.F.);
#5293=ORIENTED_EDGE('',*,*,#4021,.F.);
#5294=ORIENTED_EDGE('',*,*,#4022,.T.);
#5295=ORIENTED_EDGE('',*,*,#3889,.F.);
#5296=ORIENTED_EDGE('',*,*,#4020,.F.);
#5297=ORIENTED_EDGE('',*,*,#3940,.T.);
#5298=ORIENTED_EDGE('',*,*,#4023,.T.);
#5299=ORIENTED_EDGE('',*,*,#3975,.T.);
#5300=ORIENTED_EDGE('',*,*,#4022,.F.);
#5301=ORIENTED_EDGE('',*,*,#4024,.F.);
#5302=ORIENTED_EDGE('',*,*,#4025,.T.);
#5303=ORIENTED_EDGE('',*,*,#3887,.F.);
#5304=ORIENTED_EDGE('',*,*,#4023,.F.);
#5305=ORIENTED_EDGE('',*,*,#3939,.T.);
#5306=ORIENTED_EDGE('',*,*,#4026,.T.);
#5307=ORIENTED_EDGE('',*,*,#3976,.T.);
#5308=ORIENTED_EDGE('',*,*,#4025,.F.);
#5309=ORIENTED_EDGE('',*,*,#4027,.F.);
#5310=ORIENTED_EDGE('',*,*,#4028,.T.);
#5311=ORIENTED_EDGE('',*,*,#3885,.F.);
#5312=ORIENTED_EDGE('',*,*,#4026,.F.);
#5313=ORIENTED_EDGE('',*,*,#3938,.T.);
#5314=ORIENTED_EDGE('',*,*,#4029,.T.);
#5315=ORIENTED_EDGE('',*,*,#3977,.T.);
#5316=ORIENTED_EDGE('',*,*,#4028,.F.);
#5317=ORIENTED_EDGE('',*,*,#4030,.F.);
#5318=ORIENTED_EDGE('',*,*,#4031,.T.);
#5319=ORIENTED_EDGE('',*,*,#3884,.F.);
#5320=ORIENTED_EDGE('',*,*,#4029,.F.);
#5321=ORIENTED_EDGE('',*,*,#3937,.T.);
#5322=ORIENTED_EDGE('',*,*,#4032,.T.);
#5323=ORIENTED_EDGE('',*,*,#3978,.T.);
#5324=ORIENTED_EDGE('',*,*,#4031,.F.);
#5325=ORIENTED_EDGE('',*,*,#4033,.F.);
#5326=ORIENTED_EDGE('',*,*,#4034,.T.);
#5327=ORIENTED_EDGE('',*,*,#3882,.F.);
#5328=ORIENTED_EDGE('',*,*,#4032,.F.);
#5329=ORIENTED_EDGE('',*,*,#3936,.T.);
#5330=ORIENTED_EDGE('',*,*,#4035,.T.);
#5331=ORIENTED_EDGE('',*,*,#3979,.T.);
#5332=ORIENTED_EDGE('',*,*,#4034,.F.);
#5333=ORIENTED_EDGE('',*,*,#4036,.F.);
#5334=ORIENTED_EDGE('',*,*,#4037,.T.);
#5335=ORIENTED_EDGE('',*,*,#3880,.F.);
#5336=ORIENTED_EDGE('',*,*,#4035,.F.);
#5337=ORIENTED_EDGE('',*,*,#3935,.T.);
#5338=ORIENTED_EDGE('',*,*,#3896,.T.);
#5339=ORIENTED_EDGE('',*,*,#3980,.T.);
#5340=ORIENTED_EDGE('',*,*,#4037,.F.);
#5341=ORIENTED_EDGE('',*,*,#4038,.F.);
#5342=ORIENTED_EDGE('',*,*,#4039,.T.);
#5343=ORIENTED_EDGE('',*,*,#3966,.T.);
#5344=ORIENTED_EDGE('',*,*,#4039,.F.);
#5345=ORIENTED_EDGE('',*,*,#4040,.F.);
#5346=ORIENTED_EDGE('',*,*,#4041,.T.);
#5347=ORIENTED_EDGE('',*,*,#3967,.T.);
#5348=ORIENTED_EDGE('',*,*,#4041,.F.);
#5349=ORIENTED_EDGE('',*,*,#4042,.F.);
#5350=ORIENTED_EDGE('',*,*,#3709,.T.);
#5351=ORIENTED_EDGE('',*,*,#3948,.T.);
#5352=ORIENTED_EDGE('',*,*,#4043,.T.);
#5353=ORIENTED_EDGE('',*,*,#4044,.F.);
#5354=ORIENTED_EDGE('',*,*,#4045,.F.);
#5355=ORIENTED_EDGE('',*,*,#3947,.T.);
#5356=ORIENTED_EDGE('',*,*,#4046,.T.);
#5357=ORIENTED_EDGE('',*,*,#4047,.F.);
#5358=ORIENTED_EDGE('',*,*,#4043,.F.);
#5359=ORIENTED_EDGE('',*,*,#3946,.T.);
#5360=ORIENTED_EDGE('',*,*,#4048,.T.);
#5361=ORIENTED_EDGE('',*,*,#4049,.F.);
#5362=ORIENTED_EDGE('',*,*,#4046,.F.);
#5363=ORIENTED_EDGE('',*,*,#3945,.T.);
#5364=ORIENTED_EDGE('',*,*,#4009,.T.);
#5365=ORIENTED_EDGE('',*,*,#4050,.F.);
#5366=ORIENTED_EDGE('',*,*,#4051,.F.);
#5367=ORIENTED_EDGE('',*,*,#4052,.F.);
#5368=ORIENTED_EDGE('',*,*,#4048,.F.);
#5369=ORIENTED_EDGE('',*,*,#4007,.T.);
#5370=ORIENTED_EDGE('',*,*,#3933,.T.);
#5371=ORIENTED_EDGE('',*,*,#4006,.T.);
#5372=ORIENTED_EDGE('',*,*,#4053,.F.);
#5373=ORIENTED_EDGE('',*,*,#4054,.F.);
#5374=ORIENTED_EDGE('',*,*,#4055,.F.);
#5375=ORIENTED_EDGE('',*,*,#4056,.F.);
#5376=ORIENTED_EDGE('',*,*,#4057,.F.);
#5377=ORIENTED_EDGE('',*,*,#4004,.T.);
#5378=ORIENTED_EDGE('',*,*,#3931,.T.);
#5379=ORIENTED_EDGE('',*,*,#4003,.T.);
#5380=ORIENTED_EDGE('',*,*,#4058,.F.);
#5381=ORIENTED_EDGE('',*,*,#4059,.F.);
#5382=ORIENTED_EDGE('',*,*,#4060,.F.);
#5383=ORIENTED_EDGE('',*,*,#4054,.T.);
#5384=ORIENTED_EDGE('',*,*,#4061,.F.);
#5385=ORIENTED_EDGE('',*,*,#4001,.T.);
#5386=ORIENTED_EDGE('',*,*,#3928,.T.);
#5387=ORIENTED_EDGE('',*,*,#4012,.T.);
#5388=ORIENTED_EDGE('',*,*,#4062,.F.);
#5389=ORIENTED_EDGE('',*,*,#4063,.T.);
#5390=ORIENTED_EDGE('',*,*,#4064,.F.);
#5391=ORIENTED_EDGE('',*,*,#4059,.T.);
#5392=ORIENTED_EDGE('',*,*,#4065,.F.);
#5393=ORIENTED_EDGE('',*,*,#4005,.T.);
#5394=ORIENTED_EDGE('',*,*,#4061,.T.);
#5395=ORIENTED_EDGE('',*,*,#4053,.T.);
#5396=ORIENTED_EDGE('',*,*,#4002,.T.);
#5397=ORIENTED_EDGE('',*,*,#4065,.T.);
#5398=ORIENTED_EDGE('',*,*,#4058,.T.);
#5399=ORIENTED_EDGE('',*,*,#4011,.T.);
#5400=ORIENTED_EDGE('',*,*,#4066,.T.);
#5401=ORIENTED_EDGE('',*,*,#4067,.T.);
#5402=ORIENTED_EDGE('',*,*,#4068,.T.);
#5403=ORIENTED_EDGE('',*,*,#4069,.T.);
#5404=ORIENTED_EDGE('',*,*,#4070,.T.);
#5405=ORIENTED_EDGE('',*,*,#4071,.T.);
#5406=ORIENTED_EDGE('',*,*,#4072,.T.);
#5407=ORIENTED_EDGE('',*,*,#4073,.T.);
#5408=ORIENTED_EDGE('',*,*,#4074,.T.);
#5409=ORIENTED_EDGE('',*,*,#4075,.T.);
#5410=ORIENTED_EDGE('',*,*,#4076,.T.);
#5411=ORIENTED_EDGE('',*,*,#4077,.T.);
#5412=ORIENTED_EDGE('',*,*,#4078,.T.);
#5413=ORIENTED_EDGE('',*,*,#4079,.T.);
#5414=ORIENTED_EDGE('',*,*,#4080,.T.);
#5415=ORIENTED_EDGE('',*,*,#4081,.T.);
#5416=ORIENTED_EDGE('',*,*,#4082,.T.);
#5417=ORIENTED_EDGE('',*,*,#4062,.T.);
#5418=ORIENTED_EDGE('',*,*,#4083,.T.);
#5419=ORIENTED_EDGE('',*,*,#4084,.T.);
#5420=ORIENTED_EDGE('',*,*,#4085,.T.);
#5421=ORIENTED_EDGE('',*,*,#4086,.T.);
#5422=ORIENTED_EDGE('',*,*,#4087,.T.);
#5423=ORIENTED_EDGE('',*,*,#4088,.T.);
#5424=ORIENTED_EDGE('',*,*,#4089,.T.);
#5425=ORIENTED_EDGE('',*,*,#4090,.T.);
#5426=ORIENTED_EDGE('',*,*,#4091,.T.);
#5427=ORIENTED_EDGE('',*,*,#4092,.T.);
#5428=ORIENTED_EDGE('',*,*,#4093,.T.);
#5429=ORIENTED_EDGE('',*,*,#4094,.T.);
#5430=ORIENTED_EDGE('',*,*,#4095,.T.);
#5431=ORIENTED_EDGE('',*,*,#4096,.T.);
#5432=ORIENTED_EDGE('',*,*,#4097,.T.);
#5433=ORIENTED_EDGE('',*,*,#4098,.T.);
#5434=ORIENTED_EDGE('',*,*,#4099,.T.);
#5435=ORIENTED_EDGE('',*,*,#4100,.T.);
#5436=ORIENTED_EDGE('',*,*,#4008,.T.);
#5437=ORIENTED_EDGE('',*,*,#4057,.T.);
#5438=ORIENTED_EDGE('',*,*,#4101,.T.);
#5439=ORIENTED_EDGE('',*,*,#4102,.F.);
#5440=ORIENTED_EDGE('',*,*,#4103,.T.);
#5441=ORIENTED_EDGE('',*,*,#4050,.T.);
#5442=ORIENTED_EDGE('',*,*,#4104,.F.);
#5443=ORIENTED_EDGE('',*,*,#4105,.T.);
#5444=ORIENTED_EDGE('',*,*,#4083,.F.);
#5445=ORIENTED_EDGE('',*,*,#4105,.F.);
#5446=ORIENTED_EDGE('',*,*,#4106,.F.);
#5447=ORIENTED_EDGE('',*,*,#4107,.T.);
#5448=ORIENTED_EDGE('',*,*,#4084,.F.);
#5449=ORIENTED_EDGE('',*,*,#4107,.F.);
#5450=ORIENTED_EDGE('',*,*,#4108,.F.);
#5451=ORIENTED_EDGE('',*,*,#4109,.T.);
#5452=ORIENTED_EDGE('',*,*,#4085,.F.);
#5453=ORIENTED_EDGE('',*,*,#4109,.F.);
#5454=ORIENTED_EDGE('',*,*,#4110,.F.);
#5455=ORIENTED_EDGE('',*,*,#4111,.T.);
#5456=ORIENTED_EDGE('',*,*,#4086,.F.);
#5457=ORIENTED_EDGE('',*,*,#4111,.F.);
#5458=ORIENTED_EDGE('',*,*,#4112,.F.);
#5459=ORIENTED_EDGE('',*,*,#4113,.T.);
#5460=ORIENTED_EDGE('',*,*,#3981,.T.);
#5461=ORIENTED_EDGE('',*,*,#4113,.F.);
#5462=ORIENTED_EDGE('',*,*,#4114,.F.);
#5463=ORIENTED_EDGE('',*,*,#4115,.T.);
#5464=ORIENTED_EDGE('',*,*,#3982,.T.);
#5465=ORIENTED_EDGE('',*,*,#4115,.F.);
#5466=ORIENTED_EDGE('',*,*,#4116,.F.);
#5467=ORIENTED_EDGE('',*,*,#4117,.T.);
#5468=ORIENTED_EDGE('',*,*,#3983,.T.);
#5469=ORIENTED_EDGE('',*,*,#4117,.F.);
#5470=ORIENTED_EDGE('',*,*,#4118,.F.);
#5471=ORIENTED_EDGE('',*,*,#4119,.T.);
#5472=ORIENTED_EDGE('',*,*,#3984,.T.);
#5473=ORIENTED_EDGE('',*,*,#4119,.F.);
#5474=ORIENTED_EDGE('',*,*,#4120,.F.);
#5475=ORIENTED_EDGE('',*,*,#4121,.T.);
#5476=ORIENTED_EDGE('',*,*,#3985,.T.);
#5477=ORIENTED_EDGE('',*,*,#4121,.F.);
#5478=ORIENTED_EDGE('',*,*,#4122,.F.);
#5479=ORIENTED_EDGE('',*,*,#4123,.T.);
#5480=ORIENTED_EDGE('',*,*,#3986,.T.);
#5481=ORIENTED_EDGE('',*,*,#4123,.F.);
#5482=ORIENTED_EDGE('',*,*,#4124,.F.);
#5483=ORIENTED_EDGE('',*,*,#4125,.T.);
#5484=ORIENTED_EDGE('',*,*,#3987,.T.);
#5485=ORIENTED_EDGE('',*,*,#4125,.F.);
#5486=ORIENTED_EDGE('',*,*,#4126,.F.);
#5487=ORIENTED_EDGE('',*,*,#4127,.T.);
#5488=ORIENTED_EDGE('',*,*,#3988,.T.);
#5489=ORIENTED_EDGE('',*,*,#4127,.F.);
#5490=ORIENTED_EDGE('',*,*,#4128,.F.);
#5491=ORIENTED_EDGE('',*,*,#4129,.T.);
#5492=ORIENTED_EDGE('',*,*,#3989,.T.);
#5493=ORIENTED_EDGE('',*,*,#4129,.F.);
#5494=ORIENTED_EDGE('',*,*,#4130,.F.);
#5495=ORIENTED_EDGE('',*,*,#4131,.T.);
#5496=ORIENTED_EDGE('',*,*,#4087,.F.);
#5497=ORIENTED_EDGE('',*,*,#4131,.F.);
#5498=ORIENTED_EDGE('',*,*,#4132,.F.);
#5499=ORIENTED_EDGE('',*,*,#4133,.T.);
#5500=ORIENTED_EDGE('',*,*,#4088,.F.);
#5501=ORIENTED_EDGE('',*,*,#4133,.F.);
#5502=ORIENTED_EDGE('',*,*,#4134,.F.);
#5503=ORIENTED_EDGE('',*,*,#4135,.T.);
#5504=ORIENTED_EDGE('',*,*,#4089,.F.);
#5505=ORIENTED_EDGE('',*,*,#4135,.F.);
#5506=ORIENTED_EDGE('',*,*,#4136,.F.);
#5507=ORIENTED_EDGE('',*,*,#4137,.T.);
#5508=ORIENTED_EDGE('',*,*,#4090,.F.);
#5509=ORIENTED_EDGE('',*,*,#4137,.F.);
#5510=ORIENTED_EDGE('',*,*,#4138,.F.);
#5511=ORIENTED_EDGE('',*,*,#4139,.T.);
#5512=ORIENTED_EDGE('',*,*,#4091,.F.);
#5513=ORIENTED_EDGE('',*,*,#4139,.F.);
#5514=ORIENTED_EDGE('',*,*,#4140,.F.);
#5515=ORIENTED_EDGE('',*,*,#4141,.T.);
#5516=ORIENTED_EDGE('',*,*,#4092,.F.);
#5517=ORIENTED_EDGE('',*,*,#4141,.F.);
#5518=ORIENTED_EDGE('',*,*,#4142,.F.);
#5519=ORIENTED_EDGE('',*,*,#4143,.T.);
#5520=ORIENTED_EDGE('',*,*,#4093,.F.);
#5521=ORIENTED_EDGE('',*,*,#4143,.F.);
#5522=ORIENTED_EDGE('',*,*,#4144,.F.);
#5523=ORIENTED_EDGE('',*,*,#4145,.T.);
#5524=ORIENTED_EDGE('',*,*,#4094,.F.);
#5525=ORIENTED_EDGE('',*,*,#4145,.F.);
#5526=ORIENTED_EDGE('',*,*,#4146,.F.);
#5527=ORIENTED_EDGE('',*,*,#4147,.T.);
#5528=ORIENTED_EDGE('',*,*,#4095,.F.);
#5529=ORIENTED_EDGE('',*,*,#4147,.F.);
#5530=ORIENTED_EDGE('',*,*,#4148,.F.);
#5531=ORIENTED_EDGE('',*,*,#4149,.T.);
#5532=ORIENTED_EDGE('',*,*,#3990,.T.);
#5533=ORIENTED_EDGE('',*,*,#4149,.F.);
#5534=ORIENTED_EDGE('',*,*,#4150,.F.);
#5535=ORIENTED_EDGE('',*,*,#4151,.T.);
#5536=ORIENTED_EDGE('',*,*,#3991,.T.);
#5537=ORIENTED_EDGE('',*,*,#4151,.F.);
#5538=ORIENTED_EDGE('',*,*,#4152,.F.);
#5539=ORIENTED_EDGE('',*,*,#4153,.T.);
#5540=ORIENTED_EDGE('',*,*,#3992,.T.);
#5541=ORIENTED_EDGE('',*,*,#4153,.F.);
#5542=ORIENTED_EDGE('',*,*,#4154,.F.);
#5543=ORIENTED_EDGE('',*,*,#4155,.T.);
#5544=ORIENTED_EDGE('',*,*,#3993,.T.);
#5545=ORIENTED_EDGE('',*,*,#4155,.F.);
#5546=ORIENTED_EDGE('',*,*,#4156,.F.);
#5547=ORIENTED_EDGE('',*,*,#4157,.T.);
#5548=ORIENTED_EDGE('',*,*,#3994,.T.);
#5549=ORIENTED_EDGE('',*,*,#4157,.F.);
#5550=ORIENTED_EDGE('',*,*,#4158,.F.);
#5551=ORIENTED_EDGE('',*,*,#4159,.T.);
#5552=ORIENTED_EDGE('',*,*,#3995,.T.);
#5553=ORIENTED_EDGE('',*,*,#4159,.F.);
#5554=ORIENTED_EDGE('',*,*,#4160,.F.);
#5555=ORIENTED_EDGE('',*,*,#4161,.T.);
#5556=ORIENTED_EDGE('',*,*,#3996,.T.);
#5557=ORIENTED_EDGE('',*,*,#4161,.F.);
#5558=ORIENTED_EDGE('',*,*,#4162,.F.);
#5559=ORIENTED_EDGE('',*,*,#4163,.T.);
#5560=ORIENTED_EDGE('',*,*,#3997,.T.);
#5561=ORIENTED_EDGE('',*,*,#4163,.F.);
#5562=ORIENTED_EDGE('',*,*,#4164,.F.);
#5563=ORIENTED_EDGE('',*,*,#4165,.T.);
#5564=ORIENTED_EDGE('',*,*,#3998,.T.);
#5565=ORIENTED_EDGE('',*,*,#4165,.F.);
#5566=ORIENTED_EDGE('',*,*,#4166,.F.);
#5567=ORIENTED_EDGE('',*,*,#4167,.T.);
#5568=ORIENTED_EDGE('',*,*,#4096,.F.);
#5569=ORIENTED_EDGE('',*,*,#4167,.F.);
#5570=ORIENTED_EDGE('',*,*,#4168,.F.);
#5571=ORIENTED_EDGE('',*,*,#4169,.T.);
#5572=ORIENTED_EDGE('',*,*,#4097,.F.);
#5573=ORIENTED_EDGE('',*,*,#4169,.F.);
#5574=ORIENTED_EDGE('',*,*,#4170,.F.);
#5575=ORIENTED_EDGE('',*,*,#4171,.T.);
#5576=ORIENTED_EDGE('',*,*,#4098,.F.);
#5577=ORIENTED_EDGE('',*,*,#4171,.F.);
#5578=ORIENTED_EDGE('',*,*,#4172,.F.);
#5579=ORIENTED_EDGE('',*,*,#4173,.T.);
#5580=ORIENTED_EDGE('',*,*,#4099,.F.);
#5581=ORIENTED_EDGE('',*,*,#4173,.F.);
#5582=ORIENTED_EDGE('',*,*,#4174,.F.);
#5583=ORIENTED_EDGE('',*,*,#4175,.T.);
#5584=ORIENTED_EDGE('',*,*,#4100,.F.);
#5585=ORIENTED_EDGE('',*,*,#4175,.F.);
#5586=ORIENTED_EDGE('',*,*,#4176,.F.);
#5587=ORIENTED_EDGE('',*,*,#4177,.F.);
#5588=ORIENTED_EDGE('',*,*,#4178,.F.);
#5589=ORIENTED_EDGE('',*,*,#4179,.F.);
#5590=ORIENTED_EDGE('',*,*,#4180,.F.);
#5591=ORIENTED_EDGE('',*,*,#4181,.F.);
#5592=ORIENTED_EDGE('',*,*,#4182,.F.);
#5593=ORIENTED_EDGE('',*,*,#4183,.F.);
#5594=ORIENTED_EDGE('',*,*,#4184,.F.);
#5595=ORIENTED_EDGE('',*,*,#4185,.F.);
#5596=ORIENTED_EDGE('',*,*,#4186,.F.);
#5597=ORIENTED_EDGE('',*,*,#4187,.F.);
#5598=ORIENTED_EDGE('',*,*,#4188,.F.);
#5599=ORIENTED_EDGE('',*,*,#4189,.F.);
#5600=ORIENTED_EDGE('',*,*,#4190,.F.);
#5601=ORIENTED_EDGE('',*,*,#4191,.F.);
#5602=ORIENTED_EDGE('',*,*,#4192,.F.);
#5603=ORIENTED_EDGE('',*,*,#3872,.T.);
#5604=ORIENTED_EDGE('',*,*,#4193,.T.);
#5605=ORIENTED_EDGE('',*,*,#4194,.F.);
#5606=ORIENTED_EDGE('',*,*,#4102,.T.);
#5607=ORIENTED_EDGE('',*,*,#4195,.F.);
#5608=ORIENTED_EDGE('',*,*,#3869,.T.);
#5609=ORIENTED_EDGE('',*,*,#4196,.F.);
#5610=ORIENTED_EDGE('',*,*,#4197,.F.);
#5611=ORIENTED_EDGE('',*,*,#4038,.T.);
#5612=ORIENTED_EDGE('',*,*,#4036,.T.);
#5613=ORIENTED_EDGE('',*,*,#4033,.T.);
#5614=ORIENTED_EDGE('',*,*,#4030,.T.);
#5615=ORIENTED_EDGE('',*,*,#4027,.T.);
#5616=ORIENTED_EDGE('',*,*,#4024,.T.);
#5617=ORIENTED_EDGE('',*,*,#4021,.T.);
#5618=ORIENTED_EDGE('',*,*,#4018,.T.);
#5619=ORIENTED_EDGE('',*,*,#4014,.T.);
#5620=ORIENTED_EDGE('',*,*,#4198,.T.);
#5621=ORIENTED_EDGE('',*,*,#4199,.T.);
#5622=ORIENTED_EDGE('',*,*,#4200,.T.);
#5623=ORIENTED_EDGE('',*,*,#4196,.T.);
#5624=ORIENTED_EDGE('',*,*,#3868,.T.);
#5625=ORIENTED_EDGE('',*,*,#3875,.T.);
#5626=ORIENTED_EDGE('',*,*,#4201,.T.);
#5627=ORIENTED_EDGE('',*,*,#4202,.T.);
#5628=ORIENTED_EDGE('',*,*,#3855,.T.);
#5629=ORIENTED_EDGE('',*,*,#3858,.T.);
#5630=ORIENTED_EDGE('',*,*,#4203,.T.);
#5631=ORIENTED_EDGE('',*,*,#3843,.T.);
#5632=ORIENTED_EDGE('',*,*,#3846,.T.);
#5633=ORIENTED_EDGE('',*,*,#4204,.T.);
#5634=ORIENTED_EDGE('',*,*,#4205,.T.);
#5635=ORIENTED_EDGE('',*,*,#3830,.T.);
#5636=ORIENTED_EDGE('',*,*,#3833,.T.);
#5637=ORIENTED_EDGE('',*,*,#4206,.T.);
#5638=ORIENTED_EDGE('',*,*,#4207,.T.);
#5639=ORIENTED_EDGE('',*,*,#4208,.T.);
#5640=ORIENTED_EDGE('',*,*,#4209,.T.);
#5641=ORIENTED_EDGE('',*,*,#4210,.T.);
#5642=ORIENTED_EDGE('',*,*,#4211,.T.);
#5643=ORIENTED_EDGE('',*,*,#4212,.T.);
#5644=ORIENTED_EDGE('',*,*,#4213,.T.);
#5645=ORIENTED_EDGE('',*,*,#4214,.T.);
#5646=ORIENTED_EDGE('',*,*,#4215,.T.);
#5647=ORIENTED_EDGE('',*,*,#4216,.T.);
#5648=ORIENTED_EDGE('',*,*,#3799,.T.);
#5649=ORIENTED_EDGE('',*,*,#3802,.T.);
#5650=ORIENTED_EDGE('',*,*,#4217,.T.);
#5651=ORIENTED_EDGE('',*,*,#4218,.T.);
#5652=ORIENTED_EDGE('',*,*,#4219,.T.);
#5653=ORIENTED_EDGE('',*,*,#3788,.T.);
#5654=ORIENTED_EDGE('',*,*,#4220,.T.);
#5655=ORIENTED_EDGE('',*,*,#3697,.T.);
#5656=ORIENTED_EDGE('',*,*,#3700,.T.);
#5657=ORIENTED_EDGE('',*,*,#3710,.T.);
#5658=ORIENTED_EDGE('',*,*,#4042,.T.);
#5659=ORIENTED_EDGE('',*,*,#4040,.T.);
#5660=ORIENTED_EDGE('',*,*,#4104,.T.);
#5661=ORIENTED_EDGE('',*,*,#4106,.T.);
#5662=ORIENTED_EDGE('',*,*,#4108,.T.);
#5663=ORIENTED_EDGE('',*,*,#4110,.T.);
#5664=ORIENTED_EDGE('',*,*,#4112,.T.);
#5665=ORIENTED_EDGE('',*,*,#4114,.T.);
#5666=ORIENTED_EDGE('',*,*,#4116,.T.);
#5667=ORIENTED_EDGE('',*,*,#4118,.T.);
#5668=ORIENTED_EDGE('',*,*,#4120,.T.);
#5669=ORIENTED_EDGE('',*,*,#4122,.T.);
#5670=ORIENTED_EDGE('',*,*,#4124,.T.);
#5671=ORIENTED_EDGE('',*,*,#4126,.T.);
#5672=ORIENTED_EDGE('',*,*,#4128,.T.);
#5673=ORIENTED_EDGE('',*,*,#4130,.T.);
#5674=ORIENTED_EDGE('',*,*,#4132,.T.);
#5675=ORIENTED_EDGE('',*,*,#4134,.T.);
#5676=ORIENTED_EDGE('',*,*,#4136,.T.);
#5677=ORIENTED_EDGE('',*,*,#4138,.T.);
#5678=ORIENTED_EDGE('',*,*,#4140,.T.);
#5679=ORIENTED_EDGE('',*,*,#4142,.T.);
#5680=ORIENTED_EDGE('',*,*,#4144,.T.);
#5681=ORIENTED_EDGE('',*,*,#4146,.T.);
#5682=ORIENTED_EDGE('',*,*,#4148,.T.);
#5683=ORIENTED_EDGE('',*,*,#4150,.T.);
#5684=ORIENTED_EDGE('',*,*,#4152,.T.);
#5685=ORIENTED_EDGE('',*,*,#4154,.T.);
#5686=ORIENTED_EDGE('',*,*,#4156,.T.);
#5687=ORIENTED_EDGE('',*,*,#4158,.T.);
#5688=ORIENTED_EDGE('',*,*,#4160,.T.);
#5689=ORIENTED_EDGE('',*,*,#4162,.T.);
#5690=ORIENTED_EDGE('',*,*,#4164,.T.);
#5691=ORIENTED_EDGE('',*,*,#4166,.T.);
#5692=ORIENTED_EDGE('',*,*,#4168,.T.);
#5693=ORIENTED_EDGE('',*,*,#4170,.T.);
#5694=ORIENTED_EDGE('',*,*,#4172,.T.);
#5695=ORIENTED_EDGE('',*,*,#4174,.T.);
#5696=ORIENTED_EDGE('',*,*,#3673,.T.);
#5697=ORIENTED_EDGE('',*,*,#3670,.T.);
#5698=ORIENTED_EDGE('',*,*,#3667,.T.);
#5699=ORIENTED_EDGE('',*,*,#3664,.T.);
#5700=ORIENTED_EDGE('',*,*,#3661,.T.);
#5701=ORIENTED_EDGE('',*,*,#3658,.T.);
#5702=ORIENTED_EDGE('',*,*,#4051,.T.);
#5703=ORIENTED_EDGE('',*,*,#4103,.F.);
#5704=ORIENTED_EDGE('',*,*,#4221,.F.);
#5705=ORIENTED_EDGE('',*,*,#4101,.F.);
#5706=ORIENTED_EDGE('',*,*,#4056,.T.);
#5707=ORIENTED_EDGE('',*,*,#4222,.F.);
#5708=ORIENTED_EDGE('',*,*,#3960,.T.);
#5709=ORIENTED_EDGE('',*,*,#4223,.T.);
#5710=ORIENTED_EDGE('',*,*,#4224,.F.);
#5711=ORIENTED_EDGE('',*,*,#4225,.T.);
#5712=ORIENTED_EDGE('',*,*,#3961,.T.);
#5713=ORIENTED_EDGE('',*,*,#4225,.F.);
#5714=ORIENTED_EDGE('',*,*,#4226,.F.);
#5715=ORIENTED_EDGE('',*,*,#4227,.T.);
#5716=ORIENTED_EDGE('',*,*,#3962,.T.);
#5717=ORIENTED_EDGE('',*,*,#4227,.F.);
#5718=ORIENTED_EDGE('',*,*,#4228,.F.);
#5719=ORIENTED_EDGE('',*,*,#4229,.T.);
#5720=ORIENTED_EDGE('',*,*,#4230,.T.);
#5721=ORIENTED_EDGE('',*,*,#4078,.F.);
#5722=ORIENTED_EDGE('',*,*,#4231,.T.);
#5723=ORIENTED_EDGE('',*,*,#4232,.F.);
#5724=ORIENTED_EDGE('',*,*,#4233,.F.);
#5725=ORIENTED_EDGE('',*,*,#4081,.F.);
#5726=ORIENTED_EDGE('',*,*,#4234,.T.);
#5727=ORIENTED_EDGE('',*,*,#4235,.F.);
#5728=ORIENTED_EDGE('',*,*,#4234,.F.);
#5729=ORIENTED_EDGE('',*,*,#4080,.F.);
#5730=ORIENTED_EDGE('',*,*,#4236,.T.);
#5731=ORIENTED_EDGE('',*,*,#4237,.F.);
#5732=ORIENTED_EDGE('',*,*,#4230,.F.);
#5733=ORIENTED_EDGE('',*,*,#4238,.F.);
#5734=ORIENTED_EDGE('',*,*,#4236,.F.);
#5735=ORIENTED_EDGE('',*,*,#4079,.F.);
#5736=ORIENTED_EDGE('',*,*,#4231,.F.);
#5737=ORIENTED_EDGE('',*,*,#4077,.F.);
#5738=ORIENTED_EDGE('',*,*,#4239,.T.);
#5739=ORIENTED_EDGE('',*,*,#4240,.F.);
#5740=ORIENTED_EDGE('',*,*,#4239,.F.);
#5741=ORIENTED_EDGE('',*,*,#4076,.F.);
#5742=ORIENTED_EDGE('',*,*,#4241,.T.);
#5743=ORIENTED_EDGE('',*,*,#4242,.F.);
#5744=ORIENTED_EDGE('',*,*,#4241,.F.);
#5745=ORIENTED_EDGE('',*,*,#4075,.F.);
#5746=ORIENTED_EDGE('',*,*,#4243,.T.);
#5747=ORIENTED_EDGE('',*,*,#4244,.F.);
#5748=ORIENTED_EDGE('',*,*,#4243,.F.);
#5749=ORIENTED_EDGE('',*,*,#4074,.F.);
#5750=ORIENTED_EDGE('',*,*,#4245,.T.);
#5751=ORIENTED_EDGE('',*,*,#4246,.F.);
#5752=ORIENTED_EDGE('',*,*,#4245,.F.);
#5753=ORIENTED_EDGE('',*,*,#4073,.F.);
#5754=ORIENTED_EDGE('',*,*,#4247,.T.);
#5755=ORIENTED_EDGE('',*,*,#4248,.F.);
#5756=ORIENTED_EDGE('',*,*,#4247,.F.);
#5757=ORIENTED_EDGE('',*,*,#4072,.F.);
#5758=ORIENTED_EDGE('',*,*,#4249,.T.);
#5759=ORIENTED_EDGE('',*,*,#4250,.F.);
#5760=ORIENTED_EDGE('',*,*,#4249,.F.);
#5761=ORIENTED_EDGE('',*,*,#4071,.F.);
#5762=ORIENTED_EDGE('',*,*,#4251,.T.);
#5763=ORIENTED_EDGE('',*,*,#4252,.F.);
#5764=ORIENTED_EDGE('',*,*,#4251,.F.);
#5765=ORIENTED_EDGE('',*,*,#4070,.F.);
#5766=ORIENTED_EDGE('',*,*,#4253,.T.);
#5767=ORIENTED_EDGE('',*,*,#4254,.F.);
#5768=ORIENTED_EDGE('',*,*,#4253,.F.);
#5769=ORIENTED_EDGE('',*,*,#4069,.F.);
#5770=ORIENTED_EDGE('',*,*,#4255,.T.);
#5771=ORIENTED_EDGE('',*,*,#4256,.F.);
#5772=ORIENTED_EDGE('',*,*,#4255,.F.);
#5773=ORIENTED_EDGE('',*,*,#4068,.F.);
#5774=ORIENTED_EDGE('',*,*,#4257,.T.);
#5775=ORIENTED_EDGE('',*,*,#4258,.F.);
#5776=ORIENTED_EDGE('',*,*,#4257,.F.);
#5777=ORIENTED_EDGE('',*,*,#4067,.F.);
#5778=ORIENTED_EDGE('',*,*,#4259,.T.);
#5779=ORIENTED_EDGE('',*,*,#4260,.F.);
#5780=ORIENTED_EDGE('',*,*,#3963,.T.);
#5781=ORIENTED_EDGE('',*,*,#4229,.F.);
#5782=ORIENTED_EDGE('',*,*,#4261,.F.);
#5783=ORIENTED_EDGE('',*,*,#4259,.F.);
#5784=ORIENTED_EDGE('',*,*,#4066,.F.);
#5785=ORIENTED_EDGE('',*,*,#4010,.T.);
#5786=ORIENTED_EDGE('',*,*,#3959,.T.);
#5787=ORIENTED_EDGE('',*,*,#4262,.T.);
#5788=ORIENTED_EDGE('',*,*,#4263,.F.);
#5789=ORIENTED_EDGE('',*,*,#4223,.F.);
#5790=ORIENTED_EDGE('',*,*,#3958,.T.);
#5791=ORIENTED_EDGE('',*,*,#4264,.T.);
#5792=ORIENTED_EDGE('',*,*,#4265,.F.);
#5793=ORIENTED_EDGE('',*,*,#4262,.F.);
#5794=ORIENTED_EDGE('',*,*,#3957,.T.);
#5795=ORIENTED_EDGE('',*,*,#4266,.T.);
#5796=ORIENTED_EDGE('',*,*,#4267,.F.);
#5797=ORIENTED_EDGE('',*,*,#4264,.F.);
#5798=ORIENTED_EDGE('',*,*,#3956,.T.);
#5799=ORIENTED_EDGE('',*,*,#4268,.T.);
#5800=ORIENTED_EDGE('',*,*,#4269,.F.);
#5801=ORIENTED_EDGE('',*,*,#4266,.F.);
#5802=ORIENTED_EDGE('',*,*,#3955,.T.);
#5803=ORIENTED_EDGE('',*,*,#4270,.T.);
#5804=ORIENTED_EDGE('',*,*,#4271,.F.);
#5805=ORIENTED_EDGE('',*,*,#4268,.F.);
#5806=ORIENTED_EDGE('',*,*,#3954,.T.);
#5807=ORIENTED_EDGE('',*,*,#4272,.T.);
#5808=ORIENTED_EDGE('',*,*,#4273,.F.);
#5809=ORIENTED_EDGE('',*,*,#4270,.F.);
#5810=ORIENTED_EDGE('',*,*,#3953,.T.);
#5811=ORIENTED_EDGE('',*,*,#4274,.T.);
#5812=ORIENTED_EDGE('',*,*,#4275,.F.);
#5813=ORIENTED_EDGE('',*,*,#4272,.F.);
#5814=ORIENTED_EDGE('',*,*,#3952,.T.);
#5815=ORIENTED_EDGE('',*,*,#4276,.T.);
#5816=ORIENTED_EDGE('',*,*,#4277,.F.);
#5817=ORIENTED_EDGE('',*,*,#4274,.F.);
#5818=ORIENTED_EDGE('',*,*,#3951,.T.);
#5819=ORIENTED_EDGE('',*,*,#4278,.T.);
#5820=ORIENTED_EDGE('',*,*,#4279,.F.);
#5821=ORIENTED_EDGE('',*,*,#4276,.F.);
#5822=ORIENTED_EDGE('',*,*,#3950,.T.);
#5823=ORIENTED_EDGE('',*,*,#4280,.T.);
#5824=ORIENTED_EDGE('',*,*,#4281,.F.);
#5825=ORIENTED_EDGE('',*,*,#4278,.F.);
#5826=ORIENTED_EDGE('',*,*,#3949,.T.);
#5827=ORIENTED_EDGE('',*,*,#4045,.T.);
#5828=ORIENTED_EDGE('',*,*,#4282,.F.);
#5829=ORIENTED_EDGE('',*,*,#4280,.F.);
#5830=ORIENTED_EDGE('',*,*,#4063,.F.);
#5831=ORIENTED_EDGE('',*,*,#4082,.F.);
#5832=ORIENTED_EDGE('',*,*,#4233,.T.);
#5833=ORIENTED_EDGE('',*,*,#4283,.F.);
#5834=ORIENTED_EDGE('',*,*,#4194,.T.);
#5835=ORIENTED_EDGE('',*,*,#4284,.T.);
#5836=ORIENTED_EDGE('',*,*,#3870,.T.);
#5837=ORIENTED_EDGE('',*,*,#4195,.T.);
#5838=ORIENTED_EDGE('',*,*,#4221,.T.);
#5839=ORIENTED_EDGE('',*,*,#3728,.F.);
#5840=ORIENTED_EDGE('',*,*,#3698,.F.);
#5841=ORIENTED_EDGE('',*,*,#4220,.F.);
#5842=ORIENTED_EDGE('',*,*,#3787,.T.);
#5843=ORIENTED_EDGE('',*,*,#3786,.F.);
#5844=ORIENTED_EDGE('',*,*,#3789,.F.);
#5845=ORIENTED_EDGE('',*,*,#4219,.F.);
#5846=ORIENTED_EDGE('',*,*,#4285,.T.);
#5847=ORIENTED_EDGE('',*,*,#3783,.F.);
#5848=ORIENTED_EDGE('',*,*,#4285,.F.);
#5849=ORIENTED_EDGE('',*,*,#4218,.F.);
#5850=ORIENTED_EDGE('',*,*,#4286,.T.);
#5851=ORIENTED_EDGE('',*,*,#3794,.F.);
#5852=ORIENTED_EDGE('',*,*,#4286,.F.);
#5853=ORIENTED_EDGE('',*,*,#4217,.F.);
#5854=ORIENTED_EDGE('',*,*,#3801,.T.);
#5855=ORIENTED_EDGE('',*,*,#3796,.F.);
#5856=ORIENTED_EDGE('',*,*,#3800,.F.);
#5857=ORIENTED_EDGE('',*,*,#4216,.F.);
#5858=ORIENTED_EDGE('',*,*,#4287,.T.);
#5859=ORIENTED_EDGE('',*,*,#3825,.F.);
#5860=ORIENTED_EDGE('',*,*,#4287,.F.);
#5861=ORIENTED_EDGE('',*,*,#4215,.F.);
#5862=ORIENTED_EDGE('',*,*,#4288,.T.);
#5863=ORIENTED_EDGE('',*,*,#3823,.F.);
#5864=ORIENTED_EDGE('',*,*,#4288,.F.);
#5865=ORIENTED_EDGE('',*,*,#4214,.F.);
#5866=ORIENTED_EDGE('',*,*,#4289,.T.);
#5867=ORIENTED_EDGE('',*,*,#3821,.F.);
#5868=ORIENTED_EDGE('',*,*,#4289,.F.);
#5869=ORIENTED_EDGE('',*,*,#4213,.F.);
#5870=ORIENTED_EDGE('',*,*,#4290,.T.);
#5871=ORIENTED_EDGE('',*,*,#3819,.F.);
#5872=ORIENTED_EDGE('',*,*,#4290,.F.);
#5873=ORIENTED_EDGE('',*,*,#4212,.F.);
#5874=ORIENTED_EDGE('',*,*,#4291,.T.);
#5875=ORIENTED_EDGE('',*,*,#3817,.F.);
#5876=ORIENTED_EDGE('',*,*,#4291,.F.);
#5877=ORIENTED_EDGE('',*,*,#4211,.F.);
#5878=ORIENTED_EDGE('',*,*,#4292,.T.);
#5879=ORIENTED_EDGE('',*,*,#3815,.F.);
#5880=ORIENTED_EDGE('',*,*,#4292,.F.);
#5881=ORIENTED_EDGE('',*,*,#4210,.F.);
#5882=ORIENTED_EDGE('',*,*,#4293,.T.);
#5883=ORIENTED_EDGE('',*,*,#3813,.F.);
#5884=ORIENTED_EDGE('',*,*,#4293,.F.);
#5885=ORIENTED_EDGE('',*,*,#4209,.F.);
#5886=ORIENTED_EDGE('',*,*,#4294,.T.);
#5887=ORIENTED_EDGE('',*,*,#3811,.F.);
#5888=ORIENTED_EDGE('',*,*,#4294,.F.);
#5889=ORIENTED_EDGE('',*,*,#4208,.F.);
#5890=ORIENTED_EDGE('',*,*,#4295,.T.);
#5891=ORIENTED_EDGE('',*,*,#3809,.F.);
#5892=ORIENTED_EDGE('',*,*,#4295,.F.);
#5893=ORIENTED_EDGE('',*,*,#4207,.F.);
#5894=ORIENTED_EDGE('',*,*,#4296,.T.);
#5895=ORIENTED_EDGE('',*,*,#3807,.F.);
#5896=ORIENTED_EDGE('',*,*,#4296,.F.);
#5897=ORIENTED_EDGE('',*,*,#4206,.F.);
#5898=ORIENTED_EDGE('',*,*,#3832,.T.);
#5899=ORIENTED_EDGE('',*,*,#3827,.F.);
#5900=ORIENTED_EDGE('',*,*,#3831,.F.);
#5901=ORIENTED_EDGE('',*,*,#4205,.F.);
#5902=ORIENTED_EDGE('',*,*,#4297,.T.);
#5903=ORIENTED_EDGE('',*,*,#3838,.F.);
#5904=ORIENTED_EDGE('',*,*,#4297,.F.);
#5905=ORIENTED_EDGE('',*,*,#4204,.F.);
#5906=ORIENTED_EDGE('',*,*,#3845,.T.);
#5907=ORIENTED_EDGE('',*,*,#4188,.T.);
#5908=ORIENTED_EDGE('',*,*,#4298,.T.);
#5909=ORIENTED_EDGE('',*,*,#3774,.F.);
#5910=ORIENTED_EDGE('',*,*,#4299,.F.);
#5911=ORIENTED_EDGE('',*,*,#4187,.T.);
#5912=ORIENTED_EDGE('',*,*,#4300,.T.);
#5913=ORIENTED_EDGE('',*,*,#3775,.F.);
#5914=ORIENTED_EDGE('',*,*,#4298,.F.);
#5915=ORIENTED_EDGE('',*,*,#4186,.T.);
#5916=ORIENTED_EDGE('',*,*,#4301,.T.);
#5917=ORIENTED_EDGE('',*,*,#3776,.F.);
#5918=ORIENTED_EDGE('',*,*,#4300,.F.);
#5919=ORIENTED_EDGE('',*,*,#4185,.T.);
#5920=ORIENTED_EDGE('',*,*,#4302,.T.);
#5921=ORIENTED_EDGE('',*,*,#3777,.F.);
#5922=ORIENTED_EDGE('',*,*,#4301,.F.);
#5923=ORIENTED_EDGE('',*,*,#4180,.T.);
#5924=ORIENTED_EDGE('',*,*,#4303,.T.);
#5925=ORIENTED_EDGE('',*,*,#3766,.F.);
#5926=ORIENTED_EDGE('',*,*,#4304,.F.);
#5927=ORIENTED_EDGE('',*,*,#4179,.T.);
#5928=ORIENTED_EDGE('',*,*,#4305,.T.);
#5929=ORIENTED_EDGE('',*,*,#3767,.F.);
#5930=ORIENTED_EDGE('',*,*,#4303,.F.);
#5931=ORIENTED_EDGE('',*,*,#4178,.T.);
#5932=ORIENTED_EDGE('',*,*,#4306,.T.);
#5933=ORIENTED_EDGE('',*,*,#3768,.F.);
#5934=ORIENTED_EDGE('',*,*,#4305,.F.);
#5935=ORIENTED_EDGE('',*,*,#4177,.T.);
#5936=ORIENTED_EDGE('',*,*,#4307,.T.);
#5937=ORIENTED_EDGE('',*,*,#3769,.F.);
#5938=ORIENTED_EDGE('',*,*,#4306,.F.);
#5939=ORIENTED_EDGE('',*,*,#3895,.F.);
#5940=ORIENTED_EDGE('',*,*,#4308,.F.);
#5941=ORIENTED_EDGE('',*,*,#4198,.F.);
#5942=ORIENTED_EDGE('',*,*,#4013,.T.);
#5943=ORIENTED_EDGE('',*,*,#3971,.T.);
#5944=ORIENTED_EDGE('',*,*,#3999,.T.);
#5945=ORIENTED_EDGE('',*,*,#3943,.T.);
#5946=ORIENTED_EDGE('',*,*,#4016,.T.);
#5947=ORIENTED_EDGE('',*,*,#3877,.F.);
#5948=ORIENTED_EDGE('',*,*,#4309,.F.);
#5949=ORIENTED_EDGE('',*,*,#4199,.F.);
#5950=ORIENTED_EDGE('',*,*,#4308,.T.);
#5951=ORIENTED_EDGE('',*,*,#3865,.F.);
#5952=ORIENTED_EDGE('',*,*,#4310,.F.);
#5953=ORIENTED_EDGE('',*,*,#4193,.F.);
#5954=ORIENTED_EDGE('',*,*,#3871,.F.);
#5955=ORIENTED_EDGE('',*,*,#4284,.F.);
#5956=ORIENTED_EDGE('',*,*,#4197,.T.);
#5957=ORIENTED_EDGE('',*,*,#4200,.F.);
#5958=ORIENTED_EDGE('',*,*,#4309,.T.);
#5959=ORIENTED_EDGE('',*,*,#3876,.F.);
#5960=ORIENTED_EDGE('',*,*,#3864,.F.);
#5961=ORIENTED_EDGE('',*,*,#3873,.F.);
#5962=ORIENTED_EDGE('',*,*,#4192,.T.);
#5963=ORIENTED_EDGE('',*,*,#4310,.T.);
#5964=ORIENTED_EDGE('',*,*,#3852,.F.);
#5965=ORIENTED_EDGE('',*,*,#4311,.F.);
#5966=ORIENTED_EDGE('',*,*,#4201,.F.);
#5967=ORIENTED_EDGE('',*,*,#3874,.T.);
#5968=ORIENTED_EDGE('',*,*,#3859,.F.);
#5969=ORIENTED_EDGE('',*,*,#3851,.F.);
#5970=ORIENTED_EDGE('',*,*,#3856,.F.);
#5971=ORIENTED_EDGE('',*,*,#4202,.F.);
#5972=ORIENTED_EDGE('',*,*,#4311,.T.);
#5973=ORIENTED_EDGE('',*,*,#3840,.F.);
#5974=ORIENTED_EDGE('',*,*,#3844,.F.);
#5975=ORIENTED_EDGE('',*,*,#4203,.F.);
#5976=ORIENTED_EDGE('',*,*,#3857,.T.);
#5977=ORIENTED_EDGE('',*,*,#4184,.T.);
#5978=ORIENTED_EDGE('',*,*,#4312,.T.);
#5979=ORIENTED_EDGE('',*,*,#3778,.F.);
#5980=ORIENTED_EDGE('',*,*,#4302,.F.);
#5981=ORIENTED_EDGE('',*,*,#4189,.T.);
#5982=ORIENTED_EDGE('',*,*,#4299,.T.);
#5983=ORIENTED_EDGE('',*,*,#3773,.F.);
#5984=ORIENTED_EDGE('',*,*,#4313,.F.);
#5985=ORIENTED_EDGE('',*,*,#4190,.T.);
#5986=ORIENTED_EDGE('',*,*,#4313,.T.);
#5987=ORIENTED_EDGE('',*,*,#3772,.F.);
#5988=ORIENTED_EDGE('',*,*,#4314,.F.);
#5989=ORIENTED_EDGE('',*,*,#4191,.T.);
#5990=ORIENTED_EDGE('',*,*,#4314,.T.);
#5991=ORIENTED_EDGE('',*,*,#3771,.F.);
#5992=ORIENTED_EDGE('',*,*,#4312,.F.);
#5993=ORIENTED_EDGE('',*,*,#4176,.T.);
#5994=ORIENTED_EDGE('',*,*,#4315,.T.);
#5995=ORIENTED_EDGE('',*,*,#3770,.F.);
#5996=ORIENTED_EDGE('',*,*,#4307,.F.);
#5997=ORIENTED_EDGE('',*,*,#4181,.T.);
#5998=ORIENTED_EDGE('',*,*,#4304,.T.);
#5999=ORIENTED_EDGE('',*,*,#3765,.F.);
#6000=ORIENTED_EDGE('',*,*,#4316,.F.);
#6001=ORIENTED_EDGE('',*,*,#4182,.T.);
#6002=ORIENTED_EDGE('',*,*,#4316,.T.);
#6003=ORIENTED_EDGE('',*,*,#3764,.F.);
#6004=ORIENTED_EDGE('',*,*,#4317,.F.);
#6005=ORIENTED_EDGE('',*,*,#4183,.T.);
#6006=ORIENTED_EDGE('',*,*,#4317,.T.);
#6007=ORIENTED_EDGE('',*,*,#3763,.F.);
#6008=ORIENTED_EDGE('',*,*,#4315,.F.);
#6009=ORIENTED_EDGE('',*,*,#4222,.T.);
#6010=ORIENTED_EDGE('',*,*,#4055,.T.);
#6011=ORIENTED_EDGE('',*,*,#4060,.T.);
#6012=ORIENTED_EDGE('',*,*,#4064,.T.);
#6013=ORIENTED_EDGE('',*,*,#4283,.T.);
#6014=ORIENTED_EDGE('',*,*,#4235,.T.);
#6015=ORIENTED_EDGE('',*,*,#4237,.T.);
#6016=ORIENTED_EDGE('',*,*,#4238,.T.);
#6017=ORIENTED_EDGE('',*,*,#4232,.T.);
#6018=ORIENTED_EDGE('',*,*,#4240,.T.);
#6019=ORIENTED_EDGE('',*,*,#4242,.T.);
#6020=ORIENTED_EDGE('',*,*,#4244,.T.);
#6021=ORIENTED_EDGE('',*,*,#4246,.T.);
#6022=ORIENTED_EDGE('',*,*,#4248,.T.);
#6023=ORIENTED_EDGE('',*,*,#4250,.T.);
#6024=ORIENTED_EDGE('',*,*,#4252,.T.);
#6025=ORIENTED_EDGE('',*,*,#4254,.T.);
#6026=ORIENTED_EDGE('',*,*,#4256,.T.);
#6027=ORIENTED_EDGE('',*,*,#4258,.T.);
#6028=ORIENTED_EDGE('',*,*,#4260,.T.);
#6029=ORIENTED_EDGE('',*,*,#4261,.T.);
#6030=ORIENTED_EDGE('',*,*,#4228,.T.);
#6031=ORIENTED_EDGE('',*,*,#4226,.T.);
#6032=ORIENTED_EDGE('',*,*,#4224,.T.);
#6033=ORIENTED_EDGE('',*,*,#4263,.T.);
#6034=ORIENTED_EDGE('',*,*,#4265,.T.);
#6035=ORIENTED_EDGE('',*,*,#4267,.T.);
#6036=ORIENTED_EDGE('',*,*,#4269,.T.);
#6037=ORIENTED_EDGE('',*,*,#4271,.T.);
#6038=ORIENTED_EDGE('',*,*,#4273,.T.);
#6039=ORIENTED_EDGE('',*,*,#4275,.T.);
#6040=ORIENTED_EDGE('',*,*,#4277,.T.);
#6041=ORIENTED_EDGE('',*,*,#4279,.T.);
#6042=ORIENTED_EDGE('',*,*,#4281,.T.);
#6043=ORIENTED_EDGE('',*,*,#4282,.T.);
#6044=ORIENTED_EDGE('',*,*,#4044,.T.);
#6045=ORIENTED_EDGE('',*,*,#4047,.T.);
#6046=ORIENTED_EDGE('',*,*,#4049,.T.);
#6047=ORIENTED_EDGE('',*,*,#4052,.T.);
#6048=ORIENTED_EDGE('',*,*,#3924,.T.);
#6049=ORIENTED_EDGE('',*,*,#3907,.T.);
#6050=ORIENTED_EDGE('',*,*,#3914,.T.);
#6051=ORIENTED_EDGE('',*,*,#3912,.T.);
#6052=ORIENTED_EDGE('',*,*,#3919,.T.);
#6053=ORIENTED_EDGE('',*,*,#3902,.T.);
#6054=ORIENTED_EDGE('',*,*,#4318,.T.);
#6055=ORIENTED_EDGE('',*,*,#4319,.T.);
#6056=ORIENTED_EDGE('',*,*,#4320,.T.);
#6057=ORIENTED_EDGE('',*,*,#4321,.F.);
#6058=ORIENTED_EDGE('',*,*,#4322,.F.);
#6059=ORIENTED_EDGE('',*,*,#4320,.F.);
#6060=ORIENTED_EDGE('',*,*,#4318,.F.);
#6061=ORIENTED_EDGE('',*,*,#4319,.F.);
#6062=ORIENTED_EDGE('',*,*,#4323,.T.);
#6063=ORIENTED_EDGE('',*,*,#4324,.F.);
#6064=ORIENTED_EDGE('',*,*,#4323,.F.);
#6065=ORIENTED_EDGE('',*,*,#4325,.F.);
#6066=ORIENTED_EDGE('',*,*,#4326,.T.);
#6067=ORIENTED_EDGE('',*,*,#4327,.F.);
#6068=ORIENTED_EDGE('',*,*,#4326,.F.);
#6069=ORIENTED_EDGE('',*,*,#4328,.F.);
#6070=ORIENTED_EDGE('',*,*,#4329,.T.);
#6071=ORIENTED_EDGE('',*,*,#4330,.F.);
#6072=ORIENTED_EDGE('',*,*,#4329,.F.);
#6073=ORIENTED_EDGE('',*,*,#4331,.F.);
#6074=ORIENTED_EDGE('',*,*,#4332,.T.);
#6075=ORIENTED_EDGE('',*,*,#4333,.F.);
#6076=ORIENTED_EDGE('',*,*,#4332,.F.);
#6077=ORIENTED_EDGE('',*,*,#4334,.F.);
#6078=ORIENTED_EDGE('',*,*,#4335,.T.);
#6079=ORIENTED_EDGE('',*,*,#4336,.F.);
#6080=ORIENTED_EDGE('',*,*,#4335,.F.);
#6081=ORIENTED_EDGE('',*,*,#4337,.F.);
#6082=ORIENTED_EDGE('',*,*,#4338,.T.);
#6083=ORIENTED_EDGE('',*,*,#4339,.F.);
#6084=ORIENTED_EDGE('',*,*,#4338,.F.);
#6085=ORIENTED_EDGE('',*,*,#4340,.F.);
#6086=ORIENTED_EDGE('',*,*,#4341,.T.);
#6087=ORIENTED_EDGE('',*,*,#4342,.F.);
#6088=ORIENTED_EDGE('',*,*,#4341,.F.);
#6089=ORIENTED_EDGE('',*,*,#4343,.F.);
#6090=ORIENTED_EDGE('',*,*,#4344,.T.);
#6091=ORIENTED_EDGE('',*,*,#4345,.F.);
#6092=ORIENTED_EDGE('',*,*,#4344,.F.);
#6093=ORIENTED_EDGE('',*,*,#4343,.T.);
#6094=ORIENTED_EDGE('',*,*,#4342,.T.);
#6095=ORIENTED_EDGE('',*,*,#4339,.T.);
#6096=ORIENTED_EDGE('',*,*,#4336,.T.);
#6097=ORIENTED_EDGE('',*,*,#4333,.T.);
#6098=ORIENTED_EDGE('',*,*,#4330,.T.);
#6099=ORIENTED_EDGE('',*,*,#4327,.T.);
#6100=ORIENTED_EDGE('',*,*,#4321,.T.);
#6101=ORIENTED_EDGE('',*,*,#4322,.T.);
#6102=ORIENTED_EDGE('',*,*,#4346,.T.);
#6103=ORIENTED_EDGE('',*,*,#4347,.T.);
#6104=ORIENTED_EDGE('',*,*,#4346,.F.);
#6105=ORIENTED_EDGE('',*,*,#4324,.T.);
#6106=ORIENTED_EDGE('',*,*,#4345,.T.);
#6107=ORIENTED_EDGE('',*,*,#4347,.F.);
#6108=ORIENTED_EDGE('',*,*,#4340,.T.);
#6109=ORIENTED_EDGE('',*,*,#4337,.T.);
#6110=ORIENTED_EDGE('',*,*,#4334,.T.);
#6111=ORIENTED_EDGE('',*,*,#4331,.T.);
#6112=ORIENTED_EDGE('',*,*,#4328,.T.);
#6113=ORIENTED_EDGE('',*,*,#4325,.T.);
#6114=ORIENTED_EDGE('',*,*,#4348,.T.);
#6115=ORIENTED_EDGE('',*,*,#4349,.T.);
#6116=ORIENTED_EDGE('',*,*,#4350,.T.);
#6117=ORIENTED_EDGE('',*,*,#4351,.F.);
#6118=ORIENTED_EDGE('',*,*,#4352,.F.);
#6119=ORIENTED_EDGE('',*,*,#4350,.F.);
#6120=ORIENTED_EDGE('',*,*,#4348,.F.);
#6121=ORIENTED_EDGE('',*,*,#4349,.F.);
#6122=ORIENTED_EDGE('',*,*,#4353,.T.);
#6123=ORIENTED_EDGE('',*,*,#4354,.F.);
#6124=ORIENTED_EDGE('',*,*,#4353,.F.);
#6125=ORIENTED_EDGE('',*,*,#4355,.F.);
#6126=ORIENTED_EDGE('',*,*,#4356,.T.);
#6127=ORIENTED_EDGE('',*,*,#4357,.F.);
#6128=ORIENTED_EDGE('',*,*,#4356,.F.);
#6129=ORIENTED_EDGE('',*,*,#4358,.F.);
#6130=ORIENTED_EDGE('',*,*,#4359,.T.);
#6131=ORIENTED_EDGE('',*,*,#4360,.F.);
#6132=ORIENTED_EDGE('',*,*,#4359,.F.);
#6133=ORIENTED_EDGE('',*,*,#4361,.F.);
#6134=ORIENTED_EDGE('',*,*,#4362,.T.);
#6135=ORIENTED_EDGE('',*,*,#4363,.F.);
#6136=ORIENTED_EDGE('',*,*,#4362,.F.);
#6137=ORIENTED_EDGE('',*,*,#4364,.F.);
#6138=ORIENTED_EDGE('',*,*,#4365,.T.);
#6139=ORIENTED_EDGE('',*,*,#4366,.F.);
#6140=ORIENTED_EDGE('',*,*,#4365,.F.);
#6141=ORIENTED_EDGE('',*,*,#4367,.F.);
#6142=ORIENTED_EDGE('',*,*,#4368,.T.);
#6143=ORIENTED_EDGE('',*,*,#4369,.F.);
#6144=ORIENTED_EDGE('',*,*,#4368,.F.);
#6145=ORIENTED_EDGE('',*,*,#4370,.F.);
#6146=ORIENTED_EDGE('',*,*,#4371,.T.);
#6147=ORIENTED_EDGE('',*,*,#4372,.F.);
#6148=ORIENTED_EDGE('',*,*,#4371,.F.);
#6149=ORIENTED_EDGE('',*,*,#4373,.F.);
#6150=ORIENTED_EDGE('',*,*,#4374,.T.);
#6151=ORIENTED_EDGE('',*,*,#4375,.F.);
#6152=ORIENTED_EDGE('',*,*,#4374,.F.);
#6153=ORIENTED_EDGE('',*,*,#4373,.T.);
#6154=ORIENTED_EDGE('',*,*,#4372,.T.);
#6155=ORIENTED_EDGE('',*,*,#4369,.T.);
#6156=ORIENTED_EDGE('',*,*,#4366,.T.);
#6157=ORIENTED_EDGE('',*,*,#4363,.T.);
#6158=ORIENTED_EDGE('',*,*,#4360,.T.);
#6159=ORIENTED_EDGE('',*,*,#4357,.T.);
#6160=ORIENTED_EDGE('',*,*,#4351,.T.);
#6161=ORIENTED_EDGE('',*,*,#4352,.T.);
#6162=ORIENTED_EDGE('',*,*,#4376,.T.);
#6163=ORIENTED_EDGE('',*,*,#4377,.T.);
#6164=ORIENTED_EDGE('',*,*,#4376,.F.);
#6165=ORIENTED_EDGE('',*,*,#4354,.T.);
#6166=ORIENTED_EDGE('',*,*,#4375,.T.);
#6167=ORIENTED_EDGE('',*,*,#4377,.F.);
#6168=ORIENTED_EDGE('',*,*,#4370,.T.);
#6169=ORIENTED_EDGE('',*,*,#4367,.T.);
#6170=ORIENTED_EDGE('',*,*,#4364,.T.);
#6171=ORIENTED_EDGE('',*,*,#4361,.T.);
#6172=ORIENTED_EDGE('',*,*,#4358,.T.);
#6173=ORIENTED_EDGE('',*,*,#4355,.T.);
#6174=ORIENTED_EDGE('',*,*,#4378,.T.);
#6175=ORIENTED_EDGE('',*,*,#4379,.T.);
#6176=ORIENTED_EDGE('',*,*,#4380,.T.);
#6177=ORIENTED_EDGE('',*,*,#4381,.F.);
#6178=ORIENTED_EDGE('',*,*,#4382,.F.);
#6179=ORIENTED_EDGE('',*,*,#4380,.F.);
#6180=ORIENTED_EDGE('',*,*,#4378,.F.);
#6181=ORIENTED_EDGE('',*,*,#4379,.F.);
#6182=ORIENTED_EDGE('',*,*,#4383,.T.);
#6183=ORIENTED_EDGE('',*,*,#4384,.F.);
#6184=ORIENTED_EDGE('',*,*,#4383,.F.);
#6185=ORIENTED_EDGE('',*,*,#4385,.F.);
#6186=ORIENTED_EDGE('',*,*,#4386,.T.);
#6187=ORIENTED_EDGE('',*,*,#4387,.F.);
#6188=ORIENTED_EDGE('',*,*,#4386,.F.);
#6189=ORIENTED_EDGE('',*,*,#4388,.F.);
#6190=ORIENTED_EDGE('',*,*,#4389,.T.);
#6191=ORIENTED_EDGE('',*,*,#4390,.F.);
#6192=ORIENTED_EDGE('',*,*,#4389,.F.);
#6193=ORIENTED_EDGE('',*,*,#4391,.F.);
#6194=ORIENTED_EDGE('',*,*,#4392,.T.);
#6195=ORIENTED_EDGE('',*,*,#4393,.F.);
#6196=ORIENTED_EDGE('',*,*,#4392,.F.);
#6197=ORIENTED_EDGE('',*,*,#4394,.F.);
#6198=ORIENTED_EDGE('',*,*,#4395,.T.);
#6199=ORIENTED_EDGE('',*,*,#4396,.F.);
#6200=ORIENTED_EDGE('',*,*,#4395,.F.);
#6201=ORIENTED_EDGE('',*,*,#4397,.F.);
#6202=ORIENTED_EDGE('',*,*,#4398,.T.);
#6203=ORIENTED_EDGE('',*,*,#4399,.F.);
#6204=ORIENTED_EDGE('',*,*,#4398,.F.);
#6205=ORIENTED_EDGE('',*,*,#4400,.F.);
#6206=ORIENTED_EDGE('',*,*,#4401,.T.);
#6207=ORIENTED_EDGE('',*,*,#4402,.F.);
#6208=ORIENTED_EDGE('',*,*,#4401,.F.);
#6209=ORIENTED_EDGE('',*,*,#4403,.F.);
#6210=ORIENTED_EDGE('',*,*,#4404,.T.);
#6211=ORIENTED_EDGE('',*,*,#4405,.F.);
#6212=ORIENTED_EDGE('',*,*,#4404,.F.);
#6213=ORIENTED_EDGE('',*,*,#4403,.T.);
#6214=ORIENTED_EDGE('',*,*,#4402,.T.);
#6215=ORIENTED_EDGE('',*,*,#4399,.T.);
#6216=ORIENTED_EDGE('',*,*,#4396,.T.);
#6217=ORIENTED_EDGE('',*,*,#4393,.T.);
#6218=ORIENTED_EDGE('',*,*,#4390,.T.);
#6219=ORIENTED_EDGE('',*,*,#4387,.T.);
#6220=ORIENTED_EDGE('',*,*,#4381,.T.);
#6221=ORIENTED_EDGE('',*,*,#4382,.T.);
#6222=ORIENTED_EDGE('',*,*,#4406,.T.);
#6223=ORIENTED_EDGE('',*,*,#4407,.T.);
#6224=ORIENTED_EDGE('',*,*,#4406,.F.);
#6225=ORIENTED_EDGE('',*,*,#4384,.T.);
#6226=ORIENTED_EDGE('',*,*,#4405,.T.);
#6227=ORIENTED_EDGE('',*,*,#4407,.F.);
#6228=ORIENTED_EDGE('',*,*,#4400,.T.);
#6229=ORIENTED_EDGE('',*,*,#4397,.T.);
#6230=ORIENTED_EDGE('',*,*,#4394,.T.);
#6231=ORIENTED_EDGE('',*,*,#4391,.T.);
#6232=ORIENTED_EDGE('',*,*,#4388,.T.);
#6233=ORIENTED_EDGE('',*,*,#4385,.T.);
#6234=ORIENTED_EDGE('',*,*,#4408,.T.);
#6235=ORIENTED_EDGE('',*,*,#4409,.T.);
#6236=ORIENTED_EDGE('',*,*,#4410,.T.);
#6237=ORIENTED_EDGE('',*,*,#4411,.F.);
#6238=ORIENTED_EDGE('',*,*,#4412,.F.);
#6239=ORIENTED_EDGE('',*,*,#4410,.F.);
#6240=ORIENTED_EDGE('',*,*,#4408,.F.);
#6241=ORIENTED_EDGE('',*,*,#4409,.F.);
#6242=ORIENTED_EDGE('',*,*,#4413,.T.);
#6243=ORIENTED_EDGE('',*,*,#4414,.F.);
#6244=ORIENTED_EDGE('',*,*,#4413,.F.);
#6245=ORIENTED_EDGE('',*,*,#4415,.F.);
#6246=ORIENTED_EDGE('',*,*,#4416,.T.);
#6247=ORIENTED_EDGE('',*,*,#4417,.F.);
#6248=ORIENTED_EDGE('',*,*,#4416,.F.);
#6249=ORIENTED_EDGE('',*,*,#4418,.F.);
#6250=ORIENTED_EDGE('',*,*,#4419,.T.);
#6251=ORIENTED_EDGE('',*,*,#4420,.F.);
#6252=ORIENTED_EDGE('',*,*,#4419,.F.);
#6253=ORIENTED_EDGE('',*,*,#4421,.F.);
#6254=ORIENTED_EDGE('',*,*,#4422,.T.);
#6255=ORIENTED_EDGE('',*,*,#4423,.F.);
#6256=ORIENTED_EDGE('',*,*,#4422,.F.);
#6257=ORIENTED_EDGE('',*,*,#4424,.F.);
#6258=ORIENTED_EDGE('',*,*,#4425,.T.);
#6259=ORIENTED_EDGE('',*,*,#4426,.F.);
#6260=ORIENTED_EDGE('',*,*,#4425,.F.);
#6261=ORIENTED_EDGE('',*,*,#4427,.F.);
#6262=ORIENTED_EDGE('',*,*,#4428,.T.);
#6263=ORIENTED_EDGE('',*,*,#4429,.F.);
#6264=ORIENTED_EDGE('',*,*,#4428,.F.);
#6265=ORIENTED_EDGE('',*,*,#4430,.F.);
#6266=ORIENTED_EDGE('',*,*,#4431,.T.);
#6267=ORIENTED_EDGE('',*,*,#4432,.F.);
#6268=ORIENTED_EDGE('',*,*,#4431,.F.);
#6269=ORIENTED_EDGE('',*,*,#4433,.F.);
#6270=ORIENTED_EDGE('',*,*,#4434,.T.);
#6271=ORIENTED_EDGE('',*,*,#4435,.F.);
#6272=ORIENTED_EDGE('',*,*,#4434,.F.);
#6273=ORIENTED_EDGE('',*,*,#4433,.T.);
#6274=ORIENTED_EDGE('',*,*,#4432,.T.);
#6275=ORIENTED_EDGE('',*,*,#4429,.T.);
#6276=ORIENTED_EDGE('',*,*,#4426,.T.);
#6277=ORIENTED_EDGE('',*,*,#4423,.T.);
#6278=ORIENTED_EDGE('',*,*,#4420,.T.);
#6279=ORIENTED_EDGE('',*,*,#4417,.T.);
#6280=ORIENTED_EDGE('',*,*,#4411,.T.);
#6281=ORIENTED_EDGE('',*,*,#4412,.T.);
#6282=ORIENTED_EDGE('',*,*,#4436,.T.);
#6283=ORIENTED_EDGE('',*,*,#4437,.T.);
#6284=ORIENTED_EDGE('',*,*,#4436,.F.);
#6285=ORIENTED_EDGE('',*,*,#4414,.T.);
#6286=ORIENTED_EDGE('',*,*,#4435,.T.);
#6287=ORIENTED_EDGE('',*,*,#4437,.F.);
#6288=ORIENTED_EDGE('',*,*,#4430,.T.);
#6289=ORIENTED_EDGE('',*,*,#4427,.T.);
#6290=ORIENTED_EDGE('',*,*,#4424,.T.);
#6291=ORIENTED_EDGE('',*,*,#4421,.T.);
#6292=ORIENTED_EDGE('',*,*,#4418,.T.);
#6293=ORIENTED_EDGE('',*,*,#4415,.T.);
#6294=ORIENTED_EDGE('',*,*,#4438,.T.);
#6295=ORIENTED_EDGE('',*,*,#4439,.T.);
#6296=ORIENTED_EDGE('',*,*,#4440,.T.);
#6297=ORIENTED_EDGE('',*,*,#4441,.F.);
#6298=ORIENTED_EDGE('',*,*,#4442,.F.);
#6299=ORIENTED_EDGE('',*,*,#4440,.F.);
#6300=ORIENTED_EDGE('',*,*,#4438,.F.);
#6301=ORIENTED_EDGE('',*,*,#4439,.F.);
#6302=ORIENTED_EDGE('',*,*,#4443,.T.);
#6303=ORIENTED_EDGE('',*,*,#4444,.F.);
#6304=ORIENTED_EDGE('',*,*,#4443,.F.);
#6305=ORIENTED_EDGE('',*,*,#4445,.F.);
#6306=ORIENTED_EDGE('',*,*,#4446,.T.);
#6307=ORIENTED_EDGE('',*,*,#4447,.F.);
#6308=ORIENTED_EDGE('',*,*,#4446,.F.);
#6309=ORIENTED_EDGE('',*,*,#4448,.F.);
#6310=ORIENTED_EDGE('',*,*,#4449,.T.);
#6311=ORIENTED_EDGE('',*,*,#4450,.F.);
#6312=ORIENTED_EDGE('',*,*,#4449,.F.);
#6313=ORIENTED_EDGE('',*,*,#4451,.F.);
#6314=ORIENTED_EDGE('',*,*,#4452,.T.);
#6315=ORIENTED_EDGE('',*,*,#4453,.F.);
#6316=ORIENTED_EDGE('',*,*,#4452,.F.);
#6317=ORIENTED_EDGE('',*,*,#4454,.F.);
#6318=ORIENTED_EDGE('',*,*,#4455,.T.);
#6319=ORIENTED_EDGE('',*,*,#4456,.F.);
#6320=ORIENTED_EDGE('',*,*,#4455,.F.);
#6321=ORIENTED_EDGE('',*,*,#4457,.F.);
#6322=ORIENTED_EDGE('',*,*,#4458,.T.);
#6323=ORIENTED_EDGE('',*,*,#4459,.F.);
#6324=ORIENTED_EDGE('',*,*,#4458,.F.);
#6325=ORIENTED_EDGE('',*,*,#4460,.F.);
#6326=ORIENTED_EDGE('',*,*,#4461,.T.);
#6327=ORIENTED_EDGE('',*,*,#4462,.F.);
#6328=ORIENTED_EDGE('',*,*,#4461,.F.);
#6329=ORIENTED_EDGE('',*,*,#4463,.F.);
#6330=ORIENTED_EDGE('',*,*,#4464,.T.);
#6331=ORIENTED_EDGE('',*,*,#4465,.F.);
#6332=ORIENTED_EDGE('',*,*,#4464,.F.);
#6333=ORIENTED_EDGE('',*,*,#4463,.T.);
#6334=ORIENTED_EDGE('',*,*,#4462,.T.);
#6335=ORIENTED_EDGE('',*,*,#4459,.T.);
#6336=ORIENTED_EDGE('',*,*,#4456,.T.);
#6337=ORIENTED_EDGE('',*,*,#4453,.T.);
#6338=ORIENTED_EDGE('',*,*,#4450,.T.);
#6339=ORIENTED_EDGE('',*,*,#4447,.T.);
#6340=ORIENTED_EDGE('',*,*,#4441,.T.);
#6341=ORIENTED_EDGE('',*,*,#4442,.T.);
#6342=ORIENTED_EDGE('',*,*,#4466,.T.);
#6343=ORIENTED_EDGE('',*,*,#4467,.T.);
#6344=ORIENTED_EDGE('',*,*,#4466,.F.);
#6345=ORIENTED_EDGE('',*,*,#4444,.T.);
#6346=ORIENTED_EDGE('',*,*,#4465,.T.);
#6347=ORIENTED_EDGE('',*,*,#4467,.F.);
#6348=ORIENTED_EDGE('',*,*,#4460,.T.);
#6349=ORIENTED_EDGE('',*,*,#4457,.T.);
#6350=ORIENTED_EDGE('',*,*,#4454,.T.);
#6351=ORIENTED_EDGE('',*,*,#4451,.T.);
#6352=ORIENTED_EDGE('',*,*,#4448,.T.);
#6353=ORIENTED_EDGE('',*,*,#4445,.T.);
#6354=ORIENTED_EDGE('',*,*,#4468,.T.);
#6355=ORIENTED_EDGE('',*,*,#4469,.T.);
#6356=ORIENTED_EDGE('',*,*,#4470,.T.);
#6357=ORIENTED_EDGE('',*,*,#4471,.F.);
#6358=ORIENTED_EDGE('',*,*,#4472,.F.);
#6359=ORIENTED_EDGE('',*,*,#4470,.F.);
#6360=ORIENTED_EDGE('',*,*,#4468,.F.);
#6361=ORIENTED_EDGE('',*,*,#4469,.F.);
#6362=ORIENTED_EDGE('',*,*,#4473,.T.);
#6363=ORIENTED_EDGE('',*,*,#4474,.F.);
#6364=ORIENTED_EDGE('',*,*,#4473,.F.);
#6365=ORIENTED_EDGE('',*,*,#4475,.F.);
#6366=ORIENTED_EDGE('',*,*,#4476,.T.);
#6367=ORIENTED_EDGE('',*,*,#4477,.F.);
#6368=ORIENTED_EDGE('',*,*,#4476,.F.);
#6369=ORIENTED_EDGE('',*,*,#4478,.F.);
#6370=ORIENTED_EDGE('',*,*,#4479,.T.);
#6371=ORIENTED_EDGE('',*,*,#4480,.F.);
#6372=ORIENTED_EDGE('',*,*,#4479,.F.);
#6373=ORIENTED_EDGE('',*,*,#4481,.F.);
#6374=ORIENTED_EDGE('',*,*,#4482,.T.);
#6375=ORIENTED_EDGE('',*,*,#4483,.F.);
#6376=ORIENTED_EDGE('',*,*,#4482,.F.);
#6377=ORIENTED_EDGE('',*,*,#4484,.F.);
#6378=ORIENTED_EDGE('',*,*,#4485,.T.);
#6379=ORIENTED_EDGE('',*,*,#4486,.F.);
#6380=ORIENTED_EDGE('',*,*,#4485,.F.);
#6381=ORIENTED_EDGE('',*,*,#4487,.F.);
#6382=ORIENTED_EDGE('',*,*,#4488,.T.);
#6383=ORIENTED_EDGE('',*,*,#4489,.F.);
#6384=ORIENTED_EDGE('',*,*,#4488,.F.);
#6385=ORIENTED_EDGE('',*,*,#4490,.F.);
#6386=ORIENTED_EDGE('',*,*,#4491,.T.);
#6387=ORIENTED_EDGE('',*,*,#4492,.F.);
#6388=ORIENTED_EDGE('',*,*,#4491,.F.);
#6389=ORIENTED_EDGE('',*,*,#4493,.F.);
#6390=ORIENTED_EDGE('',*,*,#4494,.T.);
#6391=ORIENTED_EDGE('',*,*,#4495,.F.);
#6392=ORIENTED_EDGE('',*,*,#4494,.F.);
#6393=ORIENTED_EDGE('',*,*,#4493,.T.);
#6394=ORIENTED_EDGE('',*,*,#4492,.T.);
#6395=ORIENTED_EDGE('',*,*,#4489,.T.);
#6396=ORIENTED_EDGE('',*,*,#4486,.T.);
#6397=ORIENTED_EDGE('',*,*,#4483,.T.);
#6398=ORIENTED_EDGE('',*,*,#4480,.T.);
#6399=ORIENTED_EDGE('',*,*,#4477,.T.);
#6400=ORIENTED_EDGE('',*,*,#4471,.T.);
#6401=ORIENTED_EDGE('',*,*,#4472,.T.);
#6402=ORIENTED_EDGE('',*,*,#4496,.T.);
#6403=ORIENTED_EDGE('',*,*,#4497,.T.);
#6404=ORIENTED_EDGE('',*,*,#4496,.F.);
#6405=ORIENTED_EDGE('',*,*,#4474,.T.);
#6406=ORIENTED_EDGE('',*,*,#4495,.T.);
#6407=ORIENTED_EDGE('',*,*,#4497,.F.);
#6408=ORIENTED_EDGE('',*,*,#4490,.T.);
#6409=ORIENTED_EDGE('',*,*,#4487,.T.);
#6410=ORIENTED_EDGE('',*,*,#4484,.T.);
#6411=ORIENTED_EDGE('',*,*,#4481,.T.);
#6412=ORIENTED_EDGE('',*,*,#4478,.T.);
#6413=ORIENTED_EDGE('',*,*,#4475,.T.);
#6414=ORIENTED_EDGE('',*,*,#4498,.F.);
#6415=ORIENTED_EDGE('',*,*,#4499,.F.);
#6416=ORIENTED_EDGE('',*,*,#4500,.F.);
#6417=ORIENTED_EDGE('',*,*,#4501,.F.);
#6418=ORIENTED_EDGE('',*,*,#4500,.T.);
#6419=ORIENTED_EDGE('',*,*,#4502,.F.);
#6420=ORIENTED_EDGE('',*,*,#4503,.F.);
#6421=ORIENTED_EDGE('',*,*,#4504,.T.);
#6422=ORIENTED_EDGE('',*,*,#4502,.T.);
#6423=ORIENTED_EDGE('',*,*,#4499,.T.);
#6424=ORIENTED_EDGE('',*,*,#4505,.F.);
#6425=ORIENTED_EDGE('',*,*,#4506,.F.);
#6426=ORIENTED_EDGE('',*,*,#4506,.T.);
#6427=ORIENTED_EDGE('',*,*,#4507,.F.);
#6428=ORIENTED_EDGE('',*,*,#4508,.F.);
#6429=ORIENTED_EDGE('',*,*,#4509,.F.);
#6430=ORIENTED_EDGE('',*,*,#4505,.T.);
#6431=ORIENTED_EDGE('',*,*,#4510,.F.);
#6432=ORIENTED_EDGE('',*,*,#4507,.T.);
#6433=ORIENTED_EDGE('',*,*,#4511,.T.);
#6434=ORIENTED_EDGE('',*,*,#4503,.T.);
#6435=ORIENTED_EDGE('',*,*,#4504,.F.);
#6436=ORIENTED_EDGE('',*,*,#4509,.T.);
#6437=ORIENTED_EDGE('',*,*,#4512,.T.);
#6438=ORIENTED_EDGE('',*,*,#4513,.T.);
#6439=ORIENTED_EDGE('',*,*,#4501,.T.);
#6440=ORIENTED_EDGE('',*,*,#4513,.F.);
#6441=ORIENTED_EDGE('',*,*,#4514,.F.);
#6442=ORIENTED_EDGE('',*,*,#4515,.T.);
#6443=ORIENTED_EDGE('',*,*,#4514,.T.);
#6444=ORIENTED_EDGE('',*,*,#4512,.F.);
#6445=ORIENTED_EDGE('',*,*,#4508,.T.);
#6446=ORIENTED_EDGE('',*,*,#4510,.T.);
#6447=ORIENTED_EDGE('',*,*,#4498,.T.);
#6448=ORIENTED_EDGE('',*,*,#4515,.F.);
#6449=ORIENTED_EDGE('',*,*,#4516,.T.);
#6450=ORIENTED_EDGE('',*,*,#4511,.F.);
#6451=ORIENTED_EDGE('',*,*,#4516,.F.);
#6452=ORIENTED_EDGE('',*,*,#4517,.T.);
#6453=ORIENTED_EDGE('',*,*,#4517,.F.);
#6454=ORIENTED_EDGE('',*,*,#4518,.F.);
#6455=ORIENTED_EDGE('',*,*,#4519,.T.);
#6456=ORIENTED_EDGE('',*,*,#4520,.F.);
#6457=ORIENTED_EDGE('',*,*,#4521,.F.);
#6458=ORIENTED_EDGE('',*,*,#4522,.F.);
#6459=ORIENTED_EDGE('',*,*,#4521,.T.);
#6460=ORIENTED_EDGE('',*,*,#4523,.F.);
#6461=ORIENTED_EDGE('',*,*,#4524,.F.);
#6462=ORIENTED_EDGE('',*,*,#4525,.F.);
#6463=ORIENTED_EDGE('',*,*,#4524,.T.);
#6464=ORIENTED_EDGE('',*,*,#4526,.F.);
#6465=ORIENTED_EDGE('',*,*,#4527,.F.);
#6466=ORIENTED_EDGE('',*,*,#4528,.F.);
#6467=ORIENTED_EDGE('',*,*,#4527,.T.);
#6468=ORIENTED_EDGE('',*,*,#4529,.F.);
#6469=ORIENTED_EDGE('',*,*,#4530,.F.);
#6470=ORIENTED_EDGE('',*,*,#4531,.F.);
#6471=ORIENTED_EDGE('',*,*,#4530,.T.);
#6472=ORIENTED_EDGE('',*,*,#4532,.F.);
#6473=ORIENTED_EDGE('',*,*,#4533,.F.);
#6474=ORIENTED_EDGE('',*,*,#4534,.F.);
#6475=ORIENTED_EDGE('',*,*,#4533,.T.);
#6476=ORIENTED_EDGE('',*,*,#4535,.F.);
#6477=ORIENTED_EDGE('',*,*,#4536,.F.);
#6478=ORIENTED_EDGE('',*,*,#4537,.F.);
#6479=ORIENTED_EDGE('',*,*,#4536,.T.);
#6480=ORIENTED_EDGE('',*,*,#4538,.F.);
#6481=ORIENTED_EDGE('',*,*,#4539,.F.);
#6482=ORIENTED_EDGE('',*,*,#4540,.F.);
#6483=ORIENTED_EDGE('',*,*,#4539,.T.);
#6484=ORIENTED_EDGE('',*,*,#4541,.F.);
#6485=ORIENTED_EDGE('',*,*,#4519,.F.);
#6486=ORIENTED_EDGE('',*,*,#4541,.T.);
#6487=ORIENTED_EDGE('',*,*,#4538,.T.);
#6488=ORIENTED_EDGE('',*,*,#4535,.T.);
#6489=ORIENTED_EDGE('',*,*,#4532,.T.);
#6490=ORIENTED_EDGE('',*,*,#4529,.T.);
#6491=ORIENTED_EDGE('',*,*,#4526,.T.);
#6492=ORIENTED_EDGE('',*,*,#4523,.T.);
#6493=ORIENTED_EDGE('',*,*,#4520,.T.);
#6494=ORIENTED_EDGE('',*,*,#4542,.F.);
#6495=ORIENTED_EDGE('',*,*,#4543,.T.);
#6496=ORIENTED_EDGE('',*,*,#4544,.F.);
#6497=ORIENTED_EDGE('',*,*,#4545,.F.);
#6498=ORIENTED_EDGE('',*,*,#4546,.F.);
#6499=ORIENTED_EDGE('',*,*,#4545,.T.);
#6500=ORIENTED_EDGE('',*,*,#4547,.F.);
#6501=ORIENTED_EDGE('',*,*,#4548,.F.);
#6502=ORIENTED_EDGE('',*,*,#4549,.F.);
#6503=ORIENTED_EDGE('',*,*,#4548,.T.);
#6504=ORIENTED_EDGE('',*,*,#4550,.F.);
#6505=ORIENTED_EDGE('',*,*,#4551,.F.);
#6506=ORIENTED_EDGE('',*,*,#4552,.F.);
#6507=ORIENTED_EDGE('',*,*,#4551,.T.);
#6508=ORIENTED_EDGE('',*,*,#4553,.F.);
#6509=ORIENTED_EDGE('',*,*,#4554,.F.);
#6510=ORIENTED_EDGE('',*,*,#4555,.F.);
#6511=ORIENTED_EDGE('',*,*,#4554,.T.);
#6512=ORIENTED_EDGE('',*,*,#4556,.F.);
#6513=ORIENTED_EDGE('',*,*,#4557,.F.);
#6514=ORIENTED_EDGE('',*,*,#4558,.F.);
#6515=ORIENTED_EDGE('',*,*,#4557,.T.);
#6516=ORIENTED_EDGE('',*,*,#4559,.F.);
#6517=ORIENTED_EDGE('',*,*,#4560,.F.);
#6518=ORIENTED_EDGE('',*,*,#4561,.F.);
#6519=ORIENTED_EDGE('',*,*,#4560,.T.);
#6520=ORIENTED_EDGE('',*,*,#4562,.F.);
#6521=ORIENTED_EDGE('',*,*,#4563,.F.);
#6522=ORIENTED_EDGE('',*,*,#4564,.F.);
#6523=ORIENTED_EDGE('',*,*,#4563,.T.);
#6524=ORIENTED_EDGE('',*,*,#4565,.F.);
#6525=ORIENTED_EDGE('',*,*,#4543,.F.);
#6526=ORIENTED_EDGE('',*,*,#4565,.T.);
#6527=ORIENTED_EDGE('',*,*,#4562,.T.);
#6528=ORIENTED_EDGE('',*,*,#4559,.T.);
#6529=ORIENTED_EDGE('',*,*,#4556,.T.);
#6530=ORIENTED_EDGE('',*,*,#4553,.T.);
#6531=ORIENTED_EDGE('',*,*,#4550,.T.);
#6532=ORIENTED_EDGE('',*,*,#4547,.T.);
#6533=ORIENTED_EDGE('',*,*,#4544,.T.);
#6534=ORIENTED_EDGE('',*,*,#4566,.F.);
#6535=ORIENTED_EDGE('',*,*,#4567,.T.);
#6536=ORIENTED_EDGE('',*,*,#4568,.F.);
#6537=ORIENTED_EDGE('',*,*,#4567,.F.);
#6538=ORIENTED_EDGE('',*,*,#4569,.F.);
#6539=ORIENTED_EDGE('',*,*,#4570,.T.);
#6540=ORIENTED_EDGE('',*,*,#4571,.F.);
#6541=ORIENTED_EDGE('',*,*,#4570,.F.);
#6542=ORIENTED_EDGE('',*,*,#4572,.F.);
#6543=ORIENTED_EDGE('',*,*,#4573,.T.);
#6544=ORIENTED_EDGE('',*,*,#4574,.F.);
#6545=ORIENTED_EDGE('',*,*,#4573,.F.);
#6546=ORIENTED_EDGE('',*,*,#4575,.F.);
#6547=ORIENTED_EDGE('',*,*,#4576,.T.);
#6548=ORIENTED_EDGE('',*,*,#4577,.F.);
#6549=ORIENTED_EDGE('',*,*,#4576,.F.);
#6550=ORIENTED_EDGE('',*,*,#4578,.F.);
#6551=ORIENTED_EDGE('',*,*,#4579,.T.);
#6552=ORIENTED_EDGE('',*,*,#4580,.F.);
#6553=ORIENTED_EDGE('',*,*,#4579,.F.);
#6554=ORIENTED_EDGE('',*,*,#4581,.F.);
#6555=ORIENTED_EDGE('',*,*,#4582,.T.);
#6556=ORIENTED_EDGE('',*,*,#4583,.F.);
#6557=ORIENTED_EDGE('',*,*,#4582,.F.);
#6558=ORIENTED_EDGE('',*,*,#4584,.T.);
#6559=ORIENTED_EDGE('',*,*,#4585,.T.);
#6560=ORIENTED_EDGE('',*,*,#4586,.F.);
#6561=ORIENTED_EDGE('',*,*,#4587,.F.);
#6562=ORIENTED_EDGE('',*,*,#4588,.T.);
#6563=ORIENTED_EDGE('',*,*,#4587,.T.);
#6564=ORIENTED_EDGE('',*,*,#4589,.F.);
#6565=ORIENTED_EDGE('',*,*,#4590,.F.);
#6566=ORIENTED_EDGE('',*,*,#4591,.F.);
#6567=ORIENTED_EDGE('',*,*,#4590,.T.);
#6568=ORIENTED_EDGE('',*,*,#4592,.F.);
#6569=ORIENTED_EDGE('',*,*,#4593,.F.);
#6570=ORIENTED_EDGE('',*,*,#4594,.T.);
#6571=ORIENTED_EDGE('',*,*,#4593,.T.);
#6572=ORIENTED_EDGE('',*,*,#4595,.F.);
#6573=ORIENTED_EDGE('',*,*,#4596,.F.);
#6574=ORIENTED_EDGE('',*,*,#4597,.T.);
#6575=ORIENTED_EDGE('',*,*,#4596,.T.);
#6576=ORIENTED_EDGE('',*,*,#4598,.F.);
#6577=ORIENTED_EDGE('',*,*,#4599,.F.);
#6578=ORIENTED_EDGE('',*,*,#4600,.F.);
#6579=ORIENTED_EDGE('',*,*,#4599,.T.);
#6580=ORIENTED_EDGE('',*,*,#4601,.F.);
#6581=ORIENTED_EDGE('',*,*,#4602,.F.);
#6582=ORIENTED_EDGE('',*,*,#4603,.T.);
#6583=ORIENTED_EDGE('',*,*,#4602,.T.);
#6584=ORIENTED_EDGE('',*,*,#4604,.F.);
#6585=ORIENTED_EDGE('',*,*,#4605,.F.);
#6586=ORIENTED_EDGE('',*,*,#4606,.T.);
#6587=ORIENTED_EDGE('',*,*,#4605,.T.);
#6588=ORIENTED_EDGE('',*,*,#4607,.F.);
#6589=ORIENTED_EDGE('',*,*,#4608,.F.);
#6590=ORIENTED_EDGE('',*,*,#4609,.F.);
#6591=ORIENTED_EDGE('',*,*,#4608,.T.);
#6592=ORIENTED_EDGE('',*,*,#4610,.F.);
#6593=ORIENTED_EDGE('',*,*,#4611,.F.);
#6594=ORIENTED_EDGE('',*,*,#4612,.T.);
#6595=ORIENTED_EDGE('',*,*,#4611,.T.);
#6596=ORIENTED_EDGE('',*,*,#4613,.F.);
#6597=ORIENTED_EDGE('',*,*,#4614,.F.);
#6598=ORIENTED_EDGE('',*,*,#4615,.T.);
#6599=ORIENTED_EDGE('',*,*,#4614,.T.);
#6600=ORIENTED_EDGE('',*,*,#4616,.F.);
#6601=ORIENTED_EDGE('',*,*,#4617,.F.);
#6602=ORIENTED_EDGE('',*,*,#4618,.F.);
#6603=ORIENTED_EDGE('',*,*,#4617,.T.);
#6604=ORIENTED_EDGE('',*,*,#4619,.F.);
#6605=ORIENTED_EDGE('',*,*,#4620,.F.);
#6606=ORIENTED_EDGE('',*,*,#4621,.F.);
#6607=ORIENTED_EDGE('',*,*,#4620,.T.);
#6608=ORIENTED_EDGE('',*,*,#4622,.F.);
#6609=ORIENTED_EDGE('',*,*,#4623,.F.);
#6610=ORIENTED_EDGE('',*,*,#4624,.F.);
#6611=ORIENTED_EDGE('',*,*,#4623,.T.);
#6612=ORIENTED_EDGE('',*,*,#4625,.F.);
#6613=ORIENTED_EDGE('',*,*,#4626,.F.);
#6614=ORIENTED_EDGE('',*,*,#4627,.F.);
#6615=ORIENTED_EDGE('',*,*,#4626,.T.);
#6616=ORIENTED_EDGE('',*,*,#4628,.F.);
#6617=ORIENTED_EDGE('',*,*,#4629,.F.);
#6618=ORIENTED_EDGE('',*,*,#4630,.F.);
#6619=ORIENTED_EDGE('',*,*,#4629,.T.);
#6620=ORIENTED_EDGE('',*,*,#4631,.F.);
#6621=ORIENTED_EDGE('',*,*,#4632,.F.);
#6622=ORIENTED_EDGE('',*,*,#4633,.F.);
#6623=ORIENTED_EDGE('',*,*,#4632,.T.);
#6624=ORIENTED_EDGE('',*,*,#4634,.F.);
#6625=ORIENTED_EDGE('',*,*,#4635,.F.);
#6626=ORIENTED_EDGE('',*,*,#4636,.F.);
#6627=ORIENTED_EDGE('',*,*,#4635,.T.);
#6628=ORIENTED_EDGE('',*,*,#4637,.F.);
#6629=ORIENTED_EDGE('',*,*,#4638,.F.);
#6630=ORIENTED_EDGE('',*,*,#4639,.F.);
#6631=ORIENTED_EDGE('',*,*,#4638,.T.);
#6632=ORIENTED_EDGE('',*,*,#4640,.F.);
#6633=ORIENTED_EDGE('',*,*,#4641,.F.);
#6634=ORIENTED_EDGE('',*,*,#4642,.F.);
#6635=ORIENTED_EDGE('',*,*,#4641,.T.);
#6636=ORIENTED_EDGE('',*,*,#4643,.F.);
#6637=ORIENTED_EDGE('',*,*,#4644,.F.);
#6638=ORIENTED_EDGE('',*,*,#4645,.T.);
#6639=ORIENTED_EDGE('',*,*,#4644,.T.);
#6640=ORIENTED_EDGE('',*,*,#4646,.F.);
#6641=ORIENTED_EDGE('',*,*,#4647,.F.);
#6642=ORIENTED_EDGE('',*,*,#4648,.T.);
#6643=ORIENTED_EDGE('',*,*,#4647,.T.);
#6644=ORIENTED_EDGE('',*,*,#4649,.F.);
#6645=ORIENTED_EDGE('',*,*,#4650,.F.);
#6646=ORIENTED_EDGE('',*,*,#4651,.F.);
#6647=ORIENTED_EDGE('',*,*,#4650,.T.);
#6648=ORIENTED_EDGE('',*,*,#4652,.F.);
#6649=ORIENTED_EDGE('',*,*,#4653,.F.);
#6650=ORIENTED_EDGE('',*,*,#4654,.T.);
#6651=ORIENTED_EDGE('',*,*,#4653,.T.);
#6652=ORIENTED_EDGE('',*,*,#4655,.F.);
#6653=ORIENTED_EDGE('',*,*,#4656,.F.);
#6654=ORIENTED_EDGE('',*,*,#4657,.T.);
#6655=ORIENTED_EDGE('',*,*,#4656,.T.);
#6656=ORIENTED_EDGE('',*,*,#4658,.F.);
#6657=ORIENTED_EDGE('',*,*,#4659,.F.);
#6658=ORIENTED_EDGE('',*,*,#4660,.F.);
#6659=ORIENTED_EDGE('',*,*,#4659,.T.);
#6660=ORIENTED_EDGE('',*,*,#4661,.F.);
#6661=ORIENTED_EDGE('',*,*,#4585,.F.);
#6662=ORIENTED_EDGE('',*,*,#4660,.T.);
#6663=ORIENTED_EDGE('',*,*,#4584,.F.);
#6664=ORIENTED_EDGE('',*,*,#4588,.F.);
#6665=ORIENTED_EDGE('',*,*,#4591,.T.);
#6666=ORIENTED_EDGE('',*,*,#4594,.F.);
#6667=ORIENTED_EDGE('',*,*,#4597,.F.);
#6668=ORIENTED_EDGE('',*,*,#4600,.T.);
#6669=ORIENTED_EDGE('',*,*,#4603,.F.);
#6670=ORIENTED_EDGE('',*,*,#4606,.F.);
#6671=ORIENTED_EDGE('',*,*,#4609,.T.);
#6672=ORIENTED_EDGE('',*,*,#4612,.F.);
#6673=ORIENTED_EDGE('',*,*,#4615,.F.);
#6674=ORIENTED_EDGE('',*,*,#4618,.T.);
#6675=ORIENTED_EDGE('',*,*,#4621,.T.);
#6676=ORIENTED_EDGE('',*,*,#4624,.T.);
#6677=ORIENTED_EDGE('',*,*,#4627,.T.);
#6678=ORIENTED_EDGE('',*,*,#4630,.T.);
#6679=ORIENTED_EDGE('',*,*,#4633,.T.);
#6680=ORIENTED_EDGE('',*,*,#4636,.T.);
#6681=ORIENTED_EDGE('',*,*,#4639,.T.);
#6682=ORIENTED_EDGE('',*,*,#4642,.T.);
#6683=ORIENTED_EDGE('',*,*,#4645,.F.);
#6684=ORIENTED_EDGE('',*,*,#4648,.F.);
#6685=ORIENTED_EDGE('',*,*,#4651,.T.);
#6686=ORIENTED_EDGE('',*,*,#4654,.F.);
#6687=ORIENTED_EDGE('',*,*,#4657,.F.);
#6688=ORIENTED_EDGE('',*,*,#4568,.T.);
#6689=ORIENTED_EDGE('',*,*,#4571,.T.);
#6690=ORIENTED_EDGE('',*,*,#4574,.T.);
#6691=ORIENTED_EDGE('',*,*,#4577,.T.);
#6692=ORIENTED_EDGE('',*,*,#4580,.T.);
#6693=ORIENTED_EDGE('',*,*,#4583,.T.);
#6694=ORIENTED_EDGE('',*,*,#4542,.T.);
#6695=ORIENTED_EDGE('',*,*,#4546,.T.);
#6696=ORIENTED_EDGE('',*,*,#4549,.T.);
#6697=ORIENTED_EDGE('',*,*,#4552,.T.);
#6698=ORIENTED_EDGE('',*,*,#4555,.T.);
#6699=ORIENTED_EDGE('',*,*,#4558,.T.);
#6700=ORIENTED_EDGE('',*,*,#4561,.T.);
#6701=ORIENTED_EDGE('',*,*,#4564,.T.);
#6702=ORIENTED_EDGE('',*,*,#4518,.T.);
#6703=ORIENTED_EDGE('',*,*,#4522,.T.);
#6704=ORIENTED_EDGE('',*,*,#4525,.T.);
#6705=ORIENTED_EDGE('',*,*,#4528,.T.);
#6706=ORIENTED_EDGE('',*,*,#4531,.T.);
#6707=ORIENTED_EDGE('',*,*,#4534,.T.);
#6708=ORIENTED_EDGE('',*,*,#4537,.T.);
#6709=ORIENTED_EDGE('',*,*,#4540,.T.);
#6710=ORIENTED_EDGE('',*,*,#4661,.T.);
#6711=ORIENTED_EDGE('',*,*,#4658,.T.);
#6712=ORIENTED_EDGE('',*,*,#4655,.T.);
#6713=ORIENTED_EDGE('',*,*,#4652,.T.);
#6714=ORIENTED_EDGE('',*,*,#4649,.T.);
#6715=ORIENTED_EDGE('',*,*,#4646,.T.);
#6716=ORIENTED_EDGE('',*,*,#4643,.T.);
#6717=ORIENTED_EDGE('',*,*,#4640,.T.);
#6718=ORIENTED_EDGE('',*,*,#4637,.T.);
#6719=ORIENTED_EDGE('',*,*,#4634,.T.);
#6720=ORIENTED_EDGE('',*,*,#4631,.T.);
#6721=ORIENTED_EDGE('',*,*,#4628,.T.);
#6722=ORIENTED_EDGE('',*,*,#4625,.T.);
#6723=ORIENTED_EDGE('',*,*,#4622,.T.);
#6724=ORIENTED_EDGE('',*,*,#4619,.T.);
#6725=ORIENTED_EDGE('',*,*,#4616,.T.);
#6726=ORIENTED_EDGE('',*,*,#4613,.T.);
#6727=ORIENTED_EDGE('',*,*,#4610,.T.);
#6728=ORIENTED_EDGE('',*,*,#4607,.T.);
#6729=ORIENTED_EDGE('',*,*,#4604,.T.);
#6730=ORIENTED_EDGE('',*,*,#4601,.T.);
#6731=ORIENTED_EDGE('',*,*,#4598,.T.);
#6732=ORIENTED_EDGE('',*,*,#4595,.T.);
#6733=ORIENTED_EDGE('',*,*,#4592,.T.);
#6734=ORIENTED_EDGE('',*,*,#4589,.T.);
#6735=ORIENTED_EDGE('',*,*,#4586,.T.);
#6736=ORIENTED_EDGE('',*,*,#4581,.T.);
#6737=ORIENTED_EDGE('',*,*,#4578,.T.);
#6738=ORIENTED_EDGE('',*,*,#4575,.T.);
#6739=ORIENTED_EDGE('',*,*,#4572,.T.);
#6740=ORIENTED_EDGE('',*,*,#4569,.T.);
#6741=ORIENTED_EDGE('',*,*,#4566,.T.);
#6742=ORIENTED_EDGE('',*,*,#4662,.T.);
#6743=ORIENTED_EDGE('',*,*,#4663,.T.);
#6744=ORIENTED_EDGE('',*,*,#4664,.T.);
#6745=ORIENTED_EDGE('',*,*,#4663,.F.);
#6746=ORIENTED_EDGE('',*,*,#4665,.T.);
#6747=ORIENTED_EDGE('',*,*,#4664,.F.);
#6748=ORIENTED_EDGE('',*,*,#4666,.T.);
#6749=ORIENTED_EDGE('',*,*,#4667,.F.);
#6750=ORIENTED_EDGE('',*,*,#4668,.T.);
#6751=ORIENTED_EDGE('',*,*,#4665,.F.);
#6752=ORIENTED_EDGE('',*,*,#4662,.F.);
#6753=ORIENTED_EDGE('',*,*,#4668,.F.);
#6754=ORIENTED_EDGE('',*,*,#4669,.T.);
#6755=ORIENTED_EDGE('',*,*,#4670,.T.);
#6756=ORIENTED_EDGE('',*,*,#4671,.T.);
#6757=ORIENTED_EDGE('',*,*,#4672,.T.);
#6758=ORIENTED_EDGE('',*,*,#4670,.F.);
#6759=ORIENTED_EDGE('',*,*,#4672,.F.);
#6760=ORIENTED_EDGE('',*,*,#4673,.T.);
#6761=ORIENTED_EDGE('',*,*,#4666,.F.);
#6762=ORIENTED_EDGE('',*,*,#4673,.F.);
#6763=ORIENTED_EDGE('',*,*,#4671,.F.);
#6764=ORIENTED_EDGE('',*,*,#4669,.F.);
#6765=ORIENTED_EDGE('',*,*,#4667,.T.);
#6766=ORIENTED_EDGE('',*,*,#4674,.T.);
#6767=ORIENTED_EDGE('',*,*,#4675,.T.);
#6768=ORIENTED_EDGE('',*,*,#4676,.T.);
#6769=ORIENTED_EDGE('',*,*,#4675,.F.);
#6770=ORIENTED_EDGE('',*,*,#4677,.T.);
#6771=ORIENTED_EDGE('',*,*,#4676,.F.);
#6772=ORIENTED_EDGE('',*,*,#4678,.T.);
#6773=ORIENTED_EDGE('',*,*,#4679,.F.);
#6774=ORIENTED_EDGE('',*,*,#4680,.T.);
#6775=ORIENTED_EDGE('',*,*,#4677,.F.);
#6776=ORIENTED_EDGE('',*,*,#4674,.F.);
#6777=ORIENTED_EDGE('',*,*,#4680,.F.);
#6778=ORIENTED_EDGE('',*,*,#4681,.T.);
#6779=ORIENTED_EDGE('',*,*,#4682,.T.);
#6780=ORIENTED_EDGE('',*,*,#4683,.T.);
#6781=ORIENTED_EDGE('',*,*,#4684,.T.);
#6782=ORIENTED_EDGE('',*,*,#4682,.F.);
#6783=ORIENTED_EDGE('',*,*,#4684,.F.);
#6784=ORIENTED_EDGE('',*,*,#4685,.T.);
#6785=ORIENTED_EDGE('',*,*,#4678,.F.);
#6786=ORIENTED_EDGE('',*,*,#4685,.F.);
#6787=ORIENTED_EDGE('',*,*,#4683,.F.);
#6788=ORIENTED_EDGE('',*,*,#4681,.F.);
#6789=ORIENTED_EDGE('',*,*,#4679,.T.);
#6790=ORIENTED_EDGE('',*,*,#4686,.T.);
#6791=ORIENTED_EDGE('',*,*,#4687,.T.);
#6792=ORIENTED_EDGE('',*,*,#4688,.T.);
#6793=ORIENTED_EDGE('',*,*,#4687,.F.);
#6794=ORIENTED_EDGE('',*,*,#4689,.T.);
#6795=ORIENTED_EDGE('',*,*,#4688,.F.);
#6796=ORIENTED_EDGE('',*,*,#4690,.T.);
#6797=ORIENTED_EDGE('',*,*,#4691,.F.);
#6798=ORIENTED_EDGE('',*,*,#4692,.T.);
#6799=ORIENTED_EDGE('',*,*,#4689,.F.);
#6800=ORIENTED_EDGE('',*,*,#4686,.F.);
#6801=ORIENTED_EDGE('',*,*,#4692,.F.);
#6802=ORIENTED_EDGE('',*,*,#4693,.T.);
#6803=ORIENTED_EDGE('',*,*,#4694,.T.);
#6804=ORIENTED_EDGE('',*,*,#4695,.T.);
#6805=ORIENTED_EDGE('',*,*,#4696,.T.);
#6806=ORIENTED_EDGE('',*,*,#4694,.F.);
#6807=ORIENTED_EDGE('',*,*,#4696,.F.);
#6808=ORIENTED_EDGE('',*,*,#4697,.T.);
#6809=ORIENTED_EDGE('',*,*,#4690,.F.);
#6810=ORIENTED_EDGE('',*,*,#4697,.F.);
#6811=ORIENTED_EDGE('',*,*,#4695,.F.);
#6812=ORIENTED_EDGE('',*,*,#4693,.F.);
#6813=ORIENTED_EDGE('',*,*,#4691,.T.);
#6814=ORIENTED_EDGE('',*,*,#4698,.T.);
#6815=ORIENTED_EDGE('',*,*,#4699,.T.);
#6816=ORIENTED_EDGE('',*,*,#4700,.T.);
#6817=ORIENTED_EDGE('',*,*,#4699,.F.);
#6818=ORIENTED_EDGE('',*,*,#4701,.T.);
#6819=ORIENTED_EDGE('',*,*,#4700,.F.);
#6820=ORIENTED_EDGE('',*,*,#4702,.T.);
#6821=ORIENTED_EDGE('',*,*,#4703,.F.);
#6822=ORIENTED_EDGE('',*,*,#4704,.T.);
#6823=ORIENTED_EDGE('',*,*,#4701,.F.);
#6824=ORIENTED_EDGE('',*,*,#4698,.F.);
#6825=ORIENTED_EDGE('',*,*,#4704,.F.);
#6826=ORIENTED_EDGE('',*,*,#4705,.T.);
#6827=ORIENTED_EDGE('',*,*,#4706,.T.);
#6828=ORIENTED_EDGE('',*,*,#4707,.T.);
#6829=ORIENTED_EDGE('',*,*,#4708,.T.);
#6830=ORIENTED_EDGE('',*,*,#4706,.F.);
#6831=ORIENTED_EDGE('',*,*,#4708,.F.);
#6832=ORIENTED_EDGE('',*,*,#4709,.T.);
#6833=ORIENTED_EDGE('',*,*,#4702,.F.);
#6834=ORIENTED_EDGE('',*,*,#4709,.F.);
#6835=ORIENTED_EDGE('',*,*,#4707,.F.);
#6836=ORIENTED_EDGE('',*,*,#4705,.F.);
#6837=ORIENTED_EDGE('',*,*,#4703,.T.);
#6838=ORIENTED_EDGE('',*,*,#4710,.T.);
#6839=ORIENTED_EDGE('',*,*,#4711,.T.);
#6840=ORIENTED_EDGE('',*,*,#4712,.T.);
#6841=ORIENTED_EDGE('',*,*,#4711,.F.);
#6842=ORIENTED_EDGE('',*,*,#4713,.T.);
#6843=ORIENTED_EDGE('',*,*,#4712,.F.);
#6844=ORIENTED_EDGE('',*,*,#4714,.T.);
#6845=ORIENTED_EDGE('',*,*,#4715,.F.);
#6846=ORIENTED_EDGE('',*,*,#4716,.T.);
#6847=ORIENTED_EDGE('',*,*,#4713,.F.);
#6848=ORIENTED_EDGE('',*,*,#4710,.F.);
#6849=ORIENTED_EDGE('',*,*,#4716,.F.);
#6850=ORIENTED_EDGE('',*,*,#4717,.T.);
#6851=ORIENTED_EDGE('',*,*,#4718,.T.);
#6852=ORIENTED_EDGE('',*,*,#4719,.T.);
#6853=ORIENTED_EDGE('',*,*,#4720,.T.);
#6854=ORIENTED_EDGE('',*,*,#4718,.F.);
#6855=ORIENTED_EDGE('',*,*,#4720,.F.);
#6856=ORIENTED_EDGE('',*,*,#4721,.T.);
#6857=ORIENTED_EDGE('',*,*,#4714,.F.);
#6858=ORIENTED_EDGE('',*,*,#4721,.F.);
#6859=ORIENTED_EDGE('',*,*,#4719,.F.);
#6860=ORIENTED_EDGE('',*,*,#4717,.F.);
#6861=ORIENTED_EDGE('',*,*,#4715,.T.);
#6862=ORIENTED_EDGE('',*,*,#4722,.T.);
#6863=ORIENTED_EDGE('',*,*,#4723,.T.);
#6864=ORIENTED_EDGE('',*,*,#4724,.T.);
#6865=ORIENTED_EDGE('',*,*,#4723,.F.);
#6866=ORIENTED_EDGE('',*,*,#4725,.T.);
#6867=ORIENTED_EDGE('',*,*,#4724,.F.);
#6868=ORIENTED_EDGE('',*,*,#4726,.T.);
#6869=ORIENTED_EDGE('',*,*,#4727,.F.);
#6870=ORIENTED_EDGE('',*,*,#4728,.T.);
#6871=ORIENTED_EDGE('',*,*,#4725,.F.);
#6872=ORIENTED_EDGE('',*,*,#4722,.F.);
#6873=ORIENTED_EDGE('',*,*,#4728,.F.);
#6874=ORIENTED_EDGE('',*,*,#4729,.T.);
#6875=ORIENTED_EDGE('',*,*,#4730,.T.);
#6876=ORIENTED_EDGE('',*,*,#4731,.T.);
#6877=ORIENTED_EDGE('',*,*,#4732,.T.);
#6878=ORIENTED_EDGE('',*,*,#4730,.F.);
#6879=ORIENTED_EDGE('',*,*,#4732,.F.);
#6880=ORIENTED_EDGE('',*,*,#4733,.T.);
#6881=ORIENTED_EDGE('',*,*,#4726,.F.);
#6882=ORIENTED_EDGE('',*,*,#4733,.F.);
#6883=ORIENTED_EDGE('',*,*,#4731,.F.);
#6884=ORIENTED_EDGE('',*,*,#4729,.F.);
#6885=ORIENTED_EDGE('',*,*,#4727,.T.);
#6886=CYLINDRICAL_SURFACE('',#7579,2.25);
#6887=CYLINDRICAL_SURFACE('',#7583,2.25);
#6888=CYLINDRICAL_SURFACE('',#7586,2.25);
#6889=CYLINDRICAL_SURFACE('',#7590,2.25);
#6890=CYLINDRICAL_SURFACE('',#7593,2.25);
#6891=CYLINDRICAL_SURFACE('',#7596,2.25);
#6892=CYLINDRICAL_SURFACE('',#7616,2.58394008663681);
#6893=CYLINDRICAL_SURFACE('',#7618,2.50864007924727);
#6894=CYLINDRICAL_SURFACE('',#7622,2.4774953188581);
#6895=CYLINDRICAL_SURFACE('',#7626,2.5059548580867);
#6896=CYLINDRICAL_SURFACE('',#7628,2.50490444214146);
#6897=CYLINDRICAL_SURFACE('',#7642,1.2);
#6898=CYLINDRICAL_SURFACE('',#7691,1.2);
#6899=CYLINDRICAL_SURFACE('',#7692,2.58394008663681);
#6900=CYLINDRICAL_SURFACE('',#7696,1.2);
#6901=CYLINDRICAL_SURFACE('',#7699,12.);
#6902=CYLINDRICAL_SURFACE('',#7701,2.58394008663681);
#6903=CYLINDRICAL_SURFACE('',#7727,12.0000000000776);
#6904=CYLINDRICAL_SURFACE('',#7729,2.6966112120582);
#6905=CYLINDRICAL_SURFACE('',#7737,12.0000000000776);
#6906=CYLINDRICAL_SURFACE('',#7739,2.19118867533145);
#6907=CYLINDRICAL_SURFACE('',#7746,2.1972566719865);
#6908=CYLINDRICAL_SURFACE('',#7753,2.1972566719865);
#6909=CYLINDRICAL_SURFACE('',#7775,2.48443988359753);
#6910=CYLINDRICAL_SURFACE('',#7781,7.5);
#6911=CYLINDRICAL_SURFACE('',#7787,7.5);
#6912=CYLINDRICAL_SURFACE('',#7793,7.5);
#6913=CYLINDRICAL_SURFACE('',#7795,7.5);
#6914=CYLINDRICAL_SURFACE('',#7801,7.5);
#6915=CYLINDRICAL_SURFACE('',#7807,7.5);
#6916=CYLINDRICAL_SURFACE('',#7879,2.46253378088292);
#6917=CYLINDRICAL_SURFACE('',#7881,2.46253378088292);
#6918=CYLINDRICAL_SURFACE('',#7882,2.46392971749144);
#6919=CYLINDRICAL_SURFACE('',#7884,2.46392971749144);
#6920=CYLINDRICAL_SURFACE('',#7885,2.48443988359753);
#6921=CYLINDRICAL_SURFACE('',#7887,2.48443988359753);
#6922=CYLINDRICAL_SURFACE('',#7888,2.48443988359753);
#6923=CYLINDRICAL_SURFACE('',#7890,2.48443988359753);
#6924=CYLINDRICAL_SURFACE('',#7891,2.48443988359754);
#6925=CYLINDRICAL_SURFACE('',#7893,2.48443988359754);
#6926=CYLINDRICAL_SURFACE('',#7894,2.48443988359754);
#6927=CYLINDRICAL_SURFACE('',#7896,2.48443988359754);
#6928=CYLINDRICAL_SURFACE('',#7897,2.48443988359753);
#6929=CYLINDRICAL_SURFACE('',#7899,2.48443988359753);
#6930=CYLINDRICAL_SURFACE('',#7900,2.48443988359753);
#6931=CYLINDRICAL_SURFACE('',#7902,2.48443988359753);
#6932=CYLINDRICAL_SURFACE('',#7903,2.48443988359753);
#6933=CYLINDRICAL_SURFACE('',#7905,2.50490444214146);
#6934=CYLINDRICAL_SURFACE('',#7907,2.5059548580867);
#6935=CYLINDRICAL_SURFACE('',#7909,3.96392971749144);
#6936=CYLINDRICAL_SURFACE('',#7911,3.96253378088291);
#6937=CYLINDRICAL_SURFACE('',#7913,3.91749143634472);
#6938=CYLINDRICAL_SURFACE('',#7915,3.89079897365007);
#6939=CYLINDRICAL_SURFACE('',#7918,3.6972566719865);
#6940=CYLINDRICAL_SURFACE('',#7922,3.6972566719865);
#6941=CYLINDRICAL_SURFACE('',#7926,3.6972566719865);
#6942=CYLINDRICAL_SURFACE('',#7970,0.428049182767009);
#6943=CYLINDRICAL_SURFACE('',#7972,0.428049182767009);
#6944=CYLINDRICAL_SURFACE('',#7974,0.428049182767009);
#6945=CYLINDRICAL_SURFACE('',#7976,0.428049182767009);
#6946=CYLINDRICAL_SURFACE('',#7978,0.428049182767009);
#6947=CYLINDRICAL_SURFACE('',#7980,0.428049182767009);
#6948=CYLINDRICAL_SURFACE('',#7982,0.428049182767009);
#6949=CYLINDRICAL_SURFACE('',#7984,0.428049182767009);
#6950=CYLINDRICAL_SURFACE('',#7986,0.428049182767009);
#6951=CYLINDRICAL_SURFACE('',#7988,0.428049182767009);
#6952=CYLINDRICAL_SURFACE('',#7990,0.428049182767009);
#6953=CYLINDRICAL_SURFACE('',#7992,0.428049182767009);
#6954=CYLINDRICAL_SURFACE('',#7994,0.428049182767009);
#6955=CYLINDRICAL_SURFACE('',#7996,0.428049182767009);
#6956=CYLINDRICAL_SURFACE('',#7998,0.428049182767009);
#6957=CYLINDRICAL_SURFACE('',#8000,0.428049182767009);
#6958=CYLINDRICAL_SURFACE('',#8002,0.428049182767009);
#6959=CYLINDRICAL_SURFACE('',#8004,0.428049182767009);
#6960=CYLINDRICAL_SURFACE('',#8006,0.428049182767009);
#6961=CYLINDRICAL_SURFACE('',#8008,0.428049182767009);
#6962=CYLINDRICAL_SURFACE('',#8010,0.428049182767009);
#6963=CYLINDRICAL_SURFACE('',#8012,0.428049182767009);
#6964=CYLINDRICAL_SURFACE('',#8014,0.428049182767009);
#6965=CYLINDRICAL_SURFACE('',#8016,0.428049182767009);
#6966=CYLINDRICAL_SURFACE('',#8018,0.428049182767009);
#6967=CYLINDRICAL_SURFACE('',#8020,0.428049182767009);
#6968=CYLINDRICAL_SURFACE('',#8022,0.428049182767009);
#6969=CYLINDRICAL_SURFACE('',#8024,0.428049182767009);
#6970=CYLINDRICAL_SURFACE('',#8026,0.428049182767009);
#6971=CYLINDRICAL_SURFACE('',#8028,0.428049182767009);
#6972=CYLINDRICAL_SURFACE('',#8030,0.428049182767009);
#6973=CYLINDRICAL_SURFACE('',#8032,0.428049182767009);
#6974=CYLINDRICAL_SURFACE('',#8034,0.428049182767009);
#6975=CYLINDRICAL_SURFACE('',#8036,0.428049182767009);
#6976=CYLINDRICAL_SURFACE('',#8038,0.428049182767009);
#6977=CYLINDRICAL_SURFACE('',#8040,0.428049182767009);
#6978=CYLINDRICAL_SURFACE('',#8055,2.1972566719865);
#6979=CYLINDRICAL_SURFACE('',#8080,4.08394008663681);
#6980=CYLINDRICAL_SURFACE('',#8082,4.08394008663681);
#6981=CYLINDRICAL_SURFACE('',#8084,4.08394008663681);
#6982=CYLINDRICAL_SURFACE('',#8086,4.1966112120582);
#6983=CYLINDRICAL_SURFACE('',#8088,3.69118867533145);
#6984=CYLINDRICAL_SURFACE('',#8090,3.72955982617069);
#6985=CYLINDRICAL_SURFACE('',#8092,4.25639048757322);
#6986=CYLINDRICAL_SURFACE('',#8094,4.1966112120582);
#6987=CYLINDRICAL_SURFACE('',#8096,4.1966112120582);
#6988=CYLINDRICAL_SURFACE('',#8098,4.1966112120582);
#6989=CYLINDRICAL_SURFACE('',#8100,4.1966112120582);
#6990=CYLINDRICAL_SURFACE('',#8102,4.1966112120582);
#6991=CYLINDRICAL_SURFACE('',#8104,4.1966112120582);
#6992=CYLINDRICAL_SURFACE('',#8106,4.1966112120582);
#6993=CYLINDRICAL_SURFACE('',#8108,4.04204517709518);
#6994=CYLINDRICAL_SURFACE('',#8110,4.02184287387618);
#6995=CYLINDRICAL_SURFACE('',#8112,4.04365756081937);
#6996=CYLINDRICAL_SURFACE('',#8114,4.05314418320708);
#6997=CYLINDRICAL_SURFACE('',#8116,4.08394008663681);
#6998=CYLINDRICAL_SURFACE('',#8118,4.00864007924727);
#6999=CYLINDRICAL_SURFACE('',#8120,3.9774953188581);
#7000=CYLINDRICAL_SURFACE('',#8122,4.0059548580867);
#7001=CYLINDRICAL_SURFACE('',#8124,4.00490444214146);
#7002=CYLINDRICAL_SURFACE('',#8126,3.98443988359753);
#7003=CYLINDRICAL_SURFACE('',#8128,3.98443988359753);
#7004=CYLINDRICAL_SURFACE('',#8130,3.98443988359754);
#7005=CYLINDRICAL_SURFACE('',#8132,3.98443988359753);
#7006=CYLINDRICAL_SURFACE('',#8134,3.98443988359753);
#7007=CYLINDRICAL_SURFACE('',#8136,3.98443988359753);
#7008=CYLINDRICAL_SURFACE('',#8138,3.98443988359753);
#7009=CYLINDRICAL_SURFACE('',#8140,3.68996321520672);
#7010=CYLINDRICAL_SURFACE('',#8146,2.58394008663681);
#7011=CYLINDRICAL_SURFACE('',#8148,2.55314418320708);
#7012=CYLINDRICAL_SURFACE('',#8149,2.54365756081937);
#7013=CYLINDRICAL_SURFACE('',#8150,2.52184287387617);
#7014=CYLINDRICAL_SURFACE('',#8151,2.54204517709518);
#7015=CYLINDRICAL_SURFACE('',#8152,2.6966112120582);
#7016=CYLINDRICAL_SURFACE('',#8153,2.6966112120582);
#7017=CYLINDRICAL_SURFACE('',#8154,2.6966112120582);
#7018=CYLINDRICAL_SURFACE('',#8155,2.6966112120582);
#7019=CYLINDRICAL_SURFACE('',#8156,2.6966112120582);
#7020=CYLINDRICAL_SURFACE('',#8157,2.6966112120582);
#7021=CYLINDRICAL_SURFACE('',#8158,2.6966112120582);
#7022=CYLINDRICAL_SURFACE('',#8159,2.75639048757322);
#7023=CYLINDRICAL_SURFACE('',#8160,2.22955982617069);
#7024=CYLINDRICAL_SURFACE('',#8162,0.600000000000003);
#7025=CYLINDRICAL_SURFACE('',#8164,0.600000000000001);
#7026=CYLINDRICAL_SURFACE('',#8166,0.600000000000001);
#7027=CYLINDRICAL_SURFACE('',#8168,0.600000000000001);
#7028=CYLINDRICAL_SURFACE('',#8169,2.41749143634472);
#7029=CYLINDRICAL_SURFACE('',#8170,2.39079897365007);
#7030=CYLINDRICAL_SURFACE('',#8171,12.0000000000075);
#7031=CYLINDRICAL_SURFACE('',#8172,2.1972566719865);
#7032=CYLINDRICAL_SURFACE('',#8174,2.1972566719865);
#7033=CYLINDRICAL_SURFACE('',#8175,2.18996321520672);
#7034=CYLINDRICAL_SURFACE('',#8177,0.6);
#7035=CYLINDRICAL_SURFACE('',#8179,0.600000000000001);
#7036=CYLINDRICAL_SURFACE('',#8181,0.600000000000003);
#7037=CYLINDRICAL_SURFACE('',#8183,0.6);
#7038=CYLINDRICAL_SURFACE('',#8191,7.95);
#7039=CYLINDRICAL_SURFACE('',#8193,0.428049182767009);
#7040=CYLINDRICAL_SURFACE('',#8196,0.428049182767009);
#7041=CYLINDRICAL_SURFACE('',#8199,0.428049182767009);
#7042=CYLINDRICAL_SURFACE('',#8202,0.428049182767009);
#7043=CYLINDRICAL_SURFACE('',#8205,0.428049182767009);
#7044=CYLINDRICAL_SURFACE('',#8208,0.428049182767009);
#7045=CYLINDRICAL_SURFACE('',#8211,5.7);
#7046=CYLINDRICAL_SURFACE('',#8215,6.6);
#7047=CYLINDRICAL_SURFACE('',#8225,7.95000000000002);
#7048=CYLINDRICAL_SURFACE('',#8227,0.428049182767009);
#7049=CYLINDRICAL_SURFACE('',#8230,0.428049182767009);
#7050=CYLINDRICAL_SURFACE('',#8233,0.428049182767009);
#7051=CYLINDRICAL_SURFACE('',#8236,0.428049182767009);
#7052=CYLINDRICAL_SURFACE('',#8239,0.428049182767009);
#7053=CYLINDRICAL_SURFACE('',#8242,0.428049182767009);
#7054=CYLINDRICAL_SURFACE('',#8245,5.7);
#7055=CYLINDRICAL_SURFACE('',#8249,6.6);
#7056=CYLINDRICAL_SURFACE('',#8259,7.95);
#7057=CYLINDRICAL_SURFACE('',#8261,0.428049182767009);
#7058=CYLINDRICAL_SURFACE('',#8264,0.428049182767009);
#7059=CYLINDRICAL_SURFACE('',#8267,0.428049182767009);
#7060=CYLINDRICAL_SURFACE('',#8270,0.428049182767009);
#7061=CYLINDRICAL_SURFACE('',#8273,0.428049182767009);
#7062=CYLINDRICAL_SURFACE('',#8276,0.428049182767009);
#7063=CYLINDRICAL_SURFACE('',#8279,5.7);
#7064=CYLINDRICAL_SURFACE('',#8283,6.6);
#7065=CYLINDRICAL_SURFACE('',#8293,7.95);
#7066=CYLINDRICAL_SURFACE('',#8295,0.428049182767009);
#7067=CYLINDRICAL_SURFACE('',#8298,0.428049182767009);
#7068=CYLINDRICAL_SURFACE('',#8301,0.428049182767009);
#7069=CYLINDRICAL_SURFACE('',#8304,0.428049182767009);
#7070=CYLINDRICAL_SURFACE('',#8307,0.428049182767009);
#7071=CYLINDRICAL_SURFACE('',#8310,0.428049182767009);
#7072=CYLINDRICAL_SURFACE('',#8313,5.7);
#7073=CYLINDRICAL_SURFACE('',#8317,6.6);
#7074=CYLINDRICAL_SURFACE('',#8327,7.95);
#7075=CYLINDRICAL_SURFACE('',#8329,0.428049182767009);
#7076=CYLINDRICAL_SURFACE('',#8332,0.428049182767009);
#7077=CYLINDRICAL_SURFACE('',#8335,0.428049182767009);
#7078=CYLINDRICAL_SURFACE('',#8338,0.428049182767009);
#7079=CYLINDRICAL_SURFACE('',#8341,0.428049182767009);
#7080=CYLINDRICAL_SURFACE('',#8344,0.428049182767009);
#7081=CYLINDRICAL_SURFACE('',#8347,5.7);
#7082=CYLINDRICAL_SURFACE('',#8351,6.6);
#7083=CYLINDRICAL_SURFACE('',#8361,7.95);
#7084=CYLINDRICAL_SURFACE('',#8363,0.428049182767009);
#7085=CYLINDRICAL_SURFACE('',#8366,0.428049182767009);
#7086=CYLINDRICAL_SURFACE('',#8369,0.428049182767009);
#7087=CYLINDRICAL_SURFACE('',#8372,0.428049182767009);
#7088=CYLINDRICAL_SURFACE('',#8375,0.428049182767009);
#7089=CYLINDRICAL_SURFACE('',#8378,0.428049182767009);
#7090=CYLINDRICAL_SURFACE('',#8381,5.7);
#7091=CYLINDRICAL_SURFACE('',#8385,6.6);
#7092=CYLINDRICAL_SURFACE('',#8398,0.360000000000003);
#7093=CYLINDRICAL_SURFACE('',#8402,0.360000000000001);
#7094=CYLINDRICAL_SURFACE('',#8406,0.36);
#7095=CYLINDRICAL_SURFACE('',#8410,0.36);
#7096=CYLINDRICAL_SURFACE('',#8415,0.360000000000003);
#7097=CYLINDRICAL_SURFACE('',#8419,0.360000000000001);
#7098=CYLINDRICAL_SURFACE('',#8423,0.36);
#7099=CYLINDRICAL_SURFACE('',#8427,0.36);
#7100=CYLINDRICAL_SURFACE('',#8431,6.6);
#7101=CYLINDRICAL_SURFACE('',#8434,6.6);
#7102=CYLINDRICAL_SURFACE('',#8437,6.6);
#7103=CYLINDRICAL_SURFACE('',#8440,6.6);
#7104=CYLINDRICAL_SURFACE('',#8443,6.6);
#7105=CYLINDRICAL_SURFACE('',#8446,6.6);
#7106=CYLINDRICAL_SURFACE('',#8449,2.48443988359754);
#7107=CYLINDRICAL_SURFACE('',#8452,2.48443988359754);
#7108=CYLINDRICAL_SURFACE('',#8456,2.48443988359753);
#7109=CYLINDRICAL_SURFACE('',#8459,2.48443988359754);
#7110=CYLINDRICAL_SURFACE('',#8463,2.48443988359753);
#7111=CYLINDRICAL_SURFACE('',#8466,2.48443988359753);
#7112=CYLINDRICAL_SURFACE('',#8470,2.48443988359753);
#7113=CYLINDRICAL_SURFACE('',#8473,2.48443988359753);
#7114=CYLINDRICAL_SURFACE('',#8477,12.0000000000377);
#7115=CYLINDRICAL_SURFACE('',#8481,12.);
#7116=CYLINDRICAL_SURFACE('',#8485,12.0000000000776);
#7117=CYLINDRICAL_SURFACE('',#8489,12.0000000000075);
#7118=CYLINDRICAL_SURFACE('',#8493,2.48443988359753);
#7119=CYLINDRICAL_SURFACE('',#8496,2.48443988359753);
#7120=CYLINDRICAL_SURFACE('',#8500,2.48443988359754);
#7121=CYLINDRICAL_SURFACE('',#8503,2.48443988359753);
#7122=CYLINDRICAL_SURFACE('',#8516,2.7);
#7123=CYLINDRICAL_SURFACE('',#8523,2.13);
#7124=CYLINDRICAL_SURFACE('',#8533,2.7);
#7125=CYLINDRICAL_SURFACE('',#8540,2.13);
#7126=CYLINDRICAL_SURFACE('',#8550,2.7);
#7127=CYLINDRICAL_SURFACE('',#8557,2.13);
#7128=CYLINDRICAL_SURFACE('',#8567,2.7);
#7129=CYLINDRICAL_SURFACE('',#8574,2.13);
#7130=CYLINDRICAL_SURFACE('',#8584,2.7);
#7131=CYLINDRICAL_SURFACE('',#8591,2.13);
#7132=CYLINDRICAL_SURFACE('',#8601,2.7);
#7133=CYLINDRICAL_SURFACE('',#8608,2.13);
#7134=ADVANCED_FACE('',(#530),#6886,.F.);
#7135=ADVANCED_FACE('',(#531),#426,.T.);
#7136=ADVANCED_FACE('',(#532),#6887,.F.);
#7137=ADVANCED_FACE('',(#533),#6888,.F.);
#7138=ADVANCED_FACE('',(#534),#427,.T.);
#7139=ADVANCED_FACE('',(#535),#6889,.F.);
#7140=ADVANCED_FACE('',(#536),#6890,.F.);
#7141=ADVANCED_FACE('',(#537),#6891,.F.);
#7142=ADVANCED_FACE('',(#538),#428,.T.);
#7143=ADVANCED_FACE('',(#539),#294,.T.);
#7144=ADVANCED_FACE('',(#540),#295,.T.);
#7145=ADVANCED_FACE('',(#541),#296,.T.);
#7146=ADVANCED_FACE('',(#542),#297,.T.);
#7147=ADVANCED_FACE('',(#543),#298,.T.);
#7148=ADVANCED_FACE('',(#544),#6892,.F.);
#7149=ADVANCED_FACE('',(#545,#32),#6893,.F.);
#7150=ADVANCED_FACE('',(#546),#6894,.F.);
#7151=ADVANCED_FACE('',(#547),#6895,.F.);
#7152=ADVANCED_FACE('',(#548),#6896,.F.);
#7153=ADVANCED_FACE('',(#549),#299,.T.);
#7154=ADVANCED_FACE('',(#550),#300,.T.);
#7155=ADVANCED_FACE('',(#551),#301,.T.);
#7156=ADVANCED_FACE('',(#552),#6897,.T.);
#7157=ADVANCED_FACE('',(#553,#33,#34,#35,#36,#37,#38,#39),#429,.T.);
#7158=ADVANCED_FACE('',(#554),#302,.T.);
#7159=ADVANCED_FACE('',(#555),#6898,.T.);
#7160=ADVANCED_FACE('',(#556),#6899,.F.);
#7161=ADVANCED_FACE('',(#557),#303,.T.);
#7162=ADVANCED_FACE('',(#558),#6900,.T.);
#7163=ADVANCED_FACE('',(#559),#304,.T.);
#7164=ADVANCED_FACE('',(#560),#6901,.T.);
#7165=ADVANCED_FACE('',(#561),#6902,.F.);
#7166=ADVANCED_FACE('',(#562),#305,.T.);
#7167=ADVANCED_FACE('',(#563),#306,.T.);
#7168=ADVANCED_FACE('',(#564),#307,.T.);
#7169=ADVANCED_FACE('',(#565),#308,.T.);
#7170=ADVANCED_FACE('',(#566),#309,.T.);
#7171=ADVANCED_FACE('',(#567),#310,.T.);
#7172=ADVANCED_FACE('',(#568),#311,.T.);
#7173=ADVANCED_FACE('',(#569),#312,.T.);
#7174=ADVANCED_FACE('',(#570),#313,.T.);
#7175=ADVANCED_FACE('',(#571),#314,.T.);
#7176=ADVANCED_FACE('',(#572),#315,.T.);
#7177=ADVANCED_FACE('',(#573),#316,.T.);
#7178=ADVANCED_FACE('',(#574),#6903,.T.);
#7179=ADVANCED_FACE('',(#575),#6904,.F.);
#7180=ADVANCED_FACE('',(#576),#317,.T.);
#7181=ADVANCED_FACE('',(#577),#318,.T.);
#7182=ADVANCED_FACE('',(#578),#319,.T.);
#7183=ADVANCED_FACE('',(#579),#6905,.T.);
#7184=ADVANCED_FACE('',(#580),#6906,.F.);
#7185=ADVANCED_FACE('',(#581),#320,.T.);
#7186=ADVANCED_FACE('',(#582),#321,.T.);
#7187=ADVANCED_FACE('',(#583),#430,.T.);
#7188=ADVANCED_FACE('',(#584),#6907,.F.);
#7189=ADVANCED_FACE('',(#585),#322,.T.);
#7190=ADVANCED_FACE('',(#586),#323,.T.);
#7191=ADVANCED_FACE('',(#587),#431,.T.);
#7192=ADVANCED_FACE('',(#588),#6908,.F.);
#7193=ADVANCED_FACE('',(#589),#324,.T.);
#7194=ADVANCED_FACE('',(#590),#325,.T.);
#7195=ADVANCED_FACE('',(#591),#326,.T.);
#7196=ADVANCED_FACE('',(#592),#327,.T.);
#7197=ADVANCED_FACE('',(#593),#328,.T.);
#7198=ADVANCED_FACE('',(#594),#329,.T.);
#7199=ADVANCED_FACE('',(#595),#330,.T.);
#7200=ADVANCED_FACE('',(#596),#331,.T.);
#7201=ADVANCED_FACE('',(#597),#332,.T.);
#7202=ADVANCED_FACE('',(#598),#333,.T.);
#7203=ADVANCED_FACE('',(#599),#6909,.F.);
#7204=ADVANCED_FACE('',(#600),#334,.T.);
#7205=ADVANCED_FACE('',(#601),#6910,.F.);
#7206=ADVANCED_FACE('',(#602),#335,.T.);
#7207=ADVANCED_FACE('',(#603),#6911,.F.);
#7208=ADVANCED_FACE('',(#604),#336,.T.);
#7209=ADVANCED_FACE('',(#605),#6912,.F.);
#7210=ADVANCED_FACE('',(#606),#6913,.F.);
#7211=ADVANCED_FACE('',(#607),#337,.T.);
#7212=ADVANCED_FACE('',(#608),#6914,.F.);
#7213=ADVANCED_FACE('',(#609),#338,.T.);
#7214=ADVANCED_FACE('',(#610),#6915,.F.);
#7215=ADVANCED_FACE('',(#611),#432,.F.);
#7216=ADVANCED_FACE('',(#612),#433,.F.);
#7217=ADVANCED_FACE('',(#613),#434,.F.);
#7218=ADVANCED_FACE('',(#614),#435,.F.);
#7219=ADVANCED_FACE('',(#615),#436,.F.);
#7220=ADVANCED_FACE('',(#616,#40,#41,#42,#43,#44,#45,#46,#47,#48,#49,#50,
#51,#52,#53,#54,#55,#56,#57,#58,#59,#60),#437,.F.);
#7221=ADVANCED_FACE('',(#617),#438,.F.);
#7222=ADVANCED_FACE('',(#618),#439,.F.);
#7223=ADVANCED_FACE('',(#619),#440,.F.);
#7224=ADVANCED_FACE('',(#620),#6916,.F.);
#7225=ADVANCED_FACE('',(#621),#6917,.F.);
#7226=ADVANCED_FACE('',(#622),#6918,.F.);
#7227=ADVANCED_FACE('',(#623),#6919,.F.);
#7228=ADVANCED_FACE('',(#624),#6920,.F.);
#7229=ADVANCED_FACE('',(#625),#6921,.F.);
#7230=ADVANCED_FACE('',(#626),#6922,.F.);
#7231=ADVANCED_FACE('',(#627),#6923,.F.);
#7232=ADVANCED_FACE('',(#628),#6924,.F.);
#7233=ADVANCED_FACE('',(#629),#6925,.F.);
#7234=ADVANCED_FACE('',(#630),#6926,.F.);
#7235=ADVANCED_FACE('',(#631),#6927,.F.);
#7236=ADVANCED_FACE('',(#632),#6928,.F.);
#7237=ADVANCED_FACE('',(#633),#6929,.F.);
#7238=ADVANCED_FACE('',(#634),#6930,.F.);
#7239=ADVANCED_FACE('',(#635),#6931,.F.);
#7240=ADVANCED_FACE('',(#636),#6932,.F.);
#7241=ADVANCED_FACE('',(#637),#6933,.F.);
#7242=ADVANCED_FACE('',(#638),#6934,.F.);
#7243=ADVANCED_FACE('',(#639),#6935,.T.);
#7244=ADVANCED_FACE('',(#640),#6936,.T.);
#7245=ADVANCED_FACE('',(#641),#6937,.T.);
#7246=ADVANCED_FACE('',(#642),#6938,.T.);
#7247=ADVANCED_FACE('',(#643),#6939,.T.);
#7248=ADVANCED_FACE('',(#644),#6940,.T.);
#7249=ADVANCED_FACE('',(#645),#6941,.T.);
#7250=ADVANCED_FACE('',(#646),#441,.T.);
#7251=ADVANCED_FACE('',(#647),#442,.T.);
#7252=ADVANCED_FACE('',(#648,#61,#62,#63,#64,#65,#66,#67,#68,#69,#70,#71,
#72,#73,#74,#75,#76,#77,#78),#443,.T.);
#7253=ADVANCED_FACE('',(#649),#444,.T.);
#7254=ADVANCED_FACE('',(#650),#6942,.F.);
#7255=ADVANCED_FACE('',(#651),#6943,.F.);
#7256=ADVANCED_FACE('',(#652),#6944,.F.);
#7257=ADVANCED_FACE('',(#653),#6945,.F.);
#7258=ADVANCED_FACE('',(#654),#6946,.F.);
#7259=ADVANCED_FACE('',(#655),#6947,.F.);
#7260=ADVANCED_FACE('',(#656),#6948,.F.);
#7261=ADVANCED_FACE('',(#657),#6949,.F.);
#7262=ADVANCED_FACE('',(#658),#6950,.F.);
#7263=ADVANCED_FACE('',(#659),#6951,.F.);
#7264=ADVANCED_FACE('',(#660),#6952,.F.);
#7265=ADVANCED_FACE('',(#661),#6953,.F.);
#7266=ADVANCED_FACE('',(#662),#6954,.F.);
#7267=ADVANCED_FACE('',(#663),#6955,.F.);
#7268=ADVANCED_FACE('',(#664),#6956,.F.);
#7269=ADVANCED_FACE('',(#665),#6957,.F.);
#7270=ADVANCED_FACE('',(#666),#6958,.F.);
#7271=ADVANCED_FACE('',(#667),#6959,.F.);
#7272=ADVANCED_FACE('',(#668),#6960,.F.);
#7273=ADVANCED_FACE('',(#669),#6961,.F.);
#7274=ADVANCED_FACE('',(#670),#6962,.F.);
#7275=ADVANCED_FACE('',(#671),#6963,.F.);
#7276=ADVANCED_FACE('',(#672),#6964,.F.);
#7277=ADVANCED_FACE('',(#673),#6965,.F.);
#7278=ADVANCED_FACE('',(#674),#6966,.F.);
#7279=ADVANCED_FACE('',(#675),#6967,.F.);
#7280=ADVANCED_FACE('',(#676),#6968,.F.);
#7281=ADVANCED_FACE('',(#677),#6969,.F.);
#7282=ADVANCED_FACE('',(#678),#6970,.F.);
#7283=ADVANCED_FACE('',(#679),#6971,.F.);
#7284=ADVANCED_FACE('',(#680),#6972,.F.);
#7285=ADVANCED_FACE('',(#681),#6973,.F.);
#7286=ADVANCED_FACE('',(#682),#6974,.F.);
#7287=ADVANCED_FACE('',(#683),#6975,.F.);
#7288=ADVANCED_FACE('',(#684),#6976,.F.);
#7289=ADVANCED_FACE('',(#685),#6977,.F.);
#7290=ADVANCED_FACE('',(#686),#445,.T.);
#7291=ADVANCED_FACE('',(#687),#446,.T.);
#7292=ADVANCED_FACE('',(#688),#447,.T.);
#7293=ADVANCED_FACE('',(#689),#6978,.F.);
#7294=ADVANCED_FACE('',(#690,#79,#80,#81,#82,#83,#84,#85,#86,#87,#88,#89,
#90,#91,#92,#93,#94,#95,#96,#97,#98,#99,#100,#101,#102,#103,#104,#105,#106,
#107,#108,#109,#110,#111,#112,#113,#114,#115,#116,#117,#118,#119,#120),
#448,.F.);
#7295=ADVANCED_FACE('',(#691),#449,.F.);
#7296=ADVANCED_FACE('',(#692),#6979,.T.);
#7297=ADVANCED_FACE('',(#693),#6980,.T.);
#7298=ADVANCED_FACE('',(#694),#6981,.T.);
#7299=ADVANCED_FACE('',(#695),#6982,.T.);
#7300=ADVANCED_FACE('',(#696),#6983,.T.);
#7301=ADVANCED_FACE('',(#697),#6984,.T.);
#7302=ADVANCED_FACE('',(#698),#6985,.T.);
#7303=ADVANCED_FACE('',(#699),#6986,.T.);
#7304=ADVANCED_FACE('',(#700),#6987,.T.);
#7305=ADVANCED_FACE('',(#701),#6988,.T.);
#7306=ADVANCED_FACE('',(#702),#6989,.T.);
#7307=ADVANCED_FACE('',(#703),#6990,.T.);
#7308=ADVANCED_FACE('',(#704),#6991,.T.);
#7309=ADVANCED_FACE('',(#705),#6992,.T.);
#7310=ADVANCED_FACE('',(#706),#6993,.T.);
#7311=ADVANCED_FACE('',(#707),#6994,.T.);
#7312=ADVANCED_FACE('',(#708),#6995,.T.);
#7313=ADVANCED_FACE('',(#709),#6996,.T.);
#7314=ADVANCED_FACE('',(#710),#6997,.T.);
#7315=ADVANCED_FACE('',(#711),#6998,.T.);
#7316=ADVANCED_FACE('',(#712),#6999,.T.);
#7317=ADVANCED_FACE('',(#713),#7000,.T.);
#7318=ADVANCED_FACE('',(#714),#7001,.T.);
#7319=ADVANCED_FACE('',(#715),#7002,.T.);
#7320=ADVANCED_FACE('',(#716),#7003,.T.);
#7321=ADVANCED_FACE('',(#717),#7004,.T.);
#7322=ADVANCED_FACE('',(#718),#7005,.T.);
#7323=ADVANCED_FACE('',(#719),#7006,.T.);
#7324=ADVANCED_FACE('',(#720),#7007,.T.);
#7325=ADVANCED_FACE('',(#721),#7008,.T.);
#7326=ADVANCED_FACE('',(#722),#7009,.T.);
#7327=ADVANCED_FACE('',(#723),#450,.F.);
#7328=ADVANCED_FACE('',(#724),#451,.T.);
#7329=ADVANCED_FACE('',(#725),#452,.T.);
#7330=ADVANCED_FACE('',(#726),#7010,.F.);
#7331=ADVANCED_FACE('',(#727),#453,.T.);
#7332=ADVANCED_FACE('',(#728),#7011,.F.);
#7333=ADVANCED_FACE('',(#729),#7012,.F.);
#7334=ADVANCED_FACE('',(#730),#7013,.F.);
#7335=ADVANCED_FACE('',(#731),#7014,.F.);
#7336=ADVANCED_FACE('',(#732),#7015,.F.);
#7337=ADVANCED_FACE('',(#733),#7016,.F.);
#7338=ADVANCED_FACE('',(#734),#7017,.F.);
#7339=ADVANCED_FACE('',(#735),#7018,.F.);
#7340=ADVANCED_FACE('',(#736),#7019,.F.);
#7341=ADVANCED_FACE('',(#737),#7020,.F.);
#7342=ADVANCED_FACE('',(#738),#7021,.F.);
#7343=ADVANCED_FACE('',(#739),#7022,.F.);
#7344=ADVANCED_FACE('',(#740),#7023,.F.);
#7345=ADVANCED_FACE('',(#741),#454,.T.);
#7346=ADVANCED_FACE('',(#742),#7024,.F.);
#7347=ADVANCED_FACE('',(#743),#455,.T.);
#7348=ADVANCED_FACE('',(#744),#7025,.F.);
#7349=ADVANCED_FACE('',(#745),#456,.T.);
#7350=ADVANCED_FACE('',(#746),#7026,.F.);
#7351=ADVANCED_FACE('',(#747),#457,.T.);
#7352=ADVANCED_FACE('',(#748),#7027,.F.);
#7353=ADVANCED_FACE('',(#749),#7028,.F.);
#7354=ADVANCED_FACE('',(#750),#7029,.F.);
#7355=ADVANCED_FACE('',(#751),#7030,.T.);
#7356=ADVANCED_FACE('',(#752),#7031,.F.);
#7357=ADVANCED_FACE('',(#753),#458,.T.);
#7358=ADVANCED_FACE('',(#754),#7032,.F.);
#7359=ADVANCED_FACE('',(#755),#7033,.F.);
#7360=ADVANCED_FACE('',(#756),#459,.T.);
#7361=ADVANCED_FACE('',(#757),#7034,.F.);
#7362=ADVANCED_FACE('',(#758),#460,.T.);
#7363=ADVANCED_FACE('',(#759),#7035,.F.);
#7364=ADVANCED_FACE('',(#760),#461,.T.);
#7365=ADVANCED_FACE('',(#761),#7036,.F.);
#7366=ADVANCED_FACE('',(#762),#462,.T.);
#7367=ADVANCED_FACE('',(#763),#7037,.F.);
#7368=ADVANCED_FACE('',(#764,#121,#122,#123,#124,#125,#126),#463,.F.);
#7369=ADVANCED_FACE('',(#765),#339,.T.);
#7370=ADVANCED_FACE('',(#766),#7038,.T.);
#7371=ADVANCED_FACE('',(#767),#7039,.F.);
#7372=ADVANCED_FACE('',(#768),#7040,.F.);
#7373=ADVANCED_FACE('',(#769),#7041,.F.);
#7374=ADVANCED_FACE('',(#770),#7042,.F.);
#7375=ADVANCED_FACE('',(#771),#7043,.F.);
#7376=ADVANCED_FACE('',(#772),#7044,.F.);
#7377=ADVANCED_FACE('',(#773),#7045,.F.);
#7378=ADVANCED_FACE('',(#774,#127,#128,#129,#130,#131,#132),#464,.T.);
#7379=ADVANCED_FACE('',(#775),#7046,.T.);
#7380=ADVANCED_FACE('',(#776,#133),#465,.T.);
#7381=ADVANCED_FACE('',(#777,#134,#135,#136,#137,#138,#139),#466,.F.);
#7382=ADVANCED_FACE('',(#778),#340,.T.);
#7383=ADVANCED_FACE('',(#779),#7047,.T.);
#7384=ADVANCED_FACE('',(#780),#7048,.F.);
#7385=ADVANCED_FACE('',(#781),#7049,.F.);
#7386=ADVANCED_FACE('',(#782),#7050,.F.);
#7387=ADVANCED_FACE('',(#783),#7051,.F.);
#7388=ADVANCED_FACE('',(#784),#7052,.F.);
#7389=ADVANCED_FACE('',(#785),#7053,.F.);
#7390=ADVANCED_FACE('',(#786),#7054,.F.);
#7391=ADVANCED_FACE('',(#787,#140,#141,#142,#143,#144,#145),#467,.T.);
#7392=ADVANCED_FACE('',(#788),#7055,.T.);
#7393=ADVANCED_FACE('',(#789,#146),#468,.T.);
#7394=ADVANCED_FACE('',(#790,#147,#148,#149,#150,#151,#152),#469,.F.);
#7395=ADVANCED_FACE('',(#791),#341,.T.);
#7396=ADVANCED_FACE('',(#792),#7056,.T.);
#7397=ADVANCED_FACE('',(#793),#7057,.F.);
#7398=ADVANCED_FACE('',(#794),#7058,.F.);
#7399=ADVANCED_FACE('',(#795),#7059,.F.);
#7400=ADVANCED_FACE('',(#796),#7060,.F.);
#7401=ADVANCED_FACE('',(#797),#7061,.F.);
#7402=ADVANCED_FACE('',(#798),#7062,.F.);
#7403=ADVANCED_FACE('',(#799),#7063,.F.);
#7404=ADVANCED_FACE('',(#800,#153,#154,#155,#156,#157,#158),#470,.T.);
#7405=ADVANCED_FACE('',(#801),#7064,.T.);
#7406=ADVANCED_FACE('',(#802,#159),#471,.T.);
#7407=ADVANCED_FACE('',(#803,#160,#161,#162,#163,#164,#165),#472,.F.);
#7408=ADVANCED_FACE('',(#804),#342,.T.);
#7409=ADVANCED_FACE('',(#805),#7065,.T.);
#7410=ADVANCED_FACE('',(#806),#7066,.F.);
#7411=ADVANCED_FACE('',(#807),#7067,.F.);
#7412=ADVANCED_FACE('',(#808),#7068,.F.);
#7413=ADVANCED_FACE('',(#809),#7069,.F.);
#7414=ADVANCED_FACE('',(#810),#7070,.F.);
#7415=ADVANCED_FACE('',(#811),#7071,.F.);
#7416=ADVANCED_FACE('',(#812),#7072,.F.);
#7417=ADVANCED_FACE('',(#813,#166,#167,#168,#169,#170,#171),#473,.T.);
#7418=ADVANCED_FACE('',(#814),#7073,.T.);
#7419=ADVANCED_FACE('',(#815,#172),#474,.T.);
#7420=ADVANCED_FACE('',(#816,#173,#174,#175,#176,#177,#178),#475,.F.);
#7421=ADVANCED_FACE('',(#817),#343,.T.);
#7422=ADVANCED_FACE('',(#818),#7074,.T.);
#7423=ADVANCED_FACE('',(#819),#7075,.F.);
#7424=ADVANCED_FACE('',(#820),#7076,.F.);
#7425=ADVANCED_FACE('',(#821),#7077,.F.);
#7426=ADVANCED_FACE('',(#822),#7078,.F.);
#7427=ADVANCED_FACE('',(#823),#7079,.F.);
#7428=ADVANCED_FACE('',(#824),#7080,.F.);
#7429=ADVANCED_FACE('',(#825),#7081,.F.);
#7430=ADVANCED_FACE('',(#826,#179,#180,#181,#182,#183,#184),#476,.T.);
#7431=ADVANCED_FACE('',(#827),#7082,.T.);
#7432=ADVANCED_FACE('',(#828,#185),#477,.T.);
#7433=ADVANCED_FACE('',(#829,#186,#187,#188,#189,#190,#191),#478,.F.);
#7434=ADVANCED_FACE('',(#830),#344,.T.);
#7435=ADVANCED_FACE('',(#831),#7083,.T.);
#7436=ADVANCED_FACE('',(#832),#7084,.F.);
#7437=ADVANCED_FACE('',(#833),#7085,.F.);
#7438=ADVANCED_FACE('',(#834),#7086,.F.);
#7439=ADVANCED_FACE('',(#835),#7087,.F.);
#7440=ADVANCED_FACE('',(#836),#7088,.F.);
#7441=ADVANCED_FACE('',(#837),#7089,.F.);
#7442=ADVANCED_FACE('',(#838),#7090,.F.);
#7443=ADVANCED_FACE('',(#839,#192,#193,#194,#195,#196,#197),#479,.T.);
#7444=ADVANCED_FACE('',(#840),#7091,.T.);
#7445=ADVANCED_FACE('',(#841,#198),#480,.T.);
#7446=ADVANCED_FACE('',(#842,#199,#200,#201,#202,#203,#204),#481,.F.);
#7447=ADVANCED_FACE('',(#843),#482,.T.);
#7448=ADVANCED_FACE('',(#844),#483,.T.);
#7449=ADVANCED_FACE('',(#845),#484,.T.);
#7450=ADVANCED_FACE('',(#846),#485,.F.);
#7451=ADVANCED_FACE('',(#847),#486,.F.);
#7452=ADVANCED_FACE('',(#848,#205),#487,.T.);
#7453=ADVANCED_FACE('',(#849),#14,.T.);
#7454=ADVANCED_FACE('',(#850),#488,.T.);
#7455=ADVANCED_FACE('',(#851),#13,.T.);
#7456=ADVANCED_FACE('',(#852),#489,.F.);
#7457=ADVANCED_FACE('',(#853),#490,.T.);
#7458=ADVANCED_FACE('',(#854),#7092,.T.);
#7459=ADVANCED_FACE('',(#855),#491,.T.);
#7460=ADVANCED_FACE('',(#856),#7093,.T.);
#7461=ADVANCED_FACE('',(#857),#492,.T.);
#7462=ADVANCED_FACE('',(#858),#7094,.T.);
#7463=ADVANCED_FACE('',(#859),#493,.T.);
#7464=ADVANCED_FACE('',(#860),#7095,.T.);
#7465=ADVANCED_FACE('',(#861),#494,.T.);
#7466=ADVANCED_FACE('',(#862),#495,.T.);
#7467=ADVANCED_FACE('',(#863),#7096,.T.);
#7468=ADVANCED_FACE('',(#864),#496,.T.);
#7469=ADVANCED_FACE('',(#865),#7097,.T.);
#7470=ADVANCED_FACE('',(#866),#497,.T.);
#7471=ADVANCED_FACE('',(#867),#7098,.T.);
#7472=ADVANCED_FACE('',(#868),#498,.T.);
#7473=ADVANCED_FACE('',(#869),#7099,.T.);
#7474=ADVANCED_FACE('',(#870),#499,.T.);
#7475=ADVANCED_FACE('',(#871),#7100,.F.);
#7476=ADVANCED_FACE('',(#872),#7101,.F.);
#7477=ADVANCED_FACE('',(#873),#7102,.F.);
#7478=ADVANCED_FACE('',(#874),#7103,.F.);
#7479=ADVANCED_FACE('',(#875),#7104,.F.);
#7480=ADVANCED_FACE('',(#876),#7105,.F.);
#7481=ADVANCED_FACE('',(#877),#7106,.F.);
#7482=ADVANCED_FACE('',(#878),#7107,.F.);
#7483=ADVANCED_FACE('',(#879),#500,.T.);
#7484=ADVANCED_FACE('',(#880),#7108,.F.);
#7485=ADVANCED_FACE('',(#881),#7109,.F.);
#7486=ADVANCED_FACE('',(#882),#501,.T.);
#7487=ADVANCED_FACE('',(#883),#7110,.F.);
#7488=ADVANCED_FACE('',(#884),#7111,.F.);
#7489=ADVANCED_FACE('',(#885),#502,.T.);
#7490=ADVANCED_FACE('',(#886),#7112,.F.);
#7491=ADVANCED_FACE('',(#887),#7113,.F.);
#7492=ADVANCED_FACE('',(#888),#503,.T.);
#7493=ADVANCED_FACE('',(#889),#7114,.T.);
#7494=ADVANCED_FACE('',(#890),#504,.T.);
#7495=ADVANCED_FACE('',(#891),#7115,.T.);
#7496=ADVANCED_FACE('',(#892),#505,.T.);
#7497=ADVANCED_FACE('',(#893),#7116,.T.);
#7498=ADVANCED_FACE('',(#894),#506,.T.);
#7499=ADVANCED_FACE('',(#895),#7117,.T.);
#7500=ADVANCED_FACE('',(#896),#507,.T.);
#7501=ADVANCED_FACE('',(#897),#7118,.F.);
#7502=ADVANCED_FACE('',(#898),#7119,.F.);
#7503=ADVANCED_FACE('',(#899),#508,.T.);
#7504=ADVANCED_FACE('',(#900),#7120,.F.);
#7505=ADVANCED_FACE('',(#901),#7121,.F.);
#7506=ADVANCED_FACE('',(#902),#509,.T.);
#7507=ADVANCED_FACE('',(#903,#206,#207,#208,#209,#210,#211,#212,#213),#510,
 .T.);
#7508=ADVANCED_FACE('',(#904,#214,#215,#216,#217,#218,#219),#511,.F.);
#7509=ADVANCED_FACE('',(#905),#345,.T.);
#7510=ADVANCED_FACE('',(#906,#220),#512,.F.);
#7511=ADVANCED_FACE('',(#907),#7122,.T.);
#7512=ADVANCED_FACE('',(#908),#346,.T.);
#7513=ADVANCED_FACE('',(#909),#7123,.T.);
#7514=ADVANCED_FACE('',(#910),#513,.F.);
#7515=ADVANCED_FACE('',(#911),#514,.T.);
#7516=ADVANCED_FACE('',(#912),#347,.T.);
#7517=ADVANCED_FACE('',(#913,#221),#515,.F.);
#7518=ADVANCED_FACE('',(#914),#7124,.T.);
#7519=ADVANCED_FACE('',(#915),#348,.T.);
#7520=ADVANCED_FACE('',(#916),#7125,.T.);
#7521=ADVANCED_FACE('',(#917),#516,.F.);
#7522=ADVANCED_FACE('',(#918),#517,.T.);
#7523=ADVANCED_FACE('',(#919),#349,.T.);
#7524=ADVANCED_FACE('',(#920,#222),#518,.F.);
#7525=ADVANCED_FACE('',(#921),#7126,.T.);
#7526=ADVANCED_FACE('',(#922),#350,.T.);
#7527=ADVANCED_FACE('',(#923),#7127,.T.);
#7528=ADVANCED_FACE('',(#924),#519,.F.);
#7529=ADVANCED_FACE('',(#925),#520,.T.);
#7530=ADVANCED_FACE('',(#926),#351,.T.);
#7531=ADVANCED_FACE('',(#927,#223),#521,.F.);
#7532=ADVANCED_FACE('',(#928),#7128,.T.);
#7533=ADVANCED_FACE('',(#929),#352,.T.);
#7534=ADVANCED_FACE('',(#930),#7129,.T.);
#7535=ADVANCED_FACE('',(#931),#522,.F.);
#7536=ADVANCED_FACE('',(#932),#523,.T.);
#7537=ADVANCED_FACE('',(#933),#353,.T.);
#7538=ADVANCED_FACE('',(#934,#224),#524,.F.);
#7539=ADVANCED_FACE('',(#935),#7130,.T.);
#7540=ADVANCED_FACE('',(#936),#354,.T.);
#7541=ADVANCED_FACE('',(#937),#7131,.T.);
#7542=ADVANCED_FACE('',(#938),#525,.F.);
#7543=ADVANCED_FACE('',(#939),#526,.T.);
#7544=ADVANCED_FACE('',(#940),#355,.T.);
#7545=ADVANCED_FACE('',(#941,#225),#527,.F.);
#7546=ADVANCED_FACE('',(#942),#7132,.T.);
#7547=ADVANCED_FACE('',(#943),#356,.T.);
#7548=ADVANCED_FACE('',(#944),#7133,.T.);
#7549=ADVANCED_FACE('',(#945),#528,.F.);
#7550=ADVANCED_FACE('',(#946),#529,.T.);
#7551=CLOSED_SHELL('',(#7134,#7135,#7136,#7137,#7138,#7139,#7140,#7141,
#7142,#7143,#7144,#7145,#7146,#7147,#7148,#7149,#7150,#7151,#7152,#7153,
#7154,#7155,#7156,#7157,#7158,#7159,#7160,#7161,#7162,#7163,#7164,#7165,
#7166,#7167,#7168,#7169,#7170,#7171,#7172,#7173,#7174,#7175,#7176,#7177,
#7178,#7179,#7180,#7181,#7182,#7183,#7184,#7185,#7186,#7187,#7188,#7189,
#7190,#7191,#7192,#7193,#7194,#7195,#7196,#7197,#7198,#7199,#7200,#7201,
#7202,#7203,#7204,#7205,#7206,#7207,#7208,#7209,#7210,#7211,#7212,#7213,
#7214,#7215,#7216,#7217,#7218,#7219,#7220,#7221,#7222,#7223,#7224,#7225,
#7226,#7227,#7228,#7229,#7230,#7231,#7232,#7233,#7234,#7235,#7236,#7237,
#7238,#7239,#7240,#7241,#7242,#7243,#7244,#7245,#7246,#7247,#7248,#7249,
#7250,#7251,#7252,#7253,#7254,#7255,#7256,#7257,#7258,#7259,#7260,#7261,
#7262,#7263,#7264,#7265,#7266,#7267,#7268,#7269,#7270,#7271,#7272,#7273,
#7274,#7275,#7276,#7277,#7278,#7279,#7280,#7281,#7282,#7283,#7284,#7285,
#7286,#7287,#7288,#7289,#7290,#7291,#7292,#7293,#7294,#7295,#7296,#7297,
#7298,#7299,#7300,#7301,#7302,#7303,#7304,#7305,#7306,#7307,#7308,#7309,
#7310,#7311,#7312,#7313,#7314,#7315,#7316,#7317,#7318,#7319,#7320,#7321,
#7322,#7323,#7324,#7325,#7326,#7327,#7328,#7329,#7330,#7331,#7332,#7333,
#7334,#7335,#7336,#7337,#7338,#7339,#7340,#7341,#7342,#7343,#7344,#7345,
#7346,#7347,#7348,#7349,#7350,#7351,#7352,#7353,#7354,#7355,#7356,#7357,
#7358,#7359,#7360,#7361,#7362,#7363,#7364,#7365,#7366,#7367,#7368));
#7552=CLOSED_SHELL('',(#7369,#7370,#7371,#7372,#7373,#7374,#7375,#7376,
#7377,#7378,#7379,#7380,#7381));
#7553=CLOSED_SHELL('',(#7382,#7383,#7384,#7385,#7386,#7387,#7388,#7389,
#7390,#7391,#7392,#7393,#7394));
#7554=CLOSED_SHELL('',(#7395,#7396,#7397,#7398,#7399,#7400,#7401,#7402,
#7403,#7404,#7405,#7406,#7407));
#7555=CLOSED_SHELL('',(#7408,#7409,#7410,#7411,#7412,#7413,#7414,#7415,
#7416,#7417,#7418,#7419,#7420));
#7556=CLOSED_SHELL('',(#7421,#7422,#7423,#7424,#7425,#7426,#7427,#7428,
#7429,#7430,#7431,#7432,#7433));
#7557=CLOSED_SHELL('',(#7434,#7435,#7436,#7437,#7438,#7439,#7440,#7441,
#7442,#7443,#7444,#7445,#7446));
#7558=CLOSED_SHELL('',(#7447,#7448,#7449,#7450,#7451,#7452,#7453,#7454,
#7455,#7456));
#7559=CLOSED_SHELL('',(#7457,#7458,#7459,#7460,#7461,#7462,#7463,#7464,
#7465,#7466,#7467,#7468,#7469,#7470,#7471,#7472,#7473,#7474,#7475,#7476,
#7477,#7478,#7479,#7480,#7481,#7482,#7483,#7484,#7485,#7486,#7487,#7488,
#7489,#7490,#7491,#7492,#7493,#7494,#7495,#7496,#7497,#7498,#7499,#7500,
#7501,#7502,#7503,#7504,#7505,#7506,#7507,#7508));
#7560=CLOSED_SHELL('',(#7509,#7510,#7511,#7512,#7513,#7514,#7515));
#7561=CLOSED_SHELL('',(#7516,#7517,#7518,#7519,#7520,#7521,#7522));
#7562=CLOSED_SHELL('',(#7523,#7524,#7525,#7526,#7527,#7528,#7529));
#7563=CLOSED_SHELL('',(#7530,#7531,#7532,#7533,#7534,#7535,#7536));
#7564=CLOSED_SHELL('',(#7537,#7538,#7539,#7540,#7541,#7542,#7543));
#7565=CLOSED_SHELL('',(#7544,#7545,#7546,#7547,#7548,#7549,#7550));
#7566=DERIVED_UNIT_ELEMENT(#7568,1.);
#7567=DERIVED_UNIT_ELEMENT(#14498,-3.);
#7568=(
MASS_UNIT()
NAMED_UNIT(*)
SI_UNIT(.KILO.,.GRAM.)
);
#7569=DERIVED_UNIT((#7566,#7567));
#7570=MEASURE_REPRESENTATION_ITEM('density measure',
POSITIVE_RATIO_MEASURE(7850.),#7569);
#7571=PROPERTY_DEFINITION_REPRESENTATION(#7576,#7573);
#7572=PROPERTY_DEFINITION_REPRESENTATION(#7577,#7574);
#7573=REPRESENTATION('material name',(#7575),#14495);
#7574=REPRESENTATION('density',(#7570),#14495);
#7575=DESCRIPTIVE_REPRESENTATION_ITEM('Steel','Steel');
#7576=PROPERTY_DEFINITION('material property','material name',#14505);
#7577=PROPERTY_DEFINITION('material property','density of part',#14505);
#7578=AXIS2_PLACEMENT_3D('',#11066,#8611,#8612);
#7579=AXIS2_PLACEMENT_3D('',#11067,#8613,#8614);
#7580=AXIS2_PLACEMENT_3D('',#11069,#8615,#8616);
#7581=AXIS2_PLACEMENT_3D('',#11072,#8618,#8619);
#7582=AXIS2_PLACEMENT_3D('',#11073,#8620,#8621);
#7583=AXIS2_PLACEMENT_3D('',#11074,#8622,#8623);
#7584=AXIS2_PLACEMENT_3D('',#11076,#8624,#8625);
#7585=AXIS2_PLACEMENT_3D('',#11079,#8627,#8628);
#7586=AXIS2_PLACEMENT_3D('',#11080,#8629,#8630);
#7587=AXIS2_PLACEMENT_3D('',#11082,#8631,#8632);
#7588=AXIS2_PLACEMENT_3D('',#11085,#8634,#8635);
#7589=AXIS2_PLACEMENT_3D('',#11086,#8636,#8637);
#7590=AXIS2_PLACEMENT_3D('',#11087,#8638,#8639);
#7591=AXIS2_PLACEMENT_3D('',#11089,#8640,#8641);
#7592=AXIS2_PLACEMENT_3D('',#11092,#8643,#8644);
#7593=AXIS2_PLACEMENT_3D('',#11093,#8645,#8646);
#7594=AXIS2_PLACEMENT_3D('',#11095,#8647,#8648);
#7595=AXIS2_PLACEMENT_3D('',#11098,#8650,#8651);
#7596=AXIS2_PLACEMENT_3D('',#11099,#8652,#8653);
#7597=AXIS2_PLACEMENT_3D('',#11101,#8654,#8655);
#7598=AXIS2_PLACEMENT_3D('',#11104,#8657,#8658);
#7599=AXIS2_PLACEMENT_3D('',#11105,#8659,#8660);
#7600=AXIS2_PLACEMENT_3D('',#11106,#8661,#8662);
#7601=AXIS2_PLACEMENT_3D('',#11109,#8663,#8664);
#7602=AXIS2_PLACEMENT_3D('',#11129,#8665,#8666);
#7603=AXIS2_PLACEMENT_3D('',#11144,#8667,#8668);
#7604=AXIS2_PLACEMENT_3D('',#11146,#8669,#8670);
#7605=AXIS2_PLACEMENT_3D('',#11148,#8671,#8672);
#7606=AXIS2_PLACEMENT_3D('',#11165,#8673,#8674);
#7607=AXIS2_PLACEMENT_3D('',#11167,#8675,#8676);
#7608=AXIS2_PLACEMENT_3D('',#11169,#8677,#8678);
#7609=AXIS2_PLACEMENT_3D('',#11186,#8679,#8680);
#7610=AXIS2_PLACEMENT_3D('',#11188,#8681,#8682);
#7611=AXIS2_PLACEMENT_3D('',#11190,#8683,#8684);
#7612=AXIS2_PLACEMENT_3D('',#11205,#8685,#8686);
#7613=AXIS2_PLACEMENT_3D('',#11227,#8687,#8688);
#7614=AXIS2_PLACEMENT_3D('',#11262,#8689,#8690);
#7615=AXIS2_PLACEMENT_3D('',#11263,#8691,#8692);
#7616=AXIS2_PLACEMENT_3D('',#11264,#8693,#8694);
#7617=AXIS2_PLACEMENT_3D('',#11268,#8696,#8697);
#7618=AXIS2_PLACEMENT_3D('',#11270,#8699,#8700);
#7619=AXIS2_PLACEMENT_3D('',#11273,#8702,#8703);
#7620=AXIS2_PLACEMENT_3D('',#11276,#8704,#8705);
#7621=AXIS2_PLACEMENT_3D('',#11280,#8707,#8708);
#7622=AXIS2_PLACEMENT_3D('',#11282,#8710,#8711);
#7623=AXIS2_PLACEMENT_3D('',#11286,#8713,#8714);
#7624=AXIS2_PLACEMENT_3D('',#11290,#8716,#8717);
#7625=AXIS2_PLACEMENT_3D('',#11293,#8719,#8720);
#7626=AXIS2_PLACEMENT_3D('',#11294,#8721,#8722);
#7627=AXIS2_PLACEMENT_3D('',#11297,#8724,#8725);
#7628=AXIS2_PLACEMENT_3D('',#11298,#8726,#8727);
#7629=AXIS2_PLACEMENT_3D('',#11301,#8729,#8730);
#7630=AXIS2_PLACEMENT_3D('',#11302,#8731,#8732);
#7631=AXIS2_PLACEMENT_3D('',#11304,#8733,#8734);
#7632=AXIS2_PLACEMENT_3D('',#11320,#8735,#8736);
#7633=AXIS2_PLACEMENT_3D('',#11321,#8737,#8738);
#7634=AXIS2_PLACEMENT_3D('',#11323,#8739,#8740);
#7635=AXIS2_PLACEMENT_3D('',#11325,#8741,#8742);
#7636=AXIS2_PLACEMENT_3D('',#11327,#8743,#8744);
#7637=AXIS2_PLACEMENT_3D('',#11328,#8745,#8746);
#7638=AXIS2_PLACEMENT_3D('',#11329,#8747,#8748);
#7639=AXIS2_PLACEMENT_3D('',#11330,#8749,#8750);
#7640=AXIS2_PLACEMENT_3D('',#11341,#8751,#8752);
#7641=AXIS2_PLACEMENT_3D('',#11360,#8753,#8754);
#7642=AXIS2_PLACEMENT_3D('',#11361,#8755,#8756);
#7643=AXIS2_PLACEMENT_3D('',#11363,#8758,#8759);
#7644=AXIS2_PLACEMENT_3D('',#11365,#8760,#8761);
#7645=AXIS2_PLACEMENT_3D('',#11367,#8762,#8763);
#7646=AXIS2_PLACEMENT_3D('',#11369,#8764,#8765);
#7647=AXIS2_PLACEMENT_3D('',#11371,#8766,#8767);
#7648=AXIS2_PLACEMENT_3D('',#11373,#8768,#8769);
#7649=AXIS2_PLACEMENT_3D('',#11375,#8770,#8771);
#7650=AXIS2_PLACEMENT_3D('',#11377,#8772,#8773);
#7651=AXIS2_PLACEMENT_3D('',#11379,#8774,#8775);
#7652=AXIS2_PLACEMENT_3D('',#11381,#8776,#8777);
#7653=AXIS2_PLACEMENT_3D('',#11383,#8778,#8779);
#7654=AXIS2_PLACEMENT_3D('',#11385,#8780,#8781);
#7655=AXIS2_PLACEMENT_3D('',#11387,#8782,#8783);
#7656=AXIS2_PLACEMENT_3D('',#11389,#8784,#8785);
#7657=AXIS2_PLACEMENT_3D('',#11391,#8786,#8787);
#7658=AXIS2_PLACEMENT_3D('',#11393,#8788,#8789);
#7659=AXIS2_PLACEMENT_3D('',#11395,#8790,#8791);
#7660=AXIS2_PLACEMENT_3D('',#11397,#8792,#8793);
#7661=AXIS2_PLACEMENT_3D('',#11399,#8794,#8795);
#7662=AXIS2_PLACEMENT_3D('',#11401,#8796,#8797);
#7663=AXIS2_PLACEMENT_3D('',#11403,#8798,#8799);
#7664=AXIS2_PLACEMENT_3D('',#11405,#8800,#8801);
#7665=AXIS2_PLACEMENT_3D('',#11407,#8802,#8803);
#7666=AXIS2_PLACEMENT_3D('',#11409,#8804,#8805);
#7667=AXIS2_PLACEMENT_3D('',#11411,#8806,#8807);
#7668=AXIS2_PLACEMENT_3D('',#11413,#8808,#8809);
#7669=AXIS2_PLACEMENT_3D('',#11415,#8810,#8811);
#7670=AXIS2_PLACEMENT_3D('',#11417,#8812,#8813);
#7671=AXIS2_PLACEMENT_3D('',#11419,#8814,#8815);
#7672=AXIS2_PLACEMENT_3D('',#11421,#8816,#8817);
#7673=AXIS2_PLACEMENT_3D('',#11423,#8818,#8819);
#7674=AXIS2_PLACEMENT_3D('',#11425,#8820,#8821);
#7675=AXIS2_PLACEMENT_3D('',#11426,#8822,#8823);
#7676=AXIS2_PLACEMENT_3D('',#11428,#8824,#8825);
#7677=AXIS2_PLACEMENT_3D('',#11430,#8826,#8827);
#7678=AXIS2_PLACEMENT_3D('',#11433,#8828,#8829);
#7679=AXIS2_PLACEMENT_3D('',#11437,#8831,#8832);
#7680=AXIS2_PLACEMENT_3D('',#11441,#8834,#8835);
#7681=AXIS2_PLACEMENT_3D('',#11445,#8837,#8838);
#7682=AXIS2_PLACEMENT_3D('',#11449,#8840,#8841);
#7683=AXIS2_PLACEMENT_3D('',#11453,#8843,#8844);
#7684=AXIS2_PLACEMENT_3D('',#11457,#8846,#8847);
#7685=AXIS2_PLACEMENT_3D('',#11461,#8849,#8850);
#7686=AXIS2_PLACEMENT_3D('',#11464,#8852,#8853);
#7687=AXIS2_PLACEMENT_3D('',#11466,#8854,#8855);
#7688=AXIS2_PLACEMENT_3D('',#11468,#8856,#8857);
#7689=AXIS2_PLACEMENT_3D('',#11469,#8858,#8859);
#7690=AXIS2_PLACEMENT_3D('',#11480,#8860,#8861);
#7691=AXIS2_PLACEMENT_3D('',#11498,#8862,#8863);
#7692=AXIS2_PLACEMENT_3D('',#11500,#8865,#8866);
#7693=AXIS2_PLACEMENT_3D('',#11504,#8868,#8869);
#7694=AXIS2_PLACEMENT_3D('',#11506,#8871,#8872);
#7695=AXIS2_PLACEMENT_3D('',#11517,#8873,#8874);
#7696=AXIS2_PLACEMENT_3D('',#11547,#8875,#8876);
#7697=AXIS2_PLACEMENT_3D('',#11549,#8878,#8879);
#7698=AXIS2_PLACEMENT_3D('',#11566,#8880,#8881);
#7699=AXIS2_PLACEMENT_3D('',#11581,#8882,#8883);
#7700=AXIS2_PLACEMENT_3D('',#11585,#8885,#8886);
#7701=AXIS2_PLACEMENT_3D('',#11587,#8888,#8889);
#7702=AXIS2_PLACEMENT_3D('',#11590,#8891,#8892);
#7703=AXIS2_PLACEMENT_3D('',#11591,#8893,#8894);
#7704=AXIS2_PLACEMENT_3D('',#11594,#8895,#8896);
#7705=AXIS2_PLACEMENT_3D('',#11632,#8897,#8898);
#7706=AXIS2_PLACEMENT_3D('',#11634,#8899,#8900);
#7707=AXIS2_PLACEMENT_3D('',#11649,#8901,#8902);
#7708=AXIS2_PLACEMENT_3D('',#11651,#8903,#8904);
#7709=AXIS2_PLACEMENT_3D('',#11666,#8905,#8906);
#7710=AXIS2_PLACEMENT_3D('',#11668,#8907,#8908);
#7711=AXIS2_PLACEMENT_3D('',#11683,#8909,#8910);
#7712=AXIS2_PLACEMENT_3D('',#11685,#8911,#8912);
#7713=AXIS2_PLACEMENT_3D('',#11700,#8913,#8914);
#7714=AXIS2_PLACEMENT_3D('',#11702,#8915,#8916);
#7715=AXIS2_PLACEMENT_3D('',#11717,#8917,#8918);
#7716=AXIS2_PLACEMENT_3D('',#11719,#8919,#8920);
#7717=AXIS2_PLACEMENT_3D('',#11734,#8921,#8922);
#7718=AXIS2_PLACEMENT_3D('',#11736,#8923,#8924);
#7719=AXIS2_PLACEMENT_3D('',#11751,#8925,#8926);
#7720=AXIS2_PLACEMENT_3D('',#11753,#8927,#8928);
#7721=AXIS2_PLACEMENT_3D('',#11768,#8929,#8930);
#7722=AXIS2_PLACEMENT_3D('',#11770,#8931,#8932);
#7723=AXIS2_PLACEMENT_3D('',#11785,#8933,#8934);
#7724=AXIS2_PLACEMENT_3D('',#11786,#8935,#8936);
#7725=AXIS2_PLACEMENT_3D('',#11787,#8937,#8938);
#7726=AXIS2_PLACEMENT_3D('',#11802,#8939,#8940);
#7727=AXIS2_PLACEMENT_3D('',#11817,#8941,#8942);
#7728=AXIS2_PLACEMENT_3D('',#11821,#8944,#8945);
#7729=AXIS2_PLACEMENT_3D('',#11823,#8947,#8948);
#7730=AXIS2_PLACEMENT_3D('',#11826,#8950,#8951);
#7731=AXIS2_PLACEMENT_3D('',#11827,#8952,#8953);
#7732=AXIS2_PLACEMENT_3D('',#11830,#8954,#8955);
#7733=AXIS2_PLACEMENT_3D('',#11874,#8956,#8957);
#7734=AXIS2_PLACEMENT_3D('',#11875,#8958,#8959);
#7735=AXIS2_PLACEMENT_3D('',#11876,#8960,#8961);
#7736=AXIS2_PLACEMENT_3D('',#11889,#8962,#8963);
#7737=AXIS2_PLACEMENT_3D('',#11904,#8964,#8965);
#7738=AXIS2_PLACEMENT_3D('',#11908,#8967,#8968);
#7739=AXIS2_PLACEMENT_3D('',#11910,#8970,#8971);
#7740=AXIS2_PLACEMENT_3D('',#11913,#8973,#8974);
#7741=AXIS2_PLACEMENT_3D('',#11914,#8975,#8976);
#7742=AXIS2_PLACEMENT_3D('',#11916,#8977,#8978);
#7743=AXIS2_PLACEMENT_3D('',#11936,#8979,#8980);
#7744=AXIS2_PLACEMENT_3D('',#11943,#8981,#8982);
#7745=AXIS2_PLACEMENT_3D('',#11963,#8983,#8984);
#7746=AXIS2_PLACEMENT_3D('',#11969,#8988,#8989);
#7747=AXIS2_PLACEMENT_3D('',#11972,#8991,#8992);
#7748=AXIS2_PLACEMENT_3D('',#11973,#8993,#8994);
#7749=AXIS2_PLACEMENT_3D('',#11980,#8995,#8996);
#7750=AXIS2_PLACEMENT_3D('',#12000,#8997,#8998);
#7751=AXIS2_PLACEMENT_3D('',#12007,#8999,#9000);
#7752=AXIS2_PLACEMENT_3D('',#12029,#9001,#9002);
#7753=AXIS2_PLACEMENT_3D('',#12043,#9010,#9011);
#7754=AXIS2_PLACEMENT_3D('',#12046,#9013,#9014);
#7755=AXIS2_PLACEMENT_3D('',#12047,#9015,#9016);
#7756=AXIS2_PLACEMENT_3D('',#12058,#9017,#9018);
#7757=AXIS2_PLACEMENT_3D('',#12075,#9019,#9020);
#7758=AXIS2_PLACEMENT_3D('',#12091,#9021,#9022);
#7759=AXIS2_PLACEMENT_3D('',#12092,#9023,#9024);
#7760=AXIS2_PLACEMENT_3D('',#12108,#9025,#9026);
#7761=AXIS2_PLACEMENT_3D('',#12109,#9027,#9028);
#7762=AXIS2_PLACEMENT_3D('',#12125,#9029,#9030);
#7763=AXIS2_PLACEMENT_3D('',#12126,#9031,#9032);
#7764=AXIS2_PLACEMENT_3D('',#12128,#9033,#9034);
#7765=AXIS2_PLACEMENT_3D('',#12143,#9035,#9036);
#7766=AXIS2_PLACEMENT_3D('',#12145,#9037,#9038);
#7767=AXIS2_PLACEMENT_3D('',#12160,#9039,#9040);
#7768=AXIS2_PLACEMENT_3D('',#12162,#9041,#9042);
#7769=AXIS2_PLACEMENT_3D('',#12179,#9043,#9044);
#7770=AXIS2_PLACEMENT_3D('',#12181,#9045,#9046);
#7771=AXIS2_PLACEMENT_3D('',#12198,#9047,#9048);
#7772=AXIS2_PLACEMENT_3D('',#12200,#9049,#9050);
#7773=AXIS2_PLACEMENT_3D('',#12217,#9051,#9052);
#7774=AXIS2_PLACEMENT_3D('',#12218,#9053,#9054);
#7775=AXIS2_PLACEMENT_3D('',#12219,#9055,#9056);
#7776=AXIS2_PLACEMENT_3D('',#12222,#9058,#9059);
#7777=AXIS2_PLACEMENT_3D('',#12223,#9060,#9061);
#7778=AXIS2_PLACEMENT_3D('',#12225,#9062,#9063);
#7779=AXIS2_PLACEMENT_3D('',#12227,#9064,#9065);
#7780=AXIS2_PLACEMENT_3D('',#12228,#9066,#9067);
#7781=AXIS2_PLACEMENT_3D('',#12229,#9068,#9069);
#7782=AXIS2_PLACEMENT_3D('',#12232,#9071,#9072);
#7783=AXIS2_PLACEMENT_3D('',#12233,#9073,#9074);
#7784=AXIS2_PLACEMENT_3D('',#12235,#9075,#9076);
#7785=AXIS2_PLACEMENT_3D('',#12237,#9077,#9078);
#7786=AXIS2_PLACEMENT_3D('',#12238,#9079,#9080);
#7787=AXIS2_PLACEMENT_3D('',#12239,#9081,#9082);
#7788=AXIS2_PLACEMENT_3D('',#12242,#9084,#9085);
#7789=AXIS2_PLACEMENT_3D('',#12243,#9086,#9087);
#7790=AXIS2_PLACEMENT_3D('',#12245,#9088,#9089);
#7791=AXIS2_PLACEMENT_3D('',#12247,#9090,#9091);
#7792=AXIS2_PLACEMENT_3D('',#12248,#9092,#9093);
#7793=AXIS2_PLACEMENT_3D('',#12249,#9094,#9095);
#7794=AXIS2_PLACEMENT_3D('',#12252,#9097,#9098);
#7795=AXIS2_PLACEMENT_3D('',#12253,#9099,#9100);
#7796=AXIS2_PLACEMENT_3D('',#12256,#9102,#9103);
#7797=AXIS2_PLACEMENT_3D('',#12257,#9104,#9105);
#7798=AXIS2_PLACEMENT_3D('',#12259,#9106,#9107);
#7799=AXIS2_PLACEMENT_3D('',#12261,#9108,#9109);
#7800=AXIS2_PLACEMENT_3D('',#12262,#9110,#9111);
#7801=AXIS2_PLACEMENT_3D('',#12263,#9112,#9113);
#7802=AXIS2_PLACEMENT_3D('',#12266,#9115,#9116);
#7803=AXIS2_PLACEMENT_3D('',#12267,#9117,#9118);
#7804=AXIS2_PLACEMENT_3D('',#12269,#9119,#9120);
#7805=AXIS2_PLACEMENT_3D('',#12271,#9121,#9122);
#7806=AXIS2_PLACEMENT_3D('',#12272,#9123,#9124);
#7807=AXIS2_PLACEMENT_3D('',#12273,#9125,#9126);
#7808=AXIS2_PLACEMENT_3D('',#12276,#9128,#9129);
#7809=AXIS2_PLACEMENT_3D('',#12277,#9130,#9131);
#7810=AXIS2_PLACEMENT_3D('',#12283,#9135,#9136);
#7811=AXIS2_PLACEMENT_3D('',#12286,#9137,#9138);
#7812=AXIS2_PLACEMENT_3D('',#12290,#9141,#9142);
#7813=AXIS2_PLACEMENT_3D('',#12293,#9143,#9144);
#7814=AXIS2_PLACEMENT_3D('',#12295,#9146,#9147);
#7815=AXIS2_PLACEMENT_3D('',#12298,#9148,#9149);
#7816=AXIS2_PLACEMENT_3D('',#12300,#9151,#9152);
#7817=AXIS2_PLACEMENT_3D('',#12302,#9153,#9154);
#7818=AXIS2_PLACEMENT_3D('',#12304,#9155,#9156);
#7819=AXIS2_PLACEMENT_3D('',#12306,#9157,#9158);
#7820=AXIS2_PLACEMENT_3D('',#12308,#9159,#9160);
#7821=AXIS2_PLACEMENT_3D('',#12310,#9161,#9162);
#7822=AXIS2_PLACEMENT_3D('',#12312,#9163,#9164);
#7823=AXIS2_PLACEMENT_3D('',#12314,#9165,#9166);
#7824=AXIS2_PLACEMENT_3D('',#12316,#9167,#9168);
#7825=AXIS2_PLACEMENT_3D('',#12318,#9169,#9170);
#7826=AXIS2_PLACEMENT_3D('',#12322,#9172,#9173);
#7827=AXIS2_PLACEMENT_3D('',#12324,#9174,#9175);
#7828=AXIS2_PLACEMENT_3D('',#12326,#9176,#9177);
#7829=AXIS2_PLACEMENT_3D('',#12328,#9178,#9179);
#7830=AXIS2_PLACEMENT_3D('',#12330,#9180,#9181);
#7831=AXIS2_PLACEMENT_3D('',#12332,#9182,#9183);
#7832=AXIS2_PLACEMENT_3D('',#12334,#9184,#9185);
#7833=AXIS2_PLACEMENT_3D('',#12336,#9186,#9187);
#7834=AXIS2_PLACEMENT_3D('',#12338,#9188,#9189);
#7835=AXIS2_PLACEMENT_3D('',#12340,#9190,#9191);
#7836=AXIS2_PLACEMENT_3D('',#12342,#9192,#9193);
#7837=AXIS2_PLACEMENT_3D('',#12344,#9194,#9195);
#7838=AXIS2_PLACEMENT_3D('',#12346,#9196,#9197);
#7839=AXIS2_PLACEMENT_3D('',#12348,#9198,#9199);
#7840=AXIS2_PLACEMENT_3D('',#12350,#9200,#9201);
#7841=AXIS2_PLACEMENT_3D('',#12352,#9202,#9203);
#7842=AXIS2_PLACEMENT_3D('',#12354,#9204,#9205);
#7843=AXIS2_PLACEMENT_3D('',#12356,#9206,#9207);
#7844=AXIS2_PLACEMENT_3D('',#12358,#9208,#9209);
#7845=AXIS2_PLACEMENT_3D('',#12361,#9212,#9213);
#7846=AXIS2_PLACEMENT_3D('',#12364,#9214,#9215);
#7847=AXIS2_PLACEMENT_3D('',#12365,#9216,#9217);
#7848=AXIS2_PLACEMENT_3D('',#12372,#9221,#9222);
#7849=AXIS2_PLACEMENT_3D('',#12374,#9223,#9224);
#7850=AXIS2_PLACEMENT_3D('',#12376,#9225,#9226);
#7851=AXIS2_PLACEMENT_3D('',#12378,#9227,#9228);
#7852=AXIS2_PLACEMENT_3D('',#12380,#9229,#9230);
#7853=AXIS2_PLACEMENT_3D('',#12382,#9231,#9232);
#7854=AXIS2_PLACEMENT_3D('',#12384,#9233,#9234);
#7855=AXIS2_PLACEMENT_3D('',#12386,#9235,#9236);
#7856=AXIS2_PLACEMENT_3D('',#12388,#9237,#9238);
#7857=AXIS2_PLACEMENT_3D('',#12389,#9239,#9240);
#7858=AXIS2_PLACEMENT_3D('',#12391,#9241,#9242);
#7859=AXIS2_PLACEMENT_3D('',#12393,#9243,#9244);
#7860=AXIS2_PLACEMENT_3D('',#12395,#9245,#9246);
#7861=AXIS2_PLACEMENT_3D('',#12397,#9247,#9248);
#7862=AXIS2_PLACEMENT_3D('',#12399,#9249,#9250);
#7863=AXIS2_PLACEMENT_3D('',#12401,#9251,#9252);
#7864=AXIS2_PLACEMENT_3D('',#12403,#9253,#9254);
#7865=AXIS2_PLACEMENT_3D('',#12405,#9255,#9256);
#7866=AXIS2_PLACEMENT_3D('',#12407,#9257,#9258);
#7867=AXIS2_PLACEMENT_3D('',#12409,#9259,#9260);
#7868=AXIS2_PLACEMENT_3D('',#12411,#9261,#9262);
#7869=AXIS2_PLACEMENT_3D('',#12413,#9263,#9264);
#7870=AXIS2_PLACEMENT_3D('',#12415,#9265,#9266);
#7871=AXIS2_PLACEMENT_3D('',#12417,#9267,#9268);
#7872=AXIS2_PLACEMENT_3D('',#12419,#9269,#9270);
#7873=AXIS2_PLACEMENT_3D('',#12421,#9271,#9272);
#7874=AXIS2_PLACEMENT_3D('',#12423,#9273,#9274);
#7875=AXIS2_PLACEMENT_3D('',#12425,#9275,#9276);
#7876=AXIS2_PLACEMENT_3D('',#12426,#9277,#9278);
#7877=AXIS2_PLACEMENT_3D('',#12427,#9279,#9280);
#7878=AXIS2_PLACEMENT_3D('',#12445,#9292,#9293);
#7879=AXIS2_PLACEMENT_3D('',#12451,#9297,#9298);
#7880=AXIS2_PLACEMENT_3D('',#12455,#9300,#9301);
#7881=AXIS2_PLACEMENT_3D('',#12457,#9303,#9304);
#7882=AXIS2_PLACEMENT_3D('',#12460,#9307,#9308);
#7883=AXIS2_PLACEMENT_3D('',#12462,#9309,#9310);
#7884=AXIS2_PLACEMENT_3D('',#12464,#9312,#9313);
#7885=AXIS2_PLACEMENT_3D('',#12466,#9315,#9316);
#7886=AXIS2_PLACEMENT_3D('',#12468,#9317,#9318);
#7887=AXIS2_PLACEMENT_3D('',#12470,#9320,#9321);
#7888=AXIS2_PLACEMENT_3D('',#12472,#9323,#9324);
#7889=AXIS2_PLACEMENT_3D('',#12474,#9325,#9326);
#7890=AXIS2_PLACEMENT_3D('',#12476,#9328,#9329);
#7891=AXIS2_PLACEMENT_3D('',#12478,#9331,#9332);
#7892=AXIS2_PLACEMENT_3D('',#12480,#9333,#9334);
#7893=AXIS2_PLACEMENT_3D('',#12482,#9336,#9337);
#7894=AXIS2_PLACEMENT_3D('',#12484,#9339,#9340);
#7895=AXIS2_PLACEMENT_3D('',#12486,#9341,#9342);
#7896=AXIS2_PLACEMENT_3D('',#12488,#9344,#9345);
#7897=AXIS2_PLACEMENT_3D('',#12490,#9347,#9348);
#7898=AXIS2_PLACEMENT_3D('',#12492,#9349,#9350);
#7899=AXIS2_PLACEMENT_3D('',#12494,#9352,#9353);
#7900=AXIS2_PLACEMENT_3D('',#12496,#9355,#9356);
#7901=AXIS2_PLACEMENT_3D('',#12498,#9357,#9358);
#7902=AXIS2_PLACEMENT_3D('',#12500,#9360,#9361);
#7903=AXIS2_PLACEMENT_3D('',#12501,#9362,#9363);
#7904=AXIS2_PLACEMENT_3D('',#12503,#9364,#9365);
#7905=AXIS2_PLACEMENT_3D('',#12505,#9367,#9368);
#7906=AXIS2_PLACEMENT_3D('',#12507,#9369,#9370);
#7907=AXIS2_PLACEMENT_3D('',#12509,#9372,#9373);
#7908=AXIS2_PLACEMENT_3D('',#12510,#9374,#9375);
#7909=AXIS2_PLACEMENT_3D('',#12511,#9376,#9377);
#7910=AXIS2_PLACEMENT_3D('',#12515,#9379,#9380);
#7911=AXIS2_PLACEMENT_3D('',#12517,#9382,#9383);
#7912=AXIS2_PLACEMENT_3D('',#12520,#9385,#9386);
#7913=AXIS2_PLACEMENT_3D('',#12521,#9387,#9388);
#7914=AXIS2_PLACEMENT_3D('',#12524,#9390,#9391);
#7915=AXIS2_PLACEMENT_3D('',#12525,#9392,#9393);
#7916=AXIS2_PLACEMENT_3D('',#12527,#9394,#9395);
#7917=AXIS2_PLACEMENT_3D('',#12530,#9397,#9398);
#7918=AXIS2_PLACEMENT_3D('',#12531,#9399,#9400);
#7919=AXIS2_PLACEMENT_3D('',#12533,#9401,#9402);
#7920=AXIS2_PLACEMENT_3D('',#12537,#9404,#9405);
#7921=AXIS2_PLACEMENT_3D('',#12540,#9407,#9408);
#7922=AXIS2_PLACEMENT_3D('',#12541,#9409,#9410);
#7923=AXIS2_PLACEMENT_3D('',#12543,#9411,#9412);
#7924=AXIS2_PLACEMENT_3D('',#12546,#9414,#9415);
#7925=AXIS2_PLACEMENT_3D('',#12547,#9416,#9417);
#7926=AXIS2_PLACEMENT_3D('',#12548,#9418,#9419);
#7927=AXIS2_PLACEMENT_3D('',#12550,#9420,#9421);
#7928=AXIS2_PLACEMENT_3D('',#12553,#9423,#9424);
#7929=AXIS2_PLACEMENT_3D('',#12554,#9425,#9426);
#7930=AXIS2_PLACEMENT_3D('',#12555,#9427,#9428);
#7931=AXIS2_PLACEMENT_3D('',#12556,#9429,#9430);
#7932=AXIS2_PLACEMENT_3D('',#12557,#9431,#9432);
#7933=AXIS2_PLACEMENT_3D('',#12559,#9433,#9434);
#7934=AXIS2_PLACEMENT_3D('',#12561,#9435,#9436);
#7935=AXIS2_PLACEMENT_3D('',#12563,#9437,#9438);
#7936=AXIS2_PLACEMENT_3D('',#12565,#9439,#9440);
#7937=AXIS2_PLACEMENT_3D('',#12567,#9441,#9442);
#7938=AXIS2_PLACEMENT_3D('',#12569,#9443,#9444);
#7939=AXIS2_PLACEMENT_3D('',#12571,#9445,#9446);
#7940=AXIS2_PLACEMENT_3D('',#12573,#9447,#9448);
#7941=AXIS2_PLACEMENT_3D('',#12575,#9449,#9450);
#7942=AXIS2_PLACEMENT_3D('',#12577,#9451,#9452);
#7943=AXIS2_PLACEMENT_3D('',#12579,#9453,#9454);
#7944=AXIS2_PLACEMENT_3D('',#12581,#9455,#9456);
#7945=AXIS2_PLACEMENT_3D('',#12583,#9457,#9458);
#7946=AXIS2_PLACEMENT_3D('',#12585,#9459,#9460);
#7947=AXIS2_PLACEMENT_3D('',#12587,#9461,#9462);
#7948=AXIS2_PLACEMENT_3D('',#12589,#9463,#9464);
#7949=AXIS2_PLACEMENT_3D('',#12590,#9465,#9466);
#7950=AXIS2_PLACEMENT_3D('',#12592,#9467,#9468);
#7951=AXIS2_PLACEMENT_3D('',#12594,#9469,#9470);
#7952=AXIS2_PLACEMENT_3D('',#12596,#9471,#9472);
#7953=AXIS2_PLACEMENT_3D('',#12598,#9473,#9474);
#7954=AXIS2_PLACEMENT_3D('',#12600,#9475,#9476);
#7955=AXIS2_PLACEMENT_3D('',#12602,#9477,#9478);
#7956=AXIS2_PLACEMENT_3D('',#12604,#9479,#9480);
#7957=AXIS2_PLACEMENT_3D('',#12606,#9481,#9482);
#7958=AXIS2_PLACEMENT_3D('',#12608,#9483,#9484);
#7959=AXIS2_PLACEMENT_3D('',#12610,#9485,#9486);
#7960=AXIS2_PLACEMENT_3D('',#12612,#9487,#9488);
#7961=AXIS2_PLACEMENT_3D('',#12614,#9489,#9490);
#7962=AXIS2_PLACEMENT_3D('',#12616,#9491,#9492);
#7963=AXIS2_PLACEMENT_3D('',#12618,#9493,#9494);
#7964=AXIS2_PLACEMENT_3D('',#12620,#9495,#9496);
#7965=AXIS2_PLACEMENT_3D('',#12622,#9497,#9498);
#7966=AXIS2_PLACEMENT_3D('',#12624,#9499,#9500);
#7967=AXIS2_PLACEMENT_3D('',#12626,#9501,#9502);
#7968=AXIS2_PLACEMENT_3D('',#12627,#9503,#9504);
#7969=AXIS2_PLACEMENT_3D('',#12631,#9506,#9507);
#7970=AXIS2_PLACEMENT_3D('',#12633,#9509,#9510);
#7971=AXIS2_PLACEMENT_3D('',#12635,#9511,#9512);
#7972=AXIS2_PLACEMENT_3D('',#12637,#9514,#9515);
#7973=AXIS2_PLACEMENT_3D('',#12639,#9516,#9517);
#7974=AXIS2_PLACEMENT_3D('',#12641,#9519,#9520);
#7975=AXIS2_PLACEMENT_3D('',#12643,#9521,#9522);
#7976=AXIS2_PLACEMENT_3D('',#12645,#9524,#9525);
#7977=AXIS2_PLACEMENT_3D('',#12647,#9526,#9527);
#7978=AXIS2_PLACEMENT_3D('',#12649,#9529,#9530);
#7979=AXIS2_PLACEMENT_3D('',#12651,#9531,#9532);
#7980=AXIS2_PLACEMENT_3D('',#12653,#9534,#9535);
#7981=AXIS2_PLACEMENT_3D('',#12655,#9536,#9537);
#7982=AXIS2_PLACEMENT_3D('',#12657,#9539,#9540);
#7983=AXIS2_PLACEMENT_3D('',#12659,#9541,#9542);
#7984=AXIS2_PLACEMENT_3D('',#12661,#9544,#9545);
#7985=AXIS2_PLACEMENT_3D('',#12663,#9546,#9547);
#7986=AXIS2_PLACEMENT_3D('',#12665,#9549,#9550);
#7987=AXIS2_PLACEMENT_3D('',#12667,#9551,#9552);
#7988=AXIS2_PLACEMENT_3D('',#12669,#9554,#9555);
#7989=AXIS2_PLACEMENT_3D('',#12671,#9556,#9557);
#7990=AXIS2_PLACEMENT_3D('',#12673,#9559,#9560);
#7991=AXIS2_PLACEMENT_3D('',#12675,#9561,#9562);
#7992=AXIS2_PLACEMENT_3D('',#12677,#9564,#9565);
#7993=AXIS2_PLACEMENT_3D('',#12679,#9566,#9567);
#7994=AXIS2_PLACEMENT_3D('',#12681,#9569,#9570);
#7995=AXIS2_PLACEMENT_3D('',#12683,#9571,#9572);
#7996=AXIS2_PLACEMENT_3D('',#12685,#9574,#9575);
#7997=AXIS2_PLACEMENT_3D('',#12687,#9576,#9577);
#7998=AXIS2_PLACEMENT_3D('',#12689,#9579,#9580);
#7999=AXIS2_PLACEMENT_3D('',#12691,#9581,#9582);
#8000=AXIS2_PLACEMENT_3D('',#12693,#9584,#9585);
#8001=AXIS2_PLACEMENT_3D('',#12695,#9586,#9587);
#8002=AXIS2_PLACEMENT_3D('',#12697,#9589,#9590);
#8003=AXIS2_PLACEMENT_3D('',#12699,#9591,#9592);
#8004=AXIS2_PLACEMENT_3D('',#12701,#9594,#9595);
#8005=AXIS2_PLACEMENT_3D('',#12703,#9596,#9597);
#8006=AXIS2_PLACEMENT_3D('',#12705,#9599,#9600);
#8007=AXIS2_PLACEMENT_3D('',#12707,#9601,#9602);
#8008=AXIS2_PLACEMENT_3D('',#12709,#9604,#9605);
#8009=AXIS2_PLACEMENT_3D('',#12711,#9606,#9607);
#8010=AXIS2_PLACEMENT_3D('',#12713,#9609,#9610);
#8011=AXIS2_PLACEMENT_3D('',#12715,#9611,#9612);
#8012=AXIS2_PLACEMENT_3D('',#12717,#9614,#9615);
#8013=AXIS2_PLACEMENT_3D('',#12719,#9616,#9617);
#8014=AXIS2_PLACEMENT_3D('',#12721,#9619,#9620);
#8015=AXIS2_PLACEMENT_3D('',#12723,#9621,#9622);
#8016=AXIS2_PLACEMENT_3D('',#12725,#9624,#9625);
#8017=AXIS2_PLACEMENT_3D('',#12727,#9626,#9627);
#8018=AXIS2_PLACEMENT_3D('',#12729,#9629,#9630);
#8019=AXIS2_PLACEMENT_3D('',#12731,#9631,#9632);
#8020=AXIS2_PLACEMENT_3D('',#12733,#9634,#9635);
#8021=AXIS2_PLACEMENT_3D('',#12735,#9636,#9637);
#8022=AXIS2_PLACEMENT_3D('',#12737,#9639,#9640);
#8023=AXIS2_PLACEMENT_3D('',#12739,#9641,#9642);
#8024=AXIS2_PLACEMENT_3D('',#12741,#9644,#9645);
#8025=AXIS2_PLACEMENT_3D('',#12743,#9646,#9647);
#8026=AXIS2_PLACEMENT_3D('',#12745,#9649,#9650);
#8027=AXIS2_PLACEMENT_3D('',#12747,#9651,#9652);
#8028=AXIS2_PLACEMENT_3D('',#12749,#9654,#9655);
#8029=AXIS2_PLACEMENT_3D('',#12751,#9656,#9657);
#8030=AXIS2_PLACEMENT_3D('',#12753,#9659,#9660);
#8031=AXIS2_PLACEMENT_3D('',#12755,#9661,#9662);
#8032=AXIS2_PLACEMENT_3D('',#12757,#9664,#9665);
#8033=AXIS2_PLACEMENT_3D('',#12759,#9666,#9667);
#8034=AXIS2_PLACEMENT_3D('',#12761,#9669,#9670);
#8035=AXIS2_PLACEMENT_3D('',#12763,#9671,#9672);
#8036=AXIS2_PLACEMENT_3D('',#12765,#9674,#9675);
#8037=AXIS2_PLACEMENT_3D('',#12767,#9676,#9677);
#8038=AXIS2_PLACEMENT_3D('',#12769,#9679,#9680);
#8039=AXIS2_PLACEMENT_3D('',#12771,#9681,#9682);
#8040=AXIS2_PLACEMENT_3D('',#12773,#9684,#9685);
#8041=AXIS2_PLACEMENT_3D('',#12775,#9686,#9687);
#8042=AXIS2_PLACEMENT_3D('',#12777,#9689,#9690);
#8043=AXIS2_PLACEMENT_3D('',#12782,#9692,#9693);
#8044=AXIS2_PLACEMENT_3D('',#12786,#9695,#9696);
#8045=AXIS2_PLACEMENT_3D('',#12790,#9698,#9699);
#8046=AXIS2_PLACEMENT_3D('',#12793,#9701,#9702);
#8047=AXIS2_PLACEMENT_3D('',#12794,#9703,#9704);
#8048=AXIS2_PLACEMENT_3D('',#12799,#9706,#9707);
#8049=AXIS2_PLACEMENT_3D('',#12803,#9709,#9710);
#8050=AXIS2_PLACEMENT_3D('',#12807,#9712,#9713);
#8051=AXIS2_PLACEMENT_3D('',#12810,#9715,#9716);
#8052=AXIS2_PLACEMENT_3D('',#12811,#9717,#9718);
#8053=AXIS2_PLACEMENT_3D('',#12813,#9719,#9720);
#8054=AXIS2_PLACEMENT_3D('',#12814,#9721,#9722);
#8055=AXIS2_PLACEMENT_3D('',#12815,#9723,#9724);
#8056=AXIS2_PLACEMENT_3D('',#12817,#9725,#9726);
#8057=AXIS2_PLACEMENT_3D('',#12818,#9727,#9728);
#8058=AXIS2_PLACEMENT_3D('',#12820,#9729,#9730);
#8059=AXIS2_PLACEMENT_3D('',#12822,#9732,#9733);
#8060=AXIS2_PLACEMENT_3D('',#12824,#9734,#9735);
#8061=AXIS2_PLACEMENT_3D('',#12826,#9736,#9737);
#8062=AXIS2_PLACEMENT_3D('',#12827,#9738,#9739);
#8063=AXIS2_PLACEMENT_3D('',#12830,#9741,#9742);
#8064=AXIS2_PLACEMENT_3D('',#12831,#9743,#9744);
#8065=AXIS2_PLACEMENT_3D('',#12833,#9745,#9746);
#8066=AXIS2_PLACEMENT_3D('',#12834,#9747,#9748);
#8067=AXIS2_PLACEMENT_3D('',#12836,#9749,#9750);
#8068=AXIS2_PLACEMENT_3D('',#12838,#9751,#9752);
#8069=AXIS2_PLACEMENT_3D('',#12840,#9753,#9754);
#8070=AXIS2_PLACEMENT_3D('',#12842,#9755,#9756);
#8071=AXIS2_PLACEMENT_3D('',#12844,#9757,#9758);
#8072=AXIS2_PLACEMENT_3D('',#12846,#9759,#9760);
#8073=AXIS2_PLACEMENT_3D('',#12848,#9761,#9762);
#8074=AXIS2_PLACEMENT_3D('',#12850,#9763,#9764);
#8075=AXIS2_PLACEMENT_3D('',#12852,#9765,#9766);
#8076=AXIS2_PLACEMENT_3D('',#12854,#9767,#9768);
#8077=AXIS2_PLACEMENT_3D('',#12855,#9769,#9770);
#8078=AXIS2_PLACEMENT_3D('',#12859,#9772,#9773);
#8079=AXIS2_PLACEMENT_3D('',#12862,#9776,#9777);
#8080=AXIS2_PLACEMENT_3D('',#12865,#9780,#9781);
#8081=AXIS2_PLACEMENT_3D('',#12869,#9783,#9784);
#8082=AXIS2_PLACEMENT_3D('',#12871,#9786,#9787);
#8083=AXIS2_PLACEMENT_3D('',#12873,#9788,#9789);
#8084=AXIS2_PLACEMENT_3D('',#12875,#9791,#9792);
#8085=AXIS2_PLACEMENT_3D('',#12877,#9793,#9794);
#8086=AXIS2_PLACEMENT_3D('',#12879,#9796,#9797);
#8087=AXIS2_PLACEMENT_3D('',#12884,#9800,#9801);
#8088=AXIS2_PLACEMENT_3D('',#12885,#9802,#9803);
#8089=AXIS2_PLACEMENT_3D('',#12890,#9806,#9807);
#8090=AXIS2_PLACEMENT_3D('',#12891,#9808,#9809);
#8091=AXIS2_PLACEMENT_3D('',#12894,#9811,#9812);
#8092=AXIS2_PLACEMENT_3D('',#12895,#9813,#9814);
#8093=AXIS2_PLACEMENT_3D('',#12896,#9815,#9816);
#8094=AXIS2_PLACEMENT_3D('',#12897,#9817,#9818);
#8095=AXIS2_PLACEMENT_3D('',#12900,#9820,#9821);
#8096=AXIS2_PLACEMENT_3D('',#12901,#9822,#9823);
#8097=AXIS2_PLACEMENT_3D('',#12904,#9825,#9826);
#8098=AXIS2_PLACEMENT_3D('',#12905,#9827,#9828);
#8099=AXIS2_PLACEMENT_3D('',#12908,#9830,#9831);
#8100=AXIS2_PLACEMENT_3D('',#12909,#9832,#9833);
#8101=AXIS2_PLACEMENT_3D('',#12912,#9835,#9836);
#8102=AXIS2_PLACEMENT_3D('',#12913,#9837,#9838);
#8103=AXIS2_PLACEMENT_3D('',#12916,#9840,#9841);
#8104=AXIS2_PLACEMENT_3D('',#12917,#9842,#9843);
#8105=AXIS2_PLACEMENT_3D('',#12920,#9845,#9846);
#8106=AXIS2_PLACEMENT_3D('',#12921,#9847,#9848);
#8107=AXIS2_PLACEMENT_3D('',#12924,#9850,#9851);
#8108=AXIS2_PLACEMENT_3D('',#12925,#9852,#9853);
#8109=AXIS2_PLACEMENT_3D('',#12928,#9855,#9856);
#8110=AXIS2_PLACEMENT_3D('',#12929,#9857,#9858);
#8111=AXIS2_PLACEMENT_3D('',#12932,#9860,#9861);
#8112=AXIS2_PLACEMENT_3D('',#12933,#9862,#9863);
#8113=AXIS2_PLACEMENT_3D('',#12936,#9865,#9866);
#8114=AXIS2_PLACEMENT_3D('',#12937,#9867,#9868);
#8115=AXIS2_PLACEMENT_3D('',#12940,#9870,#9871);
#8116=AXIS2_PLACEMENT_3D('',#12941,#9872,#9873);
#8117=AXIS2_PLACEMENT_3D('',#12942,#9874,#9875);
#8118=AXIS2_PLACEMENT_3D('',#12943,#9876,#9877);
#8119=AXIS2_PLACEMENT_3D('',#12946,#9879,#9880);
#8120=AXIS2_PLACEMENT_3D('',#12947,#9881,#9882);
#8121=AXIS2_PLACEMENT_3D('',#12950,#9884,#9885);
#8122=AXIS2_PLACEMENT_3D('',#12951,#9886,#9887);
#8123=AXIS2_PLACEMENT_3D('',#12954,#9889,#9890);
#8124=AXIS2_PLACEMENT_3D('',#12955,#9891,#9892);
#8125=AXIS2_PLACEMENT_3D('',#12958,#9894,#9895);
#8126=AXIS2_PLACEMENT_3D('',#12959,#9896,#9897);
#8127=AXIS2_PLACEMENT_3D('',#12962,#9899,#9900);
#8128=AXIS2_PLACEMENT_3D('',#12963,#9901,#9902);
#8129=AXIS2_PLACEMENT_3D('',#12966,#9904,#9905);
#8130=AXIS2_PLACEMENT_3D('',#12967,#9906,#9907);
#8131=AXIS2_PLACEMENT_3D('',#12970,#9909,#9910);
#8132=AXIS2_PLACEMENT_3D('',#12971,#9911,#9912);
#8133=AXIS2_PLACEMENT_3D('',#12974,#9914,#9915);
#8134=AXIS2_PLACEMENT_3D('',#12975,#9916,#9917);
#8135=AXIS2_PLACEMENT_3D('',#12978,#9919,#9920);
#8136=AXIS2_PLACEMENT_3D('',#12979,#9921,#9922);
#8137=AXIS2_PLACEMENT_3D('',#12982,#9924,#9925);
#8138=AXIS2_PLACEMENT_3D('',#12983,#9926,#9927);
#8139=AXIS2_PLACEMENT_3D('',#12984,#9928,#9929);
#8140=AXIS2_PLACEMENT_3D('',#12985,#9930,#9931);
#8141=AXIS2_PLACEMENT_3D('',#12986,#9932,#9933);
#8142=AXIS2_PLACEMENT_3D('',#12987,#9934,#9935);
#8143=AXIS2_PLACEMENT_3D('',#12988,#9936,#9937);
#8144=AXIS2_PLACEMENT_3D('',#12989,#9938,#9939);
#8145=AXIS2_PLACEMENT_3D('',#12990,#9940,#9941);
#8146=AXIS2_PLACEMENT_3D('',#12992,#9943,#9944);
#8147=AXIS2_PLACEMENT_3D('',#12994,#9946,#9947);
#8148=AXIS2_PLACEMENT_3D('',#12995,#9948,#9949);
#8149=AXIS2_PLACEMENT_3D('',#12997,#9951,#9952);
#8150=AXIS2_PLACEMENT_3D('',#12999,#9954,#9955);
#8151=AXIS2_PLACEMENT_3D('',#13001,#9957,#9958);
#8152=AXIS2_PLACEMENT_3D('',#13003,#9960,#9961);
#8153=AXIS2_PLACEMENT_3D('',#13005,#9963,#9964);
#8154=AXIS2_PLACEMENT_3D('',#13007,#9966,#9967);
#8155=AXIS2_PLACEMENT_3D('',#13009,#9969,#9970);
#8156=AXIS2_PLACEMENT_3D('',#13011,#9972,#9973);
#8157=AXIS2_PLACEMENT_3D('',#13013,#9975,#9976);
#8158=AXIS2_PLACEMENT_3D('',#13015,#9978,#9979);
#8159=AXIS2_PLACEMENT_3D('',#13016,#9980,#9981);
#8160=AXIS2_PLACEMENT_3D('',#13018,#9983,#9984);
#8161=AXIS2_PLACEMENT_3D('',#13019,#9985,#9986);
#8162=AXIS2_PLACEMENT_3D('',#13022,#9989,#9990);
#8163=AXIS2_PLACEMENT_3D('',#13024,#9992,#9993);
#8164=AXIS2_PLACEMENT_3D('',#13026,#9995,#9996);
#8165=AXIS2_PLACEMENT_3D('',#13028,#9998,#9999);
#8166=AXIS2_PLACEMENT_3D('',#13031,#10002,#10003);
#8167=AXIS2_PLACEMENT_3D('',#13033,#10005,#10006);
#8168=AXIS2_PLACEMENT_3D('',#13035,#10008,#10009);
#8169=AXIS2_PLACEMENT_3D('',#13037,#10011,#10012);
#8170=AXIS2_PLACEMENT_3D('',#13039,#10014,#10015);
#8171=AXIS2_PLACEMENT_3D('',#13041,#10017,#10018);
#8172=AXIS2_PLACEMENT_3D('',#13043,#10020,#10021);
#8173=AXIS2_PLACEMENT_3D('',#13044,#10022,#10023);
#8174=AXIS2_PLACEMENT_3D('',#13046,#10025,#10026);
#8175=AXIS2_PLACEMENT_3D('',#13047,#10027,#10028);
#8176=AXIS2_PLACEMENT_3D('',#13048,#10029,#10030);
#8177=AXIS2_PLACEMENT_3D('',#13050,#10032,#10033);
#8178=AXIS2_PLACEMENT_3D('',#13052,#10035,#10036);
#8179=AXIS2_PLACEMENT_3D('',#13054,#10038,#10039);
#8180=AXIS2_PLACEMENT_3D('',#13055,#10040,#10041);
#8181=AXIS2_PLACEMENT_3D('',#13057,#10043,#10044);
#8182=AXIS2_PLACEMENT_3D('',#13059,#10046,#10047);
#8183=AXIS2_PLACEMENT_3D('',#13061,#10049,#10050);
#8184=AXIS2_PLACEMENT_3D('',#13062,#10051,#10052);
#8185=AXIS2_PLACEMENT_3D('',#13063,#10053,#10054);
#8186=AXIS2_PLACEMENT_3D('',#13066,#10055,#10056);
#8187=AXIS2_PLACEMENT_3D('',#13067,#10057,#10058);
#8188=AXIS2_PLACEMENT_3D('',#13069,#10059,#10060);
#8189=AXIS2_PLACEMENT_3D('',#13071,#10061,#10062);
#8190=AXIS2_PLACEMENT_3D('',#13072,#10063,#10064);
#8191=AXIS2_PLACEMENT_3D('',#13073,#10065,#10066);
#8192=AXIS2_PLACEMENT_3D('',#13076,#10068,#10069);
#8193=AXIS2_PLACEMENT_3D('',#13077,#10070,#10071);
#8194=AXIS2_PLACEMENT_3D('',#13079,#10072,#10073);
#8195=AXIS2_PLACEMENT_3D('',#13082,#10075,#10076);
#8196=AXIS2_PLACEMENT_3D('',#13083,#10077,#10078);
#8197=AXIS2_PLACEMENT_3D('',#13085,#10079,#10080);
#8198=AXIS2_PLACEMENT_3D('',#13088,#10082,#10083);
#8199=AXIS2_PLACEMENT_3D('',#13089,#10084,#10085);
#8200=AXIS2_PLACEMENT_3D('',#13091,#10086,#10087);
#8201=AXIS2_PLACEMENT_3D('',#13094,#10089,#10090);
#8202=AXIS2_PLACEMENT_3D('',#13095,#10091,#10092);
#8203=AXIS2_PLACEMENT_3D('',#13097,#10093,#10094);
#8204=AXIS2_PLACEMENT_3D('',#13100,#10096,#10097);
#8205=AXIS2_PLACEMENT_3D('',#13101,#10098,#10099);
#8206=AXIS2_PLACEMENT_3D('',#13103,#10100,#10101);
#8207=AXIS2_PLACEMENT_3D('',#13106,#10103,#10104);
#8208=AXIS2_PLACEMENT_3D('',#13107,#10105,#10106);
#8209=AXIS2_PLACEMENT_3D('',#13109,#10107,#10108);
#8210=AXIS2_PLACEMENT_3D('',#13112,#10110,#10111);
#8211=AXIS2_PLACEMENT_3D('',#13113,#10112,#10113);
#8212=AXIS2_PLACEMENT_3D('',#13115,#10114,#10115);
#8213=AXIS2_PLACEMENT_3D('',#13118,#10117,#10118);
#8214=AXIS2_PLACEMENT_3D('',#13119,#10119,#10120);
#8215=AXIS2_PLACEMENT_3D('',#13120,#10121,#10122);
#8216=AXIS2_PLACEMENT_3D('',#13123,#10124,#10125);
#8217=AXIS2_PLACEMENT_3D('',#13124,#10126,#10127);
#8218=AXIS2_PLACEMENT_3D('',#13125,#10128,#10129);
#8219=AXIS2_PLACEMENT_3D('',#13126,#10130,#10131);
#8220=AXIS2_PLACEMENT_3D('',#13129,#10132,#10133);
#8221=AXIS2_PLACEMENT_3D('',#13130,#10134,#10135);
#8222=AXIS2_PLACEMENT_3D('',#13132,#10136,#10137);
#8223=AXIS2_PLACEMENT_3D('',#13134,#10138,#10139);
#8224=AXIS2_PLACEMENT_3D('',#13135,#10140,#10141);
#8225=AXIS2_PLACEMENT_3D('',#13136,#10142,#10143);
#8226=AXIS2_PLACEMENT_3D('',#13139,#10145,#10146);
#8227=AXIS2_PLACEMENT_3D('',#13140,#10147,#10148);
#8228=AXIS2_PLACEMENT_3D('',#13142,#10149,#10150);
#8229=AXIS2_PLACEMENT_3D('',#13145,#10152,#10153);
#8230=AXIS2_PLACEMENT_3D('',#13146,#10154,#10155);
#8231=AXIS2_PLACEMENT_3D('',#13148,#10156,#10157);
#8232=AXIS2_PLACEMENT_3D('',#13151,#10159,#10160);
#8233=AXIS2_PLACEMENT_3D('',#13152,#10161,#10162);
#8234=AXIS2_PLACEMENT_3D('',#13154,#10163,#10164);
#8235=AXIS2_PLACEMENT_3D('',#13157,#10166,#10167);
#8236=AXIS2_PLACEMENT_3D('',#13158,#10168,#10169);
#8237=AXIS2_PLACEMENT_3D('',#13160,#10170,#10171);
#8238=AXIS2_PLACEMENT_3D('',#13163,#10173,#10174);
#8239=AXIS2_PLACEMENT_3D('',#13164,#10175,#10176);
#8240=AXIS2_PLACEMENT_3D('',#13166,#10177,#10178);
#8241=AXIS2_PLACEMENT_3D('',#13169,#10180,#10181);
#8242=AXIS2_PLACEMENT_3D('',#13170,#10182,#10183);
#8243=AXIS2_PLACEMENT_3D('',#13172,#10184,#10185);
#8244=AXIS2_PLACEMENT_3D('',#13175,#10187,#10188);
#8245=AXIS2_PLACEMENT_3D('',#13176,#10189,#10190);
#8246=AXIS2_PLACEMENT_3D('',#13178,#10191,#10192);
#8247=AXIS2_PLACEMENT_3D('',#13181,#10194,#10195);
#8248=AXIS2_PLACEMENT_3D('',#13182,#10196,#10197);
#8249=AXIS2_PLACEMENT_3D('',#13183,#10198,#10199);
#8250=AXIS2_PLACEMENT_3D('',#13186,#10201,#10202);
#8251=AXIS2_PLACEMENT_3D('',#13187,#10203,#10204);
#8252=AXIS2_PLACEMENT_3D('',#13188,#10205,#10206);
#8253=AXIS2_PLACEMENT_3D('',#13189,#10207,#10208);
#8254=AXIS2_PLACEMENT_3D('',#13192,#10209,#10210);
#8255=AXIS2_PLACEMENT_3D('',#13193,#10211,#10212);
#8256=AXIS2_PLACEMENT_3D('',#13195,#10213,#10214);
#8257=AXIS2_PLACEMENT_3D('',#13197,#10215,#10216);
#8258=AXIS2_PLACEMENT_3D('',#13198,#10217,#10218);
#8259=AXIS2_PLACEMENT_3D('',#13199,#10219,#10220);
#8260=AXIS2_PLACEMENT_3D('',#13202,#10222,#10223);
#8261=AXIS2_PLACEMENT_3D('',#13203,#10224,#10225);
#8262=AXIS2_PLACEMENT_3D('',#13205,#10226,#10227);
#8263=AXIS2_PLACEMENT_3D('',#13208,#10229,#10230);
#8264=AXIS2_PLACEMENT_3D('',#13209,#10231,#10232);
#8265=AXIS2_PLACEMENT_3D('',#13211,#10233,#10234);
#8266=AXIS2_PLACEMENT_3D('',#13214,#10236,#10237);
#8267=AXIS2_PLACEMENT_3D('',#13215,#10238,#10239);
#8268=AXIS2_PLACEMENT_3D('',#13217,#10240,#10241);
#8269=AXIS2_PLACEMENT_3D('',#13220,#10243,#10244);
#8270=AXIS2_PLACEMENT_3D('',#13221,#10245,#10246);
#8271=AXIS2_PLACEMENT_3D('',#13223,#10247,#10248);
#8272=AXIS2_PLACEMENT_3D('',#13226,#10250,#10251);
#8273=AXIS2_PLACEMENT_3D('',#13227,#10252,#10253);
#8274=AXIS2_PLACEMENT_3D('',#13229,#10254,#10255);
#8275=AXIS2_PLACEMENT_3D('',#13232,#10257,#10258);
#8276=AXIS2_PLACEMENT_3D('',#13233,#10259,#10260);
#8277=AXIS2_PLACEMENT_3D('',#13235,#10261,#10262);
#8278=AXIS2_PLACEMENT_3D('',#13238,#10264,#10265);
#8279=AXIS2_PLACEMENT_3D('',#13239,#10266,#10267);
#8280=AXIS2_PLACEMENT_3D('',#13241,#10268,#10269);
#8281=AXIS2_PLACEMENT_3D('',#13244,#10271,#10272);
#8282=AXIS2_PLACEMENT_3D('',#13245,#10273,#10274);
#8283=AXIS2_PLACEMENT_3D('',#13246,#10275,#10276);
#8284=AXIS2_PLACEMENT_3D('',#13249,#10278,#10279);
#8285=AXIS2_PLACEMENT_3D('',#13250,#10280,#10281);
#8286=AXIS2_PLACEMENT_3D('',#13251,#10282,#10283);
#8287=AXIS2_PLACEMENT_3D('',#13252,#10284,#10285);
#8288=AXIS2_PLACEMENT_3D('',#13255,#10286,#10287);
#8289=AXIS2_PLACEMENT_3D('',#13256,#10288,#10289);
#8290=AXIS2_PLACEMENT_3D('',#13258,#10290,#10291);
#8291=AXIS2_PLACEMENT_3D('',#13260,#10292,#10293);
#8292=AXIS2_PLACEMENT_3D('',#13261,#10294,#10295);
#8293=AXIS2_PLACEMENT_3D('',#13262,#10296,#10297);
#8294=AXIS2_PLACEMENT_3D('',#13265,#10299,#10300);
#8295=AXIS2_PLACEMENT_3D('',#13266,#10301,#10302);
#8296=AXIS2_PLACEMENT_3D('',#13268,#10303,#10304);
#8297=AXIS2_PLACEMENT_3D('',#13271,#10306,#10307);
#8298=AXIS2_PLACEMENT_3D('',#13272,#10308,#10309);
#8299=AXIS2_PLACEMENT_3D('',#13274,#10310,#10311);
#8300=AXIS2_PLACEMENT_3D('',#13277,#10313,#10314);
#8301=AXIS2_PLACEMENT_3D('',#13278,#10315,#10316);
#8302=AXIS2_PLACEMENT_3D('',#13280,#10317,#10318);
#8303=AXIS2_PLACEMENT_3D('',#13283,#10320,#10321);
#8304=AXIS2_PLACEMENT_3D('',#13284,#10322,#10323);
#8305=AXIS2_PLACEMENT_3D('',#13286,#10324,#10325);
#8306=AXIS2_PLACEMENT_3D('',#13289,#10327,#10328);
#8307=AXIS2_PLACEMENT_3D('',#13290,#10329,#10330);
#8308=AXIS2_PLACEMENT_3D('',#13292,#10331,#10332);
#8309=AXIS2_PLACEMENT_3D('',#13295,#10334,#10335);
#8310=AXIS2_PLACEMENT_3D('',#13296,#10336,#10337);
#8311=AXIS2_PLACEMENT_3D('',#13298,#10338,#10339);
#8312=AXIS2_PLACEMENT_3D('',#13301,#10341,#10342);
#8313=AXIS2_PLACEMENT_3D('',#13302,#10343,#10344);
#8314=AXIS2_PLACEMENT_3D('',#13304,#10345,#10346);
#8315=AXIS2_PLACEMENT_3D('',#13307,#10348,#10349);
#8316=AXIS2_PLACEMENT_3D('',#13308,#10350,#10351);
#8317=AXIS2_PLACEMENT_3D('',#13309,#10352,#10353);
#8318=AXIS2_PLACEMENT_3D('',#13312,#10355,#10356);
#8319=AXIS2_PLACEMENT_3D('',#13313,#10357,#10358);
#8320=AXIS2_PLACEMENT_3D('',#13314,#10359,#10360);
#8321=AXIS2_PLACEMENT_3D('',#13315,#10361,#10362);
#8322=AXIS2_PLACEMENT_3D('',#13318,#10363,#10364);
#8323=AXIS2_PLACEMENT_3D('',#13319,#10365,#10366);
#8324=AXIS2_PLACEMENT_3D('',#13321,#10367,#10368);
#8325=AXIS2_PLACEMENT_3D('',#13323,#10369,#10370);
#8326=AXIS2_PLACEMENT_3D('',#13324,#10371,#10372);
#8327=AXIS2_PLACEMENT_3D('',#13325,#10373,#10374);
#8328=AXIS2_PLACEMENT_3D('',#13328,#10376,#10377);
#8329=AXIS2_PLACEMENT_3D('',#13329,#10378,#10379);
#8330=AXIS2_PLACEMENT_3D('',#13331,#10380,#10381);
#8331=AXIS2_PLACEMENT_3D('',#13334,#10383,#10384);
#8332=AXIS2_PLACEMENT_3D('',#13335,#10385,#10386);
#8333=AXIS2_PLACEMENT_3D('',#13337,#10387,#10388);
#8334=AXIS2_PLACEMENT_3D('',#13340,#10390,#10391);
#8335=AXIS2_PLACEMENT_3D('',#13341,#10392,#10393);
#8336=AXIS2_PLACEMENT_3D('',#13343,#10394,#10395);
#8337=AXIS2_PLACEMENT_3D('',#13346,#10397,#10398);
#8338=AXIS2_PLACEMENT_3D('',#13347,#10399,#10400);
#8339=AXIS2_PLACEMENT_3D('',#13349,#10401,#10402);
#8340=AXIS2_PLACEMENT_3D('',#13352,#10404,#10405);
#8341=AXIS2_PLACEMENT_3D('',#13353,#10406,#10407);
#8342=AXIS2_PLACEMENT_3D('',#13355,#10408,#10409);
#8343=AXIS2_PLACEMENT_3D('',#13358,#10411,#10412);
#8344=AXIS2_PLACEMENT_3D('',#13359,#10413,#10414);
#8345=AXIS2_PLACEMENT_3D('',#13361,#10415,#10416);
#8346=AXIS2_PLACEMENT_3D('',#13364,#10418,#10419);
#8347=AXIS2_PLACEMENT_3D('',#13365,#10420,#10421);
#8348=AXIS2_PLACEMENT_3D('',#13367,#10422,#10423);
#8349=AXIS2_PLACEMENT_3D('',#13370,#10425,#10426);
#8350=AXIS2_PLACEMENT_3D('',#13371,#10427,#10428);
#8351=AXIS2_PLACEMENT_3D('',#13372,#10429,#10430);
#8352=AXIS2_PLACEMENT_3D('',#13375,#10432,#10433);
#8353=AXIS2_PLACEMENT_3D('',#13376,#10434,#10435);
#8354=AXIS2_PLACEMENT_3D('',#13377,#10436,#10437);
#8355=AXIS2_PLACEMENT_3D('',#13378,#10438,#10439);
#8356=AXIS2_PLACEMENT_3D('',#13381,#10440,#10441);
#8357=AXIS2_PLACEMENT_3D('',#13382,#10442,#10443);
#8358=AXIS2_PLACEMENT_3D('',#13384,#10444,#10445);
#8359=AXIS2_PLACEMENT_3D('',#13386,#10446,#10447);
#8360=AXIS2_PLACEMENT_3D('',#13387,#10448,#10449);
#8361=AXIS2_PLACEMENT_3D('',#13388,#10450,#10451);
#8362=AXIS2_PLACEMENT_3D('',#13391,#10453,#10454);
#8363=AXIS2_PLACEMENT_3D('',#13392,#10455,#10456);
#8364=AXIS2_PLACEMENT_3D('',#13394,#10457,#10458);
#8365=AXIS2_PLACEMENT_3D('',#13397,#10460,#10461);
#8366=AXIS2_PLACEMENT_3D('',#13398,#10462,#10463);
#8367=AXIS2_PLACEMENT_3D('',#13400,#10464,#10465);
#8368=AXIS2_PLACEMENT_3D('',#13403,#10467,#10468);
#8369=AXIS2_PLACEMENT_3D('',#13404,#10469,#10470);
#8370=AXIS2_PLACEMENT_3D('',#13406,#10471,#10472);
#8371=AXIS2_PLACEMENT_3D('',#13409,#10474,#10475);
#8372=AXIS2_PLACEMENT_3D('',#13410,#10476,#10477);
#8373=AXIS2_PLACEMENT_3D('',#13412,#10478,#10479);
#8374=AXIS2_PLACEMENT_3D('',#13415,#10481,#10482);
#8375=AXIS2_PLACEMENT_3D('',#13416,#10483,#10484);
#8376=AXIS2_PLACEMENT_3D('',#13418,#10485,#10486);
#8377=AXIS2_PLACEMENT_3D('',#13421,#10488,#10489);
#8378=AXIS2_PLACEMENT_3D('',#13422,#10490,#10491);
#8379=AXIS2_PLACEMENT_3D('',#13424,#10492,#10493);
#8380=AXIS2_PLACEMENT_3D('',#13427,#10495,#10496);
#8381=AXIS2_PLACEMENT_3D('',#13428,#10497,#10498);
#8382=AXIS2_PLACEMENT_3D('',#13430,#10499,#10500);
#8383=AXIS2_PLACEMENT_3D('',#13433,#10502,#10503);
#8384=AXIS2_PLACEMENT_3D('',#13434,#10504,#10505);
#8385=AXIS2_PLACEMENT_3D('',#13435,#10506,#10507);
#8386=AXIS2_PLACEMENT_3D('',#13438,#10509,#10510);
#8387=AXIS2_PLACEMENT_3D('',#13439,#10511,#10512);
#8388=AXIS2_PLACEMENT_3D('',#13440,#10513,#10514);
#8389=AXIS2_PLACEMENT_3D('',#13441,#10515,#10516);
#8390=AXIS2_PLACEMENT_3D('',#13451,#10519,#10520);
#8391=AXIS2_PLACEMENT_3D('',#13460,#10523,#10524);
#8392=AXIS2_PLACEMENT_3D('',#13466,#10528,#10529);
#8393=AXIS2_PLACEMENT_3D('',#13475,#10532,#10533);
#8394=AXIS2_PLACEMENT_3D('',#13482,#10534,#10535);
#8395=AXIS2_PLACEMENT_3D('',#13744,#10537,#10538);
#8396=AXIS2_PLACEMENT_3D('',#14038,#10540,#10541);
#8397=AXIS2_PLACEMENT_3D('',#14039,#10542,#10543);
#8398=AXIS2_PLACEMENT_3D('',#14048,#10548,#10549);
#8399=AXIS2_PLACEMENT_3D('',#14050,#10550,#10551);
#8400=AXIS2_PLACEMENT_3D('',#14052,#10552,#10553);
#8401=AXIS2_PLACEMENT_3D('',#14054,#10555,#10556);
#8402=AXIS2_PLACEMENT_3D('',#14060,#10560,#10561);
#8403=AXIS2_PLACEMENT_3D('',#14062,#10562,#10563);
#8404=AXIS2_PLACEMENT_3D('',#14064,#10564,#10565);
#8405=AXIS2_PLACEMENT_3D('',#14066,#10567,#10568);
#8406=AXIS2_PLACEMENT_3D('',#14072,#10572,#10573);
#8407=AXIS2_PLACEMENT_3D('',#14074,#10574,#10575);
#8408=AXIS2_PLACEMENT_3D('',#14076,#10576,#10577);
#8409=AXIS2_PLACEMENT_3D('',#14078,#10579,#10580);
#8410=AXIS2_PLACEMENT_3D('',#14084,#10584,#10585);
#8411=AXIS2_PLACEMENT_3D('',#14085,#10586,#10587);
#8412=AXIS2_PLACEMENT_3D('',#14086,#10588,#10589);
#8413=AXIS2_PLACEMENT_3D('',#14087,#10590,#10591);
#8414=AXIS2_PLACEMENT_3D('',#14088,#10592,#10593);
#8415=AXIS2_PLACEMENT_3D('',#14097,#10598,#10599);
#8416=AXIS2_PLACEMENT_3D('',#14099,#10600,#10601);
#8417=AXIS2_PLACEMENT_3D('',#14101,#10602,#10603);
#8418=AXIS2_PLACEMENT_3D('',#14103,#10605,#10606);
#8419=AXIS2_PLACEMENT_3D('',#14109,#10610,#10611);
#8420=AXIS2_PLACEMENT_3D('',#14111,#10612,#10613);
#8421=AXIS2_PLACEMENT_3D('',#14113,#10614,#10615);
#8422=AXIS2_PLACEMENT_3D('',#14115,#10617,#10618);
#8423=AXIS2_PLACEMENT_3D('',#14121,#10622,#10623);
#8424=AXIS2_PLACEMENT_3D('',#14123,#10624,#10625);
#8425=AXIS2_PLACEMENT_3D('',#14125,#10626,#10627);
#8426=AXIS2_PLACEMENT_3D('',#14127,#10629,#10630);
#8427=AXIS2_PLACEMENT_3D('',#14133,#10634,#10635);
#8428=AXIS2_PLACEMENT_3D('',#14134,#10636,#10637);
#8429=AXIS2_PLACEMENT_3D('',#14135,#10638,#10639);
#8430=AXIS2_PLACEMENT_3D('',#14136,#10640,#10641);
#8431=AXIS2_PLACEMENT_3D('',#14137,#10642,#10643);
#8432=AXIS2_PLACEMENT_3D('',#14139,#10644,#10645);
#8433=AXIS2_PLACEMENT_3D('',#14142,#10647,#10648);
#8434=AXIS2_PLACEMENT_3D('',#14143,#10649,#10650);
#8435=AXIS2_PLACEMENT_3D('',#14145,#10651,#10652);
#8436=AXIS2_PLACEMENT_3D('',#14148,#10654,#10655);
#8437=AXIS2_PLACEMENT_3D('',#14149,#10656,#10657);
#8438=AXIS2_PLACEMENT_3D('',#14151,#10658,#10659);
#8439=AXIS2_PLACEMENT_3D('',#14154,#10661,#10662);
#8440=AXIS2_PLACEMENT_3D('',#14155,#10663,#10664);
#8441=AXIS2_PLACEMENT_3D('',#14157,#10665,#10666);
#8442=AXIS2_PLACEMENT_3D('',#14160,#10668,#10669);
#8443=AXIS2_PLACEMENT_3D('',#14161,#10670,#10671);
#8444=AXIS2_PLACEMENT_3D('',#14163,#10672,#10673);
#8445=AXIS2_PLACEMENT_3D('',#14166,#10675,#10676);
#8446=AXIS2_PLACEMENT_3D('',#14167,#10677,#10678);
#8447=AXIS2_PLACEMENT_3D('',#14169,#10679,#10680);
#8448=AXIS2_PLACEMENT_3D('',#14172,#10682,#10683);
#8449=AXIS2_PLACEMENT_3D('',#14173,#10684,#10685);
#8450=AXIS2_PLACEMENT_3D('',#14176,#10686,#10687);
#8451=AXIS2_PLACEMENT_3D('',#14180,#10689,#10690);
#8452=AXIS2_PLACEMENT_3D('',#14182,#10692,#10693);
#8453=AXIS2_PLACEMENT_3D('',#14184,#10694,#10695);
#8454=AXIS2_PLACEMENT_3D('',#14186,#10696,#10697);
#8455=AXIS2_PLACEMENT_3D('',#14188,#10699,#10700);
#8456=AXIS2_PLACEMENT_3D('',#14194,#10704,#10705);
#8457=AXIS2_PLACEMENT_3D('',#14196,#10706,#10707);
#8458=AXIS2_PLACEMENT_3D('',#14198,#10708,#10709);
#8459=AXIS2_PLACEMENT_3D('',#14200,#10711,#10712);
#8460=AXIS2_PLACEMENT_3D('',#14202,#10713,#10714);
#8461=AXIS2_PLACEMENT_3D('',#14204,#10715,#10716);
#8462=AXIS2_PLACEMENT_3D('',#14206,#10718,#10719);
#8463=AXIS2_PLACEMENT_3D('',#14212,#10723,#10724);
#8464=AXIS2_PLACEMENT_3D('',#14214,#10725,#10726);
#8465=AXIS2_PLACEMENT_3D('',#14216,#10727,#10728);
#8466=AXIS2_PLACEMENT_3D('',#14218,#10730,#10731);
#8467=AXIS2_PLACEMENT_3D('',#14220,#10732,#10733);
#8468=AXIS2_PLACEMENT_3D('',#14222,#10734,#10735);
#8469=AXIS2_PLACEMENT_3D('',#14224,#10737,#10738);
#8470=AXIS2_PLACEMENT_3D('',#14230,#10742,#10743);
#8471=AXIS2_PLACEMENT_3D('',#14232,#10744,#10745);
#8472=AXIS2_PLACEMENT_3D('',#14234,#10746,#10747);
#8473=AXIS2_PLACEMENT_3D('',#14236,#10749,#10750);
#8474=AXIS2_PLACEMENT_3D('',#14238,#10751,#10752);
#8475=AXIS2_PLACEMENT_3D('',#14240,#10753,#10754);
#8476=AXIS2_PLACEMENT_3D('',#14242,#10756,#10757);
#8477=AXIS2_PLACEMENT_3D('',#14248,#10761,#10762);
#8478=AXIS2_PLACEMENT_3D('',#14250,#10763,#10764);
#8479=AXIS2_PLACEMENT_3D('',#14252,#10765,#10766);
#8480=AXIS2_PLACEMENT_3D('',#14254,#10768,#10769);
#8481=AXIS2_PLACEMENT_3D('',#14260,#10773,#10774);
#8482=AXIS2_PLACEMENT_3D('',#14262,#10775,#10776);
#8483=AXIS2_PLACEMENT_3D('',#14264,#10777,#10778);
#8484=AXIS2_PLACEMENT_3D('',#14266,#10780,#10781);
#8485=AXIS2_PLACEMENT_3D('',#14272,#10785,#10786);
#8486=AXIS2_PLACEMENT_3D('',#14274,#10787,#10788);
#8487=AXIS2_PLACEMENT_3D('',#14276,#10789,#10790);
#8488=AXIS2_PLACEMENT_3D('',#14278,#10792,#10793);
#8489=AXIS2_PLACEMENT_3D('',#14284,#10797,#10798);
#8490=AXIS2_PLACEMENT_3D('',#14286,#10799,#10800);
#8491=AXIS2_PLACEMENT_3D('',#14288,#10801,#10802);
#8492=AXIS2_PLACEMENT_3D('',#14290,#10804,#10805);
#8493=AXIS2_PLACEMENT_3D('',#14296,#10809,#10810);
#8494=AXIS2_PLACEMENT_3D('',#14298,#10811,#10812);
#8495=AXIS2_PLACEMENT_3D('',#14300,#10813,#10814);
#8496=AXIS2_PLACEMENT_3D('',#14302,#10816,#10817);
#8497=AXIS2_PLACEMENT_3D('',#14304,#10818,#10819);
#8498=AXIS2_PLACEMENT_3D('',#14306,#10820,#10821);
#8499=AXIS2_PLACEMENT_3D('',#14308,#10823,#10824);
#8500=AXIS2_PLACEMENT_3D('',#14314,#10828,#10829);
#8501=AXIS2_PLACEMENT_3D('',#14316,#10830,#10831);
#8502=AXIS2_PLACEMENT_3D('',#14318,#10832,#10833);
#8503=AXIS2_PLACEMENT_3D('',#14320,#10835,#10836);
#8504=AXIS2_PLACEMENT_3D('',#14322,#10837,#10838);
#8505=AXIS2_PLACEMENT_3D('',#14324,#10839,#10840);
#8506=AXIS2_PLACEMENT_3D('',#14326,#10842,#10843);
#8507=AXIS2_PLACEMENT_3D('',#14329,#10846,#10847);
#8508=AXIS2_PLACEMENT_3D('',#14330,#10848,#10849);
#8509=AXIS2_PLACEMENT_3D('',#14331,#10850,#10851);
#8510=AXIS2_PLACEMENT_3D('',#14334,#10852,#10853);
#8511=AXIS2_PLACEMENT_3D('',#14336,#10854,#10855);
#8512=AXIS2_PLACEMENT_3D('',#14337,#10856,#10857);
#8513=AXIS2_PLACEMENT_3D('',#14338,#10858,#10859);
#8514=AXIS2_PLACEMENT_3D('',#14339,#10860,#10861);
#8515=AXIS2_PLACEMENT_3D('',#14341,#10862,#10863);
#8516=AXIS2_PLACEMENT_3D('',#14342,#10864,#10865);
#8517=AXIS2_PLACEMENT_3D('',#14344,#10866,#10867);
#8518=AXIS2_PLACEMENT_3D('',#14346,#10869,#10870);
#8519=AXIS2_PLACEMENT_3D('',#14348,#10871,#10872);
#8520=AXIS2_PLACEMENT_3D('',#14350,#10873,#10874);
#8521=AXIS2_PLACEMENT_3D('',#14352,#10875,#10876);
#8522=AXIS2_PLACEMENT_3D('',#14353,#10877,#10878);
#8523=AXIS2_PLACEMENT_3D('',#14354,#10879,#10880);
#8524=AXIS2_PLACEMENT_3D('',#14356,#10882,#10883);
#8525=AXIS2_PLACEMENT_3D('',#14357,#10884,#10885);
#8526=AXIS2_PLACEMENT_3D('',#14358,#10886,#10887);
#8527=AXIS2_PLACEMENT_3D('',#14361,#10888,#10889);
#8528=AXIS2_PLACEMENT_3D('',#14363,#10890,#10891);
#8529=AXIS2_PLACEMENT_3D('',#14364,#10892,#10893);
#8530=AXIS2_PLACEMENT_3D('',#14365,#10894,#10895);
#8531=AXIS2_PLACEMENT_3D('',#14366,#10896,#10897);
#8532=AXIS2_PLACEMENT_3D('',#14368,#10898,#10899);
#8533=AXIS2_PLACEMENT_3D('',#14369,#10900,#10901);
#8534=AXIS2_PLACEMENT_3D('',#14371,#10902,#10903);
#8535=AXIS2_PLACEMENT_3D('',#14373,#10905,#10906);
#8536=AXIS2_PLACEMENT_3D('',#14375,#10907,#10908);
#8537=AXIS2_PLACEMENT_3D('',#14377,#10909,#10910);
#8538=AXIS2_PLACEMENT_3D('',#14379,#10911,#10912);
#8539=AXIS2_PLACEMENT_3D('',#14380,#10913,#10914);
#8540=AXIS2_PLACEMENT_3D('',#14381,#10915,#10916);
#8541=AXIS2_PLACEMENT_3D('',#14383,#10918,#10919);
#8542=AXIS2_PLACEMENT_3D('',#14384,#10920,#10921);
#8543=AXIS2_PLACEMENT_3D('',#14385,#10922,#10923);
#8544=AXIS2_PLACEMENT_3D('',#14388,#10924,#10925);
#8545=AXIS2_PLACEMENT_3D('',#14390,#10926,#10927);
#8546=AXIS2_PLACEMENT_3D('',#14391,#10928,#10929);
#8547=AXIS2_PLACEMENT_3D('',#14392,#10930,#10931);
#8548=AXIS2_PLACEMENT_3D('',#14393,#10932,#10933);
#8549=AXIS2_PLACEMENT_3D('',#14395,#10934,#10935);
#8550=AXIS2_PLACEMENT_3D('',#14396,#10936,#10937);
#8551=AXIS2_PLACEMENT_3D('',#14398,#10938,#10939);
#8552=AXIS2_PLACEMENT_3D('',#14400,#10941,#10942);
#8553=AXIS2_PLACEMENT_3D('',#14402,#10943,#10944);
#8554=AXIS2_PLACEMENT_3D('',#14404,#10945,#10946);
#8555=AXIS2_PLACEMENT_3D('',#14406,#10947,#10948);
#8556=AXIS2_PLACEMENT_3D('',#14407,#10949,#10950);
#8557=AXIS2_PLACEMENT_3D('',#14408,#10951,#10952);
#8558=AXIS2_PLACEMENT_3D('',#14410,#10954,#10955);
#8559=AXIS2_PLACEMENT_3D('',#14411,#10956,#10957);
#8560=AXIS2_PLACEMENT_3D('',#14412,#10958,#10959);
#8561=AXIS2_PLACEMENT_3D('',#14415,#10960,#10961);
#8562=AXIS2_PLACEMENT_3D('',#14417,#10962,#10963);
#8563=AXIS2_PLACEMENT_3D('',#14418,#10964,#10965);
#8564=AXIS2_PLACEMENT_3D('',#14419,#10966,#10967);
#8565=AXIS2_PLACEMENT_3D('',#14420,#10968,#10969);
#8566=AXIS2_PLACEMENT_3D('',#14422,#10970,#10971);
#8567=AXIS2_PLACEMENT_3D('',#14423,#10972,#10973);
#8568=AXIS2_PLACEMENT_3D('',#14425,#10974,#10975);
#8569=AXIS2_PLACEMENT_3D('',#14427,#10977,#10978);
#8570=AXIS2_PLACEMENT_3D('',#14429,#10979,#10980);
#8571=AXIS2_PLACEMENT_3D('',#14431,#10981,#10982);
#8572=AXIS2_PLACEMENT_3D('',#14433,#10983,#10984);
#8573=AXIS2_PLACEMENT_3D('',#14434,#10985,#10986);
#8574=AXIS2_PLACEMENT_3D('',#14435,#10987,#10988);
#8575=AXIS2_PLACEMENT_3D('',#14437,#10990,#10991);
#8576=AXIS2_PLACEMENT_3D('',#14438,#10992,#10993);
#8577=AXIS2_PLACEMENT_3D('',#14439,#10994,#10995);
#8578=AXIS2_PLACEMENT_3D('',#14442,#10996,#10997);
#8579=AXIS2_PLACEMENT_3D('',#14444,#10998,#10999);
#8580=AXIS2_PLACEMENT_3D('',#14445,#11000,#11001);
#8581=AXIS2_PLACEMENT_3D('',#14446,#11002,#11003);
#8582=AXIS2_PLACEMENT_3D('',#14447,#11004,#11005);
#8583=AXIS2_PLACEMENT_3D('',#14449,#11006,#11007);
#8584=AXIS2_PLACEMENT_3D('',#14450,#11008,#11009);
#8585=AXIS2_PLACEMENT_3D('',#14452,#11010,#11011);
#8586=AXIS2_PLACEMENT_3D('',#14454,#11013,#11014);
#8587=AXIS2_PLACEMENT_3D('',#14456,#11015,#11016);
#8588=AXIS2_PLACEMENT_3D('',#14458,#11017,#11018);
#8589=AXIS2_PLACEMENT_3D('',#14460,#11019,#11020);
#8590=AXIS2_PLACEMENT_3D('',#14461,#11021,#11022);
#8591=AXIS2_PLACEMENT_3D('',#14462,#11023,#11024);
#8592=AXIS2_PLACEMENT_3D('',#14464,#11026,#11027);
#8593=AXIS2_PLACEMENT_3D('',#14465,#11028,#11029);
#8594=AXIS2_PLACEMENT_3D('',#14466,#11030,#11031);
#8595=AXIS2_PLACEMENT_3D('',#14469,#11032,#11033);
#8596=AXIS2_PLACEMENT_3D('',#14471,#11034,#11035);
#8597=AXIS2_PLACEMENT_3D('',#14472,#11036,#11037);
#8598=AXIS2_PLACEMENT_3D('',#14473,#11038,#11039);
#8599=AXIS2_PLACEMENT_3D('',#14474,#11040,#11041);
#8600=AXIS2_PLACEMENT_3D('',#14476,#11042,#11043);
#8601=AXIS2_PLACEMENT_3D('',#14477,#11044,#11045);
#8602=AXIS2_PLACEMENT_3D('',#14479,#11046,#11047);
#8603=AXIS2_PLACEMENT_3D('',#14481,#11049,#11050);
#8604=AXIS2_PLACEMENT_3D('',#14483,#11051,#11052);
#8605=AXIS2_PLACEMENT_3D('',#14485,#11053,#11054);
#8606=AXIS2_PLACEMENT_3D('',#14487,#11055,#11056);
#8607=AXIS2_PLACEMENT_3D('',#14488,#11057,#11058);
#8608=AXIS2_PLACEMENT_3D('',#14489,#11059,#11060);
#8609=AXIS2_PLACEMENT_3D('',#14491,#11062,#11063);
#8610=AXIS2_PLACEMENT_3D('',#14492,#11064,#11065);
#8611=DIRECTION('axis',(0.,0.,1.));
#8612=DIRECTION('refdir',(1.,0.,0.));
#8613=DIRECTION('center_axis',(0.,1.,0.));
#8614=DIRECTION('ref_axis',(-1.,0.,0.));
#8615=DIRECTION('center_axis',(0.,1.,-2.22044604925031E-16));
#8616=DIRECTION('ref_axis',(-1.,0.,0.));
#8617=DIRECTION('',(0.,1.,0.));
#8618=DIRECTION('center_axis',(0.,1.,-2.22044604925031E-16));
#8619=DIRECTION('ref_axis',(-1.,0.,0.));
#8620=DIRECTION('center_axis',(0.,-1.,2.22044604925031E-16));
#8621=DIRECTION('ref_axis',(-1.,0.,0.));
#8622=DIRECTION('center_axis',(0.,1.,0.));
#8623=DIRECTION('ref_axis',(-1.,0.,0.));
#8624=DIRECTION('center_axis',(0.,1.,-2.22044604925031E-16));
#8625=DIRECTION('ref_axis',(-1.,0.,0.));
#8626=DIRECTION('',(0.,1.,0.));
#8627=DIRECTION('center_axis',(5.14042624740128E-17,-1.,0.));
#8628=DIRECTION('ref_axis',(-1.,0.,0.));
#8629=DIRECTION('center_axis',(0.,1.,0.));
#8630=DIRECTION('ref_axis',(-1.,0.,0.));
#8631=DIRECTION('center_axis',(0.,1.,-2.22044604925031E-16));
#8632=DIRECTION('ref_axis',(-1.,0.,0.));
#8633=DIRECTION('',(0.,1.,0.));
#8634=DIRECTION('center_axis',(0.,1.,-2.22044604925031E-16));
#8635=DIRECTION('ref_axis',(-1.,0.,0.));
#8636=DIRECTION('center_axis',(0.,-1.,2.22044604925031E-16));
#8637=DIRECTION('ref_axis',(-1.,0.,0.));
#8638=DIRECTION('center_axis',(0.,1.,0.));
#8639=DIRECTION('ref_axis',(-1.,0.,0.));
#8640=DIRECTION('center_axis',(0.,1.,-2.22044604925031E-16));
#8641=DIRECTION('ref_axis',(-1.,0.,0.));
#8642=DIRECTION('',(0.,1.,0.));
#8643=DIRECTION('center_axis',(5.14042624740128E-17,-1.,0.));
#8644=DIRECTION('ref_axis',(-1.,0.,0.));
#8645=DIRECTION('center_axis',(0.,1.,0.));
#8646=DIRECTION('ref_axis',(-1.,0.,0.));
#8647=DIRECTION('center_axis',(0.,1.,-2.22044604925031E-16));
#8648=DIRECTION('ref_axis',(-1.,0.,0.));
#8649=DIRECTION('',(0.,1.,0.));
#8650=DIRECTION('center_axis',(5.14042624740128E-17,-1.,0.));
#8651=DIRECTION('ref_axis',(-1.,0.,0.));
#8652=DIRECTION('center_axis',(0.,1.,0.));
#8653=DIRECTION('ref_axis',(-1.,0.,0.));
#8654=DIRECTION('center_axis',(0.,1.,-2.22044604925031E-16));
#8655=DIRECTION('ref_axis',(-1.,0.,0.));
#8656=DIRECTION('',(0.,1.,0.));
#8657=DIRECTION('center_axis',(0.,1.,-2.22044604925031E-16));
#8658=DIRECTION('ref_axis',(-1.,0.,0.));
#8659=DIRECTION('center_axis',(0.,-1.,2.22044604925031E-16));
#8660=DIRECTION('ref_axis',(-1.,0.,0.));
#8661=DIRECTION('center_axis',(0.,-1.,2.22044604925031E-16));
#8662=DIRECTION('ref_axis',(0.,0.,-1.));
#8663=DIRECTION('center_axis',(0.,-1.,2.22044604925031E-16));
#8664=DIRECTION('ref_axis',(0.919633706551476,-6.4449425338855E-17,-0.39277709425881));
#8665=DIRECTION('center_axis',(0.,1.,-2.22044604925031E-16));
#8666=DIRECTION('ref_axis',(0.919633706551476,-8.72140347182993E-17,-0.39277709425881));
#8667=DIRECTION('center_axis',(0.,-1.,2.22044604925031E-16));
#8668=DIRECTION('ref_axis',(0.,0.,-1.));
#8669=DIRECTION('center_axis',(0.,-1.,2.22044604925031E-16));
#8670=DIRECTION('ref_axis',(0.969361801507118,6.63839564198236E-17,0.245637329774762));
#8671=DIRECTION('center_axis',(0.,1.,-2.22044604925031E-16));
#8672=DIRECTION('ref_axis',(0.969361801507118,5.45424438446767E-17,0.245637329774762));
#8673=DIRECTION('center_axis',(0.,-1.,2.22044604925031E-16));
#8674=DIRECTION('ref_axis',(0.803944287029905,0.,0.594704618572933));
#8675=DIRECTION('center_axis',(0.,-1.,2.22044604925031E-16));
#8676=DIRECTION('ref_axis',(0.803944287029939,1.34436947207255E-16,0.594704618572887));
#8677=DIRECTION('center_axis',(0.,1.,-2.22044604925031E-16));
#8678=DIRECTION('ref_axis',(0.803944287029939,1.32050952078108E-16,0.594704618572887));
#8679=DIRECTION('center_axis',(0.,-1.,2.22044604925031E-16));
#8680=DIRECTION('ref_axis',(0.337858194957373,0.,0.941197025122873));
#8681=DIRECTION('center_axis',(0.,-1.,2.22044604925031E-16));
#8682=DIRECTION('ref_axis',(0.337858194957409,1.99365267681943E-16,0.94119702512286));
#8683=DIRECTION('center_axis',(0.,1.,-2.22044604925031E-16));
#8684=DIRECTION('ref_axis',(0.337858194957409,2.0898772160002E-16,0.94119702512286));
#8685=DIRECTION('center_axis',(0.,-1.,2.22044604925031E-16));
#8686=DIRECTION('ref_axis',(0.390492607916833,0.,0.920606062961955));
#8687=DIRECTION('center_axis',(0.,1.,-2.22044604925031E-16));
#8688=DIRECTION('ref_axis',(0.0869667983573485,2.21203324663779E-16,0.996211210528908));
#8689=DIRECTION('center_axis',(0.,-1.,2.22044604925031E-16));
#8690=DIRECTION('ref_axis',(0.0869667983573485,1.9944887025479E-16,0.996211210528908));
#8691=DIRECTION('center_axis',(0.,1.,-2.22044604925031E-16));
#8692=DIRECTION('ref_axis',(0.0869667983573485,2.21203324663779E-16,0.996211210528908));
#8693=DIRECTION('center_axis',(0.,1.,-2.22044604925031E-16));
#8694=DIRECTION('ref_axis',(0.511556962325729,1.90791686176712E-16,0.85924936677083));
#8695=DIRECTION('',(0.,1.,-2.22044604925031E-16));
#8696=DIRECTION('center_axis',(0.,1.,-2.22044604925031E-16));
#8697=DIRECTION('ref_axis',(0.511556962325729,1.90791686176712E-16,0.85924936677083));
#8698=DIRECTION('',(0.,1.,-2.22044604925031E-16));
#8699=DIRECTION('center_axis',(0.,1.,-2.22044604925031E-16));
#8700=DIRECTION('ref_axis',(0.0965565456825099,2.21007101645674E-16,0.995327500617692));
#8701=DIRECTION('',(0.,1.,-2.22044604925031E-16));
#8702=DIRECTION('center_axis',(0.,1.,-2.22044604925031E-16));
#8703=DIRECTION('ref_axis',(0.0965565456825099,2.21007101645674E-16,0.995327500617692));
#8704=DIRECTION('center_axis',(-5.14042624740128E-17,1.,0.));
#8705=DIRECTION('ref_axis',(0.0965565456825099,2.21007101645674E-16,0.995327500617692));
#8706=DIRECTION('',(0.,1.,-2.22044604925031E-16));
#8707=DIRECTION('center_axis',(-4.49787296647612E-17,-1.,0.));
#8708=DIRECTION('ref_axis',(0.0965565456825099,2.21007101645674E-16,0.995327500617692));
#8709=DIRECTION('',(0.,-1.,2.22044604925031E-16));
#8710=DIRECTION('center_axis',(0.,1.,-2.22044604925031E-16));
#8711=DIRECTION('ref_axis',(-0.227159770052176,2.16239804817051E-16,0.973857504396738));
#8712=DIRECTION('',(0.,1.,-2.22044604925031E-16));
#8713=DIRECTION('center_axis',(-4.49787296647612E-17,-1.,0.));
#8714=DIRECTION('ref_axis',(-0.227159770052176,2.16239804817051E-16,0.973857504396738));
#8715=DIRECTION('',(0.,-1.,2.22044604925031E-16));
#8716=DIRECTION('center_axis',(-5.14042624740128E-17,1.,0.));
#8717=DIRECTION('ref_axis',(-0.227159770052176,2.16239804817051E-16,0.973857504396738));
#8718=DIRECTION('',(0.,1.,-2.22044604925031E-16));
#8719=DIRECTION('center_axis',(0.,1.,-2.22044604925031E-16));
#8720=DIRECTION('ref_axis',(-0.227159770052176,2.16239804817051E-16,0.973857504396738));
#8721=DIRECTION('center_axis',(0.,1.,-2.22044604925031E-16));
#8722=DIRECTION('ref_axis',(-0.618119776352945,1.74545695261957E-16,0.786083928140873));
#8723=DIRECTION('',(0.,1.,-2.22044604925031E-16));
#8724=DIRECTION('center_axis',(-4.49787296647612E-17,-1.,0.));
#8725=DIRECTION('ref_axis',(-0.618119776352945,1.74545695261957E-16,0.786083928140873));
#8726=DIRECTION('center_axis',(0.,1.,-2.22044604925031E-16));
#8727=DIRECTION('ref_axis',(-0.87975932698733,1.05564294324063E-16,0.475419316581478));
#8728=DIRECTION('',(0.,1.,-2.22044604925031E-16));
#8729=DIRECTION('center_axis',(-4.49787296647612E-17,-1.,0.));
#8730=DIRECTION('ref_axis',(-0.87975932698733,1.05564294324063E-16,0.475419316581478));
#8731=DIRECTION('center_axis',(0.,-1.,2.22044604925031E-16));
#8732=DIRECTION('ref_axis',(-0.0252560469263886,0.,0.999681015171166));
#8733=DIRECTION('center_axis',(0.,1.,-2.22044604925031E-16));
#8734=DIRECTION('ref_axis',(-0.0252549718663098,2.21973782095435E-16,0.999681042331019));
#8735=DIRECTION('center_axis',(0.,-1.,2.22044604925031E-16));
#8736=DIRECTION('ref_axis',(-0.0252549718663098,2.01091748840341E-16,0.999681042331019));
#8737=DIRECTION('center_axis',(0.,-1.,2.22044604925031E-16));
#8738=DIRECTION('ref_axis',(0.,0.,-1.));
#8739=DIRECTION('center_axis',(0.,1.,-2.22044604925031E-16));
#8740=DIRECTION('ref_axis',(1.,-7.49417859959961E-32,-3.37507799486048E-16));
#8741=DIRECTION('center_axis',(-1.,-2.83355210208697E-32,-1.27611841910938E-16));
#8742=DIRECTION('ref_axis',(-1.27611841910938E-16,0.,1.));
#8743=DIRECTION('center_axis',(0.,-1.,2.22044604925031E-16));
#8744=DIRECTION('ref_axis',(1.,0.,-3.37507799486048E-16));
#8745=DIRECTION('center_axis',(0.,-1.,2.22044604925031E-16));
#8746=DIRECTION('ref_axis',(1.,0.,-3.37507799486048E-16));
#8747=DIRECTION('center_axis',(0.,1.,-2.22044604925031E-16));
#8748=DIRECTION('ref_axis',(1.,-7.49417859959961E-32,-3.37507799486048E-16));
#8749=DIRECTION('center_axis',(0.,-1.,2.22044604925031E-16));
#8750=DIRECTION('ref_axis',(0.,0.,-1.));
#8751=DIRECTION('center_axis',(0.,-1.,2.22044604925031E-16));
#8752=DIRECTION('ref_axis',(0.918291591121943,-6.44494253388549E-17,-0.395904728027755));
#8753=DIRECTION('center_axis',(0.,1.,-2.22044604925031E-16));
#8754=DIRECTION('ref_axis',(0.918291591121943,-8.79085089228749E-17,-0.395904728027755));
#8755=DIRECTION('center_axis',(0.,2.22044604925031E-16,1.));
#8756=DIRECTION('ref_axis',(-0.707106781186544,0.707106781186551,0.));
#8757=DIRECTION('',(0.,2.22044604925031E-16,1.));
#8758=DIRECTION('center_axis',(0.,1.,-2.22044604925031E-16));
#8759=DIRECTION('ref_axis',(1.,0.,0.));
#8760=DIRECTION('center_axis',(0.,1.,-2.22044604925031E-16));
#8761=DIRECTION('ref_axis',(0.918291591121942,-8.7908508922875E-17,-0.395904728027756));
#8762=DIRECTION('center_axis',(0.,1.,-2.22044604925031E-16));
#8763=DIRECTION('ref_axis',(0.967189761562079,-5.64115517639132E-17,-0.254055043503351));
#8764=DIRECTION('center_axis',(0.,1.,-2.22044604925031E-16));
#8765=DIRECTION('ref_axis',(0.969064724249396,-5.48021020649461E-17,-0.246806726438811));
#8766=DIRECTION('center_axis',(0.,1.,-2.22044604925031E-16));
#8767=DIRECTION('ref_axis',(0.679224197217891,-1.6296538522695E-16,-0.733930848182382));
#8768=DIRECTION('center_axis',(0.,1.,-2.22044604925031E-16));
#8769=DIRECTION('ref_axis',(0.708970506458093,-1.56594322106094E-16,-0.705238130685342));
#8770=DIRECTION('center_axis',(0.,1.,-2.22044604925031E-16));
#8771=DIRECTION('ref_axis',(0.3093609120507,-2.11152140641678E-16,-0.950944701912345));
#8772=DIRECTION('center_axis',(0.,1.,-2.22044604925031E-16));
#8773=DIRECTION('ref_axis',(-0.123465104005689,-2.20345722666094E-16,-0.992348914491705));
#8774=DIRECTION('center_axis',(0.,1.,-2.22044604925031E-16));
#8775=DIRECTION('ref_axis',(4.94052544019992E-16,-2.22044604925031E-16,
-1.));
#8776=DIRECTION('center_axis',(0.,1.,-2.22044604925031E-16));
#8777=DIRECTION('ref_axis',(-0.0471469885030838,-2.21797682980753E-16,-0.99888796242376));
#8778=DIRECTION('center_axis',(0.,1.,-2.22044604925031E-16));
#8779=DIRECTION('ref_axis',(6.1756568002499E-16,-2.22044604925031E-16,-1.));
#8780=DIRECTION('center_axis',(0.,1.,-2.22044604925031E-16));
#8781=DIRECTION('ref_axis',(-3.70539408014994E-16,-2.22044604925031E-16,
-1.));
#8782=DIRECTION('center_axis',(0.,1.,-2.22044604925031E-16));
#8783=DIRECTION('ref_axis',(-4.94052544019992E-16,-2.22044604925031E-16,
-1.));
#8784=DIRECTION('center_axis',(0.,1.,-2.22044604925031E-16));
#8785=DIRECTION('ref_axis',(0.,-2.22044604925031E-16,-1.));
#8786=DIRECTION('center_axis',(0.,1.,-2.22044604925031E-16));
#8787=DIRECTION('ref_axis',(-0.13638829800754,-2.19969699306696E-16,-0.990655455830435));
#8788=DIRECTION('center_axis',(0.,1.,-2.22044604925031E-16));
#8789=DIRECTION('ref_axis',(-0.454652378807991,-1.97768239602943E-16,-0.890668970181534));
#8790=DIRECTION('center_axis',(0.,1.,-2.22044604925031E-16));
#8791=DIRECTION('ref_axis',(-0.574353872257039,-1.81767296245684E-16,-0.818607127640204));
#8792=DIRECTION('center_axis',(0.,1.,-2.22044604925031E-16));
#8793=DIRECTION('ref_axis',(-0.994686853253909,-2.28588034629194E-17,-0.102946898757739));
#8794=DIRECTION('center_axis',(0.,1.,-2.22044604925031E-16));
#8795=DIRECTION('ref_axis',(-0.995707720221589,-2.05509879831239E-17,-0.0925534218228922));
#8796=DIRECTION('center_axis',(0.,1.,-2.22044604925031E-16));
#8797=DIRECTION('ref_axis',(-0.954742413522678,6.60435924255086E-17,0.297433898237729));
#8798=DIRECTION('center_axis',(0.,1.,-2.22044604925031E-16));
#8799=DIRECTION('ref_axis',(-0.945568229389397,7.2258624337565E-17,0.325423913640962));
#8800=DIRECTION('center_axis',(0.,1.,-2.22044604925031E-16));
#8801=DIRECTION('ref_axis',(-0.945568229389398,7.22586243375645E-17,0.32542391364096));
#8802=DIRECTION('center_axis',(0.,1.,-2.22044604925031E-16));
#8803=DIRECTION('ref_axis',(-0.930914334923333,8.10990375563282E-17,0.365237595318786));
#8804=DIRECTION('center_axis',(0.,1.,-2.22044604925031E-16));
#8805=DIRECTION('ref_axis',(-0.975971311643026,4.83833099274299E-17,0.217899056560125));
#8806=DIRECTION('center_axis',(0.,1.,-2.22044604925031E-16));
#8807=DIRECTION('ref_axis',(-0.82350646376504,1.2596743361465E-16,0.567306887087755));
#8808=DIRECTION('center_axis',(0.,1.,-2.22044604925031E-16));
#8809=DIRECTION('ref_axis',(-0.555650924114113,1.84611368541774E-16,0.831415690573092));
#8810=DIRECTION('center_axis',(0.,1.,-2.22044604925031E-16));
#8811=DIRECTION('ref_axis',(-0.210466412130757,2.17071047598413E-16,0.977601089077138));
#8812=DIRECTION('center_axis',(0.,1.,-2.22044604925031E-16));
#8813=DIRECTION('ref_axis',(0.024555559276783,2.21977651103248E-16,0.999698466793165));
#8814=DIRECTION('center_axis',(0.,1.,-2.22044604925031E-16));
#8815=DIRECTION('ref_axis',(1.60873399072273E-15,2.22044604925031E-16,1.));
#8816=DIRECTION('center_axis',(0.,1.,-2.22044604925031E-16));
#8817=DIRECTION('ref_axis',(-5.36244663574243E-16,2.22044604925031E-16,
1.));
#8818=DIRECTION('center_axis',(0.,1.,-2.22044604925031E-16));
#8819=DIRECTION('ref_axis',(5.53002309310938E-16,2.22044604925031E-16,1.));
#8820=DIRECTION('center_axis',(0.,1.,-2.22044604925031E-16));
#8821=DIRECTION('ref_axis',(-8.04366995361365E-16,2.22044604925031E-16,
1.));
#8822=DIRECTION('center_axis',(0.,1.,-2.22044604925031E-16));
#8823=DIRECTION('ref_axis',(0.,2.22044604925031E-16,1.));
#8824=DIRECTION('center_axis',(0.,1.,-2.22044604925031E-16));
#8825=DIRECTION('ref_axis',(1.,3.94430452610504E-33,1.77635683940024E-17));
#8826=DIRECTION('center_axis',(0.,1.,-2.22044604925031E-16));
#8827=DIRECTION('ref_axis',(1.,-7.49417859959961E-32,-3.37507799486048E-16));
#8828=DIRECTION('center_axis',(0.,-1.,2.22044604925031E-16));
#8829=DIRECTION('ref_axis',(0.,-2.22044604925031E-16,-1.));
#8830=DIRECTION('',(1.,0.,0.));
#8831=DIRECTION('center_axis',(0.,-1.,2.22044604925031E-16));
#8832=DIRECTION('ref_axis',(1.,-5.54667823983521E-31,-2.49800180540659E-15));
#8833=DIRECTION('',(-2.22044594998865E-15,2.22044604925031E-16,1.));
#8834=DIRECTION('center_axis',(0.,-1.,2.22044604925031E-16));
#8835=DIRECTION('ref_axis',(2.22044604925031E-15,2.22044604925031E-16,1.));
#8836=DIRECTION('',(-1.,1.23259514236731E-32,5.55111502386411E-17));
#8837=DIRECTION('center_axis',(0.,-1.,2.22044604925031E-16));
#8838=DIRECTION('ref_axis',(-1.,-1.84889274661174E-31,-8.32667268468867E-16));
#8839=DIRECTION('',(0.,-2.22044604925031E-16,-1.));
#8840=DIRECTION('center_axis',(0.,-1.,2.22044604925031E-16));
#8841=DIRECTION('ref_axis',(-1.,-1.84889274661174E-31,-8.32667268468867E-16));
#8842=DIRECTION('',(0.,-2.22044604925031E-16,-1.));
#8843=DIRECTION('center_axis',(0.,-1.,2.22044604925031E-16));
#8844=DIRECTION('ref_axis',(0.,-2.22044604925031E-16,-1.));
#8845=DIRECTION('',(1.,0.,0.));
#8846=DIRECTION('center_axis',(0.,-1.,2.22044604925031E-16));
#8847=DIRECTION('ref_axis',(1.,-5.54667823983521E-31,-2.49800180540659E-15));
#8848=DIRECTION('',(-2.22044594998865E-15,2.22044604925031E-16,1.));
#8849=DIRECTION('center_axis',(0.,-1.,2.22044604925031E-16));
#8850=DIRECTION('ref_axis',(2.22044604925031E-15,2.22044604925031E-16,1.));
#8851=DIRECTION('',(-1.,1.23259514236731E-32,5.55111502386411E-17));
#8852=DIRECTION('center_axis',(0.,1.,-2.22044604925031E-16));
#8853=DIRECTION('ref_axis',(1.,-7.49417859959961E-32,-3.37507799486048E-16));
#8854=DIRECTION('center_axis',(0.,1.,-2.22044604925031E-16));
#8855=DIRECTION('ref_axis',(1.,3.94430452610504E-33,1.77635683940024E-17));
#8856=DIRECTION('center_axis',(0.,1.,-2.22044604925031E-16));
#8857=DIRECTION('ref_axis',(1.,3.94430452610504E-33,1.77635683940024E-17));
#8858=DIRECTION('center_axis',(0.,-1.,2.22044604925031E-16));
#8859=DIRECTION('ref_axis',(0.,0.,-1.));
#8860=DIRECTION('center_axis',(0.,-1.,2.22044604925031E-16));
#8861=DIRECTION('ref_axis',(0.918291591121943,-6.44494253388549E-17,-0.395904728027756));
#8862=DIRECTION('center_axis',(0.,2.22044604925031E-16,1.));
#8863=DIRECTION('ref_axis',(-0.707106781186544,0.707106781186551,0.));
#8864=DIRECTION('',(0.,2.22044604925031E-16,1.));
#8865=DIRECTION('center_axis',(0.,1.,-2.22044604925031E-16));
#8866=DIRECTION('ref_axis',(0.511556962325729,1.90791686176712E-16,0.85924936677083));
#8867=DIRECTION('',(0.,1.,-2.22044604925031E-16));
#8868=DIRECTION('center_axis',(0.,1.,-2.22044604925031E-16));
#8869=DIRECTION('ref_axis',(0.511556962325729,1.90791686176712E-16,0.85924936677083));
#8870=DIRECTION('',(0.,1.,-2.22044604925031E-16));
#8871=DIRECTION('center_axis',(0.,-1.,2.22044604925031E-16));
#8872=DIRECTION('ref_axis',(0.,0.,-1.));
#8873=DIRECTION('center_axis',(0.,-1.,2.22044604925031E-16));
#8874=DIRECTION('ref_axis',(0.967189761562078,-6.44494253388551E-17,-0.254055043503351));
#8875=DIRECTION('center_axis',(0.,2.22044604925031E-16,1.));
#8876=DIRECTION('ref_axis',(-0.707106781186544,0.707106781186551,0.));
#8877=DIRECTION('',(0.,2.22044604925031E-16,1.));
#8878=DIRECTION('center_axis',(0.,-1.,2.22044604925031E-16));
#8879=DIRECTION('ref_axis',(0.,0.,-1.));
#8880=DIRECTION('center_axis',(0.,-1.,2.22044604925031E-16));
#8881=DIRECTION('ref_axis',(0.969064724249396,-6.5226811234995E-17,-0.246806726438811));
#8882=DIRECTION('center_axis',(0.,1.,-2.22044604925031E-16));
#8883=DIRECTION('ref_axis',(-0.999999999999965,-5.90868827678261E-23,-2.66103663215666E-7));
#8884=DIRECTION('',(0.,1.,-2.22044604925031E-16));
#8885=DIRECTION('center_axis',(0.,-1.,2.22044604925031E-16));
#8886=DIRECTION('ref_axis',(-0.999999999999965,-5.90868827678261E-23,-2.66103663215666E-7));
#8887=DIRECTION('',(0.,1.,-2.22044604925031E-16));
#8888=DIRECTION('center_axis',(0.,1.,-2.22044604925031E-16));
#8889=DIRECTION('ref_axis',(0.511556962325729,1.90791686176712E-16,0.85924936677083));
#8890=DIRECTION('',(0.,1.,-2.22044604925031E-16));
#8891=DIRECTION('center_axis',(0.,1.,-2.22044604925031E-16));
#8892=DIRECTION('ref_axis',(0.511556962325729,1.90791686176712E-16,0.85924936677083));
#8893=DIRECTION('center_axis',(0.,-1.,2.22044604925031E-16));
#8894=DIRECTION('ref_axis',(0.,0.,-1.));
#8895=DIRECTION('center_axis',(0.,-1.,2.22044604925031E-16));
#8896=DIRECTION('ref_axis',(-0.13638829800754,-2.47026272009996E-16,-0.990655455830435));
#8897=DIRECTION('center_axis',(0.,-1.,2.22044604925031E-16));
#8898=DIRECTION('ref_axis',(0.,0.,-1.));
#8899=DIRECTION('center_axis',(0.,-1.,2.22044604925031E-16));
#8900=DIRECTION('ref_axis',(0.,-2.47026272009996E-16,-1.));
#8901=DIRECTION('center_axis',(0.,-1.,2.22044604925031E-16));
#8902=DIRECTION('ref_axis',(0.,0.,-1.));
#8903=DIRECTION('center_axis',(0.,-1.,2.22044604925031E-16));
#8904=DIRECTION('ref_axis',(-4.94052544019992E-16,-2.47026272009996E-16,
-1.));
#8905=DIRECTION('center_axis',(0.,-1.,2.22044604925031E-16));
#8906=DIRECTION('ref_axis',(0.,0.,-1.));
#8907=DIRECTION('center_axis',(0.,-1.,2.22044604925031E-16));
#8908=DIRECTION('ref_axis',(-3.70539408014994E-16,-2.47026272009996E-16,
-1.));
#8909=DIRECTION('center_axis',(0.,-1.,2.22044604925031E-16));
#8910=DIRECTION('ref_axis',(0.,0.,-1.));
#8911=DIRECTION('center_axis',(0.,-1.,2.22044604925031E-16));
#8912=DIRECTION('ref_axis',(6.1756568002499E-16,-2.47026272009996E-16,-1.));
#8913=DIRECTION('center_axis',(0.,-1.,2.22044604925031E-16));
#8914=DIRECTION('ref_axis',(0.,0.,-1.));
#8915=DIRECTION('center_axis',(0.,-1.,2.22044604925031E-16));
#8916=DIRECTION('ref_axis',(-0.0471469885030838,-2.47026272009996E-16,-0.99888796242376));
#8917=DIRECTION('center_axis',(0.,-1.,2.22044604925031E-16));
#8918=DIRECTION('ref_axis',(0.,0.,-1.));
#8919=DIRECTION('center_axis',(0.,-1.,2.22044604925031E-16));
#8920=DIRECTION('ref_axis',(4.94052544019992E-16,-2.47026272009996E-16,
-1.));
#8921=DIRECTION('center_axis',(0.,-1.,2.22044604925031E-16));
#8922=DIRECTION('ref_axis',(0.,0.,-1.));
#8923=DIRECTION('center_axis',(0.,-1.,2.22044604925031E-16));
#8924=DIRECTION('ref_axis',(-0.123465104005689,-2.47026272009996E-16,-0.992348914491704));
#8925=DIRECTION('center_axis',(0.,-1.,2.22044604925031E-16));
#8926=DIRECTION('ref_axis',(0.,0.,-1.));
#8927=DIRECTION('center_axis',(0.,-1.,2.22044604925031E-16));
#8928=DIRECTION('ref_axis',(0.3093609120507,-1.96534808107627E-16,-0.950944701912345));
#8929=DIRECTION('center_axis',(0.,-1.,2.22044604925031E-16));
#8930=DIRECTION('ref_axis',(0.,0.,-1.));
#8931=DIRECTION('center_axis',(0.,-1.,2.22044604925031E-16));
#8932=DIRECTION('ref_axis',(0.708970506458093,-1.32072822949358E-16,-0.705238130685342));
#8933=DIRECTION('center_axis',(0.,-1.,2.22044604925031E-16));
#8934=DIRECTION('ref_axis',(0.,0.,-1.));
#8935=DIRECTION('center_axis',(0.,-1.,2.22044604925031E-16));
#8936=DIRECTION('ref_axis',(0.679224197217891,-1.30940151896963E-16,-0.733930848182382));
#8937=DIRECTION('center_axis',(0.,-1.,2.22044604925031E-16));
#8938=DIRECTION('ref_axis',(0.,0.,-1.));
#8939=DIRECTION('center_axis',(0.,-1.,2.22044604925031E-16));
#8940=DIRECTION('ref_axis',(-0.454652378807991,-1.81251663482984E-16,-0.890668970181534));
#8941=DIRECTION('center_axis',(0.,1.,-2.22044604925031E-16));
#8942=DIRECTION('ref_axis',(3.59212990461609E-6,2.22044604923599E-16,0.999999999993548));
#8943=DIRECTION('',(0.,1.,-2.22044604925031E-16));
#8944=DIRECTION('center_axis',(0.,-1.,2.22044604925031E-16));
#8945=DIRECTION('ref_axis',(3.59212990461609E-6,2.22044604923599E-16,0.999999999993548));
#8946=DIRECTION('',(0.,1.,-2.22044604925031E-16));
#8947=DIRECTION('center_axis',(0.,1.,-2.22044604925031E-16));
#8948=DIRECTION('ref_axis',(0.966659500958708,-5.68579059483256E-17,-0.256065244041946));
#8949=DIRECTION('',(0.,1.,-2.22044604925031E-16));
#8950=DIRECTION('center_axis',(0.,1.,-2.22044604925031E-16));
#8951=DIRECTION('ref_axis',(0.966659500958708,-5.68579059483256E-17,-0.256065244041946));
#8952=DIRECTION('center_axis',(0.,-1.,2.22044604925031E-16));
#8953=DIRECTION('ref_axis',(0.,0.,-1.));
#8954=DIRECTION('center_axis',(0.,-1.,2.22044604925031E-16));
#8955=DIRECTION('ref_axis',(-0.994686853253909,0.,-0.102946898757739));
#8956=DIRECTION('center_axis',(0.,-1.,2.22044604925031E-16));
#8957=DIRECTION('ref_axis',(0.,0.,-1.));
#8958=DIRECTION('center_axis',(0.,-1.,2.22044604925031E-16));
#8959=DIRECTION('ref_axis',(-0.574353872257039,-1.49386844648881E-16,-0.818607127640204));
#8960=DIRECTION('center_axis',(0.,-1.,2.22044604925031E-16));
#8961=DIRECTION('ref_axis',(0.,0.,-1.));
#8962=DIRECTION('center_axis',(0.,-1.,2.22044604925031E-16));
#8963=DIRECTION('ref_axis',(-0.995707720221589,0.,-0.0925534218228922));
#8964=DIRECTION('center_axis',(0.,1.,-2.22044604925031E-16));
#8965=DIRECTION('ref_axis',(3.59212990461609E-6,2.22044604923599E-16,0.999999999993548));
#8966=DIRECTION('',(0.,-1.,2.22044604925031E-16));
#8967=DIRECTION('center_axis',(0.,-1.,2.22044604925031E-16));
#8968=DIRECTION('ref_axis',(3.59212990461609E-6,2.22044604923599E-16,0.999999999993548));
#8969=DIRECTION('',(0.,1.,-2.22044604925031E-16));
#8970=DIRECTION('center_axis',(0.,1.,-2.22044604925031E-16));
#8971=DIRECTION('ref_axis',(0.16515206342611,-2.18995514089467E-16,-0.986268115649136));
#8972=DIRECTION('',(0.,1.,-2.22044604925031E-16));
#8973=DIRECTION('center_axis',(0.,1.,-2.22044604925031E-16));
#8974=DIRECTION('ref_axis',(0.16515206342611,-2.18995514089467E-16,-0.986268115649136));
#8975=DIRECTION('center_axis',(0.,-1.,2.22044604925031E-16));
#8976=DIRECTION('ref_axis',(0.,0.,-1.));
#8977=DIRECTION('center_axis',(0.,-1.,2.22044604925031E-16));
#8978=DIRECTION('ref_axis',(-0.954742413522678,7.57915339691349E-17,0.297433898237729));
#8979=DIRECTION('center_axis',(0.,-1.,2.22044604925031E-16));
#8980=DIRECTION('ref_axis',(0.,0.,-1.));
#8981=DIRECTION('center_axis',(0.,-1.,2.22044604925031E-16));
#8982=DIRECTION('ref_axis',(-0.945568229389397,7.57915339691349E-17,0.325423913640962));
#8983=DIRECTION('center_axis',(1.,5.35155972357501E-30,2.41012823769434E-14));
#8984=DIRECTION('ref_axis',(2.41012823769434E-14,-2.22044604925031E-16,
-1.));
#8985=DIRECTION('',(0.,1.,-2.22044604925031E-16));
#8986=DIRECTION('',(-2.41012823769434E-14,2.22044604925031E-16,1.));
#8987=DIRECTION('',(0.,1.,-2.22044604925031E-16));
#8988=DIRECTION('center_axis',(0.,1.,-2.22044604925031E-16));
#8989=DIRECTION('ref_axis',(-0.232867583427885,-2.15940254939474E-16,-0.972508451679705));
#8990=DIRECTION('',(0.,1.,-2.22044604925031E-16));
#8991=DIRECTION('center_axis',(0.,1.,-2.22044604925031E-16));
#8992=DIRECTION('ref_axis',(-0.232867583427885,-2.15940254939474E-16,-0.972508451679705));
#8993=DIRECTION('center_axis',(0.,-1.,2.22044604925031E-16));
#8994=DIRECTION('ref_axis',(0.,0.,-1.));
#8995=DIRECTION('center_axis',(0.,-1.,2.22044604925031E-16));
#8996=DIRECTION('ref_axis',(-0.945568229389398,7.5791533969135E-17,0.32542391364096));
#8997=DIRECTION('center_axis',(0.,-1.,2.22044604925031E-16));
#8998=DIRECTION('ref_axis',(0.,0.,-1.));
#8999=DIRECTION('center_axis',(0.,-1.,2.22044604925031E-16));
#9000=DIRECTION('ref_axis',(-0.930914334923333,7.5791533969135E-17,0.365237595318786));
#9001=DIRECTION('center_axis',(1.,5.35155972357501E-30,2.41012823769434E-14));
#9002=DIRECTION('ref_axis',(2.41012823769434E-14,-2.22044604925031E-16,
-1.));
#9003=DIRECTION('',(0.,1.,-2.22044604925031E-16));
#9004=DIRECTION('',(-2.41012823769434E-14,2.22044604925031E-16,1.));
#9005=DIRECTION('',(0.,-1.,2.22044604925031E-16));
#9006=DIRECTION('',(-2.41012823769434E-14,2.22044604925031E-16,1.));
#9007=DIRECTION('',(0.,1.,-2.22044604925031E-16));
#9008=DIRECTION('',(2.41012823769434E-14,-2.22044604925031E-16,-1.));
#9009=DIRECTION('',(0.,1.,-2.22044604925031E-16));
#9010=DIRECTION('center_axis',(0.,1.,-2.22044604925031E-16));
#9011=DIRECTION('ref_axis',(-0.232867583427885,-2.15940254939474E-16,-0.972508451679705));
#9012=DIRECTION('',(0.,1.,-2.22044604925031E-16));
#9013=DIRECTION('center_axis',(0.,1.,-2.22044604925031E-16));
#9014=DIRECTION('ref_axis',(-0.232867583427885,-2.15940254939474E-16,-0.972508451679705));
#9015=DIRECTION('center_axis',(0.,-1.,2.22044604925031E-16));
#9016=DIRECTION('ref_axis',(0.,0.,-1.));
#9017=DIRECTION('center_axis',(0.,-1.,2.22044604925031E-16));
#9018=DIRECTION('ref_axis',(-0.975971311643025,6.9655983430311E-17,0.217899056560125));
#9019=DIRECTION('center_axis',(0.,-1.,2.22044604925031E-16));
#9020=DIRECTION('ref_axis',(-1.36378751842569E-16,0.,1.));
#9021=DIRECTION('center_axis',(0.,-1.,2.22044604925031E-16));
#9022=DIRECTION('ref_axis',(0.,2.01091748840341E-16,1.));
#9023=DIRECTION('center_axis',(0.,-1.,2.22044604925031E-16));
#9024=DIRECTION('ref_axis',(-1.81838335790092E-16,0.,1.));
#9025=DIRECTION('center_axis',(0.,-1.,2.22044604925031E-16));
#9026=DIRECTION('ref_axis',(-8.04366995361365E-16,2.01091748840341E-16,
1.));
#9027=DIRECTION('center_axis',(0.,-1.,2.22044604925031E-16));
#9028=DIRECTION('ref_axis',(0.,0.,1.));
#9029=DIRECTION('center_axis',(0.,-1.,2.22044604925031E-16));
#9030=DIRECTION('ref_axis',(5.53002309310938E-16,2.01091748840341E-16,1.));
#9031=DIRECTION('center_axis',(0.,-1.,2.22044604925031E-16));
#9032=DIRECTION('ref_axis',(-1.45470668632073E-15,0.,1.));
#9033=DIRECTION('center_axis',(0.,-1.,2.22044604925031E-16));
#9034=DIRECTION('ref_axis',(-5.36244663574243E-16,2.01091748840341E-16,
1.));
#9035=DIRECTION('center_axis',(0.,-1.,2.22044604925031E-16));
#9036=DIRECTION('ref_axis',(2.1820600294811E-15,0.,1.));
#9037=DIRECTION('center_axis',(0.,-1.,2.22044604925031E-16));
#9038=DIRECTION('ref_axis',(1.60873399072273E-15,2.01091748840341E-16,1.));
#9039=DIRECTION('center_axis',(0.,-1.,2.22044604925031E-16));
#9040=DIRECTION('ref_axis',(0.0245555592767845,0.,0.999698466793165));
#9041=DIRECTION('center_axis',(0.,-1.,2.22044604925031E-16));
#9042=DIRECTION('ref_axis',(0.024555559276783,2.01091748840341E-16,0.999698466793165));
#9043=DIRECTION('center_axis',(0.,-1.,2.22044604925031E-16));
#9044=DIRECTION('ref_axis',(-0.210466412130759,0.,0.977601089077137));
#9045=DIRECTION('center_axis',(0.,-1.,2.22044604925031E-16));
#9046=DIRECTION('ref_axis',(-0.210466412130757,2.02765670438835E-16,0.977601089077138));
#9047=DIRECTION('center_axis',(0.,-1.,2.22044604925031E-16));
#9048=DIRECTION('ref_axis',(-0.55565092411403,0.,0.831415690573148));
#9049=DIRECTION('center_axis',(0.,-1.,2.22044604925031E-16));
#9050=DIRECTION('ref_axis',(-0.555650924114113,2.02880612221366E-16,0.831415690573092));
#9051=DIRECTION('center_axis',(0.,-1.,2.22044604925031E-16));
#9052=DIRECTION('ref_axis',(-0.823506463765016,0.,0.567306887087789));
#9053=DIRECTION('center_axis',(0.,-1.,2.22044604925031E-16));
#9054=DIRECTION('ref_axis',(-0.82350646376504,1.37773769280088E-16,0.567306887087755));
#9055=DIRECTION('center_axis',(0.,1.,-2.22044604925031E-16));
#9056=DIRECTION('ref_axis',(-0.952439244658841,6.76633290545049E-17,0.304728543516515));
#9057=DIRECTION('',(0.,1.,-2.22044604925031E-16));
#9058=DIRECTION('center_axis',(-4.49787296647612E-17,-1.,0.));
#9059=DIRECTION('ref_axis',(-0.952439244658841,6.76633290545049E-17,0.304728543516515));
#9060=DIRECTION('center_axis',(0.,-1.,2.22044604925031E-16));
#9061=DIRECTION('ref_axis',(0.,0.,-1.));
#9062=DIRECTION('center_axis',(-1.,0.,0.));
#9063=DIRECTION('ref_axis',(0.,0.,1.));
#9064=DIRECTION('center_axis',(0.,-1.,2.22044604925031E-16));
#9065=DIRECTION('ref_axis',(1.,0.,1.77635683940024E-17));
#9066=DIRECTION('center_axis',(0.,-1.,2.22044604925031E-16));
#9067=DIRECTION('ref_axis',(1.,0.,1.77635683940024E-17));
#9068=DIRECTION('center_axis',(0.,1.,-2.22044604925031E-16));
#9069=DIRECTION('ref_axis',(1.,0.,0.));
#9070=DIRECTION('',(0.,-1.,2.22044604925031E-16));
#9071=DIRECTION('center_axis',(0.,1.,-2.22044604925031E-16));
#9072=DIRECTION('ref_axis',(1.,0.,0.));
#9073=DIRECTION('center_axis',(0.,-1.,2.22044604925031E-16));
#9074=DIRECTION('ref_axis',(0.,0.,-1.));
#9075=DIRECTION('center_axis',(-1.,0.,0.));
#9076=DIRECTION('ref_axis',(0.,0.,1.));
#9077=DIRECTION('center_axis',(0.,-1.,2.22044604925031E-16));
#9078=DIRECTION('ref_axis',(1.,0.,1.77635683940024E-17));
#9079=DIRECTION('center_axis',(0.,-1.,2.22044604925031E-16));
#9080=DIRECTION('ref_axis',(1.,0.,1.77635683940024E-17));
#9081=DIRECTION('center_axis',(0.,1.,-2.22044604925031E-16));
#9082=DIRECTION('ref_axis',(1.,0.,0.));
#9083=DIRECTION('',(0.,-1.,2.22044604925031E-16));
#9084=DIRECTION('center_axis',(0.,1.,-2.22044604925031E-16));
#9085=DIRECTION('ref_axis',(1.,0.,0.));
#9086=DIRECTION('center_axis',(0.,-1.,2.22044604925031E-16));
#9087=DIRECTION('ref_axis',(0.,0.,-1.));
#9088=DIRECTION('center_axis',(-1.,-2.83355210208697E-32,-1.27611841910938E-16));
#9089=DIRECTION('ref_axis',(-1.27611841910938E-16,0.,1.));
#9090=DIRECTION('center_axis',(0.,-1.,2.22044604925031E-16));
#9091=DIRECTION('ref_axis',(1.,0.,1.77635683940024E-17));
#9092=DIRECTION('center_axis',(0.,-1.,2.22044604925031E-16));
#9093=DIRECTION('ref_axis',(1.,0.,1.77635683940024E-17));
#9094=DIRECTION('center_axis',(0.,1.,-2.22044604925031E-16));
#9095=DIRECTION('ref_axis',(1.,0.,0.));
#9096=DIRECTION('',(0.,-1.,2.22044604925031E-16));
#9097=DIRECTION('center_axis',(0.,1.,-2.22044604925031E-16));
#9098=DIRECTION('ref_axis',(1.,0.,0.));
#9099=DIRECTION('center_axis',(0.,1.,-2.22044604925031E-16));
#9100=DIRECTION('ref_axis',(1.,0.,0.));
#9101=DIRECTION('',(0.,-1.,2.22044604925031E-16));
#9102=DIRECTION('center_axis',(0.,1.,-2.22044604925031E-16));
#9103=DIRECTION('ref_axis',(1.,0.,0.));
#9104=DIRECTION('center_axis',(0.,-1.,2.22044604925031E-16));
#9105=DIRECTION('ref_axis',(0.,0.,-1.));
#9106=DIRECTION('center_axis',(-1.,0.,0.));
#9107=DIRECTION('ref_axis',(0.,0.,1.));
#9108=DIRECTION('center_axis',(0.,-1.,2.22044604925031E-16));
#9109=DIRECTION('ref_axis',(1.,0.,-3.37507799486048E-16));
#9110=DIRECTION('center_axis',(0.,-1.,2.22044604925031E-16));
#9111=DIRECTION('ref_axis',(1.,0.,-3.37507799486048E-16));
#9112=DIRECTION('center_axis',(0.,1.,-2.22044604925031E-16));
#9113=DIRECTION('ref_axis',(1.,0.,0.));
#9114=DIRECTION('',(0.,-1.,2.22044604925031E-16));
#9115=DIRECTION('center_axis',(0.,1.,-2.22044604925031E-16));
#9116=DIRECTION('ref_axis',(1.,0.,0.));
#9117=DIRECTION('center_axis',(0.,-1.,2.22044604925031E-16));
#9118=DIRECTION('ref_axis',(0.,0.,-1.));
#9119=DIRECTION('center_axis',(-1.,0.,0.));
#9120=DIRECTION('ref_axis',(0.,0.,1.));
#9121=DIRECTION('center_axis',(0.,-1.,2.22044604925031E-16));
#9122=DIRECTION('ref_axis',(1.,0.,-3.37507799486048E-16));
#9123=DIRECTION('center_axis',(0.,-1.,2.22044604925031E-16));
#9124=DIRECTION('ref_axis',(1.,0.,-3.37507799486048E-16));
#9125=DIRECTION('center_axis',(0.,1.,-2.22044604925031E-16));
#9126=DIRECTION('ref_axis',(1.,0.,0.));
#9127=DIRECTION('',(0.,-1.,2.22044604925031E-16));
#9128=DIRECTION('center_axis',(0.,1.,-2.22044604925031E-16));
#9129=DIRECTION('ref_axis',(1.,0.,0.));
#9130=DIRECTION('center_axis',(-1.,0.,0.));
#9131=DIRECTION('ref_axis',(0.,-1.,0.));
#9132=DIRECTION('',(0.,0.,1.));
#9133=DIRECTION('',(0.,-1.,0.));
#9134=DIRECTION('',(0.,0.,1.));
#9135=DIRECTION('center_axis',(4.49787296647612E-17,1.,0.));
#9136=DIRECTION('ref_axis',(-1.,4.49787296647612E-17,3.85531968555096E-17));
#9137=DIRECTION('center_axis',(4.49787296647612E-17,1.,0.));
#9138=DIRECTION('ref_axis',(-0.232867583427885,-2.15940254939474E-16,-0.972508451679705));
#9139=DIRECTION('',(0.,0.,1.));
#9140=DIRECTION('',(-1.,4.49787296647612E-17,3.85531968555096E-17));
#9141=DIRECTION('center_axis',(4.49787296647612E-17,1.,0.));
#9142=DIRECTION('ref_axis',(-1.,4.49787296647612E-17,3.85531968555096E-17));
#9143=DIRECTION('center_axis',(4.49787296647612E-17,1.,0.));
#9144=DIRECTION('ref_axis',(-0.232867583427885,-2.15940254939474E-16,-0.972508451679705));
#9145=DIRECTION('',(0.,0.,1.));
#9146=DIRECTION('center_axis',(4.49787296647612E-17,1.,0.));
#9147=DIRECTION('ref_axis',(-1.,4.49787296647612E-17,3.85531968555096E-17));
#9148=DIRECTION('center_axis',(4.49787296647612E-17,1.,0.));
#9149=DIRECTION('ref_axis',(-0.232867583427885,-2.15940254939474E-16,-0.972508451679705));
#9150=DIRECTION('',(0.,0.,1.));
#9151=DIRECTION('center_axis',(4.49787296647612E-17,1.,0.));
#9152=DIRECTION('ref_axis',(-1.,4.49787296647612E-17,3.85531968555096E-17));
#9153=DIRECTION('center_axis',(-4.49787296647612E-17,-1.,0.));
#9154=DIRECTION('ref_axis',(-0.952439244658841,6.76633290545049E-17,0.304728543516515));
#9155=DIRECTION('center_axis',(-4.49787296647612E-17,-1.,0.));
#9156=DIRECTION('ref_axis',(-0.952439244658841,6.76633290545049E-17,0.304728543516515));
#9157=DIRECTION('center_axis',(-4.49787296647612E-17,-1.,0.));
#9158=DIRECTION('ref_axis',(-0.952439244658841,6.76633290545048E-17,0.304728543516515));
#9159=DIRECTION('center_axis',(-4.49787296647612E-17,-1.,0.));
#9160=DIRECTION('ref_axis',(-0.952439244658841,6.76633290545048E-17,0.304728543516515));
#9161=DIRECTION('center_axis',(-4.49787296647612E-17,-1.,0.));
#9162=DIRECTION('ref_axis',(-0.952439244658841,6.76633290545049E-17,0.304728543516515));
#9163=DIRECTION('center_axis',(-4.49787296647612E-17,-1.,0.));
#9164=DIRECTION('ref_axis',(-0.952439244658841,6.76633290545049E-17,0.304728543516515));
#9165=DIRECTION('center_axis',(-4.49787296647612E-17,-1.,0.));
#9166=DIRECTION('ref_axis',(-0.977635593593689,4.66973298418167E-17,0.210306077274803));
#9167=DIRECTION('center_axis',(-4.49787296647612E-17,-1.,0.));
#9168=DIRECTION('ref_axis',(-0.985041122920667,-3.82625998838976E-17,-0.172319430579348));
#9169=DIRECTION('center_axis',(-4.49787296647612E-17,-1.,0.));
#9170=DIRECTION('ref_axis',(-0.821771326908562,-1.26524882760668E-16,-0.56981741485404));
#9171=DIRECTION('',(0.,0.,1.));
#9172=DIRECTION('center_axis',(4.49787296647612E-17,1.,0.));
#9173=DIRECTION('ref_axis',(-0.457401658201965,-1.97455432252805E-16,-0.889260211116011));
#9174=DIRECTION('center_axis',(4.49787296647612E-17,1.,0.));
#9175=DIRECTION('ref_axis',(-0.821771326908562,-1.26524882760668E-16,-0.56981741485404));
#9176=DIRECTION('center_axis',(4.49787296647612E-17,1.,0.));
#9177=DIRECTION('ref_axis',(-0.985041122920667,-3.82625998838976E-17,-0.172319430579348));
#9178=DIRECTION('center_axis',(4.49787296647612E-17,1.,0.));
#9179=DIRECTION('ref_axis',(-0.977635593593689,4.66973298418167E-17,0.210306077274803));
#9180=DIRECTION('center_axis',(4.49787296647612E-17,1.,0.));
#9181=DIRECTION('ref_axis',(-0.952439244658841,6.76633290545049E-17,0.304728543516515));
#9182=DIRECTION('center_axis',(4.49787296647612E-17,1.,0.));
#9183=DIRECTION('ref_axis',(-0.952439244658841,6.76633290545049E-17,0.304728543516515));
#9184=DIRECTION('center_axis',(4.49787296647612E-17,1.,0.));
#9185=DIRECTION('ref_axis',(-0.952439244658841,6.76633290545048E-17,0.304728543516515));
#9186=DIRECTION('center_axis',(4.49787296647612E-17,1.,0.));
#9187=DIRECTION('ref_axis',(-0.952439244658841,6.76633290545048E-17,0.304728543516515));
#9188=DIRECTION('center_axis',(4.49787296647612E-17,1.,0.));
#9189=DIRECTION('ref_axis',(-0.952439244658841,6.76633290545048E-17,0.304728543516515));
#9190=DIRECTION('center_axis',(4.49787296647612E-17,1.,0.));
#9191=DIRECTION('ref_axis',(-0.952439244658841,6.76633290545049E-17,0.304728543516515));
#9192=DIRECTION('center_axis',(4.49787296647612E-17,1.,0.));
#9193=DIRECTION('ref_axis',(-0.952439244658841,6.76633290545049E-17,0.304728543516515));
#9194=DIRECTION('center_axis',(4.49787296647612E-17,1.,0.));
#9195=DIRECTION('ref_axis',(-0.87975932698733,1.05564294324063E-16,0.475419316581478));
#9196=DIRECTION('center_axis',(4.49787296647612E-17,1.,0.));
#9197=DIRECTION('ref_axis',(-0.618119776352945,1.74545695261957E-16,0.786083928140873));
#9198=DIRECTION('center_axis',(4.49787296647612E-17,1.,0.));
#9199=DIRECTION('ref_axis',(-0.227159770052176,2.16239804817051E-16,0.973857504396738));
#9200=DIRECTION('center_axis',(4.49787296647612E-17,1.,0.));
#9201=DIRECTION('ref_axis',(0.0965565456825099,2.21007101645674E-16,0.995327500617692));
#9202=DIRECTION('center_axis',(4.49787296647612E-17,1.,0.));
#9203=DIRECTION('ref_axis',(0.511556962325729,1.90791686176712E-16,0.85924936677083));
#9204=DIRECTION('center_axis',(4.49787296647612E-17,1.,0.));
#9205=DIRECTION('ref_axis',(0.511556962325729,1.90791686176712E-16,0.85924936677083));
#9206=DIRECTION('center_axis',(4.49787296647612E-17,1.,0.));
#9207=DIRECTION('ref_axis',(0.511556962325729,1.90791686176712E-16,0.85924936677083));
#9208=DIRECTION('center_axis',(4.49787296647612E-17,1.,0.));
#9209=DIRECTION('ref_axis',(0.511556962325729,1.90791686176712E-16,0.85924936677083));
#9210=DIRECTION('',(-1.,4.49787296647612E-17,3.85531968555096E-17));
#9211=DIRECTION('',(0.,0.,1.));
#9212=DIRECTION('center_axis',(5.14042624740128E-17,-1.,0.));
#9213=DIRECTION('ref_axis',(1.,5.14042624740128E-17,-3.85531968555096E-17));
#9214=DIRECTION('center_axis',(-5.14042624740128E-17,1.,0.));
#9215=DIRECTION('ref_axis',(-0.87975932698733,1.05564294324063E-16,0.475419316581478));
#9216=DIRECTION('center_axis',(-5.14042624740128E-17,1.,0.));
#9217=DIRECTION('ref_axis',(-0.618119776352945,1.74545695261957E-16,0.786083928140873));
#9218=DIRECTION('',(0.,0.,1.));
#9219=DIRECTION('',(1.,5.14042624740128E-17,-3.85531968555096E-17));
#9220=DIRECTION('',(0.,0.,-1.));
#9221=DIRECTION('center_axis',(-5.14042624740128E-17,1.,0.));
#9222=DIRECTION('ref_axis',(-0.821771326908562,-1.26524882760668E-16,-0.56981741485404));
#9223=DIRECTION('center_axis',(-5.14042624740128E-17,1.,0.));
#9224=DIRECTION('ref_axis',(-0.985041122920667,-3.82625998838976E-17,-0.172319430579348));
#9225=DIRECTION('center_axis',(-5.14042624740128E-17,1.,0.));
#9226=DIRECTION('ref_axis',(-0.977635593593689,4.66973298418167E-17,0.210306077274803));
#9227=DIRECTION('center_axis',(-5.14042624740128E-17,1.,0.));
#9228=DIRECTION('ref_axis',(-0.952439244658841,6.76633290545049E-17,0.304728543516515));
#9229=DIRECTION('center_axis',(-5.14042624740128E-17,1.,0.));
#9230=DIRECTION('ref_axis',(-0.952439244658841,6.76633290545049E-17,0.304728543516515));
#9231=DIRECTION('center_axis',(-5.14042624740128E-17,1.,0.));
#9232=DIRECTION('ref_axis',(-0.952439244658841,6.76633290545048E-17,0.304728543516515));
#9233=DIRECTION('center_axis',(-5.14042624740128E-17,1.,0.));
#9234=DIRECTION('ref_axis',(-0.952439244658841,6.76633290545048E-17,0.304728543516515));
#9235=DIRECTION('center_axis',(-5.14042624740128E-17,1.,0.));
#9236=DIRECTION('ref_axis',(-0.952439244658841,6.76633290545049E-17,0.304728543516515));
#9237=DIRECTION('center_axis',(-5.14042624740128E-17,1.,0.));
#9238=DIRECTION('ref_axis',(-0.952439244658841,6.76633290545049E-17,0.304728543516515));
#9239=DIRECTION('center_axis',(-5.14042624740128E-17,1.,0.));
#9240=DIRECTION('ref_axis',(-0.952439244658841,6.76633290545049E-17,0.304728543516515));
#9241=DIRECTION('center_axis',(-5.14042624740128E-17,1.,0.));
#9242=DIRECTION('ref_axis',(1.,0.,0.));
#9243=DIRECTION('center_axis',(-5.14042624740128E-17,1.,0.));
#9244=DIRECTION('ref_axis',(1.,0.,0.));
#9245=DIRECTION('center_axis',(-5.14042624740128E-17,1.,0.));
#9246=DIRECTION('ref_axis',(1.,0.,0.));
#9247=DIRECTION('center_axis',(-5.14042624740128E-17,1.,0.));
#9248=DIRECTION('ref_axis',(1.,0.,0.));
#9249=DIRECTION('center_axis',(-5.14042624740128E-17,1.,0.));
#9250=DIRECTION('ref_axis',(1.,0.,0.));
#9251=DIRECTION('center_axis',(-5.14042624740128E-17,1.,0.));
#9252=DIRECTION('ref_axis',(1.,0.,0.));
#9253=DIRECTION('center_axis',(-5.14042624740128E-17,1.,0.));
#9254=DIRECTION('ref_axis',(1.,0.,0.));
#9255=DIRECTION('center_axis',(-5.14042624740128E-17,1.,0.));
#9256=DIRECTION('ref_axis',(1.,0.,0.));
#9257=DIRECTION('center_axis',(-5.14042624740128E-17,1.,0.));
#9258=DIRECTION('ref_axis',(1.,0.,0.));
#9259=DIRECTION('center_axis',(-5.14042624740128E-17,1.,0.));
#9260=DIRECTION('ref_axis',(1.,0.,0.));
#9261=DIRECTION('center_axis',(-5.14042624740128E-17,1.,0.));
#9262=DIRECTION('ref_axis',(1.,0.,0.));
#9263=DIRECTION('center_axis',(-5.14042624740128E-17,1.,0.));
#9264=DIRECTION('ref_axis',(1.,0.,0.));
#9265=DIRECTION('center_axis',(-5.14042624740128E-17,1.,0.));
#9266=DIRECTION('ref_axis',(1.,0.,0.));
#9267=DIRECTION('center_axis',(-5.14042624740128E-17,1.,0.));
#9268=DIRECTION('ref_axis',(1.,0.,0.));
#9269=DIRECTION('center_axis',(-5.14042624740128E-17,1.,0.));
#9270=DIRECTION('ref_axis',(1.,0.,0.));
#9271=DIRECTION('center_axis',(-5.14042624740128E-17,1.,0.));
#9272=DIRECTION('ref_axis',(1.,0.,0.));
#9273=DIRECTION('center_axis',(-5.14042624740128E-17,1.,0.));
#9274=DIRECTION('ref_axis',(1.,0.,0.));
#9275=DIRECTION('center_axis',(-5.14042624740128E-17,1.,0.));
#9276=DIRECTION('ref_axis',(1.,0.,0.));
#9277=DIRECTION('center_axis',(-1.,0.,0.));
#9278=DIRECTION('ref_axis',(0.,-1.,0.));
#9279=DIRECTION('center_axis',(1.,0.,0.));
#9280=DIRECTION('ref_axis',(0.,1.,0.));
#9281=DIRECTION('',(0.,1.,-2.22044604925031E-16));
#9282=DIRECTION('',(0.,1.,0.));
#9283=DIRECTION('',(0.,1.,-2.22044604925031E-16));
#9284=DIRECTION('',(0.,2.22044604925031E-16,1.));
#9285=DIRECTION('',(0.,-1.,2.22044604925031E-16));
#9286=DIRECTION('',(0.,1.,-2.22044604925031E-16));
#9287=DIRECTION('',(0.,2.22044604925031E-16,1.));
#9288=DIRECTION('',(0.,-1.,2.22044604925031E-16));
#9289=DIRECTION('',(0.,1.,-2.22044604925031E-16));
#9290=DIRECTION('',(0.,2.22044604925031E-16,1.));
#9291=DIRECTION('',(0.,-1.,2.22044604925031E-16));
#9292=DIRECTION('center_axis',(0.,0.,1.));
#9293=DIRECTION('ref_axis',(1.,0.,0.));
#9294=DIRECTION('',(0.,1.,-2.22044604925031E-16));
#9295=DIRECTION('',(-1.,0.,0.));
#9296=DIRECTION('',(0.,-1.,2.22044604925031E-16));
#9297=DIRECTION('center_axis',(0.,1.,-2.22044604925031E-16));
#9298=DIRECTION('ref_axis',(-0.985041122920667,-3.82625998838976E-17,-0.172319430579348));
#9299=DIRECTION('',(0.,1.,-2.22044604925031E-16));
#9300=DIRECTION('center_axis',(0.,1.,-2.22044604925031E-16));
#9301=DIRECTION('ref_axis',(-0.985041122920667,-3.82625998838976E-17,-0.172319430579348));
#9302=DIRECTION('',(0.,1.,-2.22044604925031E-16));
#9303=DIRECTION('center_axis',(0.,1.,-2.22044604925031E-16));
#9304=DIRECTION('ref_axis',(-0.985041122920667,-3.82625998838976E-17,-0.172319430579348));
#9305=DIRECTION('',(0.,1.,-2.22044604925031E-16));
#9306=DIRECTION('',(0.,1.,-2.22044604925031E-16));
#9307=DIRECTION('center_axis',(0.,1.,-2.22044604925031E-16));
#9308=DIRECTION('ref_axis',(-0.977635593593689,4.66973298418167E-17,0.210306077274803));
#9309=DIRECTION('center_axis',(0.,1.,-2.22044604925031E-16));
#9310=DIRECTION('ref_axis',(-0.977635593593689,4.66973298418167E-17,0.210306077274803));
#9311=DIRECTION('',(0.,1.,-2.22044604925031E-16));
#9312=DIRECTION('center_axis',(0.,1.,-2.22044604925031E-16));
#9313=DIRECTION('ref_axis',(-0.977635593593689,4.66973298418167E-17,0.210306077274803));
#9314=DIRECTION('',(0.,1.,-2.22044604925031E-16));
#9315=DIRECTION('center_axis',(0.,1.,-2.22044604925031E-16));
#9316=DIRECTION('ref_axis',(-0.952439244658841,6.76633290545049E-17,0.304728543516515));
#9317=DIRECTION('center_axis',(0.,1.,-2.22044604925031E-16));
#9318=DIRECTION('ref_axis',(-0.952439244658841,6.76633290545049E-17,0.304728543516515));
#9319=DIRECTION('',(0.,1.,-2.22044604925031E-16));
#9320=DIRECTION('center_axis',(0.,1.,-2.22044604925031E-16));
#9321=DIRECTION('ref_axis',(-0.952439244658841,6.76633290545049E-17,0.304728543516515));
#9322=DIRECTION('',(0.,1.,-2.22044604925031E-16));
#9323=DIRECTION('center_axis',(0.,1.,-2.22044604925031E-16));
#9324=DIRECTION('ref_axis',(-0.952439244658841,6.76633290545049E-17,0.304728543516515));
#9325=DIRECTION('center_axis',(0.,1.,-2.22044604925031E-16));
#9326=DIRECTION('ref_axis',(-0.952439244658841,6.76633290545049E-17,0.304728543516515));
#9327=DIRECTION('',(0.,1.,-2.22044604925031E-16));
#9328=DIRECTION('center_axis',(0.,1.,-2.22044604925031E-16));
#9329=DIRECTION('ref_axis',(-0.952439244658841,6.76633290545049E-17,0.304728543516515));
#9330=DIRECTION('',(0.,1.,-2.22044604925031E-16));
#9331=DIRECTION('center_axis',(0.,1.,-2.22044604925031E-16));
#9332=DIRECTION('ref_axis',(-0.952439244658841,6.76633290545048E-17,0.304728543516515));
#9333=DIRECTION('center_axis',(0.,1.,-2.22044604925031E-16));
#9334=DIRECTION('ref_axis',(-0.952439244658841,6.76633290545048E-17,0.304728543516515));
#9335=DIRECTION('',(0.,1.,-2.22044604925031E-16));
#9336=DIRECTION('center_axis',(0.,1.,-2.22044604925031E-16));
#9337=DIRECTION('ref_axis',(-0.952439244658841,6.76633290545048E-17,0.304728543516515));
#9338=DIRECTION('',(0.,1.,-2.22044604925031E-16));
#9339=DIRECTION('center_axis',(0.,1.,-2.22044604925031E-16));
#9340=DIRECTION('ref_axis',(-0.952439244658841,6.76633290545048E-17,0.304728543516515));
#9341=DIRECTION('center_axis',(0.,1.,-2.22044604925031E-16));
#9342=DIRECTION('ref_axis',(-0.952439244658841,6.76633290545048E-17,0.304728543516515));
#9343=DIRECTION('',(0.,1.,-2.22044604925031E-16));
#9344=DIRECTION('center_axis',(0.,1.,-2.22044604925031E-16));
#9345=DIRECTION('ref_axis',(-0.952439244658841,6.76633290545048E-17,0.304728543516515));
#9346=DIRECTION('',(0.,1.,-2.22044604925031E-16));
#9347=DIRECTION('center_axis',(0.,1.,-2.22044604925031E-16));
#9348=DIRECTION('ref_axis',(-0.952439244658841,6.76633290545049E-17,0.304728543516515));
#9349=DIRECTION('center_axis',(0.,1.,-2.22044604925031E-16));
#9350=DIRECTION('ref_axis',(-0.952439244658841,6.76633290545049E-17,0.304728543516515));
#9351=DIRECTION('',(0.,1.,-2.22044604925031E-16));
#9352=DIRECTION('center_axis',(0.,1.,-2.22044604925031E-16));
#9353=DIRECTION('ref_axis',(-0.952439244658841,6.76633290545049E-17,0.304728543516515));
#9354=DIRECTION('',(0.,1.,-2.22044604925031E-16));
#9355=DIRECTION('center_axis',(0.,1.,-2.22044604925031E-16));
#9356=DIRECTION('ref_axis',(-0.952439244658841,6.76633290545049E-17,0.304728543516515));
#9357=DIRECTION('center_axis',(0.,1.,-2.22044604925031E-16));
#9358=DIRECTION('ref_axis',(-0.952439244658841,6.76633290545049E-17,0.304728543516515));
#9359=DIRECTION('',(0.,1.,-2.22044604925031E-16));
#9360=DIRECTION('center_axis',(0.,1.,-2.22044604925031E-16));
#9361=DIRECTION('ref_axis',(-0.952439244658841,6.76633290545049E-17,0.304728543516515));
#9362=DIRECTION('center_axis',(0.,1.,-2.22044604925031E-16));
#9363=DIRECTION('ref_axis',(-0.952439244658841,6.76633290545049E-17,0.304728543516515));
#9364=DIRECTION('center_axis',(0.,1.,-2.22044604925031E-16));
#9365=DIRECTION('ref_axis',(-0.952439244658841,6.76633290545049E-17,0.304728543516515));
#9366=DIRECTION('',(0.,1.,-2.22044604925031E-16));
#9367=DIRECTION('center_axis',(0.,1.,-2.22044604925031E-16));
#9368=DIRECTION('ref_axis',(-0.87975932698733,1.05564294324063E-16,0.475419316581478));
#9369=DIRECTION('center_axis',(0.,1.,-2.22044604925031E-16));
#9370=DIRECTION('ref_axis',(-0.87975932698733,1.05564294324063E-16,0.475419316581478));
#9371=DIRECTION('',(0.,1.,-2.22044604925031E-16));
#9372=DIRECTION('center_axis',(0.,1.,-2.22044604925031E-16));
#9373=DIRECTION('ref_axis',(-0.618119776352945,1.74545695261957E-16,0.786083928140873));
#9374=DIRECTION('center_axis',(0.,1.,-2.22044604925031E-16));
#9375=DIRECTION('ref_axis',(-0.618119776352945,1.74545695261957E-16,0.786083928140873));
#9376=DIRECTION('center_axis',(0.,1.,-2.22044604925031E-16));
#9377=DIRECTION('ref_axis',(-0.977635593593689,4.66973298418167E-17,0.210306077274803));
#9378=DIRECTION('',(0.,-1.,2.22044604925031E-16));
#9379=DIRECTION('center_axis',(0.,1.,-2.22044604925031E-16));
#9380=DIRECTION('ref_axis',(-0.977635593593689,4.66973298418167E-17,0.210306077274803));
#9381=DIRECTION('',(0.,-1.,2.22044604925031E-16));
#9382=DIRECTION('center_axis',(0.,1.,-2.22044604925031E-16));
#9383=DIRECTION('ref_axis',(-0.985041122920667,-3.82625998838976E-17,-0.172319430579348));
#9384=DIRECTION('',(0.,-1.,2.22044604925031E-16));
#9385=DIRECTION('center_axis',(0.,1.,-2.22044604925031E-16));
#9386=DIRECTION('ref_axis',(-0.985041122920667,-3.82625998838976E-17,-0.172319430579348));
#9387=DIRECTION('center_axis',(0.,1.,-2.22044604925031E-16));
#9388=DIRECTION('ref_axis',(-0.821771326908562,-1.26524882760668E-16,-0.56981741485404));
#9389=DIRECTION('',(0.,-1.,2.22044604925031E-16));
#9390=DIRECTION('center_axis',(0.,1.,-2.22044604925031E-16));
#9391=DIRECTION('ref_axis',(-0.821771326908562,-1.26524882760668E-16,-0.56981741485404));
#9392=DIRECTION('center_axis',(0.,1.,-2.22044604925031E-16));
#9393=DIRECTION('ref_axis',(-0.457401658201965,-1.97455432252805E-16,-0.889260211116011));
#9394=DIRECTION('center_axis',(0.,-1.,2.22044604925031E-16));
#9395=DIRECTION('ref_axis',(-0.457401658201965,-1.97455432252805E-16,-0.889260211116011));
#9396=DIRECTION('',(0.,-1.,2.22044604925031E-16));
#9397=DIRECTION('center_axis',(0.,1.,-2.22044604925031E-16));
#9398=DIRECTION('ref_axis',(-0.457401658201965,-1.97455432252805E-16,-0.889260211116011));
#9399=DIRECTION('center_axis',(0.,1.,-2.22044604925031E-16));
#9400=DIRECTION('ref_axis',(-0.232867583427885,-2.15940254939474E-16,-0.972508451679705));
#9401=DIRECTION('center_axis',(0.,-1.,2.22044604925031E-16));
#9402=DIRECTION('ref_axis',(-0.232867583427885,-2.15940254939474E-16,-0.972508451679705));
#9403=DIRECTION('',(0.,-1.,2.22044604925031E-16));
#9404=DIRECTION('center_axis',(0.,1.,-2.22044604925031E-16));
#9405=DIRECTION('ref_axis',(-0.232867583427885,-2.15940254939474E-16,-0.972508451679705));
#9406=DIRECTION('',(0.,-1.,2.22044604925031E-16));
#9407=DIRECTION('center_axis',(0.,-1.,2.22044604925031E-16));
#9408=DIRECTION('ref_axis',(-0.232867583427885,-2.15940254939474E-16,-0.972508451679705));
#9409=DIRECTION('center_axis',(0.,1.,-2.22044604925031E-16));
#9410=DIRECTION('ref_axis',(-0.232867583427885,-2.15940254939474E-16,-0.972508451679705));
#9411=DIRECTION('center_axis',(0.,-1.,2.22044604925031E-16));
#9412=DIRECTION('ref_axis',(-0.232867583427885,-2.15940254939474E-16,-0.972508451679705));
#9413=DIRECTION('',(0.,-1.,2.22044604925031E-16));
#9414=DIRECTION('center_axis',(0.,1.,-2.22044604925031E-16));
#9415=DIRECTION('ref_axis',(-0.232867583427885,-2.15940254939474E-16,-0.972508451679705));
#9416=DIRECTION('center_axis',(0.,-1.,2.22044604925031E-16));
#9417=DIRECTION('ref_axis',(-0.232867583427885,-2.15940254939474E-16,-0.972508451679705));
#9418=DIRECTION('center_axis',(0.,1.,-2.22044604925031E-16));
#9419=DIRECTION('ref_axis',(-0.232867583427885,-2.15940254939474E-16,-0.972508451679705));
#9420=DIRECTION('center_axis',(0.,-1.,2.22044604925031E-16));
#9421=DIRECTION('ref_axis',(-0.232867583427885,-2.15940254939474E-16,-0.972508451679705));
#9422=DIRECTION('',(0.,-1.,2.22044604925031E-16));
#9423=DIRECTION('center_axis',(0.,1.,-2.22044604925031E-16));
#9424=DIRECTION('ref_axis',(-0.232867583427885,-2.15940254939474E-16,-0.972508451679705));
#9425=DIRECTION('center_axis',(0.,-1.,2.22044604925031E-16));
#9426=DIRECTION('ref_axis',(-0.232867583427885,-2.15940254939474E-16,-0.972508451679705));
#9427=DIRECTION('center_axis',(0.,1.,-2.22044604925031E-16));
#9428=DIRECTION('ref_axis',(1.,0.,0.));
#9429=DIRECTION('center_axis',(0.,1.,-2.22044604925031E-16));
#9430=DIRECTION('ref_axis',(1.,0.,0.));
#9431=DIRECTION('center_axis',(0.,1.,-2.22044604925031E-16));
#9432=DIRECTION('ref_axis',(1.,0.,0.));
#9433=DIRECTION('center_axis',(0.,-1.,2.22044604925031E-16));
#9434=DIRECTION('ref_axis',(0.511556962325729,1.90791686176712E-16,0.85924936677083));
#9435=DIRECTION('center_axis',(0.,-1.,2.22044604925031E-16));
#9436=DIRECTION('ref_axis',(0.698646772110643,1.58865534550688E-16,0.715466762204492));
#9437=DIRECTION('center_axis',(0.,-1.,2.22044604925031E-16));
#9438=DIRECTION('ref_axis',(0.897976615647248,9.77092134188266E-17,0.440043177143692));
#9439=DIRECTION('center_axis',(0.,-1.,2.22044604925031E-16));
#9440=DIRECTION('ref_axis',(0.978478425648057,4.58187148618705E-17,0.206349147178515));
#9441=DIRECTION('center_axis',(0.,-1.,2.22044604925031E-16));
#9442=DIRECTION('ref_axis',(0.976177442806604,-4.81778464872259E-17,-0.216973731487383));
#9443=DIRECTION('center_axis',(0.,-1.,2.22044604925031E-16));
#9444=DIRECTION('ref_axis',(0.966659500958708,-5.68579059483256E-17,-0.256065244041946));
#9445=DIRECTION('center_axis',(0.,-1.,2.22044604925031E-16));
#9446=DIRECTION('ref_axis',(0.966659500958708,-5.68579059483256E-17,-0.256065244041946));
#9447=DIRECTION('center_axis',(0.,-1.,2.22044604925031E-16));
#9448=DIRECTION('ref_axis',(0.966659500958708,-5.68579059483256E-17,-0.256065244041946));
#9449=DIRECTION('center_axis',(0.,-1.,2.22044604925031E-16));
#9450=DIRECTION('ref_axis',(0.966659500958708,-5.68579059483256E-17,-0.256065244041946));
#9451=DIRECTION('center_axis',(0.,-1.,2.22044604925031E-16));
#9452=DIRECTION('ref_axis',(0.966659500958708,-5.68579059483256E-17,-0.256065244041946));
#9453=DIRECTION('center_axis',(0.,-1.,2.22044604925031E-16));
#9454=DIRECTION('ref_axis',(0.966659500958708,-5.68579059483256E-17,-0.256065244041946));
#9455=DIRECTION('center_axis',(0.,-1.,2.22044604925031E-16));
#9456=DIRECTION('ref_axis',(0.966659500958708,-5.68579059483256E-17,-0.256065244041946));
#9457=DIRECTION('center_axis',(0.,-1.,2.22044604925031E-16));
#9458=DIRECTION('ref_axis',(0.966659500958708,-5.68579059483256E-17,-0.256065244041946));
#9459=DIRECTION('center_axis',(0.,-1.,2.22044604925031E-16));
#9460=DIRECTION('ref_axis',(0.805353374996005,-1.31626937074796E-16,-0.59279502476197));
#9461=DIRECTION('center_axis',(0.,-1.,2.22044604925031E-16));
#9462=DIRECTION('ref_axis',(0.554363680617379,-1.84802071380794E-16,-0.83227453980784));
#9463=DIRECTION('center_axis',(0.,-1.,2.22044604925031E-16));
#9464=DIRECTION('ref_axis',(0.16515206342611,-2.18995514089468E-16,-0.986268115649136));
#9465=DIRECTION('center_axis',(0.,-1.,2.22044604925031E-16));
#9466=DIRECTION('ref_axis',(-0.192720401956357,-2.17882092739396E-16,-0.981253711671849));
#9467=DIRECTION('center_axis',(0.,-1.,2.22044604925031E-16));
#9468=DIRECTION('ref_axis',(1.,0.,0.));
#9469=DIRECTION('center_axis',(0.,-1.,2.22044604925031E-16));
#9470=DIRECTION('ref_axis',(1.,0.,0.));
#9471=DIRECTION('center_axis',(0.,-1.,2.22044604925031E-16));
#9472=DIRECTION('ref_axis',(1.,0.,0.));
#9473=DIRECTION('center_axis',(0.,-1.,2.22044604925031E-16));
#9474=DIRECTION('ref_axis',(1.,0.,0.));
#9475=DIRECTION('center_axis',(0.,-1.,2.22044604925031E-16));
#9476=DIRECTION('ref_axis',(1.,0.,0.));
#9477=DIRECTION('center_axis',(0.,-1.,2.22044604925031E-16));
#9478=DIRECTION('ref_axis',(1.,0.,0.));
#9479=DIRECTION('center_axis',(0.,-1.,2.22044604925031E-16));
#9480=DIRECTION('ref_axis',(1.,0.,0.));
#9481=DIRECTION('center_axis',(0.,-1.,2.22044604925031E-16));
#9482=DIRECTION('ref_axis',(1.,0.,0.));
#9483=DIRECTION('center_axis',(0.,-1.,2.22044604925031E-16));
#9484=DIRECTION('ref_axis',(1.,0.,0.));
#9485=DIRECTION('center_axis',(0.,-1.,2.22044604925031E-16));
#9486=DIRECTION('ref_axis',(1.,0.,0.));
#9487=DIRECTION('center_axis',(0.,-1.,2.22044604925031E-16));
#9488=DIRECTION('ref_axis',(1.,0.,0.));
#9489=DIRECTION('center_axis',(0.,-1.,2.22044604925031E-16));
#9490=DIRECTION('ref_axis',(1.,0.,0.));
#9491=DIRECTION('center_axis',(0.,-1.,2.22044604925031E-16));
#9492=DIRECTION('ref_axis',(1.,0.,0.));
#9493=DIRECTION('center_axis',(0.,-1.,2.22044604925031E-16));
#9494=DIRECTION('ref_axis',(1.,0.,0.));
#9495=DIRECTION('center_axis',(0.,-1.,2.22044604925031E-16));
#9496=DIRECTION('ref_axis',(1.,0.,0.));
#9497=DIRECTION('center_axis',(0.,-1.,2.22044604925031E-16));
#9498=DIRECTION('ref_axis',(1.,0.,0.));
#9499=DIRECTION('center_axis',(0.,-1.,2.22044604925031E-16));
#9500=DIRECTION('ref_axis',(1.,0.,0.));
#9501=DIRECTION('center_axis',(0.,-1.,2.22044604925031E-16));
#9502=DIRECTION('ref_axis',(1.,0.,0.));
#9503=DIRECTION('center_axis',(0.,1.,-2.22044604925031E-16));
#9504=DIRECTION('ref_axis',(1.,0.,0.));
#9505=DIRECTION('',(2.41012823769434E-14,-2.22044604925031E-16,-1.));
#9506=DIRECTION('center_axis',(0.,1.,-2.22044604925031E-16));
#9507=DIRECTION('ref_axis',(-0.232867583427885,-2.15940254939474E-16,-0.972508451679705));
#9508=DIRECTION('',(2.41012823769434E-14,-2.22044604925031E-16,-1.));
#9509=DIRECTION('center_axis',(0.,1.,-2.22044604925031E-16));
#9510=DIRECTION('ref_axis',(1.,0.,0.));
#9511=DIRECTION('center_axis',(0.,1.,-2.22044604925031E-16));
#9512=DIRECTION('ref_axis',(1.,0.,0.));
#9513=DIRECTION('',(0.,1.,-2.22044604925031E-16));
#9514=DIRECTION('center_axis',(0.,1.,-2.22044604925031E-16));
#9515=DIRECTION('ref_axis',(1.,0.,0.));
#9516=DIRECTION('center_axis',(0.,1.,-2.22044604925031E-16));
#9517=DIRECTION('ref_axis',(1.,0.,0.));
#9518=DIRECTION('',(0.,1.,-2.22044604925031E-16));
#9519=DIRECTION('center_axis',(0.,1.,-2.22044604925031E-16));
#9520=DIRECTION('ref_axis',(1.,0.,0.));
#9521=DIRECTION('center_axis',(0.,1.,-2.22044604925031E-16));
#9522=DIRECTION('ref_axis',(1.,0.,0.));
#9523=DIRECTION('',(0.,1.,-2.22044604925031E-16));
#9524=DIRECTION('center_axis',(0.,1.,-2.22044604925031E-16));
#9525=DIRECTION('ref_axis',(1.,0.,0.));
#9526=DIRECTION('center_axis',(0.,1.,-2.22044604925031E-16));
#9527=DIRECTION('ref_axis',(1.,0.,0.));
#9528=DIRECTION('',(0.,1.,-2.22044604925031E-16));
#9529=DIRECTION('center_axis',(0.,1.,-2.22044604925031E-16));
#9530=DIRECTION('ref_axis',(1.,0.,0.));
#9531=DIRECTION('center_axis',(0.,1.,-2.22044604925031E-16));
#9532=DIRECTION('ref_axis',(1.,0.,0.));
#9533=DIRECTION('',(0.,1.,-2.22044604925031E-16));
#9534=DIRECTION('center_axis',(0.,1.,-2.22044604925031E-16));
#9535=DIRECTION('ref_axis',(1.,0.,0.));
#9536=DIRECTION('center_axis',(0.,1.,-2.22044604925031E-16));
#9537=DIRECTION('ref_axis',(1.,0.,0.));
#9538=DIRECTION('',(0.,1.,-2.22044604925031E-16));
#9539=DIRECTION('center_axis',(0.,1.,-2.22044604925031E-16));
#9540=DIRECTION('ref_axis',(1.,0.,0.));
#9541=DIRECTION('center_axis',(0.,1.,-2.22044604925031E-16));
#9542=DIRECTION('ref_axis',(1.,0.,0.));
#9543=DIRECTION('',(0.,1.,-2.22044604925031E-16));
#9544=DIRECTION('center_axis',(0.,1.,-2.22044604925031E-16));
#9545=DIRECTION('ref_axis',(1.,0.,0.));
#9546=DIRECTION('center_axis',(0.,1.,-2.22044604925031E-16));
#9547=DIRECTION('ref_axis',(1.,0.,0.));
#9548=DIRECTION('',(0.,1.,-2.22044604925031E-16));
#9549=DIRECTION('center_axis',(0.,1.,-2.22044604925031E-16));
#9550=DIRECTION('ref_axis',(1.,0.,0.));
#9551=DIRECTION('center_axis',(0.,1.,-2.22044604925031E-16));
#9552=DIRECTION('ref_axis',(1.,0.,0.));
#9553=DIRECTION('',(0.,1.,-2.22044604925031E-16));
#9554=DIRECTION('center_axis',(0.,1.,-2.22044604925031E-16));
#9555=DIRECTION('ref_axis',(1.,0.,0.));
#9556=DIRECTION('center_axis',(0.,1.,-2.22044604925031E-16));
#9557=DIRECTION('ref_axis',(1.,0.,0.));
#9558=DIRECTION('',(0.,1.,-2.22044604925031E-16));
#9559=DIRECTION('center_axis',(0.,1.,-2.22044604925031E-16));
#9560=DIRECTION('ref_axis',(1.,0.,0.));
#9561=DIRECTION('center_axis',(0.,1.,-2.22044604925031E-16));
#9562=DIRECTION('ref_axis',(1.,0.,0.));
#9563=DIRECTION('',(0.,1.,-2.22044604925031E-16));
#9564=DIRECTION('center_axis',(0.,1.,-2.22044604925031E-16));
#9565=DIRECTION('ref_axis',(1.,0.,0.));
#9566=DIRECTION('center_axis',(0.,1.,-2.22044604925031E-16));
#9567=DIRECTION('ref_axis',(1.,0.,0.));
#9568=DIRECTION('',(0.,1.,-2.22044604925031E-16));
#9569=DIRECTION('center_axis',(0.,1.,-2.22044604925031E-16));
#9570=DIRECTION('ref_axis',(1.,0.,0.));
#9571=DIRECTION('center_axis',(0.,1.,-2.22044604925031E-16));
#9572=DIRECTION('ref_axis',(1.,0.,0.));
#9573=DIRECTION('',(0.,1.,-2.22044604925031E-16));
#9574=DIRECTION('center_axis',(0.,1.,-2.22044604925031E-16));
#9575=DIRECTION('ref_axis',(1.,0.,0.));
#9576=DIRECTION('center_axis',(0.,1.,-2.22044604925031E-16));
#9577=DIRECTION('ref_axis',(1.,0.,0.));
#9578=DIRECTION('',(0.,1.,-2.22044604925031E-16));
#9579=DIRECTION('center_axis',(0.,1.,-2.22044604925031E-16));
#9580=DIRECTION('ref_axis',(1.,0.,0.));
#9581=DIRECTION('center_axis',(0.,1.,-2.22044604925031E-16));
#9582=DIRECTION('ref_axis',(1.,0.,0.));
#9583=DIRECTION('',(0.,1.,-2.22044604925031E-16));
#9584=DIRECTION('center_axis',(0.,1.,-2.22044604925031E-16));
#9585=DIRECTION('ref_axis',(1.,0.,0.));
#9586=DIRECTION('center_axis',(0.,1.,-2.22044604925031E-16));
#9587=DIRECTION('ref_axis',(1.,0.,0.));
#9588=DIRECTION('',(0.,1.,-2.22044604925031E-16));
#9589=DIRECTION('center_axis',(0.,1.,-2.22044604925031E-16));
#9590=DIRECTION('ref_axis',(1.,0.,0.));
#9591=DIRECTION('center_axis',(0.,1.,-2.22044604925031E-16));
#9592=DIRECTION('ref_axis',(1.,0.,0.));
#9593=DIRECTION('',(0.,1.,-2.22044604925031E-16));
#9594=DIRECTION('center_axis',(0.,1.,-2.22044604925031E-16));
#9595=DIRECTION('ref_axis',(1.,0.,0.));
#9596=DIRECTION('center_axis',(0.,1.,-2.22044604925031E-16));
#9597=DIRECTION('ref_axis',(1.,0.,0.));
#9598=DIRECTION('',(0.,1.,-2.22044604925031E-16));
#9599=DIRECTION('center_axis',(0.,1.,-2.22044604925031E-16));
#9600=DIRECTION('ref_axis',(1.,0.,0.));
#9601=DIRECTION('center_axis',(0.,1.,-2.22044604925031E-16));
#9602=DIRECTION('ref_axis',(1.,0.,0.));
#9603=DIRECTION('',(0.,1.,-2.22044604925031E-16));
#9604=DIRECTION('center_axis',(0.,1.,-2.22044604925031E-16));
#9605=DIRECTION('ref_axis',(1.,0.,0.));
#9606=DIRECTION('center_axis',(0.,1.,-2.22044604925031E-16));
#9607=DIRECTION('ref_axis',(1.,0.,0.));
#9608=DIRECTION('',(0.,1.,-2.22044604925031E-16));
#9609=DIRECTION('center_axis',(0.,1.,-2.22044604925031E-16));
#9610=DIRECTION('ref_axis',(1.,0.,0.));
#9611=DIRECTION('center_axis',(0.,1.,-2.22044604925031E-16));
#9612=DIRECTION('ref_axis',(1.,0.,0.));
#9613=DIRECTION('',(0.,1.,-2.22044604925031E-16));
#9614=DIRECTION('center_axis',(0.,1.,-2.22044604925031E-16));
#9615=DIRECTION('ref_axis',(1.,0.,0.));
#9616=DIRECTION('center_axis',(0.,1.,-2.22044604925031E-16));
#9617=DIRECTION('ref_axis',(1.,0.,0.));
#9618=DIRECTION('',(0.,1.,-2.22044604925031E-16));
#9619=DIRECTION('center_axis',(0.,1.,-2.22044604925031E-16));
#9620=DIRECTION('ref_axis',(1.,0.,0.));
#9621=DIRECTION('center_axis',(0.,1.,-2.22044604925031E-16));
#9622=DIRECTION('ref_axis',(1.,0.,0.));
#9623=DIRECTION('',(0.,1.,-2.22044604925031E-16));
#9624=DIRECTION('center_axis',(0.,1.,-2.22044604925031E-16));
#9625=DIRECTION('ref_axis',(1.,0.,0.));
#9626=DIRECTION('center_axis',(0.,1.,-2.22044604925031E-16));
#9627=DIRECTION('ref_axis',(1.,0.,0.));
#9628=DIRECTION('',(0.,1.,-2.22044604925031E-16));
#9629=DIRECTION('center_axis',(0.,1.,-2.22044604925031E-16));
#9630=DIRECTION('ref_axis',(1.,0.,0.));
#9631=DIRECTION('center_axis',(0.,1.,-2.22044604925031E-16));
#9632=DIRECTION('ref_axis',(1.,0.,0.));
#9633=DIRECTION('',(0.,1.,-2.22044604925031E-16));
#9634=DIRECTION('center_axis',(0.,1.,-2.22044604925031E-16));
#9635=DIRECTION('ref_axis',(1.,0.,0.));
#9636=DIRECTION('center_axis',(0.,1.,-2.22044604925031E-16));
#9637=DIRECTION('ref_axis',(1.,0.,0.));
#9638=DIRECTION('',(0.,1.,-2.22044604925031E-16));
#9639=DIRECTION('center_axis',(0.,1.,-2.22044604925031E-16));
#9640=DIRECTION('ref_axis',(1.,0.,0.));
#9641=DIRECTION('center_axis',(0.,1.,-2.22044604925031E-16));
#9642=DIRECTION('ref_axis',(1.,0.,0.));
#9643=DIRECTION('',(0.,1.,-2.22044604925031E-16));
#9644=DIRECTION('center_axis',(0.,1.,-2.22044604925031E-16));
#9645=DIRECTION('ref_axis',(1.,0.,0.));
#9646=DIRECTION('center_axis',(0.,1.,-2.22044604925031E-16));
#9647=DIRECTION('ref_axis',(1.,0.,0.));
#9648=DIRECTION('',(0.,1.,-2.22044604925031E-16));
#9649=DIRECTION('center_axis',(0.,1.,-2.22044604925031E-16));
#9650=DIRECTION('ref_axis',(1.,0.,0.));
#9651=DIRECTION('center_axis',(0.,1.,-2.22044604925031E-16));
#9652=DIRECTION('ref_axis',(1.,0.,0.));
#9653=DIRECTION('',(0.,1.,-2.22044604925031E-16));
#9654=DIRECTION('center_axis',(0.,1.,-2.22044604925031E-16));
#9655=DIRECTION('ref_axis',(1.,0.,0.));
#9656=DIRECTION('center_axis',(0.,1.,-2.22044604925031E-16));
#9657=DIRECTION('ref_axis',(1.,0.,0.));
#9658=DIRECTION('',(0.,1.,-2.22044604925031E-16));
#9659=DIRECTION('center_axis',(0.,1.,-2.22044604925031E-16));
#9660=DIRECTION('ref_axis',(1.,0.,0.));
#9661=DIRECTION('center_axis',(0.,1.,-2.22044604925031E-16));
#9662=DIRECTION('ref_axis',(1.,0.,0.));
#9663=DIRECTION('',(0.,1.,-2.22044604925031E-16));
#9664=DIRECTION('center_axis',(0.,1.,-2.22044604925031E-16));
#9665=DIRECTION('ref_axis',(1.,0.,0.));
#9666=DIRECTION('center_axis',(0.,1.,-2.22044604925031E-16));
#9667=DIRECTION('ref_axis',(1.,0.,0.));
#9668=DIRECTION('',(0.,1.,-2.22044604925031E-16));
#9669=DIRECTION('center_axis',(0.,1.,-2.22044604925031E-16));
#9670=DIRECTION('ref_axis',(1.,0.,0.));
#9671=DIRECTION('center_axis',(0.,1.,-2.22044604925031E-16));
#9672=DIRECTION('ref_axis',(1.,0.,0.));
#9673=DIRECTION('',(0.,1.,-2.22044604925031E-16));
#9674=DIRECTION('center_axis',(0.,1.,-2.22044604925031E-16));
#9675=DIRECTION('ref_axis',(1.,0.,0.));
#9676=DIRECTION('center_axis',(0.,1.,-2.22044604925031E-16));
#9677=DIRECTION('ref_axis',(1.,0.,0.));
#9678=DIRECTION('',(0.,1.,-2.22044604925031E-16));
#9679=DIRECTION('center_axis',(0.,1.,-2.22044604925031E-16));
#9680=DIRECTION('ref_axis',(1.,0.,0.));
#9681=DIRECTION('center_axis',(0.,1.,-2.22044604925031E-16));
#9682=DIRECTION('ref_axis',(1.,0.,0.));
#9683=DIRECTION('',(0.,1.,-2.22044604925031E-16));
#9684=DIRECTION('center_axis',(0.,1.,-2.22044604925031E-16));
#9685=DIRECTION('ref_axis',(1.,0.,0.));
#9686=DIRECTION('center_axis',(0.,1.,-2.22044604925031E-16));
#9687=DIRECTION('ref_axis',(1.,0.,0.));
#9688=DIRECTION('',(0.,1.,-2.22044604925031E-16));
#9689=DIRECTION('center_axis',(0.,1.,-2.22044604925031E-16));
#9690=DIRECTION('ref_axis',(1.,0.,0.));
#9691=DIRECTION('',(0.,-2.22044604925031E-16,-1.));
#9692=DIRECTION('center_axis',(0.,-1.,2.22044604925031E-16));
#9693=DIRECTION('ref_axis',(-1.,-1.84889274661174E-31,-8.32667268468867E-16));
#9694=DIRECTION('',(-1.,1.23259514236731E-32,5.55111502386411E-17));
#9695=DIRECTION('center_axis',(0.,-1.,2.22044604925031E-16));
#9696=DIRECTION('ref_axis',(2.22044604925031E-15,2.22044604925031E-16,1.));
#9697=DIRECTION('',(-2.22044594998865E-15,2.22044604925031E-16,1.));
#9698=DIRECTION('center_axis',(0.,-1.,2.22044604925031E-16));
#9699=DIRECTION('ref_axis',(1.,-5.54667823983521E-31,-2.49800180540659E-15));
#9700=DIRECTION('',(1.,0.,0.));
#9701=DIRECTION('center_axis',(0.,-1.,2.22044604925031E-16));
#9702=DIRECTION('ref_axis',(0.,-2.22044604925031E-16,-1.));
#9703=DIRECTION('center_axis',(0.,1.,-2.22044604925031E-16));
#9704=DIRECTION('ref_axis',(1.,0.,0.));
#9705=DIRECTION('',(-1.,1.23259514236731E-32,5.55111502386411E-17));
#9706=DIRECTION('center_axis',(0.,-1.,2.22044604925031E-16));
#9707=DIRECTION('ref_axis',(2.22044604925031E-15,2.22044604925031E-16,1.));
#9708=DIRECTION('',(-2.22044594998865E-15,2.22044604925031E-16,1.));
#9709=DIRECTION('center_axis',(0.,-1.,2.22044604925031E-16));
#9710=DIRECTION('ref_axis',(1.,-5.54667823983521E-31,-2.49800180540659E-15));
#9711=DIRECTION('',(1.,0.,0.));
#9712=DIRECTION('center_axis',(0.,-1.,2.22044604925031E-16));
#9713=DIRECTION('ref_axis',(0.,-2.22044604925031E-16,-1.));
#9714=DIRECTION('',(0.,-2.22044604925031E-16,-1.));
#9715=DIRECTION('center_axis',(0.,-1.,2.22044604925031E-16));
#9716=DIRECTION('ref_axis',(-1.,-1.84889274661174E-31,-8.32667268468867E-16));
#9717=DIRECTION('center_axis',(0.,1.,-2.22044604925031E-16));
#9718=DIRECTION('ref_axis',(1.,0.,0.));
#9719=DIRECTION('center_axis',(0.,-1.,2.22044604925031E-16));
#9720=DIRECTION('ref_axis',(-0.232867583427885,-2.15940254939474E-16,-0.972508451679705));
#9721=DIRECTION('center_axis',(0.,1.,-2.22044604925031E-16));
#9722=DIRECTION('ref_axis',(0.999999999999018,3.11156661896809E-22,1.40132502657232E-6));
#9723=DIRECTION('center_axis',(0.,-1.,2.22044604925031E-16));
#9724=DIRECTION('ref_axis',(-0.232867583427885,-2.15940254939474E-16,-0.972508451679705));
#9725=DIRECTION('center_axis',(0.,-1.,2.22044604925031E-16));
#9726=DIRECTION('ref_axis',(-0.232867583427885,-2.15940254939474E-16,-0.972508451679705));
#9727=DIRECTION('center_axis',(0.,-1.,2.22044604925031E-16));
#9728=DIRECTION('ref_axis',(-0.232867583427885,-2.15940254939474E-16,-0.972508451679705));
#9729=DIRECTION('center_axis',(0.,1.,-2.22044604925031E-16));
#9730=DIRECTION('ref_axis',(-0.232867583427885,-2.15940254939474E-16,-0.972508451679705));
#9731=DIRECTION('',(0.,-1.,2.22044604925031E-16));
#9732=DIRECTION('center_axis',(0.,1.,-2.22044604925031E-16));
#9733=DIRECTION('ref_axis',(1.,0.,0.));
#9734=DIRECTION('center_axis',(0.,1.,-2.22044604925031E-16));
#9735=DIRECTION('ref_axis',(-0.821771326908562,-1.26524882760668E-16,-0.56981741485404));
#9736=DIRECTION('center_axis',(0.,1.,-2.22044604925031E-16));
#9737=DIRECTION('ref_axis',(-0.457401658201965,-1.97455432252805E-16,-0.889260211116011));
#9738=DIRECTION('center_axis',(0.,-1.,2.22044604925031E-16));
#9739=DIRECTION('ref_axis',(0.999999999999018,3.11156661896809E-22,1.40132502657232E-6));
#9740=DIRECTION('',(-2.41012823769434E-14,2.22044604925031E-16,1.));
#9741=DIRECTION('center_axis',(0.,1.,-2.22044604925031E-16));
#9742=DIRECTION('ref_axis',(-0.232867583427885,-2.15940254939474E-16,-0.972508451679705));
#9743=DIRECTION('center_axis',(0.,1.,-2.22044604925031E-16));
#9744=DIRECTION('ref_axis',(-0.192720401956357,-2.17882092739396E-16,-0.981253711671849));
#9745=DIRECTION('center_axis',(0.,1.,-2.22044604925031E-16));
#9746=DIRECTION('ref_axis',(0.554363680617379,-1.84802071380794E-16,-0.83227453980784));
#9747=DIRECTION('center_axis',(0.,1.,-2.22044604925031E-16));
#9748=DIRECTION('ref_axis',(0.805353374996005,-1.31626937074796E-16,-0.59279502476197));
#9749=DIRECTION('center_axis',(0.,1.,-2.22044604925031E-16));
#9750=DIRECTION('ref_axis',(0.966659500958708,-5.68579059483256E-17,-0.256065244041946));
#9751=DIRECTION('center_axis',(0.,1.,-2.22044604925031E-16));
#9752=DIRECTION('ref_axis',(0.966659500958708,-5.68579059483256E-17,-0.256065244041946));
#9753=DIRECTION('center_axis',(0.,1.,-2.22044604925031E-16));
#9754=DIRECTION('ref_axis',(0.966659500958708,-5.68579059483256E-17,-0.256065244041946));
#9755=DIRECTION('center_axis',(0.,1.,-2.22044604925031E-16));
#9756=DIRECTION('ref_axis',(0.966659500958708,-5.68579059483256E-17,-0.256065244041946));
#9757=DIRECTION('center_axis',(0.,1.,-2.22044604925031E-16));
#9758=DIRECTION('ref_axis',(0.966659500958708,-5.68579059483256E-17,-0.256065244041946));
#9759=DIRECTION('center_axis',(0.,1.,-2.22044604925031E-16));
#9760=DIRECTION('ref_axis',(0.966659500958708,-5.68579059483256E-17,-0.256065244041946));
#9761=DIRECTION('center_axis',(0.,1.,-2.22044604925031E-16));
#9762=DIRECTION('ref_axis',(0.966659500958708,-5.68579059483256E-17,-0.256065244041946));
#9763=DIRECTION('center_axis',(0.,1.,-2.22044604925031E-16));
#9764=DIRECTION('ref_axis',(0.976177442806604,-4.81778464872259E-17,-0.216973731487383));
#9765=DIRECTION('center_axis',(0.,1.,-2.22044604925031E-16));
#9766=DIRECTION('ref_axis',(0.978478425648057,4.58187148618705E-17,0.206349147178515));
#9767=DIRECTION('center_axis',(0.,1.,-2.22044604925031E-16));
#9768=DIRECTION('ref_axis',(0.897976615647248,9.77092134188266E-17,0.440043177143692));
#9769=DIRECTION('center_axis',(0.,1.,-2.22044604925031E-16));
#9770=DIRECTION('ref_axis',(0.698646772110643,1.58865534550688E-16,0.715466762204492));
#9771=DIRECTION('',(0.,-2.22044604925031E-16,-1.));
#9772=DIRECTION('center_axis',(0.,1.,-2.22044604925031E-16));
#9773=DIRECTION('ref_axis',(0.511556962325729,1.90791686176712E-16,0.85924936677083));
#9774=DIRECTION('',(0.,-2.22044604925031E-16,-1.));
#9775=DIRECTION('',(0.,-2.22044604925031E-16,-1.));
#9776=DIRECTION('center_axis',(1.,5.35155972357501E-30,2.41012823769434E-14));
#9777=DIRECTION('ref_axis',(2.41012823769434E-14,-2.22044604925031E-16,
-1.));
#9778=DIRECTION('',(2.41012823769434E-14,-2.22044604925031E-16,-1.));
#9779=DIRECTION('',(-2.41012823769434E-14,2.22044604925031E-16,1.));
#9780=DIRECTION('center_axis',(0.,1.,-2.22044604925031E-16));
#9781=DIRECTION('ref_axis',(0.511556962325729,1.90791686176712E-16,0.85924936677083));
#9782=DIRECTION('',(0.,-1.,2.22044604925031E-16));
#9783=DIRECTION('center_axis',(0.,1.,-2.22044604925031E-16));
#9784=DIRECTION('ref_axis',(0.511556962325729,1.90791686176712E-16,0.85924936677083));
#9785=DIRECTION('',(0.,-1.,2.22044604925031E-16));
#9786=DIRECTION('center_axis',(0.,1.,-2.22044604925031E-16));
#9787=DIRECTION('ref_axis',(0.511556962325729,1.90791686176712E-16,0.85924936677083));
#9788=DIRECTION('center_axis',(0.,1.,-2.22044604925031E-16));
#9789=DIRECTION('ref_axis',(0.511556962325729,1.90791686176712E-16,0.85924936677083));
#9790=DIRECTION('',(0.,-1.,2.22044604925031E-16));
#9791=DIRECTION('center_axis',(0.,1.,-2.22044604925031E-16));
#9792=DIRECTION('ref_axis',(0.511556962325729,1.90791686176712E-16,0.85924936677083));
#9793=DIRECTION('center_axis',(0.,1.,-2.22044604925031E-16));
#9794=DIRECTION('ref_axis',(0.511556962325729,1.90791686176712E-16,0.85924936677083));
#9795=DIRECTION('',(0.,-1.,2.22044604925031E-16));
#9796=DIRECTION('center_axis',(0.,1.,-2.22044604925031E-16));
#9797=DIRECTION('ref_axis',(0.966659500958708,-5.68579059483256E-17,-0.256065244041946));
#9798=DIRECTION('',(0.,-1.,2.22044604925031E-16));
#9799=DIRECTION('',(0.,-1.,2.22044604925031E-16));
#9800=DIRECTION('center_axis',(0.,1.,-2.22044604925031E-16));
#9801=DIRECTION('ref_axis',(0.966659500958708,-5.68579059483256E-17,-0.256065244041946));
#9802=DIRECTION('center_axis',(0.,1.,-2.22044604925031E-16));
#9803=DIRECTION('ref_axis',(0.16515206342611,-2.18995514089468E-16,-0.986268115649136));
#9804=DIRECTION('',(0.,1.,-2.22044604925031E-16));
#9805=DIRECTION('',(0.,-1.,2.22044604925031E-16));
#9806=DIRECTION('center_axis',(0.,1.,-2.22044604925031E-16));
#9807=DIRECTION('ref_axis',(0.16515206342611,-2.18995514089468E-16,-0.986268115649136));
#9808=DIRECTION('center_axis',(0.,1.,-2.22044604925031E-16));
#9809=DIRECTION('ref_axis',(0.554363680617379,-1.84802071380794E-16,-0.83227453980784));
#9810=DIRECTION('',(0.,-1.,2.22044604925031E-16));
#9811=DIRECTION('center_axis',(0.,1.,-2.22044604925031E-16));
#9812=DIRECTION('ref_axis',(0.554363680617379,-1.84802071380794E-16,-0.83227453980784));
#9813=DIRECTION('center_axis',(0.,1.,-2.22044604925031E-16));
#9814=DIRECTION('ref_axis',(0.805353374996005,-1.31626937074796E-16,-0.59279502476197));
#9815=DIRECTION('center_axis',(0.,1.,-2.22044604925031E-16));
#9816=DIRECTION('ref_axis',(0.805353374996005,-1.31626937074796E-16,-0.59279502476197));
#9817=DIRECTION('center_axis',(0.,1.,-2.22044604925031E-16));
#9818=DIRECTION('ref_axis',(0.966659500958708,-5.68579059483256E-17,-0.256065244041946));
#9819=DIRECTION('',(0.,-1.,2.22044604925031E-16));
#9820=DIRECTION('center_axis',(0.,1.,-2.22044604925031E-16));
#9821=DIRECTION('ref_axis',(0.966659500958708,-5.68579059483256E-17,-0.256065244041946));
#9822=DIRECTION('center_axis',(0.,1.,-2.22044604925031E-16));
#9823=DIRECTION('ref_axis',(0.966659500958708,-5.68579059483256E-17,-0.256065244041946));
#9824=DIRECTION('',(0.,-1.,2.22044604925031E-16));
#9825=DIRECTION('center_axis',(0.,1.,-2.22044604925031E-16));
#9826=DIRECTION('ref_axis',(0.966659500958708,-5.68579059483256E-17,-0.256065244041946));
#9827=DIRECTION('center_axis',(0.,1.,-2.22044604925031E-16));
#9828=DIRECTION('ref_axis',(0.966659500958708,-5.68579059483256E-17,-0.256065244041946));
#9829=DIRECTION('',(0.,-1.,2.22044604925031E-16));
#9830=DIRECTION('center_axis',(0.,1.,-2.22044604925031E-16));
#9831=DIRECTION('ref_axis',(0.966659500958708,-5.68579059483256E-17,-0.256065244041946));
#9832=DIRECTION('center_axis',(0.,1.,-2.22044604925031E-16));
#9833=DIRECTION('ref_axis',(0.966659500958708,-5.68579059483256E-17,-0.256065244041946));
#9834=DIRECTION('',(0.,-1.,2.22044604925031E-16));
#9835=DIRECTION('center_axis',(0.,1.,-2.22044604925031E-16));
#9836=DIRECTION('ref_axis',(0.966659500958708,-5.68579059483256E-17,-0.256065244041946));
#9837=DIRECTION('center_axis',(0.,1.,-2.22044604925031E-16));
#9838=DIRECTION('ref_axis',(0.966659500958708,-5.68579059483256E-17,-0.256065244041946));
#9839=DIRECTION('',(0.,-1.,2.22044604925031E-16));
#9840=DIRECTION('center_axis',(0.,1.,-2.22044604925031E-16));
#9841=DIRECTION('ref_axis',(0.966659500958708,-5.68579059483256E-17,-0.256065244041946));
#9842=DIRECTION('center_axis',(0.,1.,-2.22044604925031E-16));
#9843=DIRECTION('ref_axis',(0.966659500958708,-5.68579059483256E-17,-0.256065244041946));
#9844=DIRECTION('',(0.,-1.,2.22044604925031E-16));
#9845=DIRECTION('center_axis',(0.,1.,-2.22044604925031E-16));
#9846=DIRECTION('ref_axis',(0.966659500958708,-5.68579059483256E-17,-0.256065244041946));
#9847=DIRECTION('center_axis',(0.,1.,-2.22044604925031E-16));
#9848=DIRECTION('ref_axis',(0.966659500958708,-5.68579059483256E-17,-0.256065244041946));
#9849=DIRECTION('',(0.,-1.,2.22044604925031E-16));
#9850=DIRECTION('center_axis',(0.,1.,-2.22044604925031E-16));
#9851=DIRECTION('ref_axis',(0.966659500958708,-5.68579059483256E-17,-0.256065244041946));
#9852=DIRECTION('center_axis',(0.,1.,-2.22044604925031E-16));
#9853=DIRECTION('ref_axis',(0.976177442806604,-4.81778464872259E-17,-0.216973731487383));
#9854=DIRECTION('',(0.,-1.,2.22044604925031E-16));
#9855=DIRECTION('center_axis',(0.,1.,-2.22044604925031E-16));
#9856=DIRECTION('ref_axis',(0.976177442806604,-4.81778464872259E-17,-0.216973731487383));
#9857=DIRECTION('center_axis',(0.,1.,-2.22044604925031E-16));
#9858=DIRECTION('ref_axis',(0.978478425648057,4.58187148618705E-17,0.206349147178515));
#9859=DIRECTION('',(0.,-1.,2.22044604925031E-16));
#9860=DIRECTION('center_axis',(0.,1.,-2.22044604925031E-16));
#9861=DIRECTION('ref_axis',(0.978478425648057,4.58187148618705E-17,0.206349147178515));
#9862=DIRECTION('center_axis',(0.,1.,-2.22044604925031E-16));
#9863=DIRECTION('ref_axis',(0.897976615647248,9.77092134188266E-17,0.440043177143692));
#9864=DIRECTION('',(0.,-1.,2.22044604925031E-16));
#9865=DIRECTION('center_axis',(0.,1.,-2.22044604925031E-16));
#9866=DIRECTION('ref_axis',(0.897976615647248,9.77092134188266E-17,0.440043177143692));
#9867=DIRECTION('center_axis',(0.,1.,-2.22044604925031E-16));
#9868=DIRECTION('ref_axis',(0.698646772110643,1.58865534550688E-16,0.715466762204492));
#9869=DIRECTION('',(0.,-1.,2.22044604925031E-16));
#9870=DIRECTION('center_axis',(0.,1.,-2.22044604925031E-16));
#9871=DIRECTION('ref_axis',(0.698646772110643,1.58865534550688E-16,0.715466762204492));
#9872=DIRECTION('center_axis',(0.,1.,-2.22044604925031E-16));
#9873=DIRECTION('ref_axis',(0.511556962325729,1.90791686176712E-16,0.85924936677083));
#9874=DIRECTION('center_axis',(0.,1.,-2.22044604925031E-16));
#9875=DIRECTION('ref_axis',(0.511556962325729,1.90791686176712E-16,0.85924936677083));
#9876=DIRECTION('center_axis',(0.,1.,-2.22044604925031E-16));
#9877=DIRECTION('ref_axis',(0.0965565456825099,2.21007101645674E-16,0.995327500617692));
#9878=DIRECTION('',(0.,-1.,2.22044604925031E-16));
#9879=DIRECTION('center_axis',(0.,1.,-2.22044604925031E-16));
#9880=DIRECTION('ref_axis',(0.0965565456825099,2.21007101645674E-16,0.995327500617692));
#9881=DIRECTION('center_axis',(0.,1.,-2.22044604925031E-16));
#9882=DIRECTION('ref_axis',(-0.227159770052176,2.16239804817051E-16,0.973857504396738));
#9883=DIRECTION('',(0.,-1.,2.22044604925031E-16));
#9884=DIRECTION('center_axis',(0.,1.,-2.22044604925031E-16));
#9885=DIRECTION('ref_axis',(-0.227159770052176,2.16239804817051E-16,0.973857504396738));
#9886=DIRECTION('center_axis',(0.,1.,-2.22044604925031E-16));
#9887=DIRECTION('ref_axis',(-0.618119776352945,1.74545695261957E-16,0.786083928140873));
#9888=DIRECTION('',(0.,-1.,2.22044604925031E-16));
#9889=DIRECTION('center_axis',(0.,1.,-2.22044604925031E-16));
#9890=DIRECTION('ref_axis',(-0.618119776352945,1.74545695261957E-16,0.786083928140873));
#9891=DIRECTION('center_axis',(0.,1.,-2.22044604925031E-16));
#9892=DIRECTION('ref_axis',(-0.87975932698733,1.05564294324063E-16,0.475419316581478));
#9893=DIRECTION('',(0.,-1.,2.22044604925031E-16));
#9894=DIRECTION('center_axis',(0.,1.,-2.22044604925031E-16));
#9895=DIRECTION('ref_axis',(-0.87975932698733,1.05564294324063E-16,0.475419316581478));
#9896=DIRECTION('center_axis',(0.,1.,-2.22044604925031E-16));
#9897=DIRECTION('ref_axis',(-0.952439244658841,6.76633290545049E-17,0.304728543516515));
#9898=DIRECTION('',(0.,-1.,2.22044604925031E-16));
#9899=DIRECTION('center_axis',(0.,1.,-2.22044604925031E-16));
#9900=DIRECTION('ref_axis',(-0.952439244658841,6.76633290545049E-17,0.304728543516515));
#9901=DIRECTION('center_axis',(0.,1.,-2.22044604925031E-16));
#9902=DIRECTION('ref_axis',(-0.952439244658841,6.76633290545049E-17,0.304728543516515));
#9903=DIRECTION('',(0.,-1.,2.22044604925031E-16));
#9904=DIRECTION('center_axis',(0.,1.,-2.22044604925031E-16));
#9905=DIRECTION('ref_axis',(-0.952439244658841,6.76633290545049E-17,0.304728543516515));
#9906=DIRECTION('center_axis',(0.,1.,-2.22044604925031E-16));
#9907=DIRECTION('ref_axis',(-0.952439244658841,6.76633290545048E-17,0.304728543516515));
#9908=DIRECTION('',(0.,-1.,2.22044604925031E-16));
#9909=DIRECTION('center_axis',(0.,1.,-2.22044604925031E-16));
#9910=DIRECTION('ref_axis',(-0.952439244658841,6.76633290545048E-17,0.304728543516515));
#9911=DIRECTION('center_axis',(0.,1.,-2.22044604925031E-16));
#9912=DIRECTION('ref_axis',(-0.952439244658841,6.76633290545048E-17,0.304728543516515));
#9913=DIRECTION('',(0.,-1.,2.22044604925031E-16));
#9914=DIRECTION('center_axis',(0.,1.,-2.22044604925031E-16));
#9915=DIRECTION('ref_axis',(-0.952439244658841,6.76633290545048E-17,0.304728543516515));
#9916=DIRECTION('center_axis',(0.,1.,-2.22044604925031E-16));
#9917=DIRECTION('ref_axis',(-0.952439244658841,6.76633290545048E-17,0.304728543516515));
#9918=DIRECTION('',(0.,-1.,2.22044604925031E-16));
#9919=DIRECTION('center_axis',(0.,1.,-2.22044604925031E-16));
#9920=DIRECTION('ref_axis',(-0.952439244658841,6.76633290545048E-17,0.304728543516515));
#9921=DIRECTION('center_axis',(0.,1.,-2.22044604925031E-16));
#9922=DIRECTION('ref_axis',(-0.952439244658841,6.76633290545049E-17,0.304728543516515));
#9923=DIRECTION('',(0.,-1.,2.22044604925031E-16));
#9924=DIRECTION('center_axis',(0.,1.,-2.22044604925031E-16));
#9925=DIRECTION('ref_axis',(-0.952439244658841,6.76633290545049E-17,0.304728543516515));
#9926=DIRECTION('center_axis',(0.,1.,-2.22044604925031E-16));
#9927=DIRECTION('ref_axis',(-0.952439244658841,6.76633290545049E-17,0.304728543516515));
#9928=DIRECTION('center_axis',(0.,1.,-2.22044604925031E-16));
#9929=DIRECTION('ref_axis',(-0.952439244658841,6.76633290545049E-17,0.304728543516515));
#9930=DIRECTION('center_axis',(0.,1.,-2.22044604925031E-16));
#9931=DIRECTION('ref_axis',(-0.192720401956357,-2.17882092739396E-16,-0.981253711671849));
#9932=DIRECTION('center_axis',(0.,1.,-2.22044604925031E-16));
#9933=DIRECTION('ref_axis',(-0.192720401956357,-2.17882092739396E-16,-0.981253711671849));
#9934=DIRECTION('center_axis',(0.,1.,-2.22044604925031E-16));
#9935=DIRECTION('ref_axis',(1.,0.,0.));
#9936=DIRECTION('center_axis',(0.,-1.,2.22044604925031E-16));
#9937=DIRECTION('ref_axis',(0.999999999999018,3.11156661896809E-22,1.40132502657232E-6));
#9938=DIRECTION('center_axis',(-1.,0.,0.));
#9939=DIRECTION('ref_axis',(0.,2.22044604925031E-16,1.));
#9940=DIRECTION('center_axis',(-1.,0.,0.));
#9941=DIRECTION('ref_axis',(0.,2.22044604925031E-16,1.));
#9942=DIRECTION('',(0.,1.,-2.22044604925031E-16));
#9943=DIRECTION('center_axis',(0.,1.,-2.22044604925031E-16));
#9944=DIRECTION('ref_axis',(0.511556962325729,1.90791686176712E-16,0.85924936677083));
#9945=DIRECTION('',(0.,1.,-2.22044604925031E-16));
#9946=DIRECTION('center_axis',(-1.,0.,0.));
#9947=DIRECTION('ref_axis',(0.,2.22044604925031E-16,1.));
#9948=DIRECTION('center_axis',(0.,1.,-2.22044604925031E-16));
#9949=DIRECTION('ref_axis',(0.698646772110643,1.58865534550688E-16,0.715466762204492));
#9950=DIRECTION('',(0.,1.,-2.22044604925031E-16));
#9951=DIRECTION('center_axis',(0.,1.,-2.22044604925031E-16));
#9952=DIRECTION('ref_axis',(0.897976615647248,9.77092134188266E-17,0.440043177143692));
#9953=DIRECTION('',(0.,1.,-2.22044604925031E-16));
#9954=DIRECTION('center_axis',(0.,1.,-2.22044604925031E-16));
#9955=DIRECTION('ref_axis',(0.978478425648057,4.58187148618705E-17,0.206349147178515));
#9956=DIRECTION('',(0.,1.,-2.22044604925031E-16));
#9957=DIRECTION('center_axis',(0.,1.,-2.22044604925031E-16));
#9958=DIRECTION('ref_axis',(0.976177442806604,-4.81778464872259E-17,-0.216973731487383));
#9959=DIRECTION('',(0.,1.,-2.22044604925031E-16));
#9960=DIRECTION('center_axis',(0.,1.,-2.22044604925031E-16));
#9961=DIRECTION('ref_axis',(0.966659500958708,-5.68579059483256E-17,-0.256065244041946));
#9962=DIRECTION('',(0.,1.,-2.22044604925031E-16));
#9963=DIRECTION('center_axis',(0.,1.,-2.22044604925031E-16));
#9964=DIRECTION('ref_axis',(0.966659500958708,-5.68579059483256E-17,-0.256065244041946));
#9965=DIRECTION('',(0.,1.,-2.22044604925031E-16));
#9966=DIRECTION('center_axis',(0.,1.,-2.22044604925031E-16));
#9967=DIRECTION('ref_axis',(0.966659500958708,-5.68579059483256E-17,-0.256065244041946));
#9968=DIRECTION('',(0.,1.,-2.22044604925031E-16));
#9969=DIRECTION('center_axis',(0.,1.,-2.22044604925031E-16));
#9970=DIRECTION('ref_axis',(0.966659500958708,-5.68579059483256E-17,-0.256065244041946));
#9971=DIRECTION('',(0.,1.,-2.22044604925031E-16));
#9972=DIRECTION('center_axis',(0.,1.,-2.22044604925031E-16));
#9973=DIRECTION('ref_axis',(0.966659500958708,-5.68579059483256E-17,-0.256065244041946));
#9974=DIRECTION('',(0.,1.,-2.22044604925031E-16));
#9975=DIRECTION('center_axis',(0.,1.,-2.22044604925031E-16));
#9976=DIRECTION('ref_axis',(0.966659500958708,-5.68579059483256E-17,-0.256065244041946));
#9977=DIRECTION('',(0.,1.,-2.22044604925031E-16));
#9978=DIRECTION('center_axis',(0.,1.,-2.22044604925031E-16));
#9979=DIRECTION('ref_axis',(0.966659500958708,-5.68579059483256E-17,-0.256065244041946));
#9980=DIRECTION('center_axis',(0.,1.,-2.22044604925031E-16));
#9981=DIRECTION('ref_axis',(0.805353374996005,-1.31626937074796E-16,-0.59279502476197));
#9982=DIRECTION('',(0.,1.,-2.22044604925031E-16));
#9983=DIRECTION('center_axis',(0.,1.,-2.22044604925031E-16));
#9984=DIRECTION('ref_axis',(0.554363680617379,-1.84802071380794E-16,-0.83227453980784));
#9985=DIRECTION('center_axis',(0.,2.22044604925031E-16,1.));
#9986=DIRECTION('ref_axis',(1.,0.,0.));
#9987=DIRECTION('',(0.,1.,-2.22044604925031E-16));
#9988=DIRECTION('',(0.,1.,-2.22044604925031E-16));
#9989=DIRECTION('center_axis',(0.,1.,-2.22044604925031E-16));
#9990=DIRECTION('ref_axis',(1.,-5.54667823983521E-31,-2.49800180540659E-15));
#9991=DIRECTION('',(0.,1.,-2.22044604925031E-16));
#9992=DIRECTION('center_axis',(-1.,-4.93038043722615E-31,-2.22044594998865E-15));
#9993=DIRECTION('ref_axis',(-2.22044594998865E-15,2.22044604925031E-16,
1.));
#9994=DIRECTION('',(0.,1.,-2.22044604925031E-16));
#9995=DIRECTION('center_axis',(0.,1.,-2.22044604925031E-16));
#9996=DIRECTION('ref_axis',(2.22044604925031E-15,2.22044604925031E-16,1.));
#9997=DIRECTION('',(0.,1.,-2.22044604925031E-16));
#9998=DIRECTION('center_axis',(-1.,-4.93038043722615E-31,-2.22044594998865E-15));
#9999=DIRECTION('ref_axis',(-2.22044594998865E-15,2.22044604925031E-16,
1.));
#10000=DIRECTION('',(0.,1.,-2.22044604925031E-16));
#10001=DIRECTION('',(0.,1.,-2.22044604925031E-16));
#10002=DIRECTION('center_axis',(0.,1.,-2.22044604925031E-16));
#10003=DIRECTION('ref_axis',(2.22044604925031E-15,2.22044604925031E-16,
1.));
#10004=DIRECTION('',(0.,1.,-2.22044604925031E-16));
#10005=DIRECTION('center_axis',(-5.55111502386411E-17,-2.22044604925031E-16,
-1.));
#10006=DIRECTION('ref_axis',(-1.,1.23259514236731E-32,5.55111502386411E-17));
#10007=DIRECTION('',(0.,1.,-2.22044604925031E-16));
#10008=DIRECTION('center_axis',(0.,1.,-2.22044604925031E-16));
#10009=DIRECTION('ref_axis',(-1.,-1.84889274661174E-31,-8.32667268468867E-16));
#10010=DIRECTION('',(0.,1.,-2.22044604925031E-16));
#10011=DIRECTION('center_axis',(0.,1.,-2.22044604925031E-16));
#10012=DIRECTION('ref_axis',(-0.821771326908562,-1.26524882760668E-16,-0.56981741485404));
#10013=DIRECTION('',(0.,1.,-2.22044604925031E-16));
#10014=DIRECTION('center_axis',(0.,1.,-2.22044604925031E-16));
#10015=DIRECTION('ref_axis',(-0.457401658201965,-1.97455432252805E-16,-0.889260211116011));
#10016=DIRECTION('',(0.,1.,-2.22044604925031E-16));
#10017=DIRECTION('center_axis',(0.,1.,-2.22044604925031E-16));
#10018=DIRECTION('ref_axis',(0.999999999999018,3.11156661896809E-22,1.40132502657232E-6));
#10019=DIRECTION('',(0.,1.,-2.22044604925031E-16));
#10020=DIRECTION('center_axis',(0.,1.,-2.22044604925031E-16));
#10021=DIRECTION('ref_axis',(-0.232867583427885,-2.15940254939474E-16,-0.972508451679705));
#10022=DIRECTION('center_axis',(1.,5.35155972357501E-30,2.41012823769434E-14));
#10023=DIRECTION('ref_axis',(2.41012823769434E-14,-2.22044604925031E-16,
-1.));
#10024=DIRECTION('',(0.,1.,-2.22044604925031E-16));
#10025=DIRECTION('center_axis',(0.,1.,-2.22044604925031E-16));
#10026=DIRECTION('ref_axis',(-0.232867583427885,-2.15940254939474E-16,-0.972508451679705));
#10027=DIRECTION('center_axis',(0.,1.,-2.22044604925031E-16));
#10028=DIRECTION('ref_axis',(-0.192720401956357,-2.17882092739396E-16,-0.981253711671849));
#10029=DIRECTION('center_axis',(-5.55111502386411E-17,-2.22044604925031E-16,
-1.));
#10030=DIRECTION('ref_axis',(-1.,1.23259514236731E-32,5.55111502386411E-17));
#10031=DIRECTION('',(0.,1.,-2.22044604925031E-16));
#10032=DIRECTION('center_axis',(0.,1.,-2.22044604925031E-16));
#10033=DIRECTION('ref_axis',(0.,-2.22044604925031E-16,-1.));
#10034=DIRECTION('',(0.,1.,-2.22044604925031E-16));
#10035=DIRECTION('center_axis',(1.,0.,0.));
#10036=DIRECTION('ref_axis',(0.,-2.22044604925031E-16,-1.));
#10037=DIRECTION('',(0.,1.,-2.22044604925031E-16));
#10038=DIRECTION('center_axis',(0.,1.,-2.22044604925031E-16));
#10039=DIRECTION('ref_axis',(-1.,-1.84889274661174E-31,-8.32667268468867E-16));
#10040=DIRECTION('center_axis',(1.,0.,0.));
#10041=DIRECTION('ref_axis',(0.,-2.22044604925031E-16,-1.));
#10042=DIRECTION('',(0.,1.,-2.22044604925031E-16));
#10043=DIRECTION('center_axis',(0.,1.,-2.22044604925031E-16));
#10044=DIRECTION('ref_axis',(1.,-5.54667823983521E-31,-2.49800180540659E-15));
#10045=DIRECTION('',(0.,1.,-2.22044604925031E-16));
#10046=DIRECTION('center_axis',(0.,2.22044604925031E-16,1.));
#10047=DIRECTION('ref_axis',(1.,0.,0.));
#10048=DIRECTION('',(0.,1.,-2.22044604925031E-16));
#10049=DIRECTION('center_axis',(0.,1.,-2.22044604925031E-16));
#10050=DIRECTION('ref_axis',(0.,-2.22044604925031E-16,-1.));
#10051=DIRECTION('center_axis',(0.,1.,-2.22044604925031E-16));
#10052=DIRECTION('ref_axis',(1.,0.,0.));
#10053=DIRECTION('center_axis',(0.,1.,0.));
#10054=DIRECTION('ref_axis',(0.,0.,1.));
#10055=DIRECTION('center_axis',(0.,-1.,0.));
#10056=DIRECTION('ref_axis',(2.22044604925031E-16,0.,1.));
#10057=DIRECTION('center_axis',(0.,-1.,0.));
#10058=DIRECTION('ref_axis',(2.22044604925031E-16,0.,1.));
#10059=DIRECTION('center_axis',(-1.,0.,0.));
#10060=DIRECTION('ref_axis',(0.,0.,-1.));
#10061=DIRECTION('center_axis',(0.,-1.,0.));
#10062=DIRECTION('ref_axis',(-2.22044604925031E-16,0.,-1.));
#10063=DIRECTION('center_axis',(0.,-1.,0.));
#10064=DIRECTION('ref_axis',(-2.22044604925031E-16,0.,-1.));
#10065=DIRECTION('center_axis',(0.,-1.,0.));
#10066=DIRECTION('ref_axis',(-2.22044604925031E-16,0.,-1.));
#10067=DIRECTION('',(0.,1.,0.));
#10068=DIRECTION('center_axis',(0.,1.,0.));
#10069=DIRECTION('ref_axis',(-2.22044604925031E-16,0.,-1.));
#10070=DIRECTION('center_axis',(-2.22044604925031E-16,1.,4.93038065763132E-32));
#10071=DIRECTION('ref_axis',(-2.22044604925031E-16,0.,-1.));
#10072=DIRECTION('center_axis',(-2.22044604925031E-16,1.,4.93038065763132E-32));
#10073=DIRECTION('ref_axis',(-2.22044604925031E-16,0.,-1.));
#10074=DIRECTION('',(-2.22044604925031E-16,1.,4.93038065763132E-32));
#10075=DIRECTION('center_axis',(2.22044604925031E-16,-1.,-4.93038065763132E-32));
#10076=DIRECTION('ref_axis',(-2.22044604925031E-16,0.,-1.));
#10077=DIRECTION('center_axis',(-2.22044604925031E-16,1.,4.93038065763132E-32));
#10078=DIRECTION('ref_axis',(-2.22044604925031E-16,0.,-1.));
#10079=DIRECTION('center_axis',(-2.22044604925031E-16,1.,4.93038065763132E-32));
#10080=DIRECTION('ref_axis',(-2.22044604925031E-16,0.,-1.));
#10081=DIRECTION('',(-2.22044604925031E-16,1.,4.93038065763132E-32));
#10082=DIRECTION('center_axis',(2.22044604925031E-16,-1.,-4.93038065763132E-32));
#10083=DIRECTION('ref_axis',(-2.22044604925031E-16,0.,-1.));
#10084=DIRECTION('center_axis',(-2.22044604925031E-16,1.,4.93038065763132E-32));
#10085=DIRECTION('ref_axis',(-2.22044604925031E-16,0.,-1.));
#10086=DIRECTION('center_axis',(-2.22044604925031E-16,1.,4.93038065763132E-32));
#10087=DIRECTION('ref_axis',(-2.22044604925031E-16,0.,-1.));
#10088=DIRECTION('',(-2.22044604925031E-16,1.,4.93038065763132E-32));
#10089=DIRECTION('center_axis',(2.22044604925031E-16,-1.,-4.93038065763132E-32));
#10090=DIRECTION('ref_axis',(-2.22044604925031E-16,0.,-1.));
#10091=DIRECTION('center_axis',(-2.22044604925031E-16,1.,4.93038065763132E-32));
#10092=DIRECTION('ref_axis',(-2.22044604925031E-16,0.,-1.));
#10093=DIRECTION('center_axis',(-2.22044604925031E-16,1.,4.93038065763132E-32));
#10094=DIRECTION('ref_axis',(-2.22044604925031E-16,0.,-1.));
#10095=DIRECTION('',(-2.22044604925031E-16,1.,4.93038065763132E-32));
#10096=DIRECTION('center_axis',(2.22044604925031E-16,-1.,-4.93038065763132E-32));
#10097=DIRECTION('ref_axis',(-2.22044604925031E-16,0.,-1.));
#10098=DIRECTION('center_axis',(-2.22044604925031E-16,1.,4.93038065763132E-32));
#10099=DIRECTION('ref_axis',(-2.22044604925031E-16,0.,-1.));
#10100=DIRECTION('center_axis',(-2.22044604925031E-16,1.,4.93038065763132E-32));
#10101=DIRECTION('ref_axis',(-2.22044604925031E-16,0.,-1.));
#10102=DIRECTION('',(-2.22044604925031E-16,1.,4.93038065763132E-32));
#10103=DIRECTION('center_axis',(2.22044604925031E-16,-1.,-4.93038065763132E-32));
#10104=DIRECTION('ref_axis',(-2.22044604925031E-16,0.,-1.));
#10105=DIRECTION('center_axis',(-2.22044604925031E-16,1.,4.93038065763132E-32));
#10106=DIRECTION('ref_axis',(-2.22044604925031E-16,0.,-1.));
#10107=DIRECTION('center_axis',(-2.22044604925031E-16,1.,4.93038065763132E-32));
#10108=DIRECTION('ref_axis',(-2.22044604925031E-16,0.,-1.));
#10109=DIRECTION('',(-2.22044604925031E-16,1.,4.93038065763132E-32));
#10110=DIRECTION('center_axis',(2.22044604925031E-16,-1.,-4.93038065763132E-32));
#10111=DIRECTION('ref_axis',(-2.22044604925031E-16,0.,-1.));
#10112=DIRECTION('center_axis',(-2.22044604925031E-16,1.,4.93038065763132E-32));
#10113=DIRECTION('ref_axis',(-2.22044604925031E-16,0.,-1.));
#10114=DIRECTION('center_axis',(2.22044604925031E-16,-1.,-4.93038065763132E-32));
#10115=DIRECTION('ref_axis',(-2.22044604925031E-16,0.,-1.));
#10116=DIRECTION('',(-2.22044604925031E-16,1.,4.93038065763132E-32));
#10117=DIRECTION('center_axis',(2.22044604925031E-16,-1.,-4.93038065763132E-32));
#10118=DIRECTION('ref_axis',(-2.22044604925031E-16,0.,-1.));
#10119=DIRECTION('center_axis',(-2.22044604925031E-16,1.,4.93038065763132E-32));
#10120=DIRECTION('ref_axis',(-2.22044604925031E-16,0.,-1.));
#10121=DIRECTION('center_axis',(-2.22044604925031E-16,1.,4.93038065763132E-32));
#10122=DIRECTION('ref_axis',(-2.22044604925031E-16,0.,-1.));
#10123=DIRECTION('',(2.22044604925031E-16,-1.,-4.93038065763132E-32));
#10124=DIRECTION('center_axis',(-2.22044604925031E-16,1.,4.93038065763132E-32));
#10125=DIRECTION('ref_axis',(-2.22044604925031E-16,0.,-1.));
#10126=DIRECTION('center_axis',(-2.22044604925031E-16,1.,4.93038065763132E-32));
#10127=DIRECTION('ref_axis',(-2.22044604925031E-16,0.,-1.));
#10128=DIRECTION('center_axis',(-2.22044604925031E-16,1.,4.93038065763132E-32));
#10129=DIRECTION('ref_axis',(-2.22044604925031E-16,0.,-1.));
#10130=DIRECTION('center_axis',(0.,1.,0.));
#10131=DIRECTION('ref_axis',(0.,0.,1.));
#10132=DIRECTION('center_axis',(0.,-1.,0.));
#10133=DIRECTION('ref_axis',(2.22044604925031E-16,0.,1.));
#10134=DIRECTION('center_axis',(0.,-1.,0.));
#10135=DIRECTION('ref_axis',(2.22044604925031E-16,0.,1.));
#10136=DIRECTION('center_axis',(-1.,0.,0.));
#10137=DIRECTION('ref_axis',(0.,0.,-1.));
#10138=DIRECTION('center_axis',(0.,-1.,0.));
#10139=DIRECTION('ref_axis',(-2.22044604925031E-16,0.,-1.));
#10140=DIRECTION('center_axis',(0.,-1.,0.));
#10141=DIRECTION('ref_axis',(-2.22044604925031E-16,0.,-1.));
#10142=DIRECTION('center_axis',(0.,-1.,0.));
#10143=DIRECTION('ref_axis',(-2.22044604925031E-16,0.,-1.));
#10144=DIRECTION('',(0.,1.,0.));
#10145=DIRECTION('center_axis',(0.,1.,0.));
#10146=DIRECTION('ref_axis',(-2.22044604925031E-16,0.,-1.));
#10147=DIRECTION('center_axis',(-2.22044604925031E-16,1.,4.93038065763132E-32));
#10148=DIRECTION('ref_axis',(-2.22044604925031E-16,0.,-1.));
#10149=DIRECTION('center_axis',(-2.22044604925031E-16,1.,4.93038065763132E-32));
#10150=DIRECTION('ref_axis',(-2.22044604925031E-16,0.,-1.));
#10151=DIRECTION('',(-2.22044604925031E-16,1.,4.93038065763132E-32));
#10152=DIRECTION('center_axis',(2.22044604925031E-16,-1.,-4.93038065763132E-32));
#10153=DIRECTION('ref_axis',(-2.22044604925031E-16,0.,-1.));
#10154=DIRECTION('center_axis',(-2.22044604925031E-16,1.,4.93038065763132E-32));
#10155=DIRECTION('ref_axis',(-2.22044604925031E-16,0.,-1.));
#10156=DIRECTION('center_axis',(-2.22044604925031E-16,1.,4.93038065763132E-32));
#10157=DIRECTION('ref_axis',(-2.22044604925031E-16,0.,-1.));
#10158=DIRECTION('',(-2.22044604925031E-16,1.,4.93038065763132E-32));
#10159=DIRECTION('center_axis',(2.22044604925031E-16,-1.,-4.93038065763132E-32));
#10160=DIRECTION('ref_axis',(-2.22044604925031E-16,0.,-1.));
#10161=DIRECTION('center_axis',(-2.22044604925031E-16,1.,4.93038065763132E-32));
#10162=DIRECTION('ref_axis',(-2.22044604925031E-16,0.,-1.));
#10163=DIRECTION('center_axis',(-2.22044604925031E-16,1.,4.93038065763132E-32));
#10164=DIRECTION('ref_axis',(-2.22044604925031E-16,0.,-1.));
#10165=DIRECTION('',(-2.22044604925031E-16,1.,4.93038065763132E-32));
#10166=DIRECTION('center_axis',(2.22044604925031E-16,-1.,-4.93038065763132E-32));
#10167=DIRECTION('ref_axis',(-2.22044604925031E-16,0.,-1.));
#10168=DIRECTION('center_axis',(-2.22044604925031E-16,1.,4.93038065763132E-32));
#10169=DIRECTION('ref_axis',(-2.22044604925031E-16,0.,-1.));
#10170=DIRECTION('center_axis',(-2.22044604925031E-16,1.,4.93038065763132E-32));
#10171=DIRECTION('ref_axis',(-2.22044604925031E-16,0.,-1.));
#10172=DIRECTION('',(-2.22044604925031E-16,1.,4.93038065763132E-32));
#10173=DIRECTION('center_axis',(2.22044604925031E-16,-1.,-4.93038065763132E-32));
#10174=DIRECTION('ref_axis',(-2.22044604925031E-16,0.,-1.));
#10175=DIRECTION('center_axis',(-2.22044604925031E-16,1.,4.93038065763132E-32));
#10176=DIRECTION('ref_axis',(-2.22044604925031E-16,0.,-1.));
#10177=DIRECTION('center_axis',(-2.22044604925031E-16,1.,4.93038065763132E-32));
#10178=DIRECTION('ref_axis',(-2.22044604925031E-16,0.,-1.));
#10179=DIRECTION('',(-2.22044604925031E-16,1.,4.93038065763132E-32));
#10180=DIRECTION('center_axis',(2.22044604925031E-16,-1.,-4.93038065763132E-32));
#10181=DIRECTION('ref_axis',(-2.22044604925031E-16,0.,-1.));
#10182=DIRECTION('center_axis',(-2.22044604925031E-16,1.,4.93038065763132E-32));
#10183=DIRECTION('ref_axis',(-2.22044604925031E-16,0.,-1.));
#10184=DIRECTION('center_axis',(-2.22044604925031E-16,1.,4.93038065763132E-32));
#10185=DIRECTION('ref_axis',(-2.22044604925031E-16,0.,-1.));
#10186=DIRECTION('',(-2.22044604925031E-16,1.,4.93038065763132E-32));
#10187=DIRECTION('center_axis',(2.22044604925031E-16,-1.,-4.93038065763132E-32));
#10188=DIRECTION('ref_axis',(-2.22044604925031E-16,0.,-1.));
#10189=DIRECTION('center_axis',(-2.22044604925031E-16,1.,4.93038065763132E-32));
#10190=DIRECTION('ref_axis',(-2.22044604925031E-16,0.,-1.));
#10191=DIRECTION('center_axis',(2.22044604925031E-16,-1.,-4.93038065763132E-32));
#10192=DIRECTION('ref_axis',(-2.22044604925031E-16,0.,-1.));
#10193=DIRECTION('',(-2.22044604925031E-16,1.,4.93038065763132E-32));
#10194=DIRECTION('center_axis',(2.22044604925031E-16,-1.,-4.93038065763132E-32));
#10195=DIRECTION('ref_axis',(-2.22044604925031E-16,0.,-1.));
#10196=DIRECTION('center_axis',(-2.22044604925031E-16,1.,4.93038065763132E-32));
#10197=DIRECTION('ref_axis',(-2.22044604925031E-16,0.,-1.));
#10198=DIRECTION('center_axis',(-2.22044604925031E-16,1.,4.93038065763132E-32));
#10199=DIRECTION('ref_axis',(-2.22044604925031E-16,0.,-1.));
#10200=DIRECTION('',(2.22044604925031E-16,-1.,-4.93038065763132E-32));
#10201=DIRECTION('center_axis',(-2.22044604925031E-16,1.,4.93038065763132E-32));
#10202=DIRECTION('ref_axis',(-2.22044604925031E-16,0.,-1.));
#10203=DIRECTION('center_axis',(-2.22044604925031E-16,1.,4.93038065763132E-32));
#10204=DIRECTION('ref_axis',(-2.22044604925031E-16,0.,-1.));
#10205=DIRECTION('center_axis',(-2.22044604925031E-16,1.,4.93038065763132E-32));
#10206=DIRECTION('ref_axis',(-2.22044604925031E-16,0.,-1.));
#10207=DIRECTION('center_axis',(0.,1.,0.));
#10208=DIRECTION('ref_axis',(0.,0.,1.));
#10209=DIRECTION('center_axis',(0.,-1.,0.));
#10210=DIRECTION('ref_axis',(2.22044604925031E-16,0.,1.));
#10211=DIRECTION('center_axis',(0.,-1.,0.));
#10212=DIRECTION('ref_axis',(2.22044604925031E-16,0.,1.));
#10213=DIRECTION('center_axis',(-1.,0.,0.));
#10214=DIRECTION('ref_axis',(0.,0.,-1.));
#10215=DIRECTION('center_axis',(0.,-1.,0.));
#10216=DIRECTION('ref_axis',(-2.22044604925031E-16,0.,-1.));
#10217=DIRECTION('center_axis',(0.,-1.,0.));
#10218=DIRECTION('ref_axis',(-2.22044604925031E-16,0.,-1.));
#10219=DIRECTION('center_axis',(0.,-1.,0.));
#10220=DIRECTION('ref_axis',(-2.22044604925031E-16,0.,-1.));
#10221=DIRECTION('',(0.,1.,0.));
#10222=DIRECTION('center_axis',(0.,1.,0.));
#10223=DIRECTION('ref_axis',(-2.22044604925031E-16,0.,-1.));
#10224=DIRECTION('center_axis',(-2.22044604925031E-16,1.,4.93038065763132E-32));
#10225=DIRECTION('ref_axis',(-2.22044604925031E-16,0.,-1.));
#10226=DIRECTION('center_axis',(-2.22044604925031E-16,1.,4.93038065763132E-32));
#10227=DIRECTION('ref_axis',(-2.22044604925031E-16,0.,-1.));
#10228=DIRECTION('',(-2.22044604925031E-16,1.,4.93038065763132E-32));
#10229=DIRECTION('center_axis',(2.22044604925031E-16,-1.,-4.93038065763132E-32));
#10230=DIRECTION('ref_axis',(-2.22044604925031E-16,0.,-1.));
#10231=DIRECTION('center_axis',(-2.22044604925031E-16,1.,4.93038065763132E-32));
#10232=DIRECTION('ref_axis',(-2.22044604925031E-16,0.,-1.));
#10233=DIRECTION('center_axis',(-2.22044604925031E-16,1.,4.93038065763132E-32));
#10234=DIRECTION('ref_axis',(-2.22044604925031E-16,0.,-1.));
#10235=DIRECTION('',(-2.22044604925031E-16,1.,4.93038065763132E-32));
#10236=DIRECTION('center_axis',(2.22044604925031E-16,-1.,-4.93038065763132E-32));
#10237=DIRECTION('ref_axis',(-2.22044604925031E-16,0.,-1.));
#10238=DIRECTION('center_axis',(-2.22044604925031E-16,1.,4.93038065763132E-32));
#10239=DIRECTION('ref_axis',(-2.22044604925031E-16,0.,-1.));
#10240=DIRECTION('center_axis',(-2.22044604925031E-16,1.,4.93038065763132E-32));
#10241=DIRECTION('ref_axis',(-2.22044604925031E-16,0.,-1.));
#10242=DIRECTION('',(-2.22044604925031E-16,1.,4.93038065763132E-32));
#10243=DIRECTION('center_axis',(2.22044604925031E-16,-1.,-4.93038065763132E-32));
#10244=DIRECTION('ref_axis',(-2.22044604925031E-16,0.,-1.));
#10245=DIRECTION('center_axis',(-2.22044604925031E-16,1.,4.93038065763132E-32));
#10246=DIRECTION('ref_axis',(-2.22044604925031E-16,0.,-1.));
#10247=DIRECTION('center_axis',(-2.22044604925031E-16,1.,4.93038065763132E-32));
#10248=DIRECTION('ref_axis',(-2.22044604925031E-16,0.,-1.));
#10249=DIRECTION('',(-2.22044604925031E-16,1.,4.93038065763132E-32));
#10250=DIRECTION('center_axis',(2.22044604925031E-16,-1.,-4.93038065763132E-32));
#10251=DIRECTION('ref_axis',(-2.22044604925031E-16,0.,-1.));
#10252=DIRECTION('center_axis',(-2.22044604925031E-16,1.,4.93038065763132E-32));
#10253=DIRECTION('ref_axis',(-2.22044604925031E-16,0.,-1.));
#10254=DIRECTION('center_axis',(-2.22044604925031E-16,1.,4.93038065763132E-32));
#10255=DIRECTION('ref_axis',(-2.22044604925031E-16,0.,-1.));
#10256=DIRECTION('',(-2.22044604925031E-16,1.,4.93038065763132E-32));
#10257=DIRECTION('center_axis',(2.22044604925031E-16,-1.,-4.93038065763132E-32));
#10258=DIRECTION('ref_axis',(-2.22044604925031E-16,0.,-1.));
#10259=DIRECTION('center_axis',(-2.22044604925031E-16,1.,4.93038065763132E-32));
#10260=DIRECTION('ref_axis',(-2.22044604925031E-16,0.,-1.));
#10261=DIRECTION('center_axis',(-2.22044604925031E-16,1.,4.93038065763132E-32));
#10262=DIRECTION('ref_axis',(-2.22044604925031E-16,0.,-1.));
#10263=DIRECTION('',(-2.22044604925031E-16,1.,4.93038065763132E-32));
#10264=DIRECTION('center_axis',(2.22044604925031E-16,-1.,-4.93038065763132E-32));
#10265=DIRECTION('ref_axis',(-2.22044604925031E-16,0.,-1.));
#10266=DIRECTION('center_axis',(-2.22044604925031E-16,1.,4.93038065763132E-32));
#10267=DIRECTION('ref_axis',(-2.22044604925031E-16,0.,-1.));
#10268=DIRECTION('center_axis',(2.22044604925031E-16,-1.,-4.93038065763132E-32));
#10269=DIRECTION('ref_axis',(-2.22044604925031E-16,0.,-1.));
#10270=DIRECTION('',(-2.22044604925031E-16,1.,4.93038065763132E-32));
#10271=DIRECTION('center_axis',(2.22044604925031E-16,-1.,-4.93038065763132E-32));
#10272=DIRECTION('ref_axis',(-2.22044604925031E-16,0.,-1.));
#10273=DIRECTION('center_axis',(-2.22044604925031E-16,1.,4.93038065763132E-32));
#10274=DIRECTION('ref_axis',(-2.22044604925031E-16,0.,-1.));
#10275=DIRECTION('center_axis',(-2.22044604925031E-16,1.,4.93038065763132E-32));
#10276=DIRECTION('ref_axis',(-2.22044604925031E-16,0.,-1.));
#10277=DIRECTION('',(2.22044604925031E-16,-1.,-4.93038065763132E-32));
#10278=DIRECTION('center_axis',(-2.22044604925031E-16,1.,4.93038065763132E-32));
#10279=DIRECTION('ref_axis',(-2.22044604925031E-16,0.,-1.));
#10280=DIRECTION('center_axis',(-2.22044604925031E-16,1.,4.93038065763132E-32));
#10281=DIRECTION('ref_axis',(-2.22044604925031E-16,0.,-1.));
#10282=DIRECTION('center_axis',(-2.22044604925031E-16,1.,4.93038065763132E-32));
#10283=DIRECTION('ref_axis',(-2.22044604925031E-16,0.,-1.));
#10284=DIRECTION('center_axis',(0.,1.,0.));
#10285=DIRECTION('ref_axis',(0.,0.,1.));
#10286=DIRECTION('center_axis',(0.,-1.,0.));
#10287=DIRECTION('ref_axis',(2.22044604925031E-16,0.,1.));
#10288=DIRECTION('center_axis',(0.,-1.,0.));
#10289=DIRECTION('ref_axis',(2.22044604925031E-16,0.,1.));
#10290=DIRECTION('center_axis',(-1.,0.,0.));
#10291=DIRECTION('ref_axis',(0.,0.,-1.));
#10292=DIRECTION('center_axis',(0.,-1.,0.));
#10293=DIRECTION('ref_axis',(-2.22044604925031E-16,0.,-1.));
#10294=DIRECTION('center_axis',(0.,-1.,0.));
#10295=DIRECTION('ref_axis',(-2.22044604925031E-16,0.,-1.));
#10296=DIRECTION('center_axis',(0.,-1.,0.));
#10297=DIRECTION('ref_axis',(-2.22044604925031E-16,0.,-1.));
#10298=DIRECTION('',(0.,1.,0.));
#10299=DIRECTION('center_axis',(0.,1.,0.));
#10300=DIRECTION('ref_axis',(-2.22044604925031E-16,0.,-1.));
#10301=DIRECTION('center_axis',(-2.22044604925031E-16,1.,4.93038065763132E-32));
#10302=DIRECTION('ref_axis',(-2.22044604925031E-16,0.,-1.));
#10303=DIRECTION('center_axis',(-2.22044604925031E-16,1.,4.93038065763132E-32));
#10304=DIRECTION('ref_axis',(-2.22044604925031E-16,0.,-1.));
#10305=DIRECTION('',(-2.22044604925031E-16,1.,4.93038065763132E-32));
#10306=DIRECTION('center_axis',(2.22044604925031E-16,-1.,-4.93038065763132E-32));
#10307=DIRECTION('ref_axis',(-2.22044604925031E-16,0.,-1.));
#10308=DIRECTION('center_axis',(-2.22044604925031E-16,1.,4.93038065763132E-32));
#10309=DIRECTION('ref_axis',(-2.22044604925031E-16,0.,-1.));
#10310=DIRECTION('center_axis',(-2.22044604925031E-16,1.,4.93038065763132E-32));
#10311=DIRECTION('ref_axis',(-2.22044604925031E-16,0.,-1.));
#10312=DIRECTION('',(-2.22044604925031E-16,1.,4.93038065763132E-32));
#10313=DIRECTION('center_axis',(2.22044604925031E-16,-1.,-4.93038065763132E-32));
#10314=DIRECTION('ref_axis',(-2.22044604925031E-16,0.,-1.));
#10315=DIRECTION('center_axis',(-2.22044604925031E-16,1.,4.93038065763132E-32));
#10316=DIRECTION('ref_axis',(-2.22044604925031E-16,0.,-1.));
#10317=DIRECTION('center_axis',(-2.22044604925031E-16,1.,4.93038065763132E-32));
#10318=DIRECTION('ref_axis',(-2.22044604925031E-16,0.,-1.));
#10319=DIRECTION('',(-2.22044604925031E-16,1.,4.93038065763132E-32));
#10320=DIRECTION('center_axis',(2.22044604925031E-16,-1.,-4.93038065763132E-32));
#10321=DIRECTION('ref_axis',(-2.22044604925031E-16,0.,-1.));
#10322=DIRECTION('center_axis',(-2.22044604925031E-16,1.,4.93038065763132E-32));
#10323=DIRECTION('ref_axis',(-2.22044604925031E-16,0.,-1.));
#10324=DIRECTION('center_axis',(-2.22044604925031E-16,1.,4.93038065763132E-32));
#10325=DIRECTION('ref_axis',(-2.22044604925031E-16,0.,-1.));
#10326=DIRECTION('',(-2.22044604925031E-16,1.,4.93038065763132E-32));
#10327=DIRECTION('center_axis',(2.22044604925031E-16,-1.,-4.93038065763132E-32));
#10328=DIRECTION('ref_axis',(-2.22044604925031E-16,0.,-1.));
#10329=DIRECTION('center_axis',(-2.22044604925031E-16,1.,4.93038065763132E-32));
#10330=DIRECTION('ref_axis',(-2.22044604925031E-16,0.,-1.));
#10331=DIRECTION('center_axis',(-2.22044604925031E-16,1.,4.93038065763132E-32));
#10332=DIRECTION('ref_axis',(-2.22044604925031E-16,0.,-1.));
#10333=DIRECTION('',(-2.22044604925031E-16,1.,4.93038065763132E-32));
#10334=DIRECTION('center_axis',(2.22044604925031E-16,-1.,-4.93038065763132E-32));
#10335=DIRECTION('ref_axis',(-2.22044604925031E-16,0.,-1.));
#10336=DIRECTION('center_axis',(-2.22044604925031E-16,1.,4.93038065763132E-32));
#10337=DIRECTION('ref_axis',(-2.22044604925031E-16,0.,-1.));
#10338=DIRECTION('center_axis',(-2.22044604925031E-16,1.,4.93038065763132E-32));
#10339=DIRECTION('ref_axis',(-2.22044604925031E-16,0.,-1.));
#10340=DIRECTION('',(-2.22044604925031E-16,1.,4.93038065763132E-32));
#10341=DIRECTION('center_axis',(2.22044604925031E-16,-1.,-4.93038065763132E-32));
#10342=DIRECTION('ref_axis',(-2.22044604925031E-16,0.,-1.));
#10343=DIRECTION('center_axis',(-2.22044604925031E-16,1.,4.93038065763132E-32));
#10344=DIRECTION('ref_axis',(-2.22044604925031E-16,0.,-1.));
#10345=DIRECTION('center_axis',(2.22044604925031E-16,-1.,-4.93038065763132E-32));
#10346=DIRECTION('ref_axis',(-2.22044604925031E-16,0.,-1.));
#10347=DIRECTION('',(-2.22044604925031E-16,1.,4.93038065763132E-32));
#10348=DIRECTION('center_axis',(2.22044604925031E-16,-1.,-4.93038065763132E-32));
#10349=DIRECTION('ref_axis',(-2.22044604925031E-16,0.,-1.));
#10350=DIRECTION('center_axis',(-2.22044604925031E-16,1.,4.93038065763132E-32));
#10351=DIRECTION('ref_axis',(-2.22044604925031E-16,0.,-1.));
#10352=DIRECTION('center_axis',(-2.22044604925031E-16,1.,4.93038065763132E-32));
#10353=DIRECTION('ref_axis',(-2.22044604925031E-16,0.,-1.));
#10354=DIRECTION('',(2.22044604925031E-16,-1.,-4.93038065763132E-32));
#10355=DIRECTION('center_axis',(-2.22044604925031E-16,1.,4.93038065763132E-32));
#10356=DIRECTION('ref_axis',(-2.22044604925031E-16,0.,-1.));
#10357=DIRECTION('center_axis',(-2.22044604925031E-16,1.,4.93038065763132E-32));
#10358=DIRECTION('ref_axis',(-2.22044604925031E-16,0.,-1.));
#10359=DIRECTION('center_axis',(-2.22044604925031E-16,1.,4.93038065763132E-32));
#10360=DIRECTION('ref_axis',(-2.22044604925031E-16,0.,-1.));
#10361=DIRECTION('center_axis',(0.,1.,0.));
#10362=DIRECTION('ref_axis',(0.,0.,1.));
#10363=DIRECTION('center_axis',(0.,-1.,0.));
#10364=DIRECTION('ref_axis',(2.22044604925031E-16,0.,1.));
#10365=DIRECTION('center_axis',(0.,-1.,0.));
#10366=DIRECTION('ref_axis',(2.22044604925031E-16,0.,1.));
#10367=DIRECTION('center_axis',(-1.,0.,0.));
#10368=DIRECTION('ref_axis',(0.,0.,-1.));
#10369=DIRECTION('center_axis',(0.,-1.,0.));
#10370=DIRECTION('ref_axis',(-2.22044604925031E-16,0.,-1.));
#10371=DIRECTION('center_axis',(0.,-1.,0.));
#10372=DIRECTION('ref_axis',(-2.22044604925031E-16,0.,-1.));
#10373=DIRECTION('center_axis',(0.,-1.,0.));
#10374=DIRECTION('ref_axis',(-2.22044604925031E-16,0.,-1.));
#10375=DIRECTION('',(0.,1.,0.));
#10376=DIRECTION('center_axis',(0.,1.,0.));
#10377=DIRECTION('ref_axis',(-2.22044604925031E-16,0.,-1.));
#10378=DIRECTION('center_axis',(-2.22044604925031E-16,1.,4.93038065763132E-32));
#10379=DIRECTION('ref_axis',(-2.22044604925031E-16,0.,-1.));
#10380=DIRECTION('center_axis',(-2.22044604925031E-16,1.,4.93038065763132E-32));
#10381=DIRECTION('ref_axis',(-2.22044604925031E-16,0.,-1.));
#10382=DIRECTION('',(-2.22044604925031E-16,1.,4.93038065763132E-32));
#10383=DIRECTION('center_axis',(2.22044604925031E-16,-1.,-4.93038065763132E-32));
#10384=DIRECTION('ref_axis',(-2.22044604925031E-16,0.,-1.));
#10385=DIRECTION('center_axis',(-2.22044604925031E-16,1.,4.93038065763132E-32));
#10386=DIRECTION('ref_axis',(-2.22044604925031E-16,0.,-1.));
#10387=DIRECTION('center_axis',(-2.22044604925031E-16,1.,4.93038065763132E-32));
#10388=DIRECTION('ref_axis',(-2.22044604925031E-16,0.,-1.));
#10389=DIRECTION('',(-2.22044604925031E-16,1.,4.93038065763132E-32));
#10390=DIRECTION('center_axis',(2.22044604925031E-16,-1.,-4.93038065763132E-32));
#10391=DIRECTION('ref_axis',(-2.22044604925031E-16,0.,-1.));
#10392=DIRECTION('center_axis',(-2.22044604925031E-16,1.,4.93038065763132E-32));
#10393=DIRECTION('ref_axis',(-2.22044604925031E-16,0.,-1.));
#10394=DIRECTION('center_axis',(-2.22044604925031E-16,1.,4.93038065763132E-32));
#10395=DIRECTION('ref_axis',(-2.22044604925031E-16,0.,-1.));
#10396=DIRECTION('',(-2.22044604925031E-16,1.,4.93038065763132E-32));
#10397=DIRECTION('center_axis',(2.22044604925031E-16,-1.,-4.93038065763132E-32));
#10398=DIRECTION('ref_axis',(-2.22044604925031E-16,0.,-1.));
#10399=DIRECTION('center_axis',(-2.22044604925031E-16,1.,4.93038065763132E-32));
#10400=DIRECTION('ref_axis',(-2.22044604925031E-16,0.,-1.));
#10401=DIRECTION('center_axis',(-2.22044604925031E-16,1.,4.93038065763132E-32));
#10402=DIRECTION('ref_axis',(-2.22044604925031E-16,0.,-1.));
#10403=DIRECTION('',(-2.22044604925031E-16,1.,4.93038065763132E-32));
#10404=DIRECTION('center_axis',(2.22044604925031E-16,-1.,-4.93038065763132E-32));
#10405=DIRECTION('ref_axis',(-2.22044604925031E-16,0.,-1.));
#10406=DIRECTION('center_axis',(-2.22044604925031E-16,1.,4.93038065763132E-32));
#10407=DIRECTION('ref_axis',(-2.22044604925031E-16,0.,-1.));
#10408=DIRECTION('center_axis',(-2.22044604925031E-16,1.,4.93038065763132E-32));
#10409=DIRECTION('ref_axis',(-2.22044604925031E-16,0.,-1.));
#10410=DIRECTION('',(-2.22044604925031E-16,1.,4.93038065763132E-32));
#10411=DIRECTION('center_axis',(2.22044604925031E-16,-1.,-4.93038065763132E-32));
#10412=DIRECTION('ref_axis',(-2.22044604925031E-16,0.,-1.));
#10413=DIRECTION('center_axis',(-2.22044604925031E-16,1.,4.93038065763132E-32));
#10414=DIRECTION('ref_axis',(-2.22044604925031E-16,0.,-1.));
#10415=DIRECTION('center_axis',(-2.22044604925031E-16,1.,4.93038065763132E-32));
#10416=DIRECTION('ref_axis',(-2.22044604925031E-16,0.,-1.));
#10417=DIRECTION('',(-2.22044604925031E-16,1.,4.93038065763132E-32));
#10418=DIRECTION('center_axis',(2.22044604925031E-16,-1.,-4.93038065763132E-32));
#10419=DIRECTION('ref_axis',(-2.22044604925031E-16,0.,-1.));
#10420=DIRECTION('center_axis',(-2.22044604925031E-16,1.,4.93038065763132E-32));
#10421=DIRECTION('ref_axis',(-2.22044604925031E-16,0.,-1.));
#10422=DIRECTION('center_axis',(2.22044604925031E-16,-1.,-4.93038065763132E-32));
#10423=DIRECTION('ref_axis',(-2.22044604925031E-16,0.,-1.));
#10424=DIRECTION('',(-2.22044604925031E-16,1.,4.93038065763132E-32));
#10425=DIRECTION('center_axis',(2.22044604925031E-16,-1.,-4.93038065763132E-32));
#10426=DIRECTION('ref_axis',(-2.22044604925031E-16,0.,-1.));
#10427=DIRECTION('center_axis',(-2.22044604925031E-16,1.,4.93038065763132E-32));
#10428=DIRECTION('ref_axis',(-2.22044604925031E-16,0.,-1.));
#10429=DIRECTION('center_axis',(-2.22044604925031E-16,1.,4.93038065763132E-32));
#10430=DIRECTION('ref_axis',(-2.22044604925031E-16,0.,-1.));
#10431=DIRECTION('',(2.22044604925031E-16,-1.,-4.93038065763132E-32));
#10432=DIRECTION('center_axis',(-2.22044604925031E-16,1.,4.93038065763132E-32));
#10433=DIRECTION('ref_axis',(-2.22044604925031E-16,0.,-1.));
#10434=DIRECTION('center_axis',(-2.22044604925031E-16,1.,4.93038065763132E-32));
#10435=DIRECTION('ref_axis',(-2.22044604925031E-16,0.,-1.));
#10436=DIRECTION('center_axis',(-2.22044604925031E-16,1.,4.93038065763132E-32));
#10437=DIRECTION('ref_axis',(-2.22044604925031E-16,0.,-1.));
#10438=DIRECTION('center_axis',(0.,1.,0.));
#10439=DIRECTION('ref_axis',(0.,0.,1.));
#10440=DIRECTION('center_axis',(0.,-1.,0.));
#10441=DIRECTION('ref_axis',(2.22044604925031E-16,0.,1.));
#10442=DIRECTION('center_axis',(0.,-1.,0.));
#10443=DIRECTION('ref_axis',(2.22044604925031E-16,0.,1.));
#10444=DIRECTION('center_axis',(-1.,0.,0.));
#10445=DIRECTION('ref_axis',(0.,0.,-1.));
#10446=DIRECTION('center_axis',(0.,-1.,0.));
#10447=DIRECTION('ref_axis',(-2.22044604925031E-16,0.,-1.));
#10448=DIRECTION('center_axis',(0.,-1.,0.));
#10449=DIRECTION('ref_axis',(-2.22044604925031E-16,0.,-1.));
#10450=DIRECTION('center_axis',(0.,-1.,0.));
#10451=DIRECTION('ref_axis',(-2.22044604925031E-16,0.,-1.));
#10452=DIRECTION('',(0.,1.,0.));
#10453=DIRECTION('center_axis',(0.,1.,0.));
#10454=DIRECTION('ref_axis',(-2.22044604925031E-16,0.,-1.));
#10455=DIRECTION('center_axis',(-2.22044604925031E-16,1.,4.93038065763132E-32));
#10456=DIRECTION('ref_axis',(-2.22044604925031E-16,0.,-1.));
#10457=DIRECTION('center_axis',(-2.22044604925031E-16,1.,4.93038065763132E-32));
#10458=DIRECTION('ref_axis',(-2.22044604925031E-16,0.,-1.));
#10459=DIRECTION('',(-2.22044604925031E-16,1.,4.93038065763132E-32));
#10460=DIRECTION('center_axis',(2.22044604925031E-16,-1.,-4.93038065763132E-32));
#10461=DIRECTION('ref_axis',(-2.22044604925031E-16,0.,-1.));
#10462=DIRECTION('center_axis',(-2.22044604925031E-16,1.,4.93038065763132E-32));
#10463=DIRECTION('ref_axis',(-2.22044604925031E-16,0.,-1.));
#10464=DIRECTION('center_axis',(-2.22044604925031E-16,1.,4.93038065763132E-32));
#10465=DIRECTION('ref_axis',(-2.22044604925031E-16,0.,-1.));
#10466=DIRECTION('',(-2.22044604925031E-16,1.,4.93038065763132E-32));
#10467=DIRECTION('center_axis',(2.22044604925031E-16,-1.,-4.93038065763132E-32));
#10468=DIRECTION('ref_axis',(-2.22044604925031E-16,0.,-1.));
#10469=DIRECTION('center_axis',(-2.22044604925031E-16,1.,4.93038065763132E-32));
#10470=DIRECTION('ref_axis',(-2.22044604925031E-16,0.,-1.));
#10471=DIRECTION('center_axis',(-2.22044604925031E-16,1.,4.93038065763132E-32));
#10472=DIRECTION('ref_axis',(-2.22044604925031E-16,0.,-1.));
#10473=DIRECTION('',(-2.22044604925031E-16,1.,4.93038065763132E-32));
#10474=DIRECTION('center_axis',(2.22044604925031E-16,-1.,-4.93038065763132E-32));
#10475=DIRECTION('ref_axis',(-2.22044604925031E-16,0.,-1.));
#10476=DIRECTION('center_axis',(-2.22044604925031E-16,1.,4.93038065763132E-32));
#10477=DIRECTION('ref_axis',(-2.22044604925031E-16,0.,-1.));
#10478=DIRECTION('center_axis',(-2.22044604925031E-16,1.,4.93038065763132E-32));
#10479=DIRECTION('ref_axis',(-2.22044604925031E-16,0.,-1.));
#10480=DIRECTION('',(-2.22044604925031E-16,1.,4.93038065763132E-32));
#10481=DIRECTION('center_axis',(2.22044604925031E-16,-1.,-4.93038065763132E-32));
#10482=DIRECTION('ref_axis',(-2.22044604925031E-16,0.,-1.));
#10483=DIRECTION('center_axis',(-2.22044604925031E-16,1.,4.93038065763132E-32));
#10484=DIRECTION('ref_axis',(-2.22044604925031E-16,0.,-1.));
#10485=DIRECTION('center_axis',(-2.22044604925031E-16,1.,4.93038065763132E-32));
#10486=DIRECTION('ref_axis',(-2.22044604925031E-16,0.,-1.));
#10487=DIRECTION('',(-2.22044604925031E-16,1.,4.93038065763132E-32));
#10488=DIRECTION('center_axis',(2.22044604925031E-16,-1.,-4.93038065763132E-32));
#10489=DIRECTION('ref_axis',(-2.22044604925031E-16,0.,-1.));
#10490=DIRECTION('center_axis',(-2.22044604925031E-16,1.,4.93038065763132E-32));
#10491=DIRECTION('ref_axis',(-2.22044604925031E-16,0.,-1.));
#10492=DIRECTION('center_axis',(-2.22044604925031E-16,1.,4.93038065763132E-32));
#10493=DIRECTION('ref_axis',(-2.22044604925031E-16,0.,-1.));
#10494=DIRECTION('',(-2.22044604925031E-16,1.,4.93038065763132E-32));
#10495=DIRECTION('center_axis',(2.22044604925031E-16,-1.,-4.93038065763132E-32));
#10496=DIRECTION('ref_axis',(-2.22044604925031E-16,0.,-1.));
#10497=DIRECTION('center_axis',(-2.22044604925031E-16,1.,4.93038065763132E-32));
#10498=DIRECTION('ref_axis',(-2.22044604925031E-16,0.,-1.));
#10499=DIRECTION('center_axis',(2.22044604925031E-16,-1.,-4.93038065763132E-32));
#10500=DIRECTION('ref_axis',(-2.22044604925031E-16,0.,-1.));
#10501=DIRECTION('',(-2.22044604925031E-16,1.,4.93038065763132E-32));
#10502=DIRECTION('center_axis',(2.22044604925031E-16,-1.,-4.93038065763132E-32));
#10503=DIRECTION('ref_axis',(-2.22044604925031E-16,0.,-1.));
#10504=DIRECTION('center_axis',(-2.22044604925031E-16,1.,4.93038065763132E-32));
#10505=DIRECTION('ref_axis',(-2.22044604925031E-16,0.,-1.));
#10506=DIRECTION('center_axis',(-2.22044604925031E-16,1.,4.93038065763132E-32));
#10507=DIRECTION('ref_axis',(-2.22044604925031E-16,0.,-1.));
#10508=DIRECTION('',(2.22044604925031E-16,-1.,-4.93038065763132E-32));
#10509=DIRECTION('center_axis',(-2.22044604925031E-16,1.,4.93038065763132E-32));
#10510=DIRECTION('ref_axis',(-2.22044604925031E-16,0.,-1.));
#10511=DIRECTION('center_axis',(-2.22044604925031E-16,1.,4.93038065763132E-32));
#10512=DIRECTION('ref_axis',(-2.22044604925031E-16,0.,-1.));
#10513=DIRECTION('center_axis',(-2.22044604925031E-16,1.,4.93038065763132E-32));
#10514=DIRECTION('ref_axis',(-2.22044604925031E-16,0.,-1.));
#10515=DIRECTION('center_axis',(-2.52133315319487E-34,-1.,2.88189698137037E-33));
#10516=DIRECTION('ref_axis',(0.0871557427476581,-2.89290535965587E-33,-0.996194698091746));
#10517=DIRECTION('',(0.0871557427476581,-2.89290535965587E-33,-0.996194698091746));
#10518=DIRECTION('',(0.996194698091746,0.,0.0871557427476578));
#10519=DIRECTION('center_axis',(-0.0871557427476578,2.89290535965586E-33,
0.996194698091746));
#10520=DIRECTION('ref_axis',(-1.34141166816323E-32,-1.,1.73037264730122E-33));
#10521=DIRECTION('',(-1.34141166816323E-32,-1.,1.73037264730122E-33));
#10522=DIRECTION('',(0.996194698091746,0.,0.0871557427476578));
#10523=DIRECTION('center_axis',(0.996194698091746,0.,0.0871557427476578));
#10524=DIRECTION('ref_axis',(0.0871557427476578,0.,-0.996194698091746));
#10525=DIRECTION('',(-0.0871557427476581,-1.49858800074397E-31,0.996194698091746));
#10526=DIRECTION('',(-0.0871557427476578,1.84889274661175E-32,0.996194698091746));
#10527=DIRECTION('',(-2.52133315319487E-34,-1.,2.88189698137037E-33));
#10528=DIRECTION('center_axis',(0.0871557427476581,-2.89290535965587E-33,
-0.996194698091746));
#10529=DIRECTION('ref_axis',(-0.996194698091746,1.32122600045204E-32,-0.0871557427476581));
#10530=DIRECTION('',(-0.996194698091746,-5.14042624740128E-17,-0.087155742747658));
#10531=DIRECTION('',(0.996194698091746,-3.97353430579378E-32,0.0871557427476581));
#10532=DIRECTION('center_axis',(5.1208653735928E-17,-1.,4.48017667631816E-18));
#10533=DIRECTION('ref_axis',(0.996194698091746,5.14042624740128E-17,0.087155742747658));
#10534=DIRECTION('center_axis',(2.65230830534174E-32,1.,1.52751705434052E-31));
#10535=DIRECTION('ref_axis',(-1.,2.65230830534174E-32,-9.9027805813798E-18));
#10536=DIRECTION('',(2.65230830534174E-32,1.,1.52751705434052E-31));
#10537=DIRECTION('center_axis',(2.65230830534174E-32,1.,1.52751705434052E-31));
#10538=DIRECTION('ref_axis',(-1.,2.65230830534174E-32,-9.9027805813798E-18));
#10539=DIRECTION('',(2.65230830534174E-32,1.,1.52751705434052E-31));
#10540=DIRECTION('center_axis',(2.65230830534174E-32,1.,1.52751705434052E-31));
#10541=DIRECTION('ref_axis',(-1.,2.65230830534174E-32,-9.9027805813798E-18));
#10542=DIRECTION('center_axis',(0.996194698091748,-2.39902172586577E-14,
0.0871557427476339));
#10543=DIRECTION('ref_axis',(0.0871557427476339,-2.32176482489974E-15,-0.996194698091748));
#10544=DIRECTION('',(-0.0871557427476339,2.32176482489974E-15,0.996194698091748));
#10545=DIRECTION('',(2.41012823769434E-14,1.,-2.22044604925617E-16));
#10546=DIRECTION('',(0.0871557427476339,-2.32176482489974E-15,-0.996194698091748));
#10547=DIRECTION('',(2.41012823769434E-14,1.,-2.22044604925617E-16));
#10548=DIRECTION('center_axis',(2.41012823769434E-14,1.,-2.2204460492562E-16));
#10549=DIRECTION('ref_axis',(-0.0871557427476283,2.3217648248996E-15,0.996194698091748));
#10550=DIRECTION('center_axis',(-2.41012823769434E-14,-1.,2.2204460492562E-16));
#10551=DIRECTION('ref_axis',(-0.0871557427476283,2.3217648248996E-15,0.996194698091748));
#10552=DIRECTION('center_axis',(2.41012823769434E-14,1.,-2.2204460492562E-16));
#10553=DIRECTION('ref_axis',(-0.0871557427476283,2.3217648248996E-15,0.996194698091748));
#10554=DIRECTION('',(2.41012823769434E-14,1.,-2.22044604925617E-16));
#10555=DIRECTION('center_axis',(-0.0871557427476361,2.32176482489979E-15,
0.996194698091747));
#10556=DIRECTION('ref_axis',(0.996194698091748,-2.39902172586577E-14,0.0871557427476361));
#10557=DIRECTION('',(-0.996194698091748,2.39902172586577E-14,-0.0871557427476361));
#10558=DIRECTION('',(0.996194698091748,-2.39902172586577E-14,0.0871557427476361));
#10559=DIRECTION('',(2.41012823769434E-14,1.,-2.22044604925617E-16));
#10560=DIRECTION('center_axis',(2.41012823769434E-14,1.,-2.2204460492562E-16));
#10561=DIRECTION('ref_axis',(-0.996194698091748,2.39902172586577E-14,-0.0871557427476302));
#10562=DIRECTION('center_axis',(-2.41012823769434E-14,-1.,2.2204460492562E-16));
#10563=DIRECTION('ref_axis',(-0.996194698091748,2.39902172586577E-14,-0.0871557427476302));
#10564=DIRECTION('center_axis',(2.41012823769434E-14,1.,-2.2204460492562E-16));
#10565=DIRECTION('ref_axis',(-0.996194698091748,2.39902172586577E-14,-0.0871557427476302));
#10566=DIRECTION('',(2.41012823769434E-14,1.,-2.22044604925617E-16));
#10567=DIRECTION('center_axis',(-0.996194698091748,2.39902172586577E-14,
-0.0871557427476339));
#10568=DIRECTION('ref_axis',(-0.0871557427476339,2.32176482489974E-15,0.996194698091748));
#10569=DIRECTION('',(0.0871557427476339,-2.32176482489974E-15,-0.996194698091748));
#10570=DIRECTION('',(-0.0871557427476339,2.32176482489974E-15,0.996194698091748));
#10571=DIRECTION('',(2.41012823769434E-14,1.,-2.22044604925617E-16));
#10572=DIRECTION('center_axis',(2.41012823769434E-14,1.,-2.2204460492562E-16));
#10573=DIRECTION('ref_axis',(0.0871557427476353,-2.32176482489977E-15,-0.996194698091748));
#10574=DIRECTION('center_axis',(-2.41012823769434E-14,-1.,2.2204460492562E-16));
#10575=DIRECTION('ref_axis',(0.0871557427476353,-2.32176482489977E-15,-0.996194698091748));
#10576=DIRECTION('center_axis',(2.41012823769434E-14,1.,-2.2204460492562E-16));
#10577=DIRECTION('ref_axis',(0.0871557427476353,-2.32176482489977E-15,-0.996194698091748));
#10578=DIRECTION('',(2.41012823769434E-14,1.,-2.22044604925617E-16));
#10579=DIRECTION('center_axis',(0.0871557427476339,-2.32176482489974E-15,
-0.996194698091748));
#10580=DIRECTION('ref_axis',(-0.996194698091748,2.39902172586577E-14,-0.0871557427476339));
#10581=DIRECTION('',(0.996194698091748,-2.39902172586577E-14,0.0871557427476339));
#10582=DIRECTION('',(-0.996194698091748,2.39902172586577E-14,-0.0871557427476339));
#10583=DIRECTION('',(2.41012823769434E-14,1.,-2.22044604925617E-16));
#10584=DIRECTION('center_axis',(2.41012823769434E-14,1.,-2.2204460492562E-16));
#10585=DIRECTION('ref_axis',(0.996194698091748,-2.39902172586577E-14,0.0871557427476339));
#10586=DIRECTION('center_axis',(-2.41012823769434E-14,-1.,2.2204460492562E-16));
#10587=DIRECTION('ref_axis',(0.996194698091748,-2.39902172586577E-14,0.0871557427476339));
#10588=DIRECTION('center_axis',(2.41012823769434E-14,1.,-2.2204460492562E-16));
#10589=DIRECTION('ref_axis',(0.996194698091748,-2.39902172586577E-14,0.0871557427476339));
#10590=DIRECTION('center_axis',(2.41012823769434E-14,1.,-2.2204460492562E-16));
#10591=DIRECTION('ref_axis',(-0.0871557427476339,2.32176482489974E-15,0.996194698091748));
#10592=DIRECTION('center_axis',(0.996194698091748,-2.39902172586577E-14,
0.0871557427476339));
#10593=DIRECTION('ref_axis',(0.0871557427476339,-2.32176482489974E-15,-0.996194698091748));
#10594=DIRECTION('',(-0.0871557427476339,2.32176482489974E-15,0.996194698091748));
#10595=DIRECTION('',(2.41012823769434E-14,1.,-2.22044604925617E-16));
#10596=DIRECTION('',(0.0871557427476339,-2.32176482489974E-15,-0.996194698091748));
#10597=DIRECTION('',(2.41012823769434E-14,1.,-2.22044604925617E-16));
#10598=DIRECTION('center_axis',(2.41012823769434E-14,1.,-2.2204460492562E-16));
#10599=DIRECTION('ref_axis',(-0.0871557427476283,2.3217648248996E-15,0.996194698091748));
#10600=DIRECTION('center_axis',(-2.41012823769434E-14,-1.,2.2204460492562E-16));
#10601=DIRECTION('ref_axis',(-0.0871557427476283,2.3217648248996E-15,0.996194698091748));
#10602=DIRECTION('center_axis',(2.41012823769434E-14,1.,-2.2204460492562E-16));
#10603=DIRECTION('ref_axis',(-0.0871557427476283,2.3217648248996E-15,0.996194698091748));
#10604=DIRECTION('',(2.41012823769434E-14,1.,-2.22044604925617E-16));
#10605=DIRECTION('center_axis',(-0.087155742747635,2.32176482489976E-15,
0.996194698091748));
#10606=DIRECTION('ref_axis',(0.996194698091748,-2.39902172586577E-14,0.087155742747635));
#10607=DIRECTION('',(-0.996194698091748,2.39902172586577E-14,-0.087155742747635));
#10608=DIRECTION('',(0.996194698091748,-2.39902172586577E-14,0.087155742747635));
#10609=DIRECTION('',(2.41012823769434E-14,1.,-2.22044604925617E-16));
#10610=DIRECTION('center_axis',(2.41012823769434E-14,1.,-2.2204460492562E-16));
#10611=DIRECTION('ref_axis',(-0.996194698091748,2.39902172586577E-14,-0.0871557427476302));
#10612=DIRECTION('center_axis',(-2.41012823769434E-14,-1.,2.2204460492562E-16));
#10613=DIRECTION('ref_axis',(-0.996194698091748,2.39902172586577E-14,-0.0871557427476302));
#10614=DIRECTION('center_axis',(2.41012823769434E-14,1.,-2.2204460492562E-16));
#10615=DIRECTION('ref_axis',(-0.996194698091748,2.39902172586577E-14,-0.0871557427476302));
#10616=DIRECTION('',(2.41012823769434E-14,1.,-2.22044604925617E-16));
#10617=DIRECTION('center_axis',(-0.996194698091748,2.39902172586577E-14,
-0.0871557427476339));
#10618=DIRECTION('ref_axis',(-0.0871557427476339,2.32176482489974E-15,0.996194698091748));
#10619=DIRECTION('',(0.0871557427476339,-2.32176482489974E-15,-0.996194698091748));
#10620=DIRECTION('',(-0.0871557427476339,2.32176482489974E-15,0.996194698091748));
#10621=DIRECTION('',(2.41012823769434E-14,1.,-2.22044604925617E-16));
#10622=DIRECTION('center_axis',(2.41012823769434E-14,1.,-2.2204460492562E-16));
#10623=DIRECTION('ref_axis',(0.0871557427476353,-2.32176482489977E-15,-0.996194698091748));
#10624=DIRECTION('center_axis',(-2.41012823769434E-14,-1.,2.2204460492562E-16));
#10625=DIRECTION('ref_axis',(0.0871557427476353,-2.32176482489977E-15,-0.996194698091748));
#10626=DIRECTION('center_axis',(2.41012823769434E-14,1.,-2.2204460492562E-16));
#10627=DIRECTION('ref_axis',(0.0871557427476353,-2.32176482489977E-15,-0.996194698091748));
#10628=DIRECTION('',(2.41012823769434E-14,1.,-2.22044604925617E-16));
#10629=DIRECTION('center_axis',(0.0871557427476339,-2.32176482489974E-15,
-0.996194698091748));
#10630=DIRECTION('ref_axis',(-0.996194698091748,2.39902172586577E-14,-0.0871557427476339));
#10631=DIRECTION('',(0.996194698091748,-2.39902172586577E-14,0.0871557427476339));
#10632=DIRECTION('',(-0.996194698091748,2.39902172586577E-14,-0.0871557427476339));
#10633=DIRECTION('',(2.41012823769434E-14,1.,-2.22044604925617E-16));
#10634=DIRECTION('center_axis',(2.41012823769434E-14,1.,-2.2204460492562E-16));
#10635=DIRECTION('ref_axis',(0.996194698091748,-2.39902172586577E-14,0.0871557427476339));
#10636=DIRECTION('center_axis',(-2.41012823769434E-14,-1.,2.2204460492562E-16));
#10637=DIRECTION('ref_axis',(0.996194698091748,-2.39902172586577E-14,0.0871557427476339));
#10638=DIRECTION('center_axis',(2.41012823769434E-14,1.,-2.2204460492562E-16));
#10639=DIRECTION('ref_axis',(0.996194698091748,-2.39902172586577E-14,0.0871557427476339));
#10640=DIRECTION('center_axis',(2.41012823769434E-14,1.,-2.2204460492562E-16));
#10641=DIRECTION('ref_axis',(-0.0871557427476339,2.32176482489974E-15,0.996194698091748));
#10642=DIRECTION('center_axis',(-2.41012823769434E-14,-1.,2.2204460492562E-16));
#10643=DIRECTION('ref_axis',(-0.0871557427476339,2.32176482489974E-15,0.996194698091748));
#10644=DIRECTION('center_axis',(2.41012823769434E-14,1.,-2.2204460492562E-16));
#10645=DIRECTION('ref_axis',(-0.0871557427476339,2.32176482489974E-15,0.996194698091748));
#10646=DIRECTION('',(2.41012823769434E-14,1.,-2.2204460492562E-16));
#10647=DIRECTION('center_axis',(-2.41012823769434E-14,-1.,2.2204460492562E-16));
#10648=DIRECTION('ref_axis',(-0.0871557427476339,2.32176482489974E-15,0.996194698091748));
#10649=DIRECTION('center_axis',(-2.41012823769434E-14,-1.,2.2204460492562E-16));
#10650=DIRECTION('ref_axis',(-0.0871557427476339,2.32176482489974E-15,0.996194698091748));
#10651=DIRECTION('center_axis',(2.41012823769434E-14,1.,-2.2204460492562E-16));
#10652=DIRECTION('ref_axis',(-0.0871557427476339,2.32176482489974E-15,0.996194698091748));
#10653=DIRECTION('',(2.41012823769434E-14,1.,-2.2204460492562E-16));
#10654=DIRECTION('center_axis',(-2.41012823769434E-14,-1.,2.2204460492562E-16));
#10655=DIRECTION('ref_axis',(-0.0871557427476339,2.32176482489974E-15,0.996194698091748));
#10656=DIRECTION('center_axis',(-2.41012823769434E-14,-1.,2.2204460492562E-16));
#10657=DIRECTION('ref_axis',(-0.0871557427476339,2.32176482489974E-15,0.996194698091748));
#10658=DIRECTION('center_axis',(2.41012823769434E-14,1.,-2.2204460492562E-16));
#10659=DIRECTION('ref_axis',(-0.0871557427476339,2.32176482489974E-15,0.996194698091748));
#10660=DIRECTION('',(2.41012823769434E-14,1.,-2.2204460492562E-16));
#10661=DIRECTION('center_axis',(-2.41012823769434E-14,-1.,2.2204460492562E-16));
#10662=DIRECTION('ref_axis',(-0.0871557427476339,2.32176482489974E-15,0.996194698091748));
#10663=DIRECTION('center_axis',(-2.41012823769434E-14,-1.,2.2204460492562E-16));
#10664=DIRECTION('ref_axis',(-0.0871557427476339,2.32176482489974E-15,0.996194698091748));
#10665=DIRECTION('center_axis',(2.41012823769434E-14,1.,-2.2204460492562E-16));
#10666=DIRECTION('ref_axis',(-0.0871557427476339,2.32176482489974E-15,0.996194698091748));
#10667=DIRECTION('',(2.41012823769434E-14,1.,-2.2204460492562E-16));
#10668=DIRECTION('center_axis',(-2.41012823769434E-14,-1.,2.2204460492562E-16));
#10669=DIRECTION('ref_axis',(-0.0871557427476339,2.32176482489974E-15,0.996194698091748));
#10670=DIRECTION('center_axis',(-2.41012823769434E-14,-1.,2.2204460492562E-16));
#10671=DIRECTION('ref_axis',(-0.0871557427476339,2.32176482489974E-15,0.996194698091748));
#10672=DIRECTION('center_axis',(2.41012823769434E-14,1.,-2.2204460492562E-16));
#10673=DIRECTION('ref_axis',(-0.0871557427476339,2.32176482489974E-15,0.996194698091748));
#10674=DIRECTION('',(2.41012823769434E-14,1.,-2.2204460492562E-16));
#10675=DIRECTION('center_axis',(-2.41012823769434E-14,-1.,2.2204460492562E-16));
#10676=DIRECTION('ref_axis',(-0.0871557427476339,2.32176482489974E-15,0.996194698091748));
#10677=DIRECTION('center_axis',(-2.41012823769434E-14,-1.,2.2204460492562E-16));
#10678=DIRECTION('ref_axis',(-0.0871557427476339,2.32176482489974E-15,0.996194698091748));
#10679=DIRECTION('center_axis',(2.41012823769434E-14,1.,-2.2204460492562E-16));
#10680=DIRECTION('ref_axis',(-0.0871557427476339,2.32176482489974E-15,0.996194698091748));
#10681=DIRECTION('',(2.41012823769434E-14,1.,-2.2204460492562E-16));
#10682=DIRECTION('center_axis',(-2.41012823769434E-14,-1.,2.2204460492562E-16));
#10683=DIRECTION('ref_axis',(-0.0871557427476339,2.32176482489974E-15,0.996194698091748));
#10684=DIRECTION('center_axis',(-2.41012823769434E-14,-1.,2.2204460492562E-16));
#10685=DIRECTION('ref_axis',(-0.220558409618136,5.09916402777255E-15,-0.975373768330233));
#10686=DIRECTION('center_axis',(2.41012823769434E-14,1.,-2.2204460492562E-16));
#10687=DIRECTION('ref_axis',(-0.220558409618136,5.09916402777255E-15,-0.975373768330233));
#10688=DIRECTION('',(-2.41012823769434E-14,-1.,2.22044604925617E-16));
#10689=DIRECTION('center_axis',(2.41012823769434E-14,1.,-2.2204460492562E-16));
#10690=DIRECTION('ref_axis',(-0.220558409618136,5.09916402777255E-15,-0.975373768330233));
#10691=DIRECTION('',(-2.41012823769434E-14,-1.,2.22044604925617E-16));
#10692=DIRECTION('center_axis',(-2.41012823769434E-14,-1.,2.2204460492562E-16));
#10693=DIRECTION('ref_axis',(-0.220558409618136,5.09916402777255E-15,-0.975373768330233));
#10694=DIRECTION('center_axis',(2.41012823769434E-14,1.,-2.2204460492562E-16));
#10695=DIRECTION('ref_axis',(-0.220558409618136,5.09916402777255E-15,-0.975373768330233));
#10696=DIRECTION('center_axis',(2.41012823769434E-14,1.,-2.2204460492562E-16));
#10697=DIRECTION('ref_axis',(-0.220558409618136,5.09916402777255E-15,-0.975373768330233));
#10698=DIRECTION('',(-2.41012823769434E-14,-1.,2.22044604925617E-16));
#10699=DIRECTION('center_axis',(0.996194698091749,-2.39902172586577E-14,
0.0871557427476145));
#10700=DIRECTION('ref_axis',(-0.0871557427476144,2.32176482489927E-15,0.996194698091749));
#10701=DIRECTION('',(0.0871557427476144,-2.32176482489927E-15,-0.996194698091749));
#10702=DIRECTION('',(-0.0871557427476144,2.32176482489927E-15,0.996194698091749));
#10703=DIRECTION('',(-2.41012823769434E-14,-1.,2.22044604925617E-16));
#10704=DIRECTION('center_axis',(-2.41012823769434E-14,-1.,2.2204460492562E-16));
#10705=DIRECTION('ref_axis',(-0.220558409618136,5.09916402777255E-15,-0.975373768330233));
#10706=DIRECTION('center_axis',(2.41012823769434E-14,1.,-2.2204460492562E-16));
#10707=DIRECTION('ref_axis',(-0.220558409618136,5.09916402777255E-15,-0.975373768330233));
#10708=DIRECTION('center_axis',(2.41012823769434E-14,1.,-2.2204460492562E-16));
#10709=DIRECTION('ref_axis',(-0.220558409618136,5.09916402777255E-15,-0.975373768330233));
#10710=DIRECTION('',(-2.41012823769434E-14,-1.,2.22044604925617E-16));
#10711=DIRECTION('center_axis',(-2.41012823769434E-14,-1.,2.2204460492562E-16));
#10712=DIRECTION('ref_axis',(-0.220558409618136,5.09916402777255E-15,-0.975373768330233));
#10713=DIRECTION('center_axis',(2.41012823769434E-14,1.,-2.2204460492562E-16));
#10714=DIRECTION('ref_axis',(-0.220558409618136,5.09916402777255E-15,-0.975373768330233));
#10715=DIRECTION('center_axis',(2.41012823769434E-14,1.,-2.2204460492562E-16));
#10716=DIRECTION('ref_axis',(-0.220558409618136,5.09916402777255E-15,-0.975373768330233));
#10717=DIRECTION('',(-2.41012823769434E-14,-1.,2.22044604925617E-16));
#10718=DIRECTION('center_axis',(0.996194698091749,-2.39902172586577E-14,
0.0871557427476145));
#10719=DIRECTION('ref_axis',(-0.0871557427476144,2.32176482489927E-15,0.996194698091749));
#10720=DIRECTION('',(0.0871557427476144,-2.32176482489927E-15,-0.996194698091749));
#10721=DIRECTION('',(-0.0871557427476144,2.32176482489927E-15,0.996194698091749));
#10722=DIRECTION('',(-2.41012823769434E-14,-1.,2.22044604925617E-16));
#10723=DIRECTION('center_axis',(-2.41012823769434E-14,-1.,2.2204460492562E-16));
#10724=DIRECTION('ref_axis',(-0.220558409618136,5.09916402777255E-15,-0.975373768330233));
#10725=DIRECTION('center_axis',(2.41012823769434E-14,1.,-2.2204460492562E-16));
#10726=DIRECTION('ref_axis',(-0.220558409618136,5.09916402777255E-15,-0.975373768330233));
#10727=DIRECTION('center_axis',(2.41012823769434E-14,1.,-2.2204460492562E-16));
#10728=DIRECTION('ref_axis',(-0.220558409618136,5.09916402777255E-15,-0.975373768330233));
#10729=DIRECTION('',(-2.41012823769434E-14,-1.,2.22044604925617E-16));
#10730=DIRECTION('center_axis',(-2.41012823769434E-14,-1.,2.2204460492562E-16));
#10731=DIRECTION('ref_axis',(-0.220558409618136,5.09916402777255E-15,-0.975373768330233));
#10732=DIRECTION('center_axis',(2.41012823769434E-14,1.,-2.2204460492562E-16));
#10733=DIRECTION('ref_axis',(-0.220558409618136,5.09916402777255E-15,-0.975373768330233));
#10734=DIRECTION('center_axis',(2.41012823769434E-14,1.,-2.2204460492562E-16));
#10735=DIRECTION('ref_axis',(-0.220558409618136,5.09916402777255E-15,-0.975373768330233));
#10736=DIRECTION('',(-2.41012823769434E-14,-1.,2.22044604925617E-16));
#10737=DIRECTION('center_axis',(0.996194698091749,-2.39902172586577E-14,
0.0871557427476145));
#10738=DIRECTION('ref_axis',(-0.0871557427476144,2.32176482489927E-15,0.996194698091749));
#10739=DIRECTION('',(0.0871557427476144,-2.32176482489927E-15,-0.996194698091749));
#10740=DIRECTION('',(-0.0871557427476144,2.32176482489927E-15,0.996194698091749));
#10741=DIRECTION('',(-2.41012823769434E-14,-1.,2.22044604925617E-16));
#10742=DIRECTION('center_axis',(-2.41012823769434E-14,-1.,2.2204460492562E-16));
#10743=DIRECTION('ref_axis',(-0.220558409618136,5.09916402777255E-15,-0.975373768330233));
#10744=DIRECTION('center_axis',(2.41012823769434E-14,1.,-2.2204460492562E-16));
#10745=DIRECTION('ref_axis',(-0.220558409618136,5.09916402777255E-15,-0.975373768330233));
#10746=DIRECTION('center_axis',(2.41012823769434E-14,1.,-2.2204460492562E-16));
#10747=DIRECTION('ref_axis',(-0.220558409618136,5.09916402777255E-15,-0.975373768330233));
#10748=DIRECTION('',(-2.41012823769434E-14,-1.,2.22044604925617E-16));
#10749=DIRECTION('center_axis',(-2.41012823769434E-14,-1.,2.2204460492562E-16));
#10750=DIRECTION('ref_axis',(-0.220558409618136,5.09916402777255E-15,-0.975373768330233));
#10751=DIRECTION('center_axis',(2.41012823769434E-14,1.,-2.2204460492562E-16));
#10752=DIRECTION('ref_axis',(-0.220558409618136,5.09916402777255E-15,-0.975373768330233));
#10753=DIRECTION('center_axis',(2.41012823769434E-14,1.,-2.2204460492562E-16));
#10754=DIRECTION('ref_axis',(-0.220558409618136,5.09916402777255E-15,-0.975373768330233));
#10755=DIRECTION('',(-2.41012823769434E-14,-1.,2.22044604925617E-16));
#10756=DIRECTION('center_axis',(0.996194698091749,-2.39902172586577E-14,
0.0871557427476145));
#10757=DIRECTION('ref_axis',(-0.0871557427476144,2.32176482489927E-15,0.996194698091749));
#10758=DIRECTION('',(0.0871557427476144,-2.32176482489927E-15,-0.996194698091749));
#10759=DIRECTION('',(-0.0871557427476144,2.32176482489927E-15,0.996194698091749));
#10760=DIRECTION('',(-2.41012823769434E-14,-1.,2.22044604925617E-16));
#10761=DIRECTION('center_axis',(-2.41012823769434E-14,-1.,2.2204460492562E-16));
#10762=DIRECTION('ref_axis',(0.996194916688854,-2.39902230819317E-14,0.0871532441351874));
#10763=DIRECTION('center_axis',(2.41012823769434E-14,1.,-2.2204460492562E-16));
#10764=DIRECTION('ref_axis',(0.996194916688854,-2.39902230819317E-14,0.0871532441351874));
#10765=DIRECTION('center_axis',(-2.41012823769434E-14,-1.,2.2204460492562E-16));
#10766=DIRECTION('ref_axis',(0.996194916688854,-2.39902230819317E-14,0.0871532441351874));
#10767=DIRECTION('',(-2.41012823769434E-14,-1.,2.22044604925617E-16));
#10768=DIRECTION('center_axis',(0.0871557427476339,-2.32176482489974E-15,
-0.996194698091748));
#10769=DIRECTION('ref_axis',(0.996194698091748,-2.39902172586577E-14,0.0871557427476339));
#10770=DIRECTION('',(-0.996194698091748,2.39902172586577E-14,-0.0871557427476339));
#10771=DIRECTION('',(0.996194698091748,-2.39902172586577E-14,0.0871557427476339));
#10772=DIRECTION('',(-2.41012823769434E-14,-1.,2.22044604925617E-16));
#10773=DIRECTION('center_axis',(-2.41012823769434E-14,-1.,2.2204460492562E-16));
#10774=DIRECTION('ref_axis',(0.0871560078386893,-2.32177120878435E-15,-0.99619467489925));
#10775=DIRECTION('center_axis',(2.41012823769434E-14,1.,-2.2204460492562E-16));
#10776=DIRECTION('ref_axis',(0.0871560078386893,-2.32177120878435E-15,-0.99619467489925));
#10777=DIRECTION('center_axis',(-2.41012823769434E-14,-1.,2.2204460492562E-16));
#10778=DIRECTION('ref_axis',(0.0871560078386893,-2.32177120878435E-15,-0.99619467489925));
#10779=DIRECTION('',(-2.41012823769434E-14,-1.,2.22044604925617E-16));
#10780=DIRECTION('center_axis',(-0.996194698091744,2.39902172586576E-14,
-0.0871557427476743));
#10781=DIRECTION('ref_axis',(0.0871557427476743,-2.32176482490071E-15,-0.996194698091744));
#10782=DIRECTION('',(-0.0871557427476743,2.32176482490071E-15,0.996194698091744));
#10783=DIRECTION('',(0.0871557427476743,-2.32176482490071E-15,-0.996194698091744));
#10784=DIRECTION('',(-2.41012823769434E-14,-1.,2.22044604925617E-16));
#10785=DIRECTION('center_axis',(-2.41012823769434E-14,-1.,2.2204460492562E-16));
#10786=DIRECTION('ref_axis',(-0.99619501116007,2.39902255985838E-14,-0.0871521642863058));
#10787=DIRECTION('center_axis',(2.41012823769434E-14,1.,-2.2204460492562E-16));
#10788=DIRECTION('ref_axis',(-0.99619501116007,2.39902255985838E-14,-0.0871521642863058));
#10789=DIRECTION('center_axis',(-2.41012823769434E-14,-1.,2.2204460492562E-16));
#10790=DIRECTION('ref_axis',(-0.99619501116007,2.39902255985838E-14,-0.0871521642863058));
#10791=DIRECTION('',(-2.41012823769434E-14,-1.,2.22044604925617E-16));
#10792=DIRECTION('center_axis',(-0.0871557427476579,2.32176482490032E-15,
0.996194698091746));
#10793=DIRECTION('ref_axis',(-0.996194698091746,2.39902172586576E-14,-0.0871557427476579));
#10794=DIRECTION('',(0.996194698091746,-2.39902172586576E-14,0.0871557427476579));
#10795=DIRECTION('',(-0.996194698091746,2.39902172586576E-14,-0.0871557427476579));
#10796=DIRECTION('',(-2.41012823769434E-14,-1.,2.22044604925617E-16));
#10797=DIRECTION('center_axis',(-2.41012823769434E-14,-1.,2.2204460492562E-16));
#10798=DIRECTION('ref_axis',(-0.0871571387401101,2.32179844298929E-15,0.996194575957246));
#10799=DIRECTION('center_axis',(2.41012823769434E-14,1.,-2.2204460492562E-16));
#10800=DIRECTION('ref_axis',(-0.0871571387401101,2.32179844298929E-15,0.996194575957246));
#10801=DIRECTION('center_axis',(-2.41012823769434E-14,-1.,2.2204460492562E-16));
#10802=DIRECTION('ref_axis',(-0.0871571387401101,2.32179844298929E-15,0.996194575957246));
#10803=DIRECTION('',(-2.41012823769434E-14,-1.,2.22044604925617E-16));
#10804=DIRECTION('center_axis',(0.996194698091749,-2.39902172586577E-14,
0.0871557427476145));
#10805=DIRECTION('ref_axis',(-0.0871557427476144,2.32176482489927E-15,0.996194698091749));
#10806=DIRECTION('',(0.0871557427476144,-2.32176482489927E-15,-0.996194698091749));
#10807=DIRECTION('',(-0.0871557427476144,2.32176482489927E-15,0.996194698091749));
#10808=DIRECTION('',(-2.41012823769434E-14,-1.,2.22044604925617E-16));
#10809=DIRECTION('center_axis',(-2.41012823769434E-14,-1.,2.2204460492562E-16));
#10810=DIRECTION('ref_axis',(-0.220558409618136,5.09916402777255E-15,-0.975373768330233));
#10811=DIRECTION('center_axis',(2.41012823769434E-14,1.,-2.2204460492562E-16));
#10812=DIRECTION('ref_axis',(-0.220558409618136,5.09916402777255E-15,-0.975373768330233));
#10813=DIRECTION('center_axis',(2.41012823769434E-14,1.,-2.2204460492562E-16));
#10814=DIRECTION('ref_axis',(-0.220558409618136,5.09916402777255E-15,-0.975373768330233));
#10815=DIRECTION('',(-2.41012823769434E-14,-1.,2.22044604925617E-16));
#10816=DIRECTION('center_axis',(-2.41012823769434E-14,-1.,2.2204460492562E-16));
#10817=DIRECTION('ref_axis',(-0.220558409618136,5.09916402777255E-15,-0.975373768330233));
#10818=DIRECTION('center_axis',(2.41012823769434E-14,1.,-2.2204460492562E-16));
#10819=DIRECTION('ref_axis',(-0.220558409618136,5.09916402777255E-15,-0.975373768330233));
#10820=DIRECTION('center_axis',(2.41012823769434E-14,1.,-2.2204460492562E-16));
#10821=DIRECTION('ref_axis',(-0.220558409618136,5.09916402777255E-15,-0.975373768330233));
#10822=DIRECTION('',(-2.41012823769434E-14,-1.,2.22044604925617E-16));
#10823=DIRECTION('center_axis',(0.996194698091749,-2.39902172586577E-14,
0.0871557427476145));
#10824=DIRECTION('ref_axis',(-0.0871557427476144,2.32176482489927E-15,0.996194698091749));
#10825=DIRECTION('',(0.0871557427476144,-2.32176482489927E-15,-0.996194698091749));
#10826=DIRECTION('',(-0.0871557427476144,2.32176482489927E-15,0.996194698091749));
#10827=DIRECTION('',(-2.41012823769434E-14,-1.,2.22044604925617E-16));
#10828=DIRECTION('center_axis',(-2.41012823769434E-14,-1.,2.2204460492562E-16));
#10829=DIRECTION('ref_axis',(-0.220558409618136,5.09916402777255E-15,-0.975373768330233));
#10830=DIRECTION('center_axis',(2.41012823769434E-14,1.,-2.2204460492562E-16));
#10831=DIRECTION('ref_axis',(-0.220558409618136,5.09916402777255E-15,-0.975373768330233));
#10832=DIRECTION('center_axis',(2.41012823769434E-14,1.,-2.2204460492562E-16));
#10833=DIRECTION('ref_axis',(-0.220558409618136,5.09916402777255E-15,-0.975373768330233));
#10834=DIRECTION('',(-2.41012823769434E-14,-1.,2.22044604925617E-16));
#10835=DIRECTION('center_axis',(-2.41012823769434E-14,-1.,2.2204460492562E-16));
#10836=DIRECTION('ref_axis',(-0.220558409618136,5.09916402777255E-15,-0.975373768330233));
#10837=DIRECTION('center_axis',(2.41012823769434E-14,1.,-2.2204460492562E-16));
#10838=DIRECTION('ref_axis',(-0.220558409618136,5.09916402777255E-15,-0.975373768330233));
#10839=DIRECTION('center_axis',(2.41012823769434E-14,1.,-2.2204460492562E-16));
#10840=DIRECTION('ref_axis',(-0.220558409618136,5.09916402777255E-15,-0.975373768330233));
#10841=DIRECTION('',(-2.41012823769434E-14,-1.,2.22044604925617E-16));
#10842=DIRECTION('center_axis',(0.996194698091749,-2.39902172586577E-14,
0.0871557427476145));
#10843=DIRECTION('ref_axis',(-0.0871557427476144,2.32176482489927E-15,0.996194698091749));
#10844=DIRECTION('',(0.0871557427476144,-2.32176482489927E-15,-0.996194698091749));
#10845=DIRECTION('',(-0.0871557427476144,2.32176482489927E-15,0.996194698091749));
#10846=DIRECTION('center_axis',(2.41012823769434E-14,1.,-2.2204460492562E-16));
#10847=DIRECTION('ref_axis',(-0.0871557427476339,2.32176482489974E-15,0.996194698091748));
#10848=DIRECTION('center_axis',(2.41012823769434E-14,1.,-2.2204460492562E-16));
#10849=DIRECTION('ref_axis',(-0.0871557427476339,2.32176482489974E-15,0.996194698091748));
#10850=DIRECTION('center_axis',(0.,-1.,2.22044604925031E-16));
#10851=DIRECTION('ref_axis',(0.,-2.46716227694479E-16,-1.));
#10852=DIRECTION('center_axis',(0.,1.,-2.22044604925031E-16));
#10853=DIRECTION('ref_axis',(-1.,0.,6.16790569236196E-18));
#10854=DIRECTION('center_axis',(-1.,0.,0.));
#10855=DIRECTION('ref_axis',(0.,2.05596856412066E-16,1.));
#10856=DIRECTION('center_axis',(0.,-1.,2.22044604925031E-16));
#10857=DIRECTION('ref_axis',(-1.,1.36955018267536E-33,6.16790569236195E-18));
#10858=DIRECTION('center_axis',(0.,1.,-2.22044604925031E-16));
#10859=DIRECTION('ref_axis',(-1.,0.,6.16790569236196E-18));
#10860=DIRECTION('center_axis',(0.,-1.,2.22044604925031E-16));
#10861=DIRECTION('ref_axis',(-1.,0.,0.));
#10862=DIRECTION('center_axis',(0.,-1.,2.22044604925031E-16));
#10863=DIRECTION('ref_axis',(-1.,0.,0.));
#10864=DIRECTION('center_axis',(0.,-1.,0.));
#10865=DIRECTION('ref_axis',(-1.,0.,0.));
#10866=DIRECTION('center_axis',(0.,-1.,2.22044604925031E-16));
#10867=DIRECTION('ref_axis',(-1.,0.,0.));
#10868=DIRECTION('',(0.,1.,0.));
#10869=DIRECTION('center_axis',(0.,1.,-2.22044604925031E-16));
#10870=DIRECTION('ref_axis',(0.,2.21523373458072E-16,1.));
#10871=DIRECTION('center_axis',(0.,-1.,2.22044604925031E-16));
#10872=DIRECTION('ref_axis',(-1.,3.47209905466993E-33,1.5636944008805E-17));
#10873=DIRECTION('center_axis',(-1.,0.,0.));
#10874=DIRECTION('ref_axis',(0.,-2.21930585541634E-16,-1.));
#10875=DIRECTION('center_axis',(0.,1.,-2.22044604925031E-16));
#10876=DIRECTION('ref_axis',(-1.,0.,1.5636944008805E-17));
#10877=DIRECTION('center_axis',(0.,1.,-2.22044604925031E-16));
#10878=DIRECTION('ref_axis',(-1.,0.,1.5636944008805E-17));
#10879=DIRECTION('center_axis',(0.,1.,0.));
#10880=DIRECTION('ref_axis',(-1.,0.,0.));
#10881=DIRECTION('',(0.,-1.,0.));
#10882=DIRECTION('center_axis',(0.,-1.,2.22044604925031E-16));
#10883=DIRECTION('ref_axis',(-1.,0.,0.));
#10884=DIRECTION('center_axis',(0.,-1.,2.22044604925031E-16));
#10885=DIRECTION('ref_axis',(-1.,0.,0.));
#10886=DIRECTION('center_axis',(0.,-1.,2.22044604925031E-16));
#10887=DIRECTION('ref_axis',(0.,-2.46716227694479E-16,-1.));
#10888=DIRECTION('center_axis',(0.,1.,-2.22044604925031E-16));
#10889=DIRECTION('ref_axis',(-1.,0.,6.16790569236196E-18));
#10890=DIRECTION('center_axis',(-1.,0.,0.));
#10891=DIRECTION('ref_axis',(0.,2.05596856412066E-16,1.));
#10892=DIRECTION('center_axis',(0.,-1.,2.22044604925031E-16));
#10893=DIRECTION('ref_axis',(-1.,1.36955018267536E-33,6.16790569236195E-18));
#10894=DIRECTION('center_axis',(0.,1.,-2.22044604925031E-16));
#10895=DIRECTION('ref_axis',(-1.,0.,6.16790569236196E-18));
#10896=DIRECTION('center_axis',(0.,-1.,2.22044604925031E-16));
#10897=DIRECTION('ref_axis',(-1.,0.,0.));
#10898=DIRECTION('center_axis',(0.,-1.,2.22044604925031E-16));
#10899=DIRECTION('ref_axis',(-1.,0.,0.));
#10900=DIRECTION('center_axis',(0.,-1.,0.));
#10901=DIRECTION('ref_axis',(-1.,0.,0.));
#10902=DIRECTION('center_axis',(0.,-1.,2.22044604925031E-16));
#10903=DIRECTION('ref_axis',(-1.,0.,0.));
#10904=DIRECTION('',(0.,1.,0.));
#10905=DIRECTION('center_axis',(0.,1.,-2.22044604925031E-16));
#10906=DIRECTION('ref_axis',(0.,2.21523373458072E-16,1.));
#10907=DIRECTION('center_axis',(0.,-1.,2.22044604925031E-16));
#10908=DIRECTION('ref_axis',(-1.,3.47209905466993E-33,1.5636944008805E-17));
#10909=DIRECTION('center_axis',(-1.,0.,0.));
#10910=DIRECTION('ref_axis',(0.,-2.21930585541634E-16,-1.));
#10911=DIRECTION('center_axis',(0.,1.,-2.22044604925031E-16));
#10912=DIRECTION('ref_axis',(-1.,0.,1.5636944008805E-17));
#10913=DIRECTION('center_axis',(0.,1.,-2.22044604925031E-16));
#10914=DIRECTION('ref_axis',(-1.,0.,1.5636944008805E-17));
#10915=DIRECTION('center_axis',(0.,1.,0.));
#10916=DIRECTION('ref_axis',(-1.,0.,0.));
#10917=DIRECTION('',(0.,-1.,0.));
#10918=DIRECTION('center_axis',(0.,-1.,2.22044604925031E-16));
#10919=DIRECTION('ref_axis',(-1.,0.,0.));
#10920=DIRECTION('center_axis',(0.,-1.,2.22044604925031E-16));
#10921=DIRECTION('ref_axis',(-1.,0.,0.));
#10922=DIRECTION('center_axis',(0.,-1.,2.22044604925031E-16));
#10923=DIRECTION('ref_axis',(0.,-2.46716227694479E-16,-1.));
#10924=DIRECTION('center_axis',(0.,1.,-2.22044604925031E-16));
#10925=DIRECTION('ref_axis',(-1.,0.,6.16790569236196E-18));
#10926=DIRECTION('center_axis',(-1.,0.,0.));
#10927=DIRECTION('ref_axis',(0.,2.05596856412066E-16,1.));
#10928=DIRECTION('center_axis',(0.,-1.,2.22044604925031E-16));
#10929=DIRECTION('ref_axis',(-1.,1.36955018267536E-33,6.16790569236195E-18));
#10930=DIRECTION('center_axis',(0.,1.,-2.22044604925031E-16));
#10931=DIRECTION('ref_axis',(-1.,0.,6.16790569236196E-18));
#10932=DIRECTION('center_axis',(0.,-1.,2.22044604925031E-16));
#10933=DIRECTION('ref_axis',(-1.,0.,0.));
#10934=DIRECTION('center_axis',(0.,-1.,2.22044604925031E-16));
#10935=DIRECTION('ref_axis',(-1.,0.,0.));
#10936=DIRECTION('center_axis',(0.,-1.,0.));
#10937=DIRECTION('ref_axis',(-1.,0.,0.));
#10938=DIRECTION('center_axis',(0.,-1.,2.22044604925031E-16));
#10939=DIRECTION('ref_axis',(-1.,0.,0.));
#10940=DIRECTION('',(0.,1.,0.));
#10941=DIRECTION('center_axis',(0.,1.,-2.22044604925031E-16));
#10942=DIRECTION('ref_axis',(0.,2.21523373458072E-16,1.));
#10943=DIRECTION('center_axis',(0.,-1.,2.22044604925031E-16));
#10944=DIRECTION('ref_axis',(-1.,3.47209905466993E-33,1.5636944008805E-17));
#10945=DIRECTION('center_axis',(-1.,0.,0.));
#10946=DIRECTION('ref_axis',(0.,-2.21930585541634E-16,-1.));
#10947=DIRECTION('center_axis',(0.,1.,-2.22044604925031E-16));
#10948=DIRECTION('ref_axis',(-1.,0.,1.5636944008805E-17));
#10949=DIRECTION('center_axis',(0.,1.,-2.22044604925031E-16));
#10950=DIRECTION('ref_axis',(-1.,0.,1.5636944008805E-17));
#10951=DIRECTION('center_axis',(0.,1.,0.));
#10952=DIRECTION('ref_axis',(-1.,0.,0.));
#10953=DIRECTION('',(0.,-1.,0.));
#10954=DIRECTION('center_axis',(0.,-1.,2.22044604925031E-16));
#10955=DIRECTION('ref_axis',(-1.,0.,0.));
#10956=DIRECTION('center_axis',(0.,-1.,2.22044604925031E-16));
#10957=DIRECTION('ref_axis',(-1.,0.,0.));
#10958=DIRECTION('center_axis',(0.,-1.,2.22044604925031E-16));
#10959=DIRECTION('ref_axis',(0.,-2.46716227694479E-16,-1.));
#10960=DIRECTION('center_axis',(0.,1.,-2.22044604925031E-16));
#10961=DIRECTION('ref_axis',(-1.,0.,6.16790569236196E-18));
#10962=DIRECTION('center_axis',(-1.,0.,0.));
#10963=DIRECTION('ref_axis',(0.,2.05596856412066E-16,1.));
#10964=DIRECTION('center_axis',(0.,-1.,2.22044604925031E-16));
#10965=DIRECTION('ref_axis',(-1.,1.36955018267536E-33,6.16790569236195E-18));
#10966=DIRECTION('center_axis',(0.,1.,-2.22044604925031E-16));
#10967=DIRECTION('ref_axis',(-1.,0.,6.16790569236196E-18));
#10968=DIRECTION('center_axis',(0.,-1.,2.22044604925031E-16));
#10969=DIRECTION('ref_axis',(-1.,0.,0.));
#10970=DIRECTION('center_axis',(0.,-1.,2.22044604925031E-16));
#10971=DIRECTION('ref_axis',(-1.,0.,0.));
#10972=DIRECTION('center_axis',(0.,-1.,0.));
#10973=DIRECTION('ref_axis',(-1.,0.,0.));
#10974=DIRECTION('center_axis',(0.,-1.,2.22044604925031E-16));
#10975=DIRECTION('ref_axis',(-1.,0.,0.));
#10976=DIRECTION('',(0.,1.,0.));
#10977=DIRECTION('center_axis',(0.,1.,-2.22044604925031E-16));
#10978=DIRECTION('ref_axis',(0.,2.21523373458071E-16,1.));
#10979=DIRECTION('center_axis',(0.,-1.,2.22044604925031E-16));
#10980=DIRECTION('ref_axis',(-1.,3.47209905466993E-33,1.5636944008805E-17));
#10981=DIRECTION('center_axis',(-1.,0.,0.));
#10982=DIRECTION('ref_axis',(0.,-2.21930585541634E-16,-1.));
#10983=DIRECTION('center_axis',(0.,1.,-2.22044604925031E-16));
#10984=DIRECTION('ref_axis',(-1.,0.,1.5636944008805E-17));
#10985=DIRECTION('center_axis',(0.,1.,-2.22044604925031E-16));
#10986=DIRECTION('ref_axis',(-1.,0.,1.5636944008805E-17));
#10987=DIRECTION('center_axis',(0.,1.,0.));
#10988=DIRECTION('ref_axis',(-1.,0.,0.));
#10989=DIRECTION('',(0.,-1.,0.));
#10990=DIRECTION('center_axis',(0.,-1.,2.22044604925031E-16));
#10991=DIRECTION('ref_axis',(-1.,0.,0.));
#10992=DIRECTION('center_axis',(0.,-1.,2.22044604925031E-16));
#10993=DIRECTION('ref_axis',(-1.,0.,0.));
#10994=DIRECTION('center_axis',(0.,-1.,2.22044604925031E-16));
#10995=DIRECTION('ref_axis',(0.,-2.46716227694479E-16,-1.));
#10996=DIRECTION('center_axis',(0.,1.,-2.22044604925031E-16));
#10997=DIRECTION('ref_axis',(-1.,0.,6.16790569236196E-18));
#10998=DIRECTION('center_axis',(-1.,0.,0.));
#10999=DIRECTION('ref_axis',(0.,2.05596856412066E-16,1.));
#11000=DIRECTION('center_axis',(0.,-1.,2.22044604925031E-16));
#11001=DIRECTION('ref_axis',(-1.,1.36955018267536E-33,6.16790569236195E-18));
#11002=DIRECTION('center_axis',(0.,1.,-2.22044604925031E-16));
#11003=DIRECTION('ref_axis',(-1.,0.,6.16790569236196E-18));
#11004=DIRECTION('center_axis',(0.,-1.,2.22044604925031E-16));
#11005=DIRECTION('ref_axis',(-1.,0.,0.));
#11006=DIRECTION('center_axis',(0.,-1.,2.22044604925031E-16));
#11007=DIRECTION('ref_axis',(-1.,0.,0.));
#11008=DIRECTION('center_axis',(0.,-1.,0.));
#11009=DIRECTION('ref_axis',(-1.,0.,0.));
#11010=DIRECTION('center_axis',(0.,-1.,2.22044604925031E-16));
#11011=DIRECTION('ref_axis',(-1.,0.,0.));
#11012=DIRECTION('',(0.,1.,0.));
#11013=DIRECTION('center_axis',(0.,1.,-2.22044604925031E-16));
#11014=DIRECTION('ref_axis',(0.,2.21523373458071E-16,1.));
#11015=DIRECTION('center_axis',(0.,-1.,2.22044604925031E-16));
#11016=DIRECTION('ref_axis',(-1.,3.47209905466993E-33,1.5636944008805E-17));
#11017=DIRECTION('center_axis',(-1.,0.,0.));
#11018=DIRECTION('ref_axis',(0.,-2.21930585541634E-16,-1.));
#11019=DIRECTION('center_axis',(0.,1.,-2.22044604925031E-16));
#11020=DIRECTION('ref_axis',(-1.,0.,1.5636944008805E-17));
#11021=DIRECTION('center_axis',(0.,1.,-2.22044604925031E-16));
#11022=DIRECTION('ref_axis',(-1.,0.,1.5636944008805E-17));
#11023=DIRECTION('center_axis',(0.,1.,0.));
#11024=DIRECTION('ref_axis',(-1.,0.,0.));
#11025=DIRECTION('',(0.,-1.,0.));
#11026=DIRECTION('center_axis',(0.,-1.,2.22044604925031E-16));
#11027=DIRECTION('ref_axis',(-1.,0.,0.));
#11028=DIRECTION('center_axis',(0.,-1.,2.22044604925031E-16));
#11029=DIRECTION('ref_axis',(-1.,0.,0.));
#11030=DIRECTION('center_axis',(0.,-1.,2.22044604925031E-16));
#11031=DIRECTION('ref_axis',(0.,-2.46716227694479E-16,-1.));
#11032=DIRECTION('center_axis',(0.,1.,-2.22044604925031E-16));
#11033=DIRECTION('ref_axis',(-1.,0.,6.16790569236196E-18));
#11034=DIRECTION('center_axis',(-1.,0.,0.));
#11035=DIRECTION('ref_axis',(0.,2.05596856412066E-16,1.));
#11036=DIRECTION('center_axis',(0.,-1.,2.22044604925031E-16));
#11037=DIRECTION('ref_axis',(-1.,1.36955018267536E-33,6.16790569236195E-18));
#11038=DIRECTION('center_axis',(0.,1.,-2.22044604925031E-16));
#11039=DIRECTION('ref_axis',(-1.,0.,6.16790569236196E-18));
#11040=DIRECTION('center_axis',(0.,-1.,2.22044604925031E-16));
#11041=DIRECTION('ref_axis',(-1.,0.,0.));
#11042=DIRECTION('center_axis',(0.,-1.,2.22044604925031E-16));
#11043=DIRECTION('ref_axis',(-1.,0.,0.));
#11044=DIRECTION('center_axis',(0.,-1.,0.));
#11045=DIRECTION('ref_axis',(-1.,0.,0.));
#11046=DIRECTION('center_axis',(0.,-1.,2.22044604925031E-16));
#11047=DIRECTION('ref_axis',(-1.,0.,0.));
#11048=DIRECTION('',(0.,1.,0.));
#11049=DIRECTION('center_axis',(0.,1.,-2.22044604925031E-16));
#11050=DIRECTION('ref_axis',(0.,2.21523373458071E-16,1.));
#11051=DIRECTION('center_axis',(0.,-1.,2.22044604925031E-16));
#11052=DIRECTION('ref_axis',(-1.,3.47209905466993E-33,1.5636944008805E-17));
#11053=DIRECTION('center_axis',(-1.,0.,0.));
#11054=DIRECTION('ref_axis',(0.,-2.21930585541634E-16,-1.));
#11055=DIRECTION('center_axis',(0.,1.,-2.22044604925031E-16));
#11056=DIRECTION('ref_axis',(-1.,0.,1.5636944008805E-17));
#11057=DIRECTION('center_axis',(0.,1.,-2.22044604925031E-16));
#11058=DIRECTION('ref_axis',(-1.,0.,1.5636944008805E-17));
#11059=DIRECTION('center_axis',(0.,1.,0.));
#11060=DIRECTION('ref_axis',(-1.,0.,0.));
#11061=DIRECTION('',(0.,-1.,0.));
#11062=DIRECTION('center_axis',(0.,-1.,2.22044604925031E-16));
#11063=DIRECTION('ref_axis',(-1.,0.,0.));
#11064=DIRECTION('center_axis',(0.,-1.,2.22044604925031E-16));
#11065=DIRECTION('ref_axis',(-1.,0.,0.));
#11066=CARTESIAN_POINT('',(0.,0.,0.));
#11067=CARTESIAN_POINT('Origin',(-5.0301373172357,-1.14991128370902,-2.36219848698323));
#11068=CARTESIAN_POINT('',(-2.7801373172357,-1.14991128370902,-2.36219848698323));
#11069=CARTESIAN_POINT('Origin',(-5.0301373172357,-1.14991128370903,-2.36219848698323));
#11070=CARTESIAN_POINT('',(-2.7801373172357,0.184188716290976,-2.36219848698323));
#11071=CARTESIAN_POINT('',(-2.7801373172357,-1.14991128370902,-2.36219848698323));
#11072=CARTESIAN_POINT('Origin',(-5.0301373172357,0.184188716290976,-2.36219848698323));
#11073=CARTESIAN_POINT('Origin',(-5.0301373172357,0.184188716290976,-2.36219848698323));
#11074=CARTESIAN_POINT('Origin',(27.9698626827643,-1.14991128370903,-31.1621984869832));
#11075=CARTESIAN_POINT('',(30.2198626827643,-1.14991128370903,-31.1621984869832));
#11076=CARTESIAN_POINT('Origin',(27.9698626827643,-1.14991128370903,-31.1621984869832));
#11077=CARTESIAN_POINT('',(30.2198626827643,0.184168782354442,-31.1621984869832));
#11078=CARTESIAN_POINT('',(30.2198626827643,-1.14991128370903,-31.1621984869832));
#11079=CARTESIAN_POINT('Origin',(27.9698626827643,0.184168782354442,-31.1621984869832));
#11080=CARTESIAN_POINT('Origin',(11.4698626827643,-1.14991128370902,-2.36219848698323));
#11081=CARTESIAN_POINT('',(13.7198626827643,-1.14991128370902,-2.36219848698323));
#11082=CARTESIAN_POINT('Origin',(11.4698626827643,-1.14991128370903,-2.36219848698323));
#11083=CARTESIAN_POINT('',(13.7198626827643,0.184188716290976,-2.36219848698323));
#11084=CARTESIAN_POINT('',(13.7198626827643,-1.14991128370902,-2.36219848698323));
#11085=CARTESIAN_POINT('Origin',(11.4698626827643,0.184188716290976,-2.36219848698323));
#11086=CARTESIAN_POINT('Origin',(11.4698626827643,0.184188716290976,-2.36219848698323));
#11087=CARTESIAN_POINT('Origin',(-5.0301373172357,-1.14991128370903,-31.1621984869832));
#11088=CARTESIAN_POINT('',(-2.7801373172357,-1.14991128370903,-31.1621984869832));
#11089=CARTESIAN_POINT('Origin',(-5.0301373172357,-1.14991128370903,-31.1621984869832));
#11090=CARTESIAN_POINT('',(-2.7801373172357,0.184168782354442,-31.1621984869832));
#11091=CARTESIAN_POINT('',(-2.7801373172357,-1.14991128370903,-31.1621984869832));
#11092=CARTESIAN_POINT('Origin',(-5.0301373172357,0.184168782354442,-31.1621984869832));
#11093=CARTESIAN_POINT('Origin',(11.4698626827643,-1.14991128370903,-31.1621984869832));
#11094=CARTESIAN_POINT('',(13.7198626827643,-1.14991128370903,-31.1621984869832));
#11095=CARTESIAN_POINT('Origin',(11.4698626827643,-1.14991128370903,-31.1621984869832));
#11096=CARTESIAN_POINT('',(13.7198626827643,0.184168782354442,-31.1621984869832));
#11097=CARTESIAN_POINT('',(13.7198626827643,-1.14991128370903,-31.1621984869832));
#11098=CARTESIAN_POINT('Origin',(11.4698626827643,0.184168782354442,-31.1621984869832));
#11099=CARTESIAN_POINT('Origin',(27.9698626827643,-1.14991128370902,-2.36219848698323));
#11100=CARTESIAN_POINT('',(30.2198626827643,-1.14991128370902,-2.36219848698323));
#11101=CARTESIAN_POINT('Origin',(27.9698626827643,-1.14991128370903,-2.36219848698323));
#11102=CARTESIAN_POINT('',(30.2198626827643,0.184188716290976,-2.36219848698323));
#11103=CARTESIAN_POINT('',(30.2198626827643,-1.14991128370902,-2.36219848698323));
#11104=CARTESIAN_POINT('Origin',(27.9698626827643,0.184188716290976,-2.36219848698323));
#11105=CARTESIAN_POINT('Origin',(27.9698626827643,0.184188716290976,-2.36219848698323));
#11106=CARTESIAN_POINT('Origin',(-18.9721486416866,36.650088716291,-23.4740911043478));
#11107=CARTESIAN_POINT('',(-17.635233888428,36.650088716291,-25.6852910758216));
#11108=CARTESIAN_POINT('',(-17.650316100135,36.650088716291,-21.2538422211314));
#11109=CARTESIAN_POINT('Origin',(-18.9721486416866,36.650088716291,-23.4740911043478));
#11110=CARTESIAN_POINT('',(-17.3213049553298,37.475545204624,-21.0740911043445));
#11111=CARTESIAN_POINT('Ctrl Pts',(-17.6503161001343,36.650088716291,-21.2538422211318));
#11112=CARTESIAN_POINT('Ctrl Pts',(-17.6503161001343,36.7863179646446,-21.2538422211318));
#11113=CARTESIAN_POINT('Ctrl Pts',(-17.6271682750297,36.9202318895997,-21.2405853473642));
#11114=CARTESIAN_POINT('Ctrl Pts',(-17.5355451906052,37.1818637857245,-21.1893785842787));
#11115=CARTESIAN_POINT('Ctrl Pts',(-17.4653209355414,37.304946845467,-21.1505913395276));
#11116=CARTESIAN_POINT('Ctrl Pts',(-17.359571425803,37.4337135803738,-21.0942801724373));
#11117=CARTESIAN_POINT('Ctrl Pts',(-17.3407660108821,37.4550106728361,-21.0843252481237));
#11118=CARTESIAN_POINT('Ctrl Pts',(-17.3213049553262,37.4755452046243,-21.0740911043519));
#11119=CARTESIAN_POINT('',(-16.0467080630289,37.850088716291,-21.0740911043478));
#11120=CARTESIAN_POINT('Ctrl Pts',(-17.3213049553305,37.4755452046252,-21.0740911043479));
#11121=CARTESIAN_POINT('Ctrl Pts',(-17.1836452512798,37.5578638060686,-21.0740911043479));
#11122=CARTESIAN_POINT('Ctrl Pts',(-17.0290978915828,37.6339526213294,-21.0740911043478));
#11123=CARTESIAN_POINT('Ctrl Pts',(-16.6028781848934,37.7923222013609,-21.0740911043478));
#11124=CARTESIAN_POINT('Ctrl Pts',(-16.3261432720458,37.8496934434663,-21.074091104321));
#11125=CARTESIAN_POINT('Ctrl Pts',(-16.0486121730077,37.8500880390735,-21.0740911043482));
#11126=CARTESIAN_POINT('Ctrl Pts',(-16.047660118024,37.850088716291,-21.0740911043479));
#11127=CARTESIAN_POINT('Ctrl Pts',(-16.0467080630289,37.850088716291,-21.0740911043479));
#11128=CARTESIAN_POINT('',(-15.6238662588187,37.850088716291,-25.2368184411285));
#11129=CARTESIAN_POINT('Origin',(-18.9721486416866,37.850088716291,-23.4740911043478));
#11130=CARTESIAN_POINT('Ctrl Pts',(-15.6238662588187,37.850088716291,-25.2368184411285));
#11131=CARTESIAN_POINT('Ctrl Pts',(-15.6248675924001,37.850088716291,-25.237038732329));
#11132=CARTESIAN_POINT('Ctrl Pts',(-15.6258689253853,37.850087949097,-25.2372590261933));
#11133=CARTESIAN_POINT('Ctrl Pts',(-15.9296151442643,37.8496228164523,-25.3040842275931));
#11134=CARTESIAN_POINT('Ctrl Pts',(-16.2323488848243,37.7793304049232,-25.3709534469005));
#11135=CARTESIAN_POINT('Ctrl Pts',(-16.8095692833145,37.5448816385948,-25.4992238776218));
#11136=CARTESIAN_POINT('Ctrl Pts',(-17.0677979253487,37.3822489641092,-25.5570847852602));
#11137=CARTESIAN_POINT('Ctrl Pts',(-17.3474142432617,37.1516737957901,-25.6200708860869));
#11138=CARTESIAN_POINT('Ctrl Pts',(-17.443521736797,37.0599653785033,-25.6417978548797));
#11139=CARTESIAN_POINT('Ctrl Pts',(-17.5528287346854,36.9113778449926,-25.6665724341855));
#11140=CARTESIAN_POINT('Ctrl Pts',(-17.5865867658314,36.8548655282523,-25.6742368526293));
#11141=CARTESIAN_POINT('Ctrl Pts',(-17.6255633686671,36.7481115349681,-25.6830919277976));
#11142=CARTESIAN_POINT('Ctrl Pts',(-17.6352338884272,36.7000167714898,-25.6852910758217));
#11143=CARTESIAN_POINT('Ctrl Pts',(-17.6352338884272,36.650088716291,-25.6852910758217));
#11144=CARTESIAN_POINT('Origin',(-17.8774595088408,36.650088716291,-28.1822095358482));
#11145=CARTESIAN_POINT('',(-16.4753748383149,36.650088716291,-30.2624579882891));
#11146=CARTESIAN_POINT('Origin',(-17.8774595088408,36.650088716291,-28.1822095358482));
#11147=CARTESIAN_POINT('',(-14.3553793609399,37.850088716291,-29.3436580578074));
#11148=CARTESIAN_POINT('Origin',(-17.8774595088408,37.850088716291,-28.1822095358482));
#11149=CARTESIAN_POINT('Ctrl Pts',(-14.3553793609399,37.850088716291,-29.3436580578074));
#11150=CARTESIAN_POINT('Ctrl Pts',(-14.3563310946958,37.850088716291,-29.3440688972577));
#11151=CARTESIAN_POINT('Ctrl Pts',(-14.3572828279524,37.8500879651348,-29.3444797378185));
#11152=CARTESIAN_POINT('Ctrl Pts',(-14.590827189999,37.8497195889166,-29.4452956007086));
#11153=CARTESIAN_POINT('Ctrl Pts',(-14.8228288473028,37.8047393893708,-29.5455265183643));
#11154=CARTESIAN_POINT('Ctrl Pts',(-15.2586773437845,37.659013974575,-29.7340455367206));
#11155=CARTESIAN_POINT('Ctrl Pts',(-15.4663142472507,37.559758653367,-29.8239642527503));
#11156=CARTESIAN_POINT('Ctrl Pts',(-15.9011422428995,37.3025838711963,-30.0125489291209));
#11157=CARTESIAN_POINT('Ctrl Pts',(-16.1167962389572,37.1393143841614,-30.1063040507585));
#11158=CARTESIAN_POINT('Ctrl Pts',(-16.3328848822459,36.9333612130897,-30.2003627880966));
#11159=CARTESIAN_POINT('Ctrl Pts',(-16.3790536560251,36.8779518075194,-30.2204797456253));
#11160=CARTESIAN_POINT('Ctrl Pts',(-16.4326119776985,36.7986180996792,-30.2438175208566));
#11161=CARTESIAN_POINT('Ctrl Pts',(-16.4498532817456,36.7659575399999,-30.2513326445289));
#11162=CARTESIAN_POINT('Ctrl Pts',(-16.470134659572,36.7064493004206,-30.2601734292312));
#11163=CARTESIAN_POINT('Ctrl Pts',(-16.4753748383154,36.6788213296717,-30.2624579882892));
#11164=CARTESIAN_POINT('Ctrl Pts',(-16.4753748383154,36.650088716291,-30.2624579882892));
#11165=CARTESIAN_POINT('Origin',(-15.9125875713778,36.650088716291,-32.6751853966668));
#11166=CARTESIAN_POINT('',(-13.7701936461728,36.650088716291,-33.9194246518782));
#11167=CARTESIAN_POINT('Origin',(-15.9125875713778,36.650088716291,-32.6751853966668));
#11168=CARTESIAN_POINT('',(-12.2680887370913,37.850088716291,-32.1836570993049));
#11169=CARTESIAN_POINT('Origin',(-15.9125875713778,37.850088716291,-32.6751853966668));
#11170=CARTESIAN_POINT('Ctrl Pts',(-12.2680887370913,37.850088716291,-32.1836570993049));
#11171=CARTESIAN_POINT('Ctrl Pts',(-12.2688393060478,37.850088716291,-32.184526730566));
#11172=CARTESIAN_POINT('Ctrl Pts',(-12.2695898760337,37.8500877916448,-32.1853963609221));
#11173=CARTESIAN_POINT('Ctrl Pts',(-12.4094838846355,37.8497433970146,-32.3474808900047));
#11174=CARTESIAN_POINT('Ctrl Pts',(-12.5484323589962,37.8177611844515,-32.5083967744222));
#11175=CARTESIAN_POINT('Ctrl Pts',(-12.8229303129409,37.706811679181,-32.8260928681678));
#11176=CARTESIAN_POINT('Ctrl Pts',(-12.9592698855927,37.6257667290527,-32.9837793699888));
#11177=CARTESIAN_POINT('Ctrl Pts',(-13.2947641798621,37.3757430727787,-33.371470863607));
#11178=CARTESIAN_POINT('Ctrl Pts',(-13.4761814948148,37.1888689609692,-33.5807274155749));
#11179=CARTESIAN_POINT('Ctrl Pts',(-13.6512385666816,36.9636961609956,-33.7824622442187));
#11180=CARTESIAN_POINT('Ctrl Pts',(-13.6913135390332,36.9004285386081,-33.8286102900026));
#11181=CARTESIAN_POINT('Ctrl Pts',(-13.7381211727007,36.8058462227475,-33.882505929465));
#11182=CARTESIAN_POINT('Ctrl Pts',(-13.751125718949,36.7705182347325,-33.8974758718448));
#11183=CARTESIAN_POINT('Ctrl Pts',(-13.7662069028785,36.7093112434368,-33.9148359534206));
#11184=CARTESIAN_POINT('Ctrl Pts',(-13.7701936461729,36.6802894424501,-33.9194246518783));
#11185=CARTESIAN_POINT('Ctrl Pts',(-13.7701936461729,36.650088716291,-33.9194246518783));
#11186=CARTESIAN_POINT('Origin',(-12.2212133897416,36.650088716291,-35.8893154904666));
#11187=CARTESIAN_POINT('',(-9.77304400566825,36.650088716291,-35.3542674387423));
#11188=CARTESIAN_POINT('Origin',(-12.2212133897416,36.650088716291,-35.8893154904666));
#11189=CARTESIAN_POINT('',(-9.20670073749464,37.850088716291,-33.7336682837978));
#11190=CARTESIAN_POINT('Origin',(-12.2212133897416,37.850088716291,-35.8893154904666));
#11191=CARTESIAN_POINT('Ctrl Pts',(-9.20670073749464,37.850088716291,-33.7336682837978));
#11192=CARTESIAN_POINT('Ctrl Pts',(-9.20705483164173,37.850088716291,-33.7346814342963));
#11193=CARTESIAN_POINT('Ctrl Pts',(-9.20740892573019,37.8500877541141,-33.7356945847401));
#11194=CARTESIAN_POINT('Ctrl Pts',(-9.27203441058863,37.8497367267934,-33.9206040437314));
#11195=CARTESIAN_POINT('Ctrl Pts',(-9.33623959804479,37.8177440833561,-34.1043148282103));
#11196=CARTESIAN_POINT('Ctrl Pts',(-9.4595381428497,37.7019637921833,-34.457119984172));
#11197=CARTESIAN_POINT('Ctrl Pts',(-9.51936907372747,37.6170666398293,-34.6283250761714));
#11198=CARTESIAN_POINT('Ctrl Pts',(-9.6251353543764,37.4088179386203,-34.9309840999225));
#11199=CARTESIAN_POINT('Ctrl Pts',(-9.67014567226569,37.2900328999851,-35.0597905178746));
#11200=CARTESIAN_POINT('Ctrl Pts',(-9.726117755408,37.081999016649,-35.2199704260089));
#11201=CARTESIAN_POINT('Ctrl Pts',(-9.7452066346866,36.9908202087875,-35.2745999922018));
#11202=CARTESIAN_POINT('Ctrl Pts',(-9.76753662245168,36.8145383717261,-35.3385057382922));
#11203=CARTESIAN_POINT('Ctrl Pts',(-9.77304400566825,36.7336822402241,-35.3542674387423));
#11204=CARTESIAN_POINT('Ctrl Pts',(-9.77304400566825,36.650088716291,-35.3542674387423));
#11205=CARTESIAN_POINT('Origin',(-8.19152248129276,36.650088716291,-37.2967750789324));
#11206=CARTESIAN_POINT('',(-8.01916439781252,37.850088716291,-33.5958819953027));
#11207=CARTESIAN_POINT('',(-7.16155398977157,37.850088716291,-33.7379154537332));
#11208=CARTESIAN_POINT('Ctrl Pts',(-8.01916439781251,37.850088716291,-33.5958819953027));
#11209=CARTESIAN_POINT('Ctrl Pts',(-8.01099375086725,37.850088716291,-33.5970909953974));
#11210=CARTESIAN_POINT('Ctrl Pts',(-8.00282362551455,37.8500878608361,-33.5983039384312));
#11211=CARTESIAN_POINT('Ctrl Pts',(-7.93649804438717,37.8500751167771,-33.6081834343667));
#11212=CARTESIAN_POINT('Ctrl Pts',(-7.87830978481104,37.8500294022348,-33.6170555770373));
#11213=CARTESIAN_POINT('Ctrl Pts',(-7.77484581133981,37.849956302771,-33.6332027627534));
#11214=CARTESIAN_POINT('Ctrl Pts',(-7.72957741405108,37.8499267192652,-33.6403942223163));
#11215=CARTESIAN_POINT('Ctrl Pts',(-7.65277119077271,37.8498968616889,-33.6528124290441));
#11216=CARTESIAN_POINT('Ctrl Pts',(-7.62125850281241,37.8498902618091,-33.6579693814119));
#11217=CARTESIAN_POINT('Ctrl Pts',(-7.55823095968756,37.8498902618091,-33.6684077108007));
#11218=CARTESIAN_POINT('Ctrl Pts',(-7.52673827038554,37.8498968616889,-33.6736854168144));
#11219=CARTESIAN_POINT('Ctrl Pts',(-7.45002943532613,37.8499267192652,-33.68669166209));
#11220=CARTESIAN_POINT('Ctrl Pts',(-7.40485958642944,37.849956302771,-33.6944781654338));
#11221=CARTESIAN_POINT('Ctrl Pts',(-7.30171414458037,37.8500294022348,-33.7125486728884));
#11222=CARTESIAN_POINT('Ctrl Pts',(-7.2437724238964,37.8500751167771,-33.7229094389714));
#11223=CARTESIAN_POINT('Ctrl Pts',(-7.17780309430361,37.8500878608361,-33.7349400126035));
#11224=CARTESIAN_POINT('Ctrl Pts',(-7.16967815332216,37.850088716291,-33.7364257828843));
#11225=CARTESIAN_POINT('Ctrl Pts',(-7.16155398977158,37.850088716291,-33.7379154537332));
#11226=CARTESIAN_POINT('',(-5.43715603093143,37.850088716291,-34.8189166522818));
#11227=CARTESIAN_POINT('Origin',(-8.19152248129276,37.850088716291,-37.2967750789324));
#11228=CARTESIAN_POINT('',(-5.69567545468516,36.6564610406072,-37.0837524327445));
#11229=CARTESIAN_POINT('Ctrl Pts',(-5.43715603093143,37.850088716291,-34.8189166522818));
#11230=CARTESIAN_POINT('Ctrl Pts',(-5.43725975535591,37.850088716291,-34.8198178988651));
#11231=CARTESIAN_POINT('Ctrl Pts',(-5.43736347916933,37.8500881385105,-34.8207191455158));
#11232=CARTESIAN_POINT('Ctrl Pts',(-5.46848199334457,37.8497416767434,-35.091106649367));
#11233=CARTESIAN_POINT('Ctrl Pts',(-5.49936114806041,37.7980411539474,-35.3599040951344));
#11234=CARTESIAN_POINT('Ctrl Pts',(-5.55507251951379,37.637537314358,-35.8461755575538));
#11235=CARTESIAN_POINT('Ctrl Pts',(-5.58069007570447,37.5338589706271,-36.0703682597564));
#11236=CARTESIAN_POINT('Ctrl Pts',(-5.63058575250221,37.2837349141814,-36.5084266592083));
#11237=CARTESIAN_POINT('Ctrl Pts',(-5.65416362803338,37.1355617546257,-36.716379232565));
#11238=CARTESIAN_POINT('Ctrl Pts',(-5.67853944339899,36.9400395987141,-36.9318919987183));
#11239=CARTESIAN_POINT('Ctrl Pts',(-5.68394732082973,36.8857495538308,-36.9797996705909));
#11240=CARTESIAN_POINT('Ctrl Pts',(-5.69118390714035,36.7953456724312,-37.0439191749121));
#11241=CARTESIAN_POINT('Ctrl Pts',(-5.69337898017825,36.7558835385562,-37.063385998343));
#11242=CARTESIAN_POINT('Ctrl Pts',(-5.69522789708576,36.6983699086666,-37.079782676833));
#11243=CARTESIAN_POINT('Ctrl Pts',(-5.6956112004153,36.6776436858191,-37.0831825278247));
#11244=CARTESIAN_POINT('Ctrl Pts',(-5.69567545468516,36.6564610406072,-37.0837524327445));
#11245=CARTESIAN_POINT('',(-5.69569244118381,36.650088716291,-37.083752368524));
#11246=CARTESIAN_POINT('Ctrl Pts',(-5.69567545468516,36.6564610406072,-37.0837524327445));
#11247=CARTESIAN_POINT('Ctrl Pts',(-5.69568110868751,36.6554005252378,-37.0837524113726));
#11248=CARTESIAN_POINT('Ctrl Pts',(-5.69568535123595,36.654340002714,-37.0837523953321));
#11249=CARTESIAN_POINT('Ctrl Pts',(-5.69569044116996,36.6524333066715,-37.0837523760868));
#11250=CARTESIAN_POINT('Ctrl Pts',(-5.69569180147192,36.6515871353972,-37.083752370943));
#11251=CARTESIAN_POINT('Ctrl Pts',(-5.69569234325744,36.6505942935276,-37.0837523688943));
#11252=CARTESIAN_POINT('Ctrl Pts',(-5.69569239629741,36.6504476236714,-37.0837523686937));
#11253=CARTESIAN_POINT('Ctrl Pts',(-5.69569243254446,36.6502434896284,-37.0837523685566));
#11254=CARTESIAN_POINT('Ctrl Pts',(-5.69569243860407,36.6501860254631,-37.0837523685337));
#11255=CARTESIAN_POINT('Ctrl Pts',(-5.69569244077031,36.6501210427764,-37.0837523685255));
#11256=CARTESIAN_POINT('Ctrl Pts',(-5.69569244095001,36.6501135242846,-37.0837523685248));
#11257=CARTESIAN_POINT('Ctrl Pts',(-5.69569244111312,36.6501022479296,-37.0837523685242));
#11258=CARTESIAN_POINT('Ctrl Pts',(-5.69569244114976,36.6500984900665,-37.0837523685241));
#11259=CARTESIAN_POINT('Ctrl Pts',(-5.69569244117876,36.6500927271672,-37.083752368524));
#11260=CARTESIAN_POINT('Ctrl Pts',(-5.69569244118381,36.6500907218122,-37.083752368524));
#11261=CARTESIAN_POINT('Ctrl Pts',(-5.69569244118381,36.650088716161,-37.083752368524));
#11262=CARTESIAN_POINT('Origin',(-8.19152248129276,36.650088716291,-37.2967750789324));
#11263=CARTESIAN_POINT('Origin',(-8.19152248129276,37.850088716291,-37.2967750789324));
#11264=CARTESIAN_POINT('Origin',(-18.9721486416866,7.85008871629097,-23.4740911043478));
#11265=CARTESIAN_POINT('',(-17.635233888428,-1.14991128370903,-25.6852910758216));
#11266=CARTESIAN_POINT('',(-17.635233888428,7.85008871629097,-25.6852910758216));
#11267=CARTESIAN_POINT('',(-17.650316100135,-1.14991128370903,-21.2538422211314));
#11268=CARTESIAN_POINT('Origin',(-18.9721486416866,-1.14991128370903,-23.4740911043478));
#11269=CARTESIAN_POINT('',(-17.650316100135,7.85008871629097,-21.2538422211314));
#11270=CARTESIAN_POINT('Origin',(-17.8774595088408,7.85008871629097,-28.1822095358482));
#11271=CARTESIAN_POINT('',(-16.4753748383149,-1.14991128370903,-30.2624579882891));
#11272=CARTESIAN_POINT('',(-16.4753748383149,7.85008871629097,-30.2624579882891));
#11273=CARTESIAN_POINT('Origin',(-17.8774595088408,-1.14991128370903,-28.1822095358481));
#11274=CARTESIAN_POINT('',(-16.1949335912869,0.184168782354442,-26.3214619484615));
#11275=CARTESIAN_POINT('',(-16.1949335912869,0.184168782354442,-30.0429571232348));
#11276=CARTESIAN_POINT('Origin',(-17.8774595088408,0.184168782354445,-28.1822095358481));
#11277=CARTESIAN_POINT('',(-16.1949335912869,7.74506211928506,-30.0429571232348));
#11278=CARTESIAN_POINT('',(-16.1949335912869,7.85008871629097,-30.0429571232348));
#11279=CARTESIAN_POINT('',(-16.1949335912869,7.74506211928506,-26.3214619484615));
#11280=CARTESIAN_POINT('Origin',(-17.8774595088408,7.74506211928506,-28.1822095358482));
#11281=CARTESIAN_POINT('',(-16.1949335912869,7.85008871629097,-26.3214619484615));
#11282=CARTESIAN_POINT('Origin',(-15.9125875713778,7.85008871629097,-32.6751853966668));
#11283=CARTESIAN_POINT('',(-13.7701936461728,7.74506211928506,-33.9194246518781));
#11284=CARTESIAN_POINT('',(-13.7701936461728,7.85008871629097,-33.9194246518781));
#11285=CARTESIAN_POINT('',(-16.1949335912869,7.74506211928506,-30.2138313424915));
#11286=CARTESIAN_POINT('Origin',(-15.9125875713778,7.74506211928506,-32.6751853966668));
#11287=CARTESIAN_POINT('',(-16.1949335912869,0.184168782354442,-30.2138313424915));
#11288=CARTESIAN_POINT('',(-16.1949335912869,7.85008871629097,-30.2138313424915));
#11289=CARTESIAN_POINT('',(-13.7701936461728,0.184168782354442,-33.9194246518781));
#11290=CARTESIAN_POINT('Origin',(-15.9125875713778,0.184168782354442,-32.6751853966668));
#11291=CARTESIAN_POINT('',(-13.7701936461728,-1.14991128370903,-33.9194246518781));
#11292=CARTESIAN_POINT('',(-13.7701936461728,7.85008871629097,-33.9194246518781));
#11293=CARTESIAN_POINT('Origin',(-15.9125875713778,-1.14991128370903,-32.6751853966668));
#11294=CARTESIAN_POINT('Origin',(-12.2212133897416,7.85008871629097,-35.8893154904666));
#11295=CARTESIAN_POINT('',(-9.77304400566825,7.74506211928506,-35.3542674387423));
#11296=CARTESIAN_POINT('',(-9.77304400566825,7.85008871629097,-35.3542674387423));
#11297=CARTESIAN_POINT('Origin',(-12.2212133897416,7.74506211928506,-35.8893154904666));
#11298=CARTESIAN_POINT('Origin',(-8.19152248129276,7.85008871629097,-37.2967750789324));
#11299=CARTESIAN_POINT('',(-5.69569163500525,7.74506211928506,-37.0837523715713));
#11300=CARTESIAN_POINT('',(-5.69569244118381,7.85008871629097,-37.083752368524));
#11301=CARTESIAN_POINT('Origin',(-8.19152248129276,7.74506211928506,-37.2967750789324));
#11302=CARTESIAN_POINT('Origin',(-3.32940707402557,36.650088716291,-37.8409179081562));
#11303=CARTESIAN_POINT('',(-1.00440707402558,37.850088716291,-34.9826890412101));
#11304=CARTESIAN_POINT('Origin',(-3.32940707402557,37.850088716291,-37.8409179081562));
#11305=CARTESIAN_POINT('',(-1.00440707402558,36.650088716291,-36.9652372955981));
#11306=CARTESIAN_POINT('Ctrl Pts',(-1.00440707402558,37.850088716291,-34.9826890412101));
#11307=CARTESIAN_POINT('Ctrl Pts',(-1.00440707402558,37.850088716291,-34.9837093368172));
#11308=CARTESIAN_POINT('Ctrl Pts',(-1.00440707402709,37.8500879331984,-34.9847296324001));
#11309=CARTESIAN_POINT('Ctrl Pts',(-1.00440707392013,37.8496463156732,-35.2726064092859));
#11310=CARTESIAN_POINT('Ctrl Pts',(-1.00440707402558,37.787533148641,-35.5593457903846));
#11311=CARTESIAN_POINT('Ctrl Pts',(-1.00440707402558,37.576863517214,-36.1059401809647));
#11312=CARTESIAN_POINT('Ctrl Pts',(-1.00440707402558,37.4303171871144,-36.3508065244914));
#11313=CARTESIAN_POINT('Ctrl Pts',(-1.00440707402558,37.2028174829737,-36.6407403346234));
#11314=CARTESIAN_POINT('Ctrl Pts',(-1.00440707402558,37.1042620723223,-36.7475692479859));
#11315=CARTESIAN_POINT('Ctrl Pts',(-1.00440707402558,36.9415467931616,-36.8710534655754));
#11316=CARTESIAN_POINT('Ctrl Pts',(-1.00440707402558,36.8788013635897,-36.9095254702109));
#11317=CARTESIAN_POINT('Ctrl Pts',(-1.00440707402558,36.7597872899527,-36.9541500878831));
#11318=CARTESIAN_POINT('Ctrl Pts',(-1.00440707402558,36.7059491383121,-36.9652372955981));
#11319=CARTESIAN_POINT('Ctrl Pts',(-1.00440707402558,36.650088716291,-36.9652372955981));
#11320=CARTESIAN_POINT('Origin',(-3.32940707402557,36.650088716291,-37.8409179081562));
#11321=CARTESIAN_POINT('Origin',(-6.26880891889161,37.250088716291,-25.687262918788));
#11322=CARTESIAN_POINT('',(-6.26880891889161,37.850088716291,-17.587262918788));
#11323=CARTESIAN_POINT('Origin',(-6.26880891889161,37.850088716291,-25.687262918788));
#11324=CARTESIAN_POINT('',(-6.26880891889161,37.250088716291,-18.187262918788));
#11325=CARTESIAN_POINT('Origin',(-6.26880891889161,37.250088716291,-17.587262918788));
#11326=CARTESIAN_POINT('',(-13.7688089188916,37.250088716291,-25.687262918788));
#11327=CARTESIAN_POINT('Origin',(-6.26880891889161,37.250088716291,-25.687262918788));
#11328=CARTESIAN_POINT('Origin',(-6.26880891889161,37.250088716291,-25.687262918788));
#11329=CARTESIAN_POINT('Origin',(-6.26880891889161,37.850088716291,-25.687262918788));
#11330=CARTESIAN_POINT('Origin',(-18.9721486416866,36.650088716291,-18.6740911043478));
#11331=CARTESIAN_POINT('',(-17.6503161001338,36.650088716291,-20.8943399875636));
#11332=CARTESIAN_POINT('Ctrl Pts',(-17.3213049553285,37.4755452046219,-21.0740911043426));
#11333=CARTESIAN_POINT('Ctrl Pts',(-17.3409472860405,37.4548193984988,-21.0637616319281));
#11334=CARTESIAN_POINT('Ctrl Pts',(-17.3599263514243,37.4333120104582,-21.0537141619265));
#11335=CARTESIAN_POINT('Ctrl Pts',(-17.465497351296,37.30458315741,-20.9974914709214));
#11336=CARTESIAN_POINT('Ctrl Pts',(-17.5354761867844,37.1818813993626,-20.9588411124878));
#11337=CARTESIAN_POINT('Ctrl Pts',(-17.6271085268579,36.9205705435474,-20.9076312624731));
#11338=CARTESIAN_POINT('Ctrl Pts',(-17.6503161001343,36.7864943355611,-20.8943399875639));
#11339=CARTESIAN_POINT('Ctrl Pts',(-17.6503161001343,36.650088716291,-20.8943399875639));
#11340=CARTESIAN_POINT('',(-17.650316100135,36.650088716291,-16.4538422211314));
#11341=CARTESIAN_POINT('Origin',(-18.9721486416866,36.650088716291,-18.6740911043478));
#11342=CARTESIAN_POINT('',(-17.3213049553298,37.475545204624,-16.2740911043445));
#11343=CARTESIAN_POINT('Ctrl Pts',(-17.6503161001343,36.650088716291,-16.4538422211318));
#11344=CARTESIAN_POINT('Ctrl Pts',(-17.6503161001343,36.7863179646446,-16.4538422211318));
#11345=CARTESIAN_POINT('Ctrl Pts',(-17.6271682750297,36.9202318895997,-16.4405853473642));
#11346=CARTESIAN_POINT('Ctrl Pts',(-17.5355451906053,37.1818637857243,-16.3893785842787));
#11347=CARTESIAN_POINT('Ctrl Pts',(-17.4653209355416,37.3049468454667,-16.3505913395276));
#11348=CARTESIAN_POINT('Ctrl Pts',(-17.3595714258032,37.4337135803735,-16.2942801724374));
#11349=CARTESIAN_POINT('Ctrl Pts',(-17.3407660108822,37.455010672836,-16.2843252481238));
#11350=CARTESIAN_POINT('Ctrl Pts',(-17.3213049553262,37.4755452046243,-16.2740911043519));
#11351=CARTESIAN_POINT('',(-16.0467080630289,37.850088716291,-16.2740911043478));
#11352=CARTESIAN_POINT('Ctrl Pts',(-17.3213049553305,37.4755452046252,-16.2740911043478));
#11353=CARTESIAN_POINT('Ctrl Pts',(-17.1836452511392,37.5578638061526,-16.2740911043478));
#11354=CARTESIAN_POINT('Ctrl Pts',(-17.0290978912615,37.6339526214883,-16.2740911043478));
#11355=CARTESIAN_POINT('Ctrl Pts',(-16.6028781845237,37.7923222014366,-16.2740911043478));
#11356=CARTESIAN_POINT('Ctrl Pts',(-16.3261432718637,37.8496934434665,-16.2740911043209));
#11357=CARTESIAN_POINT('Ctrl Pts',(-16.0486121730077,37.8500880390735,-16.2740911043482));
#11358=CARTESIAN_POINT('Ctrl Pts',(-16.0476601180243,37.850088716291,-16.2740911043478));
#11359=CARTESIAN_POINT('Ctrl Pts',(-16.0467080630289,37.850088716291,-16.2740911043478));
#11360=CARTESIAN_POINT('Origin',(-18.9721486416866,37.850088716291,-18.6740911043478));
#11361=CARTESIAN_POINT('Origin',(-16.4503161001343,36.650088716291,-18.8018767680666));
#11362=CARTESIAN_POINT('',(-17.6503161001343,36.650088716291,-18.8018767680666));
#11363=CARTESIAN_POINT('Origin',(10.5000001564619,37.850088716291,-16.3499113150018));
#11364=CARTESIAN_POINT('',(-16.0467080630289,37.850088716291,-11.4740911043478));
#11365=CARTESIAN_POINT('Origin',(-18.9721486416866,37.850088716291,-13.8740911043478));
#11366=CARTESIAN_POINT('',(-15.7359583989912,37.850088716291,-7.11315375391057));
#11367=CARTESIAN_POINT('Origin',(-18.9721486416866,37.850088716291,-9.07409110434784));
#11368=CARTESIAN_POINT('',(-14.6819872651843,37.850088716291,-3.46050245482643));
#11369=CARTESIAN_POINT('Origin',(-18.3183055660037,37.850088716291,-4.38963133451255));
#11370=CARTESIAN_POINT('',(-12.5933887329237,37.850088716291,-1.02573977991528));
#11371=CARTESIAN_POINT('Origin',(-16.2051308358134,37.850088716291,-0.0407063211466574));
#11372=CARTESIAN_POINT('',(-9.99606294516233,37.850088716291,1.14729589791924));
#11373=CARTESIAN_POINT('Origin',(-13.421497583451,37.850088716291,2.60280677614559));
#11374=CARTESIAN_POINT('',(-6.76987531731291,37.850088716291,2.06619771685348));
#11375=CARTESIAN_POINT('Origin',(-9.2992978149882,37.850088716291,4.82390037226711));
#11376=CARTESIAN_POINT('',(-2.0432743646666,37.850088716291,1.89315961885715));
#11377=CARTESIAN_POINT('Origin',(-4.2932743646666,37.850088716291,5.07452393907226));
#11378=CARTESIAN_POINT('',(2.45672563533341,37.850088716291,1.89315961885715));
#11379=CARTESIAN_POINT('Origin',(0.206725635333405,37.850088716291,5.07452393907226));
#11380=CARTESIAN_POINT('',(6.80672563533341,37.850088716291,1.79221089215889));
#11381=CARTESIAN_POINT('Origin',(4.70672563533341,37.850088716291,5.07452393907226));
#11382=CARTESIAN_POINT('',(11.0067256353334,37.850088716291,1.79221089215889));
#11383=CARTESIAN_POINT('Origin',(8.90672563533341,37.850088716291,5.07452393907226));
#11384=CARTESIAN_POINT('',(15.2067256353334,37.850088716291,1.79221089215889));
#11385=CARTESIAN_POINT('Origin',(13.1067256353334,37.850088716291,5.07452393907226));
#11386=CARTESIAN_POINT('',(19.4067256353334,37.850088716291,1.79221089215889));
#11387=CARTESIAN_POINT('Origin',(17.3067256353334,37.850088716291,5.07452393907226));
#11388=CARTESIAN_POINT('',(23.6067256353334,37.850088716291,1.79221089215889));
#11389=CARTESIAN_POINT('Origin',(21.5067256353334,37.850088716291,5.07452393907226));
#11390=CARTESIAN_POINT('',(27.7953177249886,37.850088716291,1.78494007162526));
#11391=CARTESIAN_POINT('Origin',(25.7067256353334,37.850088716291,5.07452393907226));
#11392=CARTESIAN_POINT('',(31.8485391018937,37.850088716291,0.144058539897138));
#11393=CARTESIAN_POINT('Origin',(31.0592727513973,37.850088716291,4.02092380943309));
#11394=CARTESIAN_POINT('',(34.4230405119788,37.850088716291,-1.9628264059725));
#11395=CARTESIAN_POINT('Origin',(35.0352449651983,37.850088716291,1.41164930274763));
#11396=CARTESIAN_POINT('',(35.976228890998,37.850088716291,-4.84997158962725));
#11397=CARTESIAN_POINT('Origin',(37.8140260590191,37.850088716291,-1.99994313346935));
#11398=CARTESIAN_POINT('',(36.4759578237222,37.850088716291,-8.27488886530819));
#11399=CARTESIAN_POINT('Origin',(39.1104959767278,37.850088716291,-6.14156767036061));
#11400=CARTESIAN_POINT('',(36.5316150177513,37.850088716291,-12.5049379298888));
#11401=CARTESIAN_POINT('Origin',(39.1619862644306,37.850088716291,-10.3549379298888));
#11402=CARTESIAN_POINT('',(36.5316150177513,37.850088716291,-16.8049379298888));
#11403=CARTESIAN_POINT('Origin',(39.1619862644306,37.850088716291,-14.6549379298888));
#11404=CARTESIAN_POINT('',(36.5316150177513,37.850088716291,-21.1049379298888));
#11405=CARTESIAN_POINT('Origin',(39.1619862644306,37.850088716291,-18.9549379298888));
#11406=CARTESIAN_POINT('',(36.3219281867496,37.850088716291,-25.1191865749884));
#11407=CARTESIAN_POINT('Origin',(39.1619862644306,37.850088716291,-23.2549379298888));
#11408=CARTESIAN_POINT('',(35.3738920872825,37.850088716291,-29.0532924708604));
#11409=CARTESIAN_POINT('Origin',(38.7318101348063,37.850088716291,-27.7811982702288));
#11410=CARTESIAN_POINT('',(33.446706957316,37.850088716291,-32.0610179240529));
#11411=CARTESIAN_POINT('Origin',(37.0590303144316,37.850088716291,-32.2543162832411));
#11412=CARTESIAN_POINT('',(30.4591198087527,37.850088716291,-34.1083146955787));
#11413=CARTESIAN_POINT('Origin',(33.7524933152512,37.850088716291,-35.7107642713227));
#11414=CARTESIAN_POINT('',(26.8318988499098,37.850088716291,-34.9320362030642));
#11415=CARTESIAN_POINT('Origin',(29.3446071686178,37.850088716291,-37.598621637625));
#11416=CARTESIAN_POINT('',(22.2455929259744,37.850088716291,-34.9826890412101));
#11417=CARTESIAN_POINT('Origin',(24.5705929259744,37.850088716291,-37.8409179081562));
#11418=CARTESIAN_POINT('',(17.5955929259744,37.850088716291,-34.9826890412101));
#11419=CARTESIAN_POINT('Origin',(19.9205929259744,37.850088716291,-37.8409179081562));
#11420=CARTESIAN_POINT('',(12.9455929259744,37.850088716291,-34.9826890412101));
#11421=CARTESIAN_POINT('Origin',(15.2705929259744,37.850088716291,-37.8409179081562));
#11422=CARTESIAN_POINT('',(8.29559292597443,37.850088716291,-34.9826890412101));
#11423=CARTESIAN_POINT('Origin',(10.6205929259744,37.850088716291,-37.8409179081562));
#11424=CARTESIAN_POINT('',(3.64559292597442,37.850088716291,-34.9826890412101));
#11425=CARTESIAN_POINT('Origin',(5.97059292597443,37.850088716291,-37.8409179081562));
#11426=CARTESIAN_POINT('Origin',(1.32059292597442,37.850088716291,-37.8409179081562));
#11427=CARTESIAN_POINT('',(10.2311910811084,37.850088716291,0.112737081211997));
#11428=CARTESIAN_POINT('Origin',(10.2311910811084,37.850088716291,-7.98726291878801));
#11429=CARTESIAN_POINT('',(26.7311910811084,37.850088716291,-17.587262918788));
#11430=CARTESIAN_POINT('Origin',(26.7311910811084,37.850088716291,-25.687262918788));
#11431=CARTESIAN_POINT('',(15.0000002235174,37.850088716291,-16.6499113284125));
#11432=CARTESIAN_POINT('',(15.6000002235174,37.850088716291,-17.2499113284125));
#11433=CARTESIAN_POINT('Origin',(15.6000002235174,37.850088716291,-16.6499113284125));
#11434=CARTESIAN_POINT('',(21.6000003308058,37.850088716291,-17.2499113284125));
#11435=CARTESIAN_POINT('',(15.6000002235174,37.850088716291,-17.2499113284125));
#11436=CARTESIAN_POINT('',(22.2000003308058,37.850088716291,-16.6499113284125));
#11437=CARTESIAN_POINT('Origin',(21.6000003308058,37.850088716291,-16.6499113284125));
#11438=CARTESIAN_POINT('',(22.2000003308058,37.850088716291,-16.0499113015904));
#11439=CARTESIAN_POINT('',(22.2000003308058,37.850088716291,-16.6499113284125));
#11440=CARTESIAN_POINT('',(21.6000003308058,37.850088716291,-15.4499113015904));
#11441=CARTESIAN_POINT('Origin',(21.6000003308058,37.850088716291,-16.0499113015904));
#11442=CARTESIAN_POINT('',(15.6000002235174,37.850088716291,-15.4499113015904));
#11443=CARTESIAN_POINT('',(21.6000003308058,37.850088716291,-15.4499113015904));
#11444=CARTESIAN_POINT('',(15.0000002235174,37.850088716291,-16.0499113015904));
#11445=CARTESIAN_POINT('Origin',(15.6000002235174,37.850088716291,-16.0499113015904));
#11446=CARTESIAN_POINT('',(15.0000002235174,37.850088716291,-16.0499113015904));
#11447=CARTESIAN_POINT('',(-1.49999977648258,37.850088716291,-15.4499113015904));
#11448=CARTESIAN_POINT('',(-2.09999977648258,37.850088716291,-16.0499113015904));
#11449=CARTESIAN_POINT('Origin',(-1.49999977648258,37.850088716291,-16.0499113015904));
#11450=CARTESIAN_POINT('',(-2.09999977648258,37.850088716291,-16.6499113284125));
#11451=CARTESIAN_POINT('',(-2.09999977648258,37.850088716291,-16.0499113015904));
#11452=CARTESIAN_POINT('',(-1.49999977648258,37.850088716291,-17.2499113284125));
#11453=CARTESIAN_POINT('Origin',(-1.49999977648258,37.850088716291,-16.6499113284125));
#11454=CARTESIAN_POINT('',(4.50000033080578,37.850088716291,-17.2499113284125));
#11455=CARTESIAN_POINT('',(-1.49999977648258,37.850088716291,-17.2499113284125));
#11456=CARTESIAN_POINT('',(5.10000033080578,37.850088716291,-16.6499113284125));
#11457=CARTESIAN_POINT('Origin',(4.50000033080577,37.850088716291,-16.6499113284125));
#11458=CARTESIAN_POINT('',(5.10000033080578,37.850088716291,-16.0499113015904));
#11459=CARTESIAN_POINT('',(5.10000033080578,37.850088716291,-16.6499113284125));
#11460=CARTESIAN_POINT('',(4.50000033080578,37.850088716291,-15.4499113015904));
#11461=CARTESIAN_POINT('Origin',(4.50000033080578,37.850088716291,-16.0499113015904));
#11462=CARTESIAN_POINT('',(4.50000033080578,37.850088716291,-15.4499113015904));
#11463=CARTESIAN_POINT('',(10.2311910811084,37.850088716291,-17.587262918788));
#11464=CARTESIAN_POINT('Origin',(10.2311910811084,37.850088716291,-25.687262918788));
#11465=CARTESIAN_POINT('',(-6.26880891889161,37.850088716291,0.112737081211997));
#11466=CARTESIAN_POINT('Origin',(-6.26880891889161,37.850088716291,-7.98726291878801));
#11467=CARTESIAN_POINT('',(26.7311910811084,37.850088716291,0.112737081211998));
#11468=CARTESIAN_POINT('Origin',(26.7311910811084,37.850088716291,-7.98726291878801));
#11469=CARTESIAN_POINT('Origin',(-18.9721486416866,36.650088716291,-13.8740911043478));
#11470=CARTESIAN_POINT('',(-17.6503161001338,36.650088716291,-16.0943399875636));
#11471=CARTESIAN_POINT('Ctrl Pts',(-17.3213049553285,37.4755452046219,-16.2740911043426));
#11472=CARTESIAN_POINT('Ctrl Pts',(-17.340947674846,37.4548189882467,-16.2637614274638));
#11473=CARTESIAN_POINT('Ctrl Pts',(-17.3599271025875,37.4333111592206,-16.2537137642577));
#11474=CARTESIAN_POINT('Ctrl Pts',(-17.465498011331,37.3045820433053,-16.1974911080885));
#11475=CARTESIAN_POINT('Ctrl Pts',(-17.5354765095233,37.1818806169922,-16.1588409329511));
#11476=CARTESIAN_POINT('Ctrl Pts',(-17.6271085716728,36.9205702860438,-16.1076312366478));
#11477=CARTESIAN_POINT('Ctrl Pts',(-17.6503161001343,36.7864942035695,-16.0943399875639));
#11478=CARTESIAN_POINT('Ctrl Pts',(-17.6503161001343,36.650088716291,-16.0943399875639));
#11479=CARTESIAN_POINT('',(-17.650316100135,36.650088716291,-11.6538422211314));
#11480=CARTESIAN_POINT('Origin',(-18.9721486416866,36.650088716291,-13.8740911043478));
#11481=CARTESIAN_POINT('',(-17.3213049553298,37.475545204624,-11.4740911043445));
#11482=CARTESIAN_POINT('Ctrl Pts',(-17.6503161001343,36.650088716291,-11.6538422211318));
#11483=CARTESIAN_POINT('Ctrl Pts',(-17.6503161001343,36.7863179646431,-11.6538422211318));
#11484=CARTESIAN_POINT('Ctrl Pts',(-17.6271682750302,36.9202318895969,-11.6405853473645));
#11485=CARTESIAN_POINT('Ctrl Pts',(-17.5355451906089,37.1818637857156,-11.5893785842807));
#11486=CARTESIAN_POINT('Ctrl Pts',(-17.4653209355489,37.3049468454543,-11.5505913395317));
#11487=CARTESIAN_POINT('Ctrl Pts',(-17.3595714258119,37.4337135803636,-11.494280172442));
#11488=CARTESIAN_POINT('Ctrl Pts',(-17.3407660108868,37.4550106728311,-11.4843252481262));
#11489=CARTESIAN_POINT('Ctrl Pts',(-17.3213049553262,37.4755452046243,-11.4740911043519));
#11490=CARTESIAN_POINT('Ctrl Pts',(-17.3213049553305,37.4755452046252,-11.4740911043478));
#11491=CARTESIAN_POINT('Ctrl Pts',(-17.1837273054551,37.5578147388052,-11.4740911043478));
#11492=CARTESIAN_POINT('Ctrl Pts',(-17.0292834168969,37.6338610772029,-11.4740911043478));
#11493=CARTESIAN_POINT('Ctrl Pts',(-16.6030943968952,37.7922770919887,-11.4740911043478));
#11494=CARTESIAN_POINT('Ctrl Pts',(-16.3262549301499,37.8496921961364,-11.4740911041777));
#11495=CARTESIAN_POINT('Ctrl Pts',(-16.0486174450262,37.8500880353182,-11.4740911043502));
#11496=CARTESIAN_POINT('Ctrl Pts',(-16.0476627540319,37.850088716291,-11.4740911043478));
#11497=CARTESIAN_POINT('Ctrl Pts',(-16.0467080630289,37.850088716291,-11.4740911043478));
#11498=CARTESIAN_POINT('Origin',(-16.4503161001343,36.650088716291,-16.4018767680666));
#11499=CARTESIAN_POINT('',(-17.6503161001343,36.650088716291,-16.4018767680666));
#11500=CARTESIAN_POINT('Origin',(-18.9721486416866,7.85008871629097,-18.6740911043478));
#11501=CARTESIAN_POINT('',(-17.6503161001338,-1.14991128370903,-20.8943399875636));
#11502=CARTESIAN_POINT('',(-17.6503161001338,7.85008871629097,-20.8943399875636));
#11503=CARTESIAN_POINT('',(-17.650316100135,-1.14991128370903,-16.4538422211314));
#11504=CARTESIAN_POINT('Origin',(-18.9721486416866,-1.14991128370903,-18.6740911043478));
#11505=CARTESIAN_POINT('',(-17.650316100135,7.85008871629097,-16.4538422211314));
#11506=CARTESIAN_POINT('Origin',(-18.9721486416866,36.650088716291,-9.07409110434784));
#11507=CARTESIAN_POINT('',(-17.6503161001338,36.650088716291,-11.2943399875636));
#11508=CARTESIAN_POINT('Ctrl Pts',(-17.3213049553285,37.4755452046219,-11.4740911043426));
#11509=CARTESIAN_POINT('Ctrl Pts',(-17.3409643489875,37.4548013943558,-11.4637526588972));
#11510=CARTESIAN_POINT('Ctrl Pts',(-17.3599593161359,37.4332746528614,-11.453696710226));
#11511=CARTESIAN_POINT('Ctrl Pts',(-17.4655263175657,37.3045342621373,-11.3974755476347));
#11512=CARTESIAN_POINT('Ctrl Pts',(-17.5354903519858,37.1818470609486,-11.3588332325138));
#11513=CARTESIAN_POINT('Ctrl Pts',(-17.6271104942485,36.9205592388077,-11.307630128733));
#11514=CARTESIAN_POINT('Ctrl Pts',(-17.6503161001343,36.7864885409676,-11.2943399875639));
#11515=CARTESIAN_POINT('Ctrl Pts',(-17.6503161001343,36.650088716291,-11.2943399875639));
#11516=CARTESIAN_POINT('',(-17.6269757915171,36.650088716291,-6.86790517054818));
#11517=CARTESIAN_POINT('Origin',(-18.9721486416866,36.650088716291,-9.07409110434784));
#11518=CARTESIAN_POINT('',(-17.6262980056744,36.8012289891619,-6.85713177311051));
#11519=CARTESIAN_POINT('Ctrl Pts',(-17.6269757915171,36.650088716291,-6.86790517054818));
#11520=CARTESIAN_POINT('Ctrl Pts',(-17.6269757915171,36.6508146737997,-6.86790517054818));
#11521=CARTESIAN_POINT('Ctrl Pts',(-17.6269757450922,36.6515406314707,-6.86790442728939));
#11522=CARTESIAN_POINT('Ctrl Pts',(-17.6269753945576,36.6542813111586,-6.86789881528951));
#11523=CARTESIAN_POINT('Ctrl Pts',(-17.6269747793062,36.6562960134196,-6.86788896518712));
#11524=CARTESIAN_POINT('Ctrl Pts',(-17.6269721160266,36.6618114027988,-6.86784632821932));
#11525=CARTESIAN_POINT('Ctrl Pts',(-17.626969345961,36.6653119468061,-6.86780198256625));
#11526=CARTESIAN_POINT('Ctrl Pts',(-17.6269575120637,36.6760707398128,-6.86761256518689));
#11527=CARTESIAN_POINT('Ctrl Pts',(-17.6269448852174,36.68332753721,-6.86741047737733));
#11528=CARTESIAN_POINT('Ctrl Pts',(-17.6268819562559,36.7097505442671,-6.86640403361151));
#11529=CARTESIAN_POINT('Ctrl Pts',(-17.6268038890216,36.7288921231493,-6.86515601783682));
#11530=CARTESIAN_POINT('Ctrl Pts',(-17.6265898506557,36.7657950740641,-6.86174991466552));
#11531=CARTESIAN_POINT('Ctrl Pts',(-17.6264582776191,36.7835439496022,-6.85966114657586));
#11532=CARTESIAN_POINT('Ctrl Pts',(-17.6262980051356,36.801228989441,-6.85713177509574));
#11533=CARTESIAN_POINT('Ctrl Pts',(-17.6262980084288,36.8012289900365,-6.8571317730081));
#11534=CARTESIAN_POINT('Ctrl Pts',(-17.624836251577,36.8058559842047,-6.85733193879383));
#11535=CARTESIAN_POINT('Ctrl Pts',(-17.6233123708933,36.810472117637,-6.85754060451482));
#11536=CARTESIAN_POINT('Ctrl Pts',(-17.5822936170839,36.9296777804732,-6.86315710145708));
#11537=CARTESIAN_POINT('Ctrl Pts',(-17.508277638914,37.0297122103855,-6.87328284840879));
#11538=CARTESIAN_POINT('Ctrl Pts',(-17.332132901297,37.2268098049257,-6.89733421579111));
#11539=CARTESIAN_POINT('Ctrl Pts',(-17.1908239457603,37.343187949132,-6.91659136382136));
#11540=CARTESIAN_POINT('Ctrl Pts',(-16.8481043666396,37.564244403987,-6.96313815714789));
#11541=CARTESIAN_POINT('Ctrl Pts',(-16.644487148036,37.6624027205576,-6.99070791868583));
#11542=CARTESIAN_POINT('Ctrl Pts',(-16.211812641433,37.8063602173252,-7.0491316333183));
#11543=CARTESIAN_POINT('Ctrl Pts',(-15.9753037856781,37.8497495248164,-7.08098226756771));
#11544=CARTESIAN_POINT('Ctrl Pts',(-15.7378071900655,37.8500880570947,-7.11290525228443));
#11545=CARTESIAN_POINT('Ctrl Pts',(-15.7368827945938,37.850088716291,-7.11302950353665));
#11546=CARTESIAN_POINT('Ctrl Pts',(-15.7359583989912,37.850088716291,-7.11315375391057));
#11547=CARTESIAN_POINT('Origin',(-16.4503161001343,36.650088716291,-14.0018767680666));
#11548=CARTESIAN_POINT('',(-17.6503161001343,36.650088716291,-14.0018767680666));
#11549=CARTESIAN_POINT('Origin',(-18.3183055660037,36.650088716291,-4.38963133451255));
#11550=CARTESIAN_POINT('',(-17.6256532380038,36.650088716291,-6.84702384950898));
#11551=CARTESIAN_POINT('Ctrl Pts',(-17.6262980049324,36.8012289889804,-6.85713177188827));
#11552=CARTESIAN_POINT('Ctrl Pts',(-17.6262506305583,36.7956597193764,-6.85638412396031));
#11553=CARTESIAN_POINT('Ctrl Pts',(-17.6262057938109,36.7900846516053,-6.85567763016718));
#11554=CARTESIAN_POINT('Ctrl Pts',(-17.6258642049268,36.7449884216568,-6.85030185290761));
#11555=CARTESIAN_POINT('Ctrl Pts',(-17.6256946020365,36.7052673656296,-6.8476681091402));
#11556=CARTESIAN_POINT('Ctrl Pts',(-17.6256573352553,36.6624849512249,-6.84708765926032));
#11557=CARTESIAN_POINT('Ctrl Pts',(-17.6256554899916,36.6594954237058,-6.84705892124942));
#11558=CARTESIAN_POINT('Ctrl Pts',(-17.6256539460149,36.6552459150308,-6.84703487570056));
#11559=CARTESIAN_POINT('Ctrl Pts',(-17.6256536230607,36.6539860091273,-6.84702984617464));
#11560=CARTESIAN_POINT('Ctrl Pts',(-17.6256533170966,36.6519370649263,-6.84702508125249));
#11561=CARTESIAN_POINT('Ctrl Pts',(-17.6256532521467,36.6511480313474,-6.84702406976174));
#11562=CARTESIAN_POINT('Ctrl Pts',(-17.6256532386932,36.6502689035803,-6.84702386024471));
#11563=CARTESIAN_POINT('Ctrl Pts',(-17.6256532380038,36.6501788099337,-6.84702384950898));
#11564=CARTESIAN_POINT('Ctrl Pts',(-17.6256532380038,36.650088716291,-6.84702384950898));
#11565=CARTESIAN_POINT('',(-16.534559623673,36.650088716291,-2.56294153231215));
#11566=CARTESIAN_POINT('Origin',(-18.3183055660037,36.650088716291,-4.38963133451255));
#11567=CARTESIAN_POINT('Ctrl Pts',(-14.6819872651843,37.850088716291,-3.46050245482643));
#11568=CARTESIAN_POINT('Ctrl Pts',(-14.6830057279229,37.850088716291,-3.46000946253787));
#11569=CARTESIAN_POINT('Ctrl Pts',(-14.6840241904644,37.8500877816252,-3.45951646987776));
#11570=CARTESIAN_POINT('Ctrl Pts',(-14.9469148115741,37.8496056165271,-3.3322626309548));
#11571=CARTESIAN_POINT('Ctrl Pts',(-15.2086885609138,37.7876064292596,-3.2055175298059));
#11572=CARTESIAN_POINT('Ctrl Pts',(-15.7305463842678,37.5705772295673,-2.95275072679663));
#11573=CARTESIAN_POINT('Ctrl Pts',(-15.9724297819693,37.4108795003825,-2.83552758229855));
#11574=CARTESIAN_POINT('Ctrl Pts',(-16.2447724250916,37.177084487611,-2.70349438279952));
#11575=CARTESIAN_POINT('Ctrl Pts',(-16.3438945584083,37.0782141867065,-2.65542645878389));
#11576=CARTESIAN_POINT('Ctrl Pts',(-16.4542223948847,36.9195828750649,-2.60191396416332));
#11577=CARTESIAN_POINT('Ctrl Pts',(-16.4877645337161,36.8602159325035,-2.58564290893403));
#11578=CARTESIAN_POINT('Ctrl Pts',(-16.5253928103961,36.7496431076341,-2.5673888075516));
#11579=CARTESIAN_POINT('Ctrl Pts',(-16.534559623673,36.7008119886512,-2.56294153231212));
#11580=CARTESIAN_POINT('Ctrl Pts',(-16.534559623673,36.650088716291,-2.56294153231212));
#11581=CARTESIAN_POINT('Origin',(-5.65031610013474,7.85008871629097,-7.61598446903038));
#11582=CARTESIAN_POINT('',(-17.6269757915171,-1.14991128370903,-6.86790517054818));
#11583=CARTESIAN_POINT('',(-17.6269757915171,7.85008871629097,-6.86790517054818));
#11584=CARTESIAN_POINT('',(-17.6256532380038,-1.14991128370903,-6.84702384950897));
#11585=CARTESIAN_POINT('Origin',(-5.65031610013474,-1.14991128370903,-7.61598446903038));
#11586=CARTESIAN_POINT('',(-17.6256532380038,7.85008871629097,-6.84702384950897));
#11587=CARTESIAN_POINT('Origin',(-18.9721486416866,7.85008871629097,-9.07409110434784));
#11588=CARTESIAN_POINT('',(-17.6503161001338,-1.14991128370903,-11.2943399875636));
#11589=CARTESIAN_POINT('',(-17.6503161001338,7.85008871629097,-11.2943399875636));
#11590=CARTESIAN_POINT('Origin',(-18.9721486416866,-1.14991128370903,-9.07409110434784));
#11591=CARTESIAN_POINT('Origin',(25.7067256353334,36.650088716291,5.07452393907226));
#11592=CARTESIAN_POINT('',(23.6067256353334,36.650088716291,3.38286439028651));
#11593=CARTESIAN_POINT('',(28.2813549045623,36.650088716291,4.27265352870156));
#11594=CARTESIAN_POINT('Origin',(25.7067256353334,36.650088716291,5.07452393907226));
#11595=CARTESIAN_POINT('',(28.2977751724937,36.8475167445386,4.27038922683846));
#11596=CARTESIAN_POINT('Ctrl Pts',(28.2813549045623,36.650088716291,4.27265352870156));
#11597=CARTESIAN_POINT('Ctrl Pts',(28.2813549045623,36.6547392232805,4.27265352870156));
#11598=CARTESIAN_POINT('Ctrl Pts',(28.2813820591397,36.6593896997314,4.27264980337708));
#11599=CARTESIAN_POINT('Ctrl Pts',(28.2815314706355,36.6721833173964,4.2726293041154));
#11600=CARTESIAN_POINT('Ctrl Pts',(28.2817098392128,36.6803254741939,4.27260483166907));
#11601=CARTESIAN_POINT('Ctrl Pts',(28.2825206914725,36.7055552533709,4.27249354553359));
#11602=CARTESIAN_POINT('Ctrl Pts',(28.2834367421619,36.7226310007229,4.27236779977874));
#11603=CARTESIAN_POINT('Ctrl Pts',(28.2873691923496,36.7749283924366,4.27182716125016));
#11604=CARTESIAN_POINT('Ctrl Pts',(28.2915815514205,36.8100356340121,4.27124744380573));
#11605=CARTESIAN_POINT('Ctrl Pts',(28.297484417761,36.8457743737676,4.27042952288836));
#11606=CARTESIAN_POINT('Ctrl Pts',(28.2976293141253,36.846645645937,4.2704094428987));
#11607=CARTESIAN_POINT('Ctrl Pts',(28.2977751724937,36.8475167445386,4.27038922683846));
#11608=CARTESIAN_POINT('Ctrl Pts',(28.2977751724937,36.8475167445386,4.27038922683846));
#11609=CARTESIAN_POINT('Ctrl Pts',(28.2556266443109,36.9843853972979,4.05755964863967));
#11610=CARTESIAN_POINT('Ctrl Pts',(28.189913006511,37.2038459990971,3.72760841867839));
#11611=CARTESIAN_POINT('Ctrl Pts',(28.0690508136583,37.5180976258548,3.12772578497162));
#11612=CARTESIAN_POINT('Ctrl Pts',(28.019797275133,37.6263351813458,2.88460622164164));
#11613=CARTESIAN_POINT('Ctrl Pts',(27.9129140050146,37.7946139847065,2.35934955965895));
#11614=CARTESIAN_POINT('Ctrl Pts',(27.8545566794607,37.8497216898612,2.07385713142918));
#11615=CARTESIAN_POINT('Ctrl Pts',(27.7957063729973,37.8500881108878,1.78683553681239));
#11616=CARTESIAN_POINT('Ctrl Pts',(27.7955120499169,37.850088716291,1.78588780402006));
#11617=CARTESIAN_POINT('Ctrl Pts',(27.7953177249886,37.850088716291,1.78494007162526));
#11618=CARTESIAN_POINT('Ctrl Pts',(23.6067256353334,37.850088716291,1.79221089215889));
#11619=CARTESIAN_POINT('Ctrl Pts',(23.6067256353334,37.850088716291,1.7932236246206));
#11620=CARTESIAN_POINT('Ctrl Pts',(23.6067256353338,37.8500878066179,1.79423635701009));
#11621=CARTESIAN_POINT('Ctrl Pts',(23.6067256353156,37.8497838186156,1.96351821733039));
#11622=CARTESIAN_POINT('Ctrl Pts',(23.6067256353334,37.8243947260902,2.13161534894812));
#11623=CARTESIAN_POINT('Ctrl Pts',(23.6067256353334,37.731062420802,2.4519476739857));
#11624=CARTESIAN_POINT('Ctrl Pts',(23.6067256353334,37.6635705730515,2.60544608464268));
#11625=CARTESIAN_POINT('Ctrl Pts',(23.6067256353334,37.482166399584,2.90313307124815));
#11626=CARTESIAN_POINT('Ctrl Pts',(23.6067256353334,37.3666638633099,3.03971377778045));
#11627=CARTESIAN_POINT('Ctrl Pts',(23.6067256353334,37.1492118335422,3.22105313893355));
#11628=CARTESIAN_POINT('Ctrl Pts',(23.6067256353334,37.0478525865593,3.28508313202425));
#11629=CARTESIAN_POINT('Ctrl Pts',(23.6067256353334,36.8455427527767,3.3632614187855));
#11630=CARTESIAN_POINT('Ctrl Pts',(23.6067256353334,36.7492440395708,3.38286439028651));
#11631=CARTESIAN_POINT('Ctrl Pts',(23.6067256353334,36.650088716291,3.38286439028651));
#11632=CARTESIAN_POINT('Origin',(21.5067256353334,36.650088716291,5.07452393907226));
#11633=CARTESIAN_POINT('',(19.4067256353334,36.650088716291,3.38286439028651));
#11634=CARTESIAN_POINT('Origin',(21.5067256353334,36.650088716291,5.07452393907226));
#11635=CARTESIAN_POINT('Ctrl Pts',(19.4067256353334,37.850088716291,1.79221089215889));
#11636=CARTESIAN_POINT('Ctrl Pts',(19.4067256353334,37.850088716291,1.79322406630279));
#11637=CARTESIAN_POINT('Ctrl Pts',(19.4067256353352,37.8500878058243,1.79423724037451));
#11638=CARTESIAN_POINT('Ctrl Pts',(19.4067256352593,37.8497837956279,1.96345768746482));
#11639=CARTESIAN_POINT('Ctrl Pts',(19.4067256353334,37.8244131366586,2.13149299525015));
#11640=CARTESIAN_POINT('Ctrl Pts',(19.4067256353334,37.7311362707517,2.45175228588568));
#11641=CARTESIAN_POINT('Ctrl Pts',(19.4067256353334,37.6636720290418,2.60523518297576));
#11642=CARTESIAN_POINT('Ctrl Pts',(19.4067256353334,37.4822946411101,2.90297199888589));
#11643=CARTESIAN_POINT('Ctrl Pts',(19.4067256353334,37.3667740726611,3.03960355950551));
#11644=CARTESIAN_POINT('Ctrl Pts',(19.4067256353334,37.1492812874814,3.22100825841551));
#11645=CARTESIAN_POINT('Ctrl Pts',(19.4067256353334,37.0478990973456,3.28506225496743));
#11646=CARTESIAN_POINT('Ctrl Pts',(19.4067256353334,36.845556270009,3.36325863794048));
#11647=CARTESIAN_POINT('Ctrl Pts',(19.4067256353334,36.7492510649546,3.3828643902865));
#11648=CARTESIAN_POINT('Ctrl Pts',(19.4067256353334,36.650088716291,3.3828643902865));
#11649=CARTESIAN_POINT('Origin',(17.3067256353334,36.650088716291,5.07452393907226));
#11650=CARTESIAN_POINT('',(15.2067256353334,36.650088716291,3.38286439028651));
#11651=CARTESIAN_POINT('Origin',(17.3067256353334,36.650088716291,5.07452393907226));
#11652=CARTESIAN_POINT('Ctrl Pts',(15.2067256353334,37.850088716291,1.79221089215889));
#11653=CARTESIAN_POINT('Ctrl Pts',(15.2067256353334,37.850088716291,1.79322429014274));
#11654=CARTESIAN_POINT('Ctrl Pts',(15.206725635334,37.8500878054219,1.79423768805606));
#11655=CARTESIAN_POINT('Ctrl Pts',(15.2067256353097,37.8497837841142,1.96342695603889));
#11656=CARTESIAN_POINT('Ctrl Pts',(15.2067256353334,37.8244224811619,2.13143087675367));
#11657=CARTESIAN_POINT('Ctrl Pts',(15.2067256353334,37.7311737541881,2.45165309115959));
#11658=CARTESIAN_POINT('Ctrl Pts',(15.2067256353334,37.6637235230631,2.60512811600188));
#11659=CARTESIAN_POINT('Ctrl Pts',(15.2067256353334,37.4823597298302,2.90289023382246));
#11660=CARTESIAN_POINT('Ctrl Pts',(15.2067256353334,37.3668300057365,3.03954761510053));
#11661=CARTESIAN_POINT('Ctrl Pts',(15.2067256353334,37.1493165299378,3.2209854829694));
#11662=CARTESIAN_POINT('Ctrl Pts',(15.2067256353334,37.0479226944059,3.28505166331992));
#11663=CARTESIAN_POINT('Ctrl Pts',(15.2067256353334,36.8455631233265,3.36325722795559));
#11664=CARTESIAN_POINT('Ctrl Pts',(15.2067256353334,36.7492546268767,3.38286439028651));
#11665=CARTESIAN_POINT('Ctrl Pts',(15.2067256353334,36.650088716291,3.38286439028651));
#11666=CARTESIAN_POINT('Origin',(13.1067256353334,36.650088716291,5.07452393907226));
#11667=CARTESIAN_POINT('',(11.0067256353334,36.650088716291,3.38286439028651));
#11668=CARTESIAN_POINT('Origin',(13.1067256353334,36.650088716291,5.07452393907226));
#11669=CARTESIAN_POINT('Ctrl Pts',(11.0067256353334,37.850088716291,1.79221089215889));
#11670=CARTESIAN_POINT('Ctrl Pts',(11.0067256353334,37.850088716291,1.79322439078341));
#11671=CARTESIAN_POINT('Ctrl Pts',(11.0067256353344,37.850087805241,1.79423788933357));
#11672=CARTESIAN_POINT('Ctrl Pts',(11.0067256352921,37.8497837789677,1.96341312684882));
#11673=CARTESIAN_POINT('Ctrl Pts',(11.0067256353334,37.8244266856167,2.13140292362614));
#11674=CARTESIAN_POINT('Ctrl Pts',(11.0067256353334,37.73119061944,2.45160845452174));
#11675=CARTESIAN_POINT('Ctrl Pts',(11.0067256353334,37.6637466919592,2.60507993773912));
#11676=CARTESIAN_POINT('Ctrl Pts',(11.0067256353334,37.4823890153733,2.90285344216543));
#11677=CARTESIAN_POINT('Ctrl Pts',(11.0067256353334,37.3668551710973,3.03952244314892));
#11678=CARTESIAN_POINT('Ctrl Pts',(11.0067256353334,37.1493323847502,3.22097523633546));
#11679=CARTESIAN_POINT('Ctrl Pts',(11.0067256353334,37.0479333094324,3.28504689877068));
#11680=CARTESIAN_POINT('Ctrl Pts',(11.0067256353334,36.8455662052499,3.36325659387061));
#11681=CARTESIAN_POINT('Ctrl Pts',(11.0067256353334,36.7492562286685,3.38286439028651));
#11682=CARTESIAN_POINT('Ctrl Pts',(11.0067256353334,36.650088716291,3.38286439028651));
#11683=CARTESIAN_POINT('Origin',(8.90672563533341,36.650088716291,5.07452393907226));
#11684=CARTESIAN_POINT('',(6.80672563533341,36.650088716291,3.3828643902865));
#11685=CARTESIAN_POINT('Origin',(8.90672563533341,36.650088716291,5.07452393907226));
#11686=CARTESIAN_POINT('Ctrl Pts',(6.80672563533341,37.850088716291,1.79221089215889));
#11687=CARTESIAN_POINT('Ctrl Pts',(6.80672563533341,37.850088716291,1.79322440099768));
#11688=CARTESIAN_POINT('Ctrl Pts',(6.80672563533512,37.8500878052227,1.79423790976632));
#11689=CARTESIAN_POINT('Ctrl Pts',(6.80672563526374,37.8497837784463,1.96341172264622));
#11690=CARTESIAN_POINT('Ctrl Pts',(6.80672563533341,37.8244271125126,2.13140008530294));
#11691=CARTESIAN_POINT('Ctrl Pts',(6.80672563533341,37.7311923318396,2.45160392220078));
#11692=CARTESIAN_POINT('Ctrl Pts',(6.80672563533341,37.6637490443851,2.60507504583619));
#11693=CARTESIAN_POINT('Ctrl Pts',(6.80672563533341,37.4823919888432,2.90284970647184));
#11694=CARTESIAN_POINT('Ctrl Pts',(6.80672563533341,37.3668577262035,3.0395198873217));
#11695=CARTESIAN_POINT('Ctrl Pts',(6.80672563533341,37.1493339944815,3.22097419598387));
#11696=CARTESIAN_POINT('Ctrl Pts',(6.80672563533341,37.0479343871439,3.28504641504228));
#11697=CARTESIAN_POINT('Ctrl Pts',(6.80672563533341,36.8455665181133,3.36325652950048));
#11698=CARTESIAN_POINT('Ctrl Pts',(6.80672563533341,36.7492563912754,3.38286439028651));
#11699=CARTESIAN_POINT('Ctrl Pts',(6.80672563533341,36.650088716291,3.38286439028651));
#11700=CARTESIAN_POINT('Origin',(4.70672563533341,36.650088716291,5.07452393907226));
#11701=CARTESIAN_POINT('',(2.4567256353334,36.650088716291,3.58818211129575));
#11702=CARTESIAN_POINT('Origin',(4.70672563533341,36.650088716291,5.07452393907226));
#11703=CARTESIAN_POINT('Ctrl Pts',(2.4567256353334,37.850088716291,1.89315961885715));
#11704=CARTESIAN_POINT('Ctrl Pts',(2.4567256353334,37.850088716291,1.89417800386693));
#11705=CARTESIAN_POINT('Ctrl Pts',(2.45672563533183,37.8500878521459,1.8951963888306));
#11706=CARTESIAN_POINT('Ctrl Pts',(2.45672563540815,37.8497534470803,2.09233706862999));
#11707=CARTESIAN_POINT('Ctrl Pts',(2.4567256353334,37.8174159483864,2.28841291418118));
#11708=CARTESIAN_POINT('Ctrl Pts',(2.4567256353334,37.7016173992193,2.65833179375988));
#11709=CARTESIAN_POINT('Ctrl Pts',(2.45672563533341,37.6186516657174,2.83503555021542));
#11710=CARTESIAN_POINT('Ctrl Pts',(2.45672563533341,37.4157436574157,3.14535427872243));
#11711=CARTESIAN_POINT('Ctrl Pts',(2.45672563533341,37.3006819627077,3.27670434504992));
#11712=CARTESIAN_POINT('Ctrl Pts',(2.45672563533341,37.0945255663012,3.44400340138049));
#11713=CARTESIAN_POINT('Ctrl Pts',(2.4567256353334,37.0025732022067,3.50167397542434));
#11714=CARTESIAN_POINT('Ctrl Pts',(2.4567256353334,36.8218938766103,3.57089525288013));
#11715=CARTESIAN_POINT('Ctrl Pts',(2.45672563533341,36.7373561140074,3.58818211129575));
#11716=CARTESIAN_POINT('Ctrl Pts',(2.45672563533341,36.650088716291,3.58818211129575));
#11717=CARTESIAN_POINT('Origin',(0.206725635333405,36.650088716291,5.07452393907226));
#11718=CARTESIAN_POINT('',(-2.0432743646666,36.650088716291,3.58818211129575));
#11719=CARTESIAN_POINT('Origin',(0.206725635333405,36.650088716291,5.07452393907226));
#11720=CARTESIAN_POINT('Ctrl Pts',(-2.0432743646666,37.850088716291,1.89315961885715));
#11721=CARTESIAN_POINT('Ctrl Pts',(-2.0432743646666,37.850088716291,1.89417771083799));
#11722=CARTESIAN_POINT('Ctrl Pts',(-2.04327436466499,37.8500878526431,1.89519580277682));
#11723=CARTESIAN_POINT('Ctrl Pts',(-2.0432743647429,37.8497534793924,2.09237443538831));
#11724=CARTESIAN_POINT('Ctrl Pts',(-2.04327436466659,37.817403512521,2.28848864382824));
#11725=CARTESIAN_POINT('Ctrl Pts',(-2.04327436466659,37.7015699775867,2.65844813591773));
#11726=CARTESIAN_POINT('Ctrl Pts',(-2.0432743646666,37.6185884810764,2.83515804363326));
#11727=CARTESIAN_POINT('Ctrl Pts',(-2.0432743646666,37.4156700475488,3.14544239157011));
#11728=CARTESIAN_POINT('Ctrl Pts',(-2.04327436466659,37.3006221154602,3.27676190777882));
#11729=CARTESIAN_POINT('Ctrl Pts',(-2.04327436466659,37.0944907025928,3.44402569074515));
#11730=CARTESIAN_POINT('Ctrl Pts',(-2.0432743646666,37.0025501895529,3.50168417489874));
#11731=CARTESIAN_POINT('Ctrl Pts',(-2.0432743646666,36.8218874396661,3.57089658400595));
#11732=CARTESIAN_POINT('Ctrl Pts',(-2.0432743646666,36.7373527593529,3.58818211129575));
#11733=CARTESIAN_POINT('Ctrl Pts',(-2.0432743646666,36.650088716291,3.58818211129575));
#11734=CARTESIAN_POINT('Origin',(-4.2932743646666,36.650088716291,5.07452393907226));
#11735=CARTESIAN_POINT('',(-6.83889259575734,36.650088716291,4.18483868543679));
#11736=CARTESIAN_POINT('Origin',(-4.2932743646666,36.650088716291,5.07452393907226));
#11737=CARTESIAN_POINT('Ctrl Pts',(-6.76987531731291,37.850088716291,2.06619771685348));
#11738=CARTESIAN_POINT('Ctrl Pts',(-6.76990317548237,37.850088716291,2.06723906679974));
#11739=CARTESIAN_POINT('Ctrl Pts',(-6.76993103930886,37.8500879435465,2.06828041658978));
#11740=CARTESIAN_POINT('Ctrl Pts',(-6.77864508534191,37.8496050482247,2.39388260867341));
#11741=CARTESIAN_POINT('Ctrl Pts',(-6.78791366563524,37.7744126896416,2.71869543643493));
#11742=CARTESIAN_POINT('Ctrl Pts',(-6.80735591610464,37.5253641494215,3.34124354164664));
#11743=CARTESIAN_POINT('Ctrl Pts',(-6.81717262591567,37.3517358088814,3.62135188357831));
#11744=CARTESIAN_POINT('Ctrl Pts',(-6.82785404119057,37.1196007301815,3.90719966765003));
#11745=CARTESIAN_POINT('Ctrl Pts',(-6.83148853189058,37.032417892712,4.00082291313267));
#11746=CARTESIAN_POINT('Ctrl Pts',(-6.83568721355325,36.8927235652706,4.10615619908021));
#11747=CARTESIAN_POINT('Ctrl Pts',(-6.83699848725464,36.840031316556,4.1385010702693));
#11748=CARTESIAN_POINT('Ctrl Pts',(-6.83851412888696,36.7408243145905,4.17564772421891));
#11749=CARTESIAN_POINT('Ctrl Pts',(-6.83889259575735,36.696312141663,4.18483868543678));
#11750=CARTESIAN_POINT('Ctrl Pts',(-6.83889259575735,36.650088716291,4.18483868543678));
#11751=CARTESIAN_POINT('Origin',(-9.2992978149882,36.650088716291,4.82390037226711));
#11752=CARTESIAN_POINT('',(-10.9127560578336,36.650088716291,2.85953121628165));
#11753=CARTESIAN_POINT('Origin',(-9.2992978149882,36.650088716291,4.82390037226711));
#11754=CARTESIAN_POINT('Ctrl Pts',(-9.99606294516233,37.850088716291,1.14729589791924));
#11755=CARTESIAN_POINT('Ctrl Pts',(-9.99654476499231,37.850088716291,1.14819736301027));
#11756=CARTESIAN_POINT('Ctrl Pts',(-9.99702658544075,37.850087924299,1.1490988277421));
#11757=CARTESIAN_POINT('Ctrl Pts',(-10.125920785396,37.8496644488409,1.39025376625091));
#11758=CARTESIAN_POINT('Ctrl Pts',(-10.2543906660504,37.7931610508381,1.63050312526964));
#11759=CARTESIAN_POINT('Ctrl Pts',(-10.49990533334,37.5989774996787,2.08932441522075));
#11760=CARTESIAN_POINT('Ctrl Pts',(-10.6106349982243,37.4630005717816,2.29607322685285));
#11761=CARTESIAN_POINT('Ctrl Pts',(-10.7493708138969,37.2383811034817,2.55494396017681));
#11762=CARTESIAN_POINT('Ctrl Pts',(-10.8024418910319,37.1360838028107,2.65391712167826));
#11763=CARTESIAN_POINT('Ctrl Pts',(-10.8647199495836,36.9640962439329,2.77001513832503));
#11764=CARTESIAN_POINT('Ctrl Pts',(-10.8842948560929,36.8968237441072,2.80649629249371));
#11765=CARTESIAN_POINT('Ctrl Pts',(-10.9070906404962,36.7686474186691,2.84897556024475));
#11766=CARTESIAN_POINT('Ctrl Pts',(-10.9127560578336,36.7104429052754,2.85953121628165));
#11767=CARTESIAN_POINT('Ctrl Pts',(-10.9127560578336,36.650088716291,2.85953121628165));
#11768=CARTESIAN_POINT('Origin',(-13.421497583451,36.650088716291,2.60280677614559));
#11769=CARTESIAN_POINT('',(-13.6649764112147,36.650088716291,0.0927451153589853));
#11770=CARTESIAN_POINT('Origin',(-13.421497583451,36.650088716291,2.60280677614559));
#11771=CARTESIAN_POINT('Ctrl Pts',(-12.5933887329237,37.850088716291,-1.02573977991528));
#11772=CARTESIAN_POINT('Ctrl Pts',(-12.5941067376606,37.850088716291,-1.02499105914797));
#11773=CARTESIAN_POINT('Ctrl Pts',(-12.5948247418527,37.850087726815,-1.0242423380087));
#11774=CARTESIAN_POINT('Ctrl Pts',(-12.701245110144,37.849794525158,-0.913269059299002));
#11775=CARTESIAN_POINT('Ctrl Pts',(-12.8067629299148,37.8280809937626,-0.803216185286935));
#11776=CARTESIAN_POINT('Ctrl Pts',(-13.0111202932908,37.7466801006533,-0.590024211568754));
#11777=CARTESIAN_POINT('Ctrl Pts',(-13.1102703332327,37.6866460316788,-0.486560481341136));
#11778=CARTESIAN_POINT('Ctrl Pts',(-13.315206207388,37.5152922594495,-0.272646071015585));
#11779=CARTESIAN_POINT('Ctrl Pts',(-13.4137810956532,37.3981899703157,-0.169705444859451));
#11780=CARTESIAN_POINT('Ctrl Pts',(-13.5462927037144,37.1735927457763,-0.0312839283044752));
#11781=CARTESIAN_POINT('Ctrl Pts',(-13.59353456904,37.0669494228842,0.0180807859003718));
#11782=CARTESIAN_POINT('Ctrl Pts',(-13.6507299627405,36.8545059597715,0.0778536067479685));
#11783=CARTESIAN_POINT('Ctrl Pts',(-13.6649764112147,36.7537687116973,0.0927451153589868));
#11784=CARTESIAN_POINT('Ctrl Pts',(-13.6649764112147,36.650088716291,0.0927451153589868));
#11785=CARTESIAN_POINT('Origin',(-16.2051308358134,36.650088716291,-0.0407063211466574));
#11786=CARTESIAN_POINT('Origin',(-16.2051308358134,36.650088716291,-0.0407063211466574));
#11787=CARTESIAN_POINT('Origin',(31.0592727513973,36.650088716291,4.02092380943309));
#11788=CARTESIAN_POINT('',(28.3139900083222,36.650088716291,4.26813056613374));
#11789=CARTESIAN_POINT('Ctrl Pts',(28.2977751724937,36.8475167445386,4.27038922683846));
#11790=CARTESIAN_POINT('Ctrl Pts',(28.3001595625778,36.8331012334709,4.27005874889536));
#11791=CARTESIAN_POINT('Ctrl Pts',(28.3022829431667,36.8186406032983,4.2697637243305));
#11792=CARTESIAN_POINT('Ctrl Pts',(28.3082417631289,36.7722190390883,4.26893457369044));
#11793=CARTESIAN_POINT('Ctrl Pts',(28.3110640030633,36.7401426480541,4.26853991617118));
#11794=CARTESIAN_POINT('Ctrl Pts',(28.3131315787523,36.6969779122755,4.26825071924776));
#11795=CARTESIAN_POINT('Ctrl Pts',(28.3135085540969,36.6859587491623,4.26819795788114));
#11796=CARTESIAN_POINT('Ctrl Pts',(28.3138788921268,36.6679246100185,4.26814612185656));
#11797=CARTESIAN_POINT('Ctrl Pts',(28.3139619272693,36.6609121879504,4.26813449728033));
#11798=CARTESIAN_POINT('Ctrl Pts',(28.3139880084973,36.6526291938435,4.26813084614681));
#11799=CARTESIAN_POINT('Ctrl Pts',(28.3139900083271,36.6513589537684,4.26813056618737));
#11800=CARTESIAN_POINT('Ctrl Pts',(28.3139900083271,36.650088716291,4.26813056618737));
#11801=CARTESIAN_POINT('',(32.869817535319,36.650088716291,1.94255519309044));
#11802=CARTESIAN_POINT('Origin',(31.0592727513973,36.650088716291,4.02092380943309));
#11803=CARTESIAN_POINT('Ctrl Pts',(31.8485391018937,37.850088716291,0.144058539897138));
#11804=CARTESIAN_POINT('Ctrl Pts',(31.8490724008412,37.850088716291,0.145044827566427));
#11805=CARTESIAN_POINT('Ctrl Pts',(31.8496057204087,37.8500877916314,0.146031103993516));
#11806=CARTESIAN_POINT('Ctrl Pts',(31.9919881558739,37.8495944539293,0.409328013906662));
#11807=CARTESIAN_POINT('Ctrl Pts',(32.1351585243653,37.7840263993828,0.670456953319531));
#11808=CARTESIAN_POINT('Ctrl Pts',(32.4239881274182,37.5566289216196,1.18642569681145));
#11809=CARTESIAN_POINT('Ctrl Pts',(32.5599599240613,37.3908107154009,1.4220442624758));
#11810=CARTESIAN_POINT('Ctrl Pts',(32.7106415038187,37.1569975362557,1.67809778901813));
#11811=CARTESIAN_POINT('Ctrl Pts',(32.7650789859414,37.0605264547244,1.76933962801111));
#11812=CARTESIAN_POINT('Ctrl Pts',(32.8307150785165,36.8946974957715,1.87825832874343));
#11813=CARTESIAN_POINT('Ctrl Pts',(32.8462588702532,36.8394919460194,1.90382884945838));
#11814=CARTESIAN_POINT('Ctrl Pts',(32.8647577605399,36.7450766441535,1.9342597927201));
#11815=CARTESIAN_POINT('Ctrl Pts',(32.869817535319,36.6984937008424,1.94255519309044));
#11816=CARTESIAN_POINT('Ctrl Pts',(32.869817535319,36.650088716291,1.94255519309044));
#11817=CARTESIAN_POINT('Origin',(26.6503164130574,7.85008871629097,-7.61598446902933));
#11818=CARTESIAN_POINT('',(28.2813549045623,-1.14991128370902,4.27265352870157));
#11819=CARTESIAN_POINT('',(28.2813549045623,7.85008871629098,4.27265352870157));
#11820=CARTESIAN_POINT('',(28.3139900083222,-1.14991128370902,4.26813056613375));
#11821=CARTESIAN_POINT('Origin',(26.6503164130574,-1.14991128370903,-7.61598446902933));
#11822=CARTESIAN_POINT('',(28.3139900083222,7.85008871629098,4.26813056613375));
#11823=CARTESIAN_POINT('Origin',(25.7067256353334,7.85008871629098,5.07452393907226));
#11824=CARTESIAN_POINT('',(23.6067256353334,-1.14991128370902,3.38286439028652));
#11825=CARTESIAN_POINT('',(23.6067256353334,7.85008871629098,3.38286439028651));
#11826=CARTESIAN_POINT('Origin',(25.7067256353334,-1.14991128370902,5.07452393907226));
#11827=CARTESIAN_POINT('Origin',(37.8140260590191,36.650088716291,-1.99994313346935));
#11828=CARTESIAN_POINT('',(36.2712319565909,36.650088716291,-0.443956575552633));
#11829=CARTESIAN_POINT('',(38.1437435885036,36.650088716291,-4.16618276971726));
#11830=CARTESIAN_POINT('Origin',(37.8140260590191,36.650088716291,-1.99994313346935));
#11831=CARTESIAN_POINT('',(38.145095103193,36.7557189391135,-4.17068870961493));
#11832=CARTESIAN_POINT('Ctrl Pts',(38.1437435885036,36.650088716291,-4.16618276971726));
#11833=CARTESIAN_POINT('Ctrl Pts',(38.1437435885036,36.6509626363819,-4.16618276971726));
#11834=CARTESIAN_POINT('Ctrl Pts',(38.143743865689,36.6518365566544,-4.16618369319315));
#11835=CARTESIAN_POINT('Ctrl Pts',(38.1437460668805,36.6553065520897,-4.16619102673255));
#11836=CARTESIAN_POINT('Ctrl Pts',(38.143750159734,36.657902601922,-4.16620466255838));
#11837=CARTESIAN_POINT('Ctrl Pts',(38.1437678877293,36.6649409135133,-4.16626372631141));
#11838=CARTESIAN_POINT('Ctrl Pts',(38.1437862391676,36.6693829840518,-4.16632486755675));
#11839=CARTESIAN_POINT('Ctrl Pts',(38.1438644296967,36.682996149442,-4.16658538735598));
#11840=CARTESIAN_POINT('Ctrl Pts',(38.1439476363376,36.6921652321467,-4.16686262983626));
#11841=CARTESIAN_POINT('Ctrl Pts',(38.1442865576134,36.7194857976049,-4.16799216450149));
#11842=CARTESIAN_POINT('Ctrl Pts',(38.144631382167,36.7376199769384,-4.16914156552279));
#11843=CARTESIAN_POINT('Ctrl Pts',(38.1450951027861,36.7557189392006,-4.17068870871769));
#11844=CARTESIAN_POINT('Ctrl Pts',(38.1450951075409,36.7557189417766,-4.17068870822278));
#11845=CARTESIAN_POINT('Ctrl Pts',(38.1380320005196,36.7684060684837,-4.17290003365989));
#11846=CARTESIAN_POINT('Ctrl Pts',(38.1296629511463,36.7815493460559,-4.1755202353223));
#11847=CARTESIAN_POINT('Ctrl Pts',(38.0873269858802,36.8409578079595,-4.18877498046873));
#11848=CARTESIAN_POINT('Ctrl Pts',(38.0419592699205,36.8891292365285,-4.20297916786896));
#11849=CARTESIAN_POINT('Ctrl Pts',(37.8572883729135,37.0632707815319,-4.26080019491903));
#11850=CARTESIAN_POINT('Ctrl Pts',(37.6411546270023,37.2305089862718,-4.32847730377655));
#11851=CARTESIAN_POINT('Ctrl Pts',(37.1996061694759,37.5060075353233,-4.46675941919002));
#11852=CARTESIAN_POINT('Ctrl Pts',(36.9828905915478,37.6177189234339,-4.53463613942489));
#11853=CARTESIAN_POINT('Ctrl Pts',(36.4593670994775,37.8104910729971,-4.69861999575145));
#11854=CARTESIAN_POINT('Ctrl Pts',(36.1988297534914,37.8497692643144,-4.78023690563017));
#11855=CARTESIAN_POINT('Ctrl Pts',(35.9780114687984,37.8500880724634,-4.8494131572396));
#11856=CARTESIAN_POINT('Ctrl Pts',(35.9771201799121,37.850088716291,-4.84969237340644));
#11857=CARTESIAN_POINT('Ctrl Pts',(35.976228890998,37.850088716291,-4.84997158962725));
#11858=CARTESIAN_POINT('Ctrl Pts',(34.4230405119788,37.850088716291,-1.9628264059725));
#11859=CARTESIAN_POINT('Ctrl Pts',(34.423906930328,37.850088716291,-1.9621110421015));
#11860=CARTESIAN_POINT('Ctrl Pts',(34.4247733499134,37.8500877949343,-1.96139567982488));
#11861=CARTESIAN_POINT('Ctrl Pts',(34.5991221807129,37.8497172869171,-1.81744450143959));
#11862=CARTESIAN_POINT('Ctrl Pts',(34.8278862445656,37.8137396033274,-1.62861678644796));
#11863=CARTESIAN_POINT('Ctrl Pts',(35.3128703301976,37.5789331225761,-1.22925604105488));
#11864=CARTESIAN_POINT('Ctrl Pts',(35.526089226149,37.4395679453321,-1.05390737735569));
#11865=CARTESIAN_POINT('Ctrl Pts',(35.9159899804909,37.1125557650414,-0.734230961579796));
#11866=CARTESIAN_POINT('Ctrl Pts',(36.0685105694764,36.9661976399031,-0.609496806806369));
#11867=CARTESIAN_POINT('Ctrl Pts',(36.1906706317173,36.8240924644525,-0.509710687503935));
#11868=CARTESIAN_POINT('Ctrl Pts',(36.2197286728352,36.7865736847526,-0.485988234950872));
#11869=CARTESIAN_POINT('Ctrl Pts',(36.2515218909954,36.7309278814192,-0.460039362389613));
#11870=CARTESIAN_POINT('Ctrl Pts',(36.25957432258,36.7124681689526,-0.453468666044312));
#11871=CARTESIAN_POINT('Ctrl Pts',(36.2688112955224,36.6804956102683,-0.445931577687773));
#11872=CARTESIAN_POINT('Ctrl Pts',(36.2712319565949,36.6656049877559,-0.443956575550001));
#11873=CARTESIAN_POINT('Ctrl Pts',(36.2712319565949,36.650088716291,-0.443956575550001));
#11874=CARTESIAN_POINT('Origin',(35.0352449651983,36.650088716291,1.41164930274763));
#11875=CARTESIAN_POINT('Origin',(35.0352449651983,36.650088716291,1.41164930274763));
#11876=CARTESIAN_POINT('Origin',(39.1104959767278,36.650088716291,-6.14156767036061));
#11877=CARTESIAN_POINT('',(38.1464499256891,36.650088716291,-4.17521213398492));
#11878=CARTESIAN_POINT('Ctrl Pts',(38.1450951033361,36.7557189390297,-4.17068871055273));
#11879=CARTESIAN_POINT('Ctrl Pts',(38.1457907828599,36.7286680584476,-4.1730097542967));
#11880=CARTESIAN_POINT('Ctrl Pts',(38.1462185591124,36.7015412713854,-4.17443915318526));
#11881=CARTESIAN_POINT('Ctrl Pts',(38.1464057104447,36.6697490167723,-4.17506440639893));
#11882=CARTESIAN_POINT('Ctrl Pts',(38.1464251860655,36.6651135503054,-4.17512947605402));
#11883=CARTESIAN_POINT('Ctrl Pts',(38.1464422849647,36.6583193880035,-4.17518660523605));
#11884=CARTESIAN_POINT('Ctrl Pts',(38.1464460241682,36.6561609310921,-4.17519909844116));
#11885=CARTESIAN_POINT('Ctrl Pts',(38.1464493072936,36.6526978761529,-4.17521006783132));
#11886=CARTESIAN_POINT('Ctrl Pts',(38.1464499256891,36.6513932965983,-4.17521213398492));
#11887=CARTESIAN_POINT('Ctrl Pts',(38.1464499256891,36.650088716291,-4.17521213398492));
#11888=CARTESIAN_POINT('',(38.5253897622942,36.650088716291,-8.25192062704578));
#11889=CARTESIAN_POINT('Origin',(39.1104959767278,36.650088716291,-6.14156767036061));
#11890=CARTESIAN_POINT('Ctrl Pts',(36.4759578237222,37.850088716291,-8.2748888653082));
#11891=CARTESIAN_POINT('Ctrl Pts',(36.4769584921278,37.850088716291,-8.27487799447395));
#11892=CARTESIAN_POINT('Ctrl Pts',(36.4779591604726,37.8500879469537,-8.2748671233473));
#11893=CARTESIAN_POINT('Ctrl Pts',(36.7163221320134,37.8497216676364,-8.27227750883661));
#11894=CARTESIAN_POINT('Ctrl Pts',(36.9527443438234,37.8062746071846,-8.26969205321649));
#11895=CARTESIAN_POINT('Ctrl Pts',(37.3919167353032,37.6632578970365,-8.26484251972311));
#11896=CARTESIAN_POINT('Ctrl Pts',(37.5991637065273,37.5658728459311,-8.26253104598902));
#11897=CARTESIAN_POINT('Ctrl Pts',(37.992805238178,37.3295163297031,-8.25808740765929));
#11898=CARTESIAN_POINT('Ctrl Pts',(38.1732041280045,37.1906479127288,-8.25601710387168));
#11899=CARTESIAN_POINT('Ctrl Pts',(38.4080195983489,36.9535130830942,-8.25329728843366));
#11900=CARTESIAN_POINT('Ctrl Pts',(38.4664155898812,36.8652082200505,-8.2526119809758));
#11901=CARTESIAN_POINT('Ctrl Pts',(38.5149124568836,36.7444733643522,-8.25204369223889));
#11902=CARTESIAN_POINT('Ctrl Pts',(38.5253897622942,36.6983195076412,-8.25192062704578));
#11903=CARTESIAN_POINT('Ctrl Pts',(38.5253897622942,36.650088716291,-8.25192062704578));
#11904=CARTESIAN_POINT('Origin',(26.6503164130574,7.85008871629097,-7.61598446902933));
#11905=CARTESIAN_POINT('',(38.1437435885036,-1.14991128370903,-4.16618276971725));
#11906=CARTESIAN_POINT('',(38.1437435885036,7.85008871629097,-4.16618276971726));
#11907=CARTESIAN_POINT('',(38.1464499256891,-1.14991128370903,-4.17521213398491));
#11908=CARTESIAN_POINT('Origin',(26.6503164130574,-1.14991128370903,-7.61598446902933));
#11909=CARTESIAN_POINT('',(38.1464499256891,7.85008871629097,-4.17521213398491));
#11910=CARTESIAN_POINT('Origin',(37.8140260590191,7.85008871629097,-1.99994313346934));
#11911=CARTESIAN_POINT('',(36.2712319565909,-1.14991128370902,-0.443956575552624));
#11912=CARTESIAN_POINT('',(36.2712319565909,7.85008871629097,-0.443956575552626));
#11913=CARTESIAN_POINT('Origin',(37.8140260590191,-1.14991128370903,-1.99994313346934));
#11914=CARTESIAN_POINT('Origin',(39.1619862644306,36.650088716291,-10.3549379298888));
#11915=CARTESIAN_POINT('',(38.6503164130543,36.650088716291,-12.4917886139053));
#11916=CARTESIAN_POINT('Origin',(39.1619862644306,36.650088716291,-10.3549379298888));
#11917=CARTESIAN_POINT('',(38.6503164130539,36.8248235972427,-12.5049379298888));
#11918=CARTESIAN_POINT('Ctrl Pts',(38.6503164130539,36.650088716291,-12.4917886139052));
#11919=CARTESIAN_POINT('Ctrl Pts',(38.6503164130539,36.7056934044903,-12.4917886139052));
#11920=CARTESIAN_POINT('Ctrl Pts',(38.6503164130539,36.7651740688535,-12.4959134531566));
#11921=CARTESIAN_POINT('Ctrl Pts',(38.6503164130539,36.8248235972427,-12.5049379298888));
#11922=CARTESIAN_POINT('Ctrl Pts',(38.6503164130539,36.8248235972427,-12.5049379298888));
#11923=CARTESIAN_POINT('Ctrl Pts',(38.6459559612675,36.831682708415,-12.5049379298888));
#11924=CARTESIAN_POINT('Ctrl Pts',(38.6413175258707,36.8386494751357,-12.5049379298888));
#11925=CARTESIAN_POINT('Ctrl Pts',(38.5907120564058,36.9113730616449,-12.5049379298888));
#11926=CARTESIAN_POINT('Ctrl Pts',(38.5298688011642,36.9734620286891,-12.5049379298888));
#11927=CARTESIAN_POINT('Ctrl Pts',(38.3272240263476,37.1611396769093,-12.5049379298888));
#11928=CARTESIAN_POINT('Ctrl Pts',(38.1063901883552,37.3232200204536,-12.5049379298888));
#11929=CARTESIAN_POINT('Ctrl Pts',(37.6664170942604,37.5707858419999,-12.5049379298888));
#11930=CARTESIAN_POINT('Ctrl Pts',(37.4636458046946,37.6628309713328,-12.5049379298888));
#11931=CARTESIAN_POINT('Ctrl Pts',(37.0216647804345,37.8049722448439,-12.5049379298888));
#11932=CARTESIAN_POINT('Ctrl Pts',(36.7785589978475,37.8497561809489,-12.5049379298575));
#11933=CARTESIAN_POINT('Ctrl Pts',(36.53342307277,37.8500881038691,-12.5049379298892));
#11934=CARTESIAN_POINT('Ctrl Pts',(36.5325190452807,37.850088716291,-12.5049379298888));
#11935=CARTESIAN_POINT('Ctrl Pts',(36.5316150177513,37.850088716291,-12.5049379298888));
#11936=CARTESIAN_POINT('Origin',(39.1619862644306,36.650088716291,-14.6549379298888));
#11937=CARTESIAN_POINT('',(38.6503164130545,36.650088716291,-12.5180872458722));
#11938=CARTESIAN_POINT('Ctrl Pts',(38.6503164130539,36.8248235972427,-12.5049379298888));
#11939=CARTESIAN_POINT('Ctrl Pts',(38.6503164130539,36.7651740688535,-12.5139624066209));
#11940=CARTESIAN_POINT('Ctrl Pts',(38.6503164130539,36.7056934044903,-12.5180872458723));
#11941=CARTESIAN_POINT('Ctrl Pts',(38.6503164130539,36.650088716291,-12.5180872458723));
#11942=CARTESIAN_POINT('',(38.6503164130543,36.650088716291,-16.7917886139053));
#11943=CARTESIAN_POINT('Origin',(39.1619862644306,36.650088716291,-14.6549379298888));
#11944=CARTESIAN_POINT('',(38.650316413054,36.8248235972425,-16.8049379298888));
#11945=CARTESIAN_POINT('Ctrl Pts',(38.650316413054,36.650088716291,-16.7917886139052));
#11946=CARTESIAN_POINT('Ctrl Pts',(38.650316413054,36.7056934044902,-16.7917886139052));
#11947=CARTESIAN_POINT('Ctrl Pts',(38.650316413054,36.7651740688534,-16.7959134531566));
#11948=CARTESIAN_POINT('Ctrl Pts',(38.650316413054,36.8248235972425,-16.8049379298888));
#11949=CARTESIAN_POINT('Ctrl Pts',(38.6503164130541,36.8248235972425,-16.8049379298888));
#11950=CARTESIAN_POINT('Ctrl Pts',(38.645955979399,36.8316826798937,-16.8049379298888));
#11951=CARTESIAN_POINT('Ctrl Pts',(38.6413175644697,36.8386494171595,-16.8049379298888));
#11952=CARTESIAN_POINT('Ctrl Pts',(38.5907121581899,36.9113729386099,-16.8049379298888));
#11953=CARTESIAN_POINT('Ctrl Pts',(38.5298689578549,36.9734618689519,-16.8049379298888));
#11954=CARTESIAN_POINT('Ctrl Pts',(38.327224354783,37.1611394111659,-16.8049379298888));
#11955=CARTESIAN_POINT('Ctrl Pts',(38.1063907511924,37.3232196168187,-16.8049379298888));
#11956=CARTESIAN_POINT('Ctrl Pts',(37.666417866105,37.5707854740764,-16.8049379298888));
#11957=CARTESIAN_POINT('Ctrl Pts',(37.4636464615798,37.6628307141063,-16.8049379298888));
#11958=CARTESIAN_POINT('Ctrl Pts',(37.0216651533184,37.8049721763095,-16.8049379298888));
#11959=CARTESIAN_POINT('Ctrl Pts',(36.7785591858315,37.8497561806308,-16.8049379299139));
#11960=CARTESIAN_POINT('Ctrl Pts',(36.5334230731187,37.8500881038688,-16.8049379298884));
#11961=CARTESIAN_POINT('Ctrl Pts',(36.5325190454537,37.850088716291,-16.8049379298888));
#11962=CARTESIAN_POINT('Ctrl Pts',(36.5316150177513,37.850088716291,-16.8049379298888));
#11963=CARTESIAN_POINT('Origin',(38.6503164130539,7.85008871629097,-12.4917886139053));
#11964=CARTESIAN_POINT('',(38.6503164130543,-1.14991128370903,-12.4917886139053));
#11965=CARTESIAN_POINT('',(38.6503164130543,7.85008871629097,-12.4917886139053));
#11966=CARTESIAN_POINT('',(38.6503164130545,-1.14991128370903,-12.5180872458722));
#11967=CARTESIAN_POINT('',(38.6503164130538,-1.14991128370903,-7.61601343537346));
#11968=CARTESIAN_POINT('',(38.6503164130545,7.85008871629097,-12.5180872458722));
#11969=CARTESIAN_POINT('Origin',(39.1619862644306,7.85008871629097,-10.3549379298888));
#11970=CARTESIAN_POINT('',(38.5253897622942,-1.14991128370903,-8.25192062704577));
#11971=CARTESIAN_POINT('',(38.5253897622942,7.85008871629097,-8.25192062704577));
#11972=CARTESIAN_POINT('Origin',(39.1619862644306,-1.14991128370903,-10.3549379298888));
#11973=CARTESIAN_POINT('Origin',(39.1619862644306,36.650088716291,-18.9549379298888));
#11974=CARTESIAN_POINT('',(38.6503164130545,36.650088716291,-16.8180872458722));
#11975=CARTESIAN_POINT('Ctrl Pts',(38.650316413054,36.8248235972425,-16.8049379298888));
#11976=CARTESIAN_POINT('Ctrl Pts',(38.650316413054,36.7651740688534,-16.8139624066209));
#11977=CARTESIAN_POINT('Ctrl Pts',(38.650316413054,36.7056934044903,-16.8180872458723));
#11978=CARTESIAN_POINT('Ctrl Pts',(38.650316413054,36.650088716291,-16.8180872458723));
#11979=CARTESIAN_POINT('',(38.6503164130543,36.650088716291,-21.0917886139053));
#11980=CARTESIAN_POINT('Origin',(39.1619862644306,36.650088716291,-18.9549379298888));
#11981=CARTESIAN_POINT('',(38.6503164130542,36.8248235972424,-21.1049379298888));
#11982=CARTESIAN_POINT('Ctrl Pts',(38.6503164130542,36.650088716291,-21.0917886139052));
#11983=CARTESIAN_POINT('Ctrl Pts',(38.6503164130542,36.7056934044902,-21.0917886139052));
#11984=CARTESIAN_POINT('Ctrl Pts',(38.6503164130542,36.7651740688533,-21.0959134531567));
#11985=CARTESIAN_POINT('Ctrl Pts',(38.6503164130542,36.8248235972424,-21.1049379298888));
#11986=CARTESIAN_POINT('Ctrl Pts',(38.6503164130542,36.8248235972424,-21.1049379298888));
#11987=CARTESIAN_POINT('Ctrl Pts',(38.6459643587427,36.8316694989544,-21.1049379298888));
#11988=CARTESIAN_POINT('Ctrl Pts',(38.6413354016453,36.8386226243093,-21.1049379298888));
#11989=CARTESIAN_POINT('Ctrl Pts',(38.5907591905701,36.9113160824548,-21.1049379298888));
#11990=CARTESIAN_POINT('Ctrl Pts',(38.5299413602127,36.9733880537468,-21.1049379298888));
#11991=CARTESIAN_POINT('Ctrl Pts',(38.3273761182536,37.1610166083744,-21.1049379298888));
#11992=CARTESIAN_POINT('Ctrl Pts',(38.1066508195101,37.3230330996286,-21.1049379298888));
#11993=CARTESIAN_POINT('Ctrl Pts',(37.6667745120637,37.5706154429341,-21.1049379298888));
#11994=CARTESIAN_POINT('Ctrl Pts',(37.463949990216,37.6627118383809,-21.1049379298888));
#11995=CARTESIAN_POINT('Ctrl Pts',(37.021837458322,37.8049405019142,-21.1049379298888));
#11996=CARTESIAN_POINT('Ctrl Pts',(36.7786460509903,37.8497560336169,-21.1049379298213));
#11997=CARTESIAN_POINT('Ctrl Pts',(36.5334232338747,37.85008810376,-21.1049379298898));
#11998=CARTESIAN_POINT('Ctrl Pts',(36.5325191258338,37.850088716291,-21.1049379298888));
#11999=CARTESIAN_POINT('Ctrl Pts',(36.5316150177513,37.850088716291,-21.1049379298888));
#12000=CARTESIAN_POINT('Origin',(39.1619862644306,36.650088716291,-23.2549379298888));
#12001=CARTESIAN_POINT('',(38.6503164130545,36.650088716291,-21.1180872458722));
#12002=CARTESIAN_POINT('Ctrl Pts',(38.6503164130542,36.8248235972424,-21.1049379298888));
#12003=CARTESIAN_POINT('Ctrl Pts',(38.6503164130542,36.7651740688533,-21.1139624066209));
#12004=CARTESIAN_POINT('Ctrl Pts',(38.6503164130542,36.7056934044902,-21.1180872458723));
#12005=CARTESIAN_POINT('Ctrl Pts',(38.6503164130542,36.650088716291,-21.1180872458723));
#12006=CARTESIAN_POINT('',(38.6463885722261,36.650088716291,-25.3908442720261));
#12007=CARTESIAN_POINT('Origin',(39.1619862644306,36.650088716291,-23.2549379298888));
#12008=CARTESIAN_POINT('',(38.646374564962,36.6859129555808,-25.3913911098499));
#12009=CARTESIAN_POINT('Ctrl Pts',(38.6463885722261,36.650088716291,-25.3908442720261));
#12010=CARTESIAN_POINT('Ctrl Pts',(38.6463885722261,36.6620313982114,-25.3908442720261));
#12011=CARTESIAN_POINT('Ctrl Pts',(38.6463839114461,36.6739740801321,-25.3910265515402));
#12012=CARTESIAN_POINT('Ctrl Pts',(38.6463745649608,36.685912955581,-25.3913911098428));
#12013=CARTESIAN_POINT('Ctrl Pts',(38.6463745650071,36.6859129555908,-25.3913911098543));
#12014=CARTESIAN_POINT('Ctrl Pts',(38.6454064160632,36.6903390119626,-25.3912934443773));
#12015=CARTESIAN_POINT('Ctrl Pts',(38.6442682217948,36.694741950516,-25.3911785995107));
#12016=CARTESIAN_POINT('Ctrl Pts',(38.6348446519143,36.7265427551345,-25.3902273691022));
#12017=CARTESIAN_POINT('Ctrl Pts',(38.6197512094565,36.7555905075127,-25.3887039685699));
#12018=CARTESIAN_POINT('Ctrl Pts',(38.5306362971111,36.8775106743453,-25.3796315898006));
#12019=CARTESIAN_POINT('Ctrl Pts',(38.4113505118879,36.9767651780243,-25.3672665579528));
#12020=CARTESIAN_POINT('Ctrl Pts',(38.1356646429468,37.1895863525095,-25.3378047708993));
#12021=CARTESIAN_POINT('Ctrl Pts',(37.8235041899011,37.4055483813146,-25.3033747816522));
#12022=CARTESIAN_POINT('Ctrl Pts',(37.2831126510096,37.6543079961886,-25.2391176510549));
#12023=CARTESIAN_POINT('Ctrl Pts',(37.1064127113802,37.7203066474495,-25.2176210477346));
#12024=CARTESIAN_POINT('Ctrl Pts',(36.7289785787973,37.8196297967025,-25.1708685185854));
#12025=CARTESIAN_POINT('Ctrl Pts',(36.5270940898799,37.8498138334684,-25.1454013847644));
#12026=CARTESIAN_POINT('Ctrl Pts',(36.3237691854729,37.8500880950538,-25.1194218262326));
#12027=CARTESIAN_POINT('Ctrl Pts',(36.3228486857026,37.850088716291,-25.1193042039171));
#12028=CARTESIAN_POINT('Ctrl Pts',(36.3219281867496,37.850088716291,-25.1191865749884));
#12029=CARTESIAN_POINT('Origin',(38.6503164130542,7.85008871629097,-21.0917886139053));
#12030=CARTESIAN_POINT('',(38.6503164130543,-1.14991128370903,-21.0917886139053));
#12031=CARTESIAN_POINT('',(38.6503164130543,7.85008871629097,-21.0917886139053));
#12032=CARTESIAN_POINT('',(38.6503164130545,-1.14991128370903,-21.1180872458722));
#12033=CARTESIAN_POINT('',(38.6503164130538,-1.14991128370903,-7.61601343537346));
#12034=CARTESIAN_POINT('',(38.6503164130545,4.85008871629097,-21.1180872458722));
#12035=CARTESIAN_POINT('',(38.6503164130545,7.85008871629097,-21.1180872458722));
#12036=CARTESIAN_POINT('',(38.6503164130543,4.85008871629097,-25.0838213450724));
#12037=CARTESIAN_POINT('',(38.6503164130538,4.85008871629097,-7.61601343537346));
#12038=CARTESIAN_POINT('',(38.6503164130543,9.35008871629097,-25.0838213450724));
#12039=CARTESIAN_POINT('',(38.6503164130543,7.85008871629097,-25.0838213450724));
#12040=CARTESIAN_POINT('',(38.6503164130541,9.35008871629097,-21.1180872458723));
#12041=CARTESIAN_POINT('',(38.6503164130538,9.35008871629097,-7.61601343537346));
#12042=CARTESIAN_POINT('',(38.6503164130545,7.85008871629097,-21.1180872458722));
#12043=CARTESIAN_POINT('Origin',(39.1619862644306,7.85008871629097,-18.9549379298888));
#12044=CARTESIAN_POINT('',(38.6503164130545,-1.14991128370903,-16.8180872458722));
#12045=CARTESIAN_POINT('',(38.6503164130545,7.85008871629097,-16.8180872458722));
#12046=CARTESIAN_POINT('Origin',(39.1619862644306,-1.14991128370903,-18.9549379298888));
#12047=CARTESIAN_POINT('Origin',(38.7318101348063,36.650088716291,-27.7811982702288));
#12048=CARTESIAN_POINT('',(38.6463608189944,36.650088716291,-25.3919268024309));
#12049=CARTESIAN_POINT('Ctrl Pts',(38.6463745649605,36.6859129555806,-25.3913911098563));
#12050=CARTESIAN_POINT('Ctrl Pts',(38.6463729916211,36.6838614336891,-25.3914524777317));
#12051=CARTESIAN_POINT('Ctrl Pts',(38.6463715529486,36.6818097368327,-25.3915085746971));
#12052=CARTESIAN_POINT('Ctrl Pts',(38.6463640798963,36.6700486861075,-25.3917999005035));
#12053=CARTESIAN_POINT('Ctrl Pts',(38.6463609336691,36.6603369326984,-25.3919223373397));
#12054=CARTESIAN_POINT('Ctrl Pts',(38.6463608200209,36.6504460749963,-25.3919267624608));
#12055=CARTESIAN_POINT('Ctrl Pts',(38.6463608189944,36.6502673955834,-25.3919268024309));
#12056=CARTESIAN_POINT('Ctrl Pts',(38.6463608189944,36.650088716291,-25.3919268024309));
#12057=CARTESIAN_POINT('',(37.6382547198312,36.650088716291,-29.9072406702728));
#12058=CARTESIAN_POINT('Origin',(38.7318101348063,36.650088716291,-27.7811982702288));
#12059=CARTESIAN_POINT('Ctrl Pts',(35.3738920872825,37.850088716291,-29.0532924708604));
#12060=CARTESIAN_POINT('Ctrl Pts',(35.3749646171002,37.850088716291,-29.0536986834324));
#12061=CARTESIAN_POINT('Ctrl Pts',(35.3760371473717,37.850087793802,-29.0541048947363));
#12062=CARTESIAN_POINT('Ctrl Pts',(35.5956599143521,37.8497103131227,-29.137284771226));
#12063=CARTESIAN_POINT('Ctrl Pts',(35.8610852286877,37.8116322088446,-29.2377685666991));
#12064=CARTESIAN_POINT('Ctrl Pts',(36.4416959705899,37.59834128509,-29.4571576648338));
#12065=CARTESIAN_POINT('Ctrl Pts',(36.70008616217,37.4602995536616,-29.5546348702564));
#12066=CARTESIAN_POINT('Ctrl Pts',(37.1517317732225,37.1682629373376,-29.7246715758089));
#12067=CARTESIAN_POINT('Ctrl Pts',(37.3532945639063,37.0146585117381,-29.8003739625593));
#12068=CARTESIAN_POINT('Ctrl Pts',(37.5225544029251,36.8561255117364,-29.8638716057376));
#12069=CARTESIAN_POINT('Ctrl Pts',(37.5637450617001,36.8127819143225,-29.8793150424878));
#12070=CARTESIAN_POINT('Ctrl Pts',(37.6095390607265,36.7472476433799,-29.8964800472449));
#12071=CARTESIAN_POINT('Ctrl Pts',(37.6212594012277,36.7251397058625,-29.9008721301015));
#12072=CARTESIAN_POINT('Ctrl Pts',(37.6347298656678,36.6867226782218,-29.9059199285945));
#12073=CARTESIAN_POINT('Ctrl Pts',(37.6382547198319,36.6687772987977,-29.9072406702732));
#12074=CARTESIAN_POINT('Ctrl Pts',(37.6382547198319,36.650088716291,-29.9072406702732));
#12075=CARTESIAN_POINT('Origin',(1.32059292597442,36.650088716291,-37.8409179081562));
#12076=CARTESIAN_POINT('',(3.64559292597442,36.650088716291,-36.9652372955981));
#12077=CARTESIAN_POINT('Ctrl Pts',(3.64559292597442,37.850088716291,-34.9826890412101));
#12078=CARTESIAN_POINT('Ctrl Pts',(3.64559292597442,37.850088716291,-34.9837101092818));
#12079=CARTESIAN_POINT('Ctrl Pts',(3.64559292597323,37.8500879320122,-34.984731177329));
#12080=CARTESIAN_POINT('Ctrl Pts',(3.64559292605716,37.8496461572843,-35.2724927049512));
#12081=CARTESIAN_POINT('Ctrl Pts',(3.64559292597443,37.7875828208127,-35.5591151823733));
#12082=CARTESIAN_POINT('Ctrl Pts',(3.64559292597443,37.5770240707012,-36.1056291488831));
#12083=CARTESIAN_POINT('Ctrl Pts',(3.64559292597442,37.4305040893993,-36.3505134129566));
#12084=CARTESIAN_POINT('Ctrl Pts',(3.64559292597442,37.202991208185,-36.6405501022547));
#12085=CARTESIAN_POINT('Ctrl Pts',(3.64559292597442,37.1043898009153,-36.7474569356579));
#12086=CARTESIAN_POINT('Ctrl Pts',(3.64559292597442,36.9416064165821,-36.8710164121669));
#12087=CARTESIAN_POINT('Ctrl Pts',(3.64559292597442,36.8788396424351,-36.9095089385107));
#12088=CARTESIAN_POINT('Ctrl Pts',(3.64559292597442,36.7597975273426,-36.9541479525044));
#12089=CARTESIAN_POINT('Ctrl Pts',(3.64559292597442,36.7059544996027,-36.9652372955981));
#12090=CARTESIAN_POINT('Ctrl Pts',(3.64559292597442,36.650088716291,-36.9652372955981));
#12091=CARTESIAN_POINT('Origin',(1.32059292597442,36.650088716291,-37.8409179081562));
#12092=CARTESIAN_POINT('Origin',(5.97059292597443,36.650088716291,-37.8409179081562));
#12093=CARTESIAN_POINT('',(8.29559292597443,36.650088716291,-36.9652372955981));
#12094=CARTESIAN_POINT('Ctrl Pts',(8.29559292597443,37.850088716291,-34.9826890412101));
#12095=CARTESIAN_POINT('Ctrl Pts',(8.29559292597443,37.850088716291,-34.9837104658511));
#12096=CARTESIAN_POINT('Ctrl Pts',(8.29559292597555,37.8500879314643,-34.9847318904667));
#12097=CARTESIAN_POINT('Ctrl Pts',(8.29559292589634,37.8496460843958,-35.2724401320837));
#12098=CARTESIAN_POINT('Ctrl Pts',(8.29559292597442,37.7876057803139,-35.5590085602853));
#12099=CARTESIAN_POINT('Ctrl Pts',(8.29559292597443,37.5770982778192,-36.1054853693207));
#12100=CARTESIAN_POINT('Ctrl Pts',(8.29559292597443,37.4305904560204,-36.3503779472656));
#12101=CARTESIAN_POINT('Ctrl Pts',(8.29559292597443,37.2030714662096,-36.6404622028874));
#12102=CARTESIAN_POINT('Ctrl Pts',(8.29559292597443,37.1044487985573,-36.7474050538204));
#12103=CARTESIAN_POINT('Ctrl Pts',(8.29559292597443,36.9416339413233,-36.8709993046637));
#12104=CARTESIAN_POINT('Ctrl Pts',(8.29559292597443,36.8788573101013,-36.9095013085027));
#12105=CARTESIAN_POINT('Ctrl Pts',(8.29559292597443,36.7598022482274,-36.9541469677186));
#12106=CARTESIAN_POINT('Ctrl Pts',(8.29559292597443,36.7059569719258,-36.9652372955981));
#12107=CARTESIAN_POINT('Ctrl Pts',(8.29559292597443,36.650088716291,-36.9652372955981));
#12108=CARTESIAN_POINT('Origin',(5.97059292597443,36.650088716291,-37.8409179081562));
#12109=CARTESIAN_POINT('Origin',(10.6205929259744,36.650088716291,-37.8409179081562));
#12110=CARTESIAN_POINT('',(12.9455929259744,36.650088716291,-36.9652372955981));
#12111=CARTESIAN_POINT('Ctrl Pts',(12.9455929259744,37.850088716291,-34.9826890412101));
#12112=CARTESIAN_POINT('Ctrl Pts',(12.9455929259744,37.850088716291,-34.9837105681111));
#12113=CARTESIAN_POINT('Ctrl Pts',(12.9455929259753,37.8500879313072,-34.9847320949866));
#12114=CARTESIAN_POINT('Ctrl Pts',(12.9455929259405,37.8498286985772,-35.1535143203554));
#12115=CARTESIAN_POINT('Ctrl Pts',(12.9455929259744,37.8284516390505,-35.321124926116));
#12116=CARTESIAN_POINT('Ctrl Pts',(12.9455929259744,37.7144070207088,-35.8092978280247));
#12117=CARTESIAN_POINT('Ctrl Pts',(12.9455929259744,37.5758645686688,-36.1022741074036));
#12118=CARTESIAN_POINT('Ctrl Pts',(12.9455929259744,37.3197883879408,-36.5032658115184));
#12119=CARTESIAN_POINT('Ctrl Pts',(12.9455929259744,37.1961454817112,-36.6557768322326));
#12120=CARTESIAN_POINT('Ctrl Pts',(12.9455929259744,36.9993835609748,-36.8319956128723));
#12121=CARTESIAN_POINT('Ctrl Pts',(12.9455929259744,36.913775227141,-36.8948662607889));
#12122=CARTESIAN_POINT('Ctrl Pts',(12.9455929259744,36.7646299145368,-36.9531358659447));
#12123=CARTESIAN_POINT('Ctrl Pts',(12.9455929259744,36.7084475703041,-36.9652372955981));
#12124=CARTESIAN_POINT('Ctrl Pts',(12.9455929259744,36.650088716291,-36.9652372955981));
#12125=CARTESIAN_POINT('Origin',(10.6205929259744,36.650088716291,-37.8409179081562));
#12126=CARTESIAN_POINT('Origin',(15.2705929259744,36.650088716291,-37.8409179081562));
#12127=CARTESIAN_POINT('',(17.5955929259744,36.650088716291,-36.9652372955981));
#12128=CARTESIAN_POINT('Origin',(15.2705929259744,36.650088716291,-37.8409179081562));
#12129=CARTESIAN_POINT('Ctrl Pts',(17.5955929259744,37.850088716291,-34.9826890412101));
#12130=CARTESIAN_POINT('Ctrl Pts',(17.5955929259744,37.850088716291,-34.9837104543255));
#12131=CARTESIAN_POINT('Ctrl Pts',(17.5955929259739,37.8500879314821,-34.9847318674163));
#12132=CARTESIAN_POINT('Ctrl Pts',(17.5955929259971,37.8498287276091,-35.1535140926631));
#12133=CARTESIAN_POINT('Ctrl Pts',(17.5955929259744,37.8284516650042,-35.32112481502));
#12134=CARTESIAN_POINT('Ctrl Pts',(17.5955929259744,37.7144099371164,-35.8092853442163));
#12135=CARTESIAN_POINT('Ctrl Pts',(17.5955929259744,37.5758752432429,-36.1022514894708));
#12136=CARTESIAN_POINT('Ctrl Pts',(17.5955929259744,37.3198000964235,-36.503251816828));
#12137=CARTESIAN_POINT('Ctrl Pts',(17.5955929259744,37.1961494846275,-36.6557739813432));
#12138=CARTESIAN_POINT('Ctrl Pts',(17.5955929259744,36.9993732832078,-36.8320043883006));
#12139=CARTESIAN_POINT('Ctrl Pts',(17.5955929259744,36.913755775717,-36.8948801393025));
#12140=CARTESIAN_POINT('Ctrl Pts',(17.5955929259744,36.7646086050516,-36.9531405770687));
#12141=CARTESIAN_POINT('Ctrl Pts',(17.5955929259744,36.7084362712725,-36.9652372955981));
#12142=CARTESIAN_POINT('Ctrl Pts',(17.5955929259744,36.650088716291,-36.9652372955981));
#12143=CARTESIAN_POINT('Origin',(19.9205929259744,36.650088716291,-37.8409179081562));
#12144=CARTESIAN_POINT('',(22.2455929259744,36.650088716291,-36.9652372955981));
#12145=CARTESIAN_POINT('Origin',(19.9205929259744,36.650088716291,-37.8409179081562));
#12146=CARTESIAN_POINT('Ctrl Pts',(22.2455929259744,37.850088716291,-34.9826890412101));
#12147=CARTESIAN_POINT('Ctrl Pts',(22.2455929259744,37.850088716291,-34.9837100817079));
#12148=CARTESIAN_POINT('Ctrl Pts',(22.2455929259755,37.8500879320546,-34.9847311221756));
#12149=CARTESIAN_POINT('Ctrl Pts',(22.2455929259312,37.8498288226815,-35.153513347031));
#12150=CARTESIAN_POINT('Ctrl Pts',(22.2455929259744,37.8284517499951,-35.321124451213));
#12151=CARTESIAN_POINT('Ctrl Pts',(22.2455929259744,37.7144194777912,-35.8092445049465));
#12152=CARTESIAN_POINT('Ctrl Pts',(22.2455929259744,37.5759101624194,-36.1021774974418));
#12153=CARTESIAN_POINT('Ctrl Pts',(22.2455929259744,37.3198384568242,-36.5032059439786));
#12154=CARTESIAN_POINT('Ctrl Pts',(22.2455929259744,37.196162717672,-36.6557644827916));
#12155=CARTESIAN_POINT('Ctrl Pts',(22.2455929259744,36.99933992587,-36.8320328866081));
#12156=CARTESIAN_POINT('Ctrl Pts',(22.2455929259744,36.9136924112229,-36.8949253803227));
#12157=CARTESIAN_POINT('Ctrl Pts',(22.2455929259744,36.7645390761528,-36.9531559416682));
#12158=CARTESIAN_POINT('Ctrl Pts',(22.2455929259744,36.7083994054854,-36.9652372955981));
#12159=CARTESIAN_POINT('Ctrl Pts',(22.2455929259744,36.650088716291,-36.9652372955981));
#12160=CARTESIAN_POINT('Origin',(24.5705929259744,36.650088716291,-37.8409179081562));
#12161=CARTESIAN_POINT('',(26.935781776685,36.650088716291,-37.0804422440586));
#12162=CARTESIAN_POINT('Origin',(24.5705929259744,36.650088716291,-37.8409179081562));
#12163=CARTESIAN_POINT('Ctrl Pts',(26.8318988499098,37.850088716291,-34.9320362030642));
#12164=CARTESIAN_POINT('Ctrl Pts',(26.8319475401316,37.850088716291,-34.9330615520698));
#12165=CARTESIAN_POINT('Ctrl Pts',(26.8319962311331,37.850087956504,-34.9340869010193));
#12166=CARTESIAN_POINT('Ctrl Pts',(26.8448266116647,37.8496878258648,-35.2042683570549));
#12167=CARTESIAN_POINT('Ctrl Pts',(26.8576370105047,37.7972090568209,-35.4728647575871));
#12168=CARTESIAN_POINT('Ctrl Pts',(26.8827326574528,37.6194781838148,-35.9957078305082));
#12169=CARTESIAN_POINT('Ctrl Pts',(26.8941397064146,37.4973318754241,-36.2314163960967));
#12170=CARTESIAN_POINT('Ctrl Pts',(26.9120319641283,37.2673705070035,-36.5988303581178));
#12171=CARTESIAN_POINT('Ctrl Pts',(26.9200330008959,37.1425581696396,-36.7617928571657));
#12172=CARTESIAN_POINT('Ctrl Pts',(26.9292146122247,36.9537858660302,-36.9479399881307));
#12173=CARTESIAN_POINT('Ctrl Pts',(26.9314163932166,36.8947730334758,-36.9923918431465));
#12174=CARTESIAN_POINT('Ctrl Pts',(26.9340042675213,36.8051817791866,-37.0446223427803));
#12175=CARTESIAN_POINT('Ctrl Pts',(26.9349130476856,36.7635890886802,-37.0629386042259));
#12176=CARTESIAN_POINT('Ctrl Pts',(26.9356525697648,36.6964473965928,-37.0778397479538));
#12177=CARTESIAN_POINT('Ctrl Pts',(26.935781776685,36.6733031834679,-37.0804422440586));
#12178=CARTESIAN_POINT('Ctrl Pts',(26.935781776685,36.650088716291,-37.0804422440586));
#12179=CARTESIAN_POINT('Origin',(29.3446071686178,36.650088716291,-37.598621637625));
#12180=CARTESIAN_POINT('',(31.3267962745002,36.650088716291,-36.1351066902269));
#12181=CARTESIAN_POINT('Origin',(29.3446071686178,36.650088716291,-37.598621637625));
#12182=CARTESIAN_POINT('Ctrl Pts',(30.4591198087527,37.850088716291,-34.1083146955787));
#12183=CARTESIAN_POINT('Ctrl Pts',(30.4595239260096,37.850088716291,-34.1092588276873));
#12184=CARTESIAN_POINT('Ctrl Pts',(30.4599280433093,37.8500879626665,-34.1102029597554));
#12185=CARTESIAN_POINT('Ctrl Pts',(30.5704921251412,37.8496758827653,-34.3685118236311));
#12186=CARTESIAN_POINT('Ctrl Pts',(30.6803641656288,37.7936001273909,-34.6251934513625));
#12187=CARTESIAN_POINT('Ctrl Pts',(30.8955335546771,37.6044986741179,-35.1278387070886));
#12188=CARTESIAN_POINT('Ctrl Pts',(30.9922188446382,37.4743035059258,-35.3536812146677));
#12189=CARTESIAN_POINT('Ctrl Pts',(31.1376174259275,37.2430924693296,-35.6932911734173));
#12190=CARTESIAN_POINT('Ctrl Pts',(31.2032009031252,37.1171572266131,-35.846463580487));
#12191=CARTESIAN_POINT('Ctrl Pts',(31.2772153093217,36.9306997979799,-36.019319060336));
#12192=CARTESIAN_POINT('Ctrl Pts',(31.2935342944103,36.8760379493008,-36.0574293274824));
#12193=CARTESIAN_POINT('Ctrl Pts',(31.3125485202614,36.7966815010298,-36.101833891547));
#12194=CARTESIAN_POINT('Ctrl Pts',(31.3194999828734,36.7590813295244,-36.1180676789631));
#12195=CARTESIAN_POINT('Ctrl Pts',(31.3256416872153,36.6963111035794,-36.1324103944545));
#12196=CARTESIAN_POINT('Ctrl Pts',(31.3267962745001,36.6732871161696,-36.1351066902265));
#12197=CARTESIAN_POINT('Ctrl Pts',(31.3267962745001,36.650088716291,-36.1351066902265));
#12198=CARTESIAN_POINT('Origin',(33.7524933152512,36.650088716291,-35.7107642713227));
#12199=CARTESIAN_POINT('',(35.0724051689965,36.650088716291,-33.6318450039308));
#12200=CARTESIAN_POINT('Origin',(33.7524933152512,36.650088716291,-35.7107642713227));
#12201=CARTESIAN_POINT('Ctrl Pts',(33.446706957316,37.850088716291,-32.0610179240529));
#12202=CARTESIAN_POINT('Ctrl Pts',(33.4475266376968,37.850088716291,-32.0618132738895));
#12203=CARTESIAN_POINT('Ctrl Pts',(33.4483463195838,37.8500877896217,-32.0626086221423));
#12204=CARTESIAN_POINT('Ctrl Pts',(33.5926744084731,37.8497617212296,-32.2026515519506));
#12205=CARTESIAN_POINT('Ctrl Pts',(33.7359858181453,37.8211453445912,-32.3416134127398));
#12206=CARTESIAN_POINT('Ctrl Pts',(34.0197358067592,37.7208921033195,-32.6164958052556));
#12207=CARTESIAN_POINT('Ctrl Pts',(34.1607398710614,37.6474847629135,-32.7529540825327));
#12208=CARTESIAN_POINT('Ctrl Pts',(34.5299220036922,37.4055439543824,-33.1097835766477));
#12209=CARTESIAN_POINT('Ctrl Pts',(34.7350880063072,37.2135764413143,-33.3074888614148));
#12210=CARTESIAN_POINT('Ctrl Pts',(34.914634113303,37.0038985713019,-33.4802420987829));
#12211=CARTESIAN_POINT('Ctrl Pts',(34.9714190336638,36.9315589296287,-33.5348358168185));
#12212=CARTESIAN_POINT('Ctrl Pts',(35.0353757866656,36.8139674624371,-33.5962848403248));
#12213=CARTESIAN_POINT('Ctrl Pts',(35.050372588744,36.7767615475398,-33.61068719577));
#12214=CARTESIAN_POINT('Ctrl Pts',(35.0677863705257,36.7124766817848,-33.6274102134669));
#12215=CARTESIAN_POINT('Ctrl Pts',(35.0724051689968,36.6819039764731,-33.6318450039313));
#12216=CARTESIAN_POINT('Ctrl Pts',(35.0724051689968,36.650088716291,-33.6318450039313));
#12217=CARTESIAN_POINT('Origin',(37.0590303144316,36.650088716291,-32.2543162832411));
#12218=CARTESIAN_POINT('Origin',(37.0590303144316,36.650088716291,-32.2543162832411));
#12219=CARTESIAN_POINT('Origin',(-3.32940707402557,7.85008871629097,-37.8409179081562));
#12220=CARTESIAN_POINT('',(-1.00440707402558,7.74506211928506,-36.9652372955981));
#12221=CARTESIAN_POINT('',(-1.00440707402558,7.85008871629097,-36.9652372955981));
#12222=CARTESIAN_POINT('Origin',(-3.32940707402557,7.74506211928506,-37.8409179081562));
#12223=CARTESIAN_POINT('Origin',(26.7311910811084,37.250088716291,-7.98726291878801));
#12224=CARTESIAN_POINT('',(26.7311910811084,37.250088716291,-0.487262918788003));
#12225=CARTESIAN_POINT('Origin',(26.7311910811084,37.250088716291,0.112737081211998));
#12226=CARTESIAN_POINT('',(19.2311910811084,37.250088716291,-7.98726291878801));
#12227=CARTESIAN_POINT('Origin',(26.7311910811084,37.250088716291,-7.98726291878801));
#12228=CARTESIAN_POINT('Origin',(26.7311910811084,37.250088716291,-7.98726291878801));
#12229=CARTESIAN_POINT('Origin',(26.7311910811084,7.85008871629097,-7.987262918788));
#12230=CARTESIAN_POINT('',(19.2311910811084,7.85008871629097,-7.987262918788));
#12231=CARTESIAN_POINT('',(19.2311910811084,7.85008871629097,-7.987262918788));
#12232=CARTESIAN_POINT('Origin',(26.7311910811084,7.85008871629097,-7.987262918788));
#12233=CARTESIAN_POINT('Origin',(10.2311910811084,37.250088716291,-7.98726291878801));
#12234=CARTESIAN_POINT('',(10.2311910811084,37.250088716291,-0.487262918788004));
#12235=CARTESIAN_POINT('Origin',(10.2311910811084,37.250088716291,0.112737081211997));
#12236=CARTESIAN_POINT('',(2.73119108110839,37.250088716291,-7.98726291878801));
#12237=CARTESIAN_POINT('Origin',(10.2311910811084,37.250088716291,-7.98726291878801));
#12238=CARTESIAN_POINT('Origin',(10.2311910811084,37.250088716291,-7.98726291878801));
#12239=CARTESIAN_POINT('Origin',(10.2311910811084,7.85008871629097,-7.987262918788));
#12240=CARTESIAN_POINT('',(2.73119108110839,7.85008871629097,-7.987262918788));
#12241=CARTESIAN_POINT('',(2.73119108110839,7.85008871629097,-7.987262918788));
#12242=CARTESIAN_POINT('Origin',(10.2311910811084,7.85008871629097,-7.987262918788));
#12243=CARTESIAN_POINT('Origin',(-6.26880891889161,37.250088716291,-7.98726291878801));
#12244=CARTESIAN_POINT('',(-6.26880891889161,37.250088716291,-0.487262918788004));
#12245=CARTESIAN_POINT('Origin',(-6.26880891889161,37.250088716291,0.112737081211997));
#12246=CARTESIAN_POINT('',(-13.7688089188916,37.250088716291,-7.98726291878801));
#12247=CARTESIAN_POINT('Origin',(-6.26880891889161,37.250088716291,-7.98726291878801));
#12248=CARTESIAN_POINT('Origin',(-6.26880891889161,37.250088716291,-7.98726291878801));
#12249=CARTESIAN_POINT('Origin',(-6.26880891889161,7.85008871629097,-7.987262918788));
#12250=CARTESIAN_POINT('',(-13.7688089188916,7.85008871629097,-7.987262918788));
#12251=CARTESIAN_POINT('',(-13.7688089188916,7.85008871629097,-7.987262918788));
#12252=CARTESIAN_POINT('Origin',(-6.26880891889161,7.85008871629097,-7.987262918788));
#12253=CARTESIAN_POINT('Origin',(-6.26880891889161,7.85008871629097,-25.687262918788));
#12254=CARTESIAN_POINT('',(-13.7688089188916,7.85008871629097,-25.687262918788));
#12255=CARTESIAN_POINT('',(-13.7688089188916,7.85008871629097,-25.687262918788));
#12256=CARTESIAN_POINT('Origin',(-6.26880891889161,7.85008871629097,-25.687262918788));
#12257=CARTESIAN_POINT('Origin',(10.2311910811084,37.250088716291,-25.687262918788));
#12258=CARTESIAN_POINT('',(10.2311910811084,37.250088716291,-18.187262918788));
#12259=CARTESIAN_POINT('Origin',(10.2311910811084,37.250088716291,-17.587262918788));
#12260=CARTESIAN_POINT('',(2.73119108110839,37.250088716291,-25.687262918788));
#12261=CARTESIAN_POINT('Origin',(10.2311910811084,37.250088716291,-25.687262918788));
#12262=CARTESIAN_POINT('Origin',(10.2311910811084,37.250088716291,-25.687262918788));
#12263=CARTESIAN_POINT('Origin',(10.2311910811084,7.85008871629097,-25.687262918788));
#12264=CARTESIAN_POINT('',(2.73119108110839,7.85008871629097,-25.687262918788));
#12265=CARTESIAN_POINT('',(2.73119108110839,7.85008871629097,-25.687262918788));
#12266=CARTESIAN_POINT('Origin',(10.2311910811084,7.85008871629097,-25.687262918788));
#12267=CARTESIAN_POINT('Origin',(26.7311910811084,37.250088716291,-25.687262918788));
#12268=CARTESIAN_POINT('',(26.7311910811084,37.250088716291,-18.187262918788));
#12269=CARTESIAN_POINT('Origin',(26.7311910811084,37.250088716291,-17.587262918788));
#12270=CARTESIAN_POINT('',(19.2311910811084,37.250088716291,-25.687262918788));
#12271=CARTESIAN_POINT('Origin',(26.7311910811084,37.250088716291,-25.687262918788));
#12272=CARTESIAN_POINT('Origin',(26.7311910811084,37.250088716291,-25.687262918788));
#12273=CARTESIAN_POINT('Origin',(26.7311910811084,7.85008871629097,-25.687262918788));
#12274=CARTESIAN_POINT('',(19.2311910811084,7.85008871629097,-25.687262918788));
#12275=CARTESIAN_POINT('',(19.2311910811084,7.85008871629097,-25.687262918788));
#12276=CARTESIAN_POINT('Origin',(26.7311910811084,7.85008871629097,-25.687262918788));
#12277=CARTESIAN_POINT('Origin',(-16.1949335912869,7.74506211928506,-34.9555141725605));
#12278=CARTESIAN_POINT('',(-16.1949335912869,7.74506211928506,-10.9555141725605));
#12279=CARTESIAN_POINT('',(-16.1949335912869,7.74506211928506,-34.9555141725605));
#12280=CARTESIAN_POINT('',(-16.1949335912869,0.184168782354442,-10.9555141725605));
#12281=CARTESIAN_POINT('',(-16.1949335912869,7.74506211928506,-10.9555141725605));
#12282=CARTESIAN_POINT('',(-16.1949335912869,0.184168782354442,-34.9555141725605));
#12283=CARTESIAN_POINT('Origin',(35.6399752442871,7.74506211928506,-34.9555141725605));
#12284=CARTESIAN_POINT('',(35.6399752442871,7.74506211928506,-11.4797246974749));
#12285=CARTESIAN_POINT('',(35.5138339820708,7.74506211928506,-10.9555141725605));
#12286=CARTESIAN_POINT('Origin',(39.1619862644306,7.74506211928507,-10.3549379298888));
#12287=CARTESIAN_POINT('',(35.6399752442871,7.74506211928506,-10.9555141725605));
#12288=CARTESIAN_POINT('',(35.6399752442871,7.74506211928506,-34.9555141725605));
#12289=CARTESIAN_POINT('',(35.6399752442871,7.74506211928506,-10.9555141725605));
#12290=CARTESIAN_POINT('Origin',(35.6399752442871,7.74506211928506,-34.9555141725605));
#12291=CARTESIAN_POINT('',(35.6399752442871,7.74506211928506,-15.7797246974749));
#12292=CARTESIAN_POINT('',(35.6399752442871,7.74506211928506,-13.5301511623026));
#12293=CARTESIAN_POINT('Origin',(39.1619862644306,7.74506211928507,-14.6549379298888));
#12294=CARTESIAN_POINT('',(35.6399752442871,7.74506211928506,-34.9555141725605));
#12295=CARTESIAN_POINT('Origin',(35.6399752442871,7.74506211928506,-34.9555141725605));
#12296=CARTESIAN_POINT('',(35.6399752442871,7.74506211928506,-20.0797246974749));
#12297=CARTESIAN_POINT('',(35.6399752442871,7.74506211928506,-17.8301511623026));
#12298=CARTESIAN_POINT('Origin',(39.1619862644306,7.74506211928506,-18.9549379298888));
#12299=CARTESIAN_POINT('',(35.6399752442871,7.74506211928506,-34.9555141725605));
#12300=CARTESIAN_POINT('Origin',(35.6399752442871,7.74506211928506,-34.9555141725605));
#12301=CARTESIAN_POINT('',(3.64559292597442,7.74506211928506,-36.9652372955981));
#12302=CARTESIAN_POINT('Origin',(1.32059292597442,7.74506211928506,-37.8409179081562));
#12303=CARTESIAN_POINT('',(8.29559292597443,7.74506211928506,-36.9652372955981));
#12304=CARTESIAN_POINT('Origin',(5.97059292597443,7.74506211928506,-37.8409179081562));
#12305=CARTESIAN_POINT('',(12.9455929259744,7.74506211928506,-36.9652372955981));
#12306=CARTESIAN_POINT('Origin',(10.6205929259744,7.74506211928506,-37.8409179081562));
#12307=CARTESIAN_POINT('',(17.5955929259744,7.74506211928506,-36.9652372955981));
#12308=CARTESIAN_POINT('Origin',(15.2705929259744,7.74506211928506,-37.8409179081562));
#12309=CARTESIAN_POINT('',(22.2455929259744,7.74506211928506,-36.9652372955981));
#12310=CARTESIAN_POINT('Origin',(19.9205929259744,7.74506211928506,-37.8409179081562));
#12311=CARTESIAN_POINT('',(26.935781776685,7.74506211928506,-37.0804422440586));
#12312=CARTESIAN_POINT('Origin',(24.5705929259744,7.74506211928506,-37.8409179081562));
#12313=CARTESIAN_POINT('',(31.3267962745002,7.74506211928506,-36.1351066902269));
#12314=CARTESIAN_POINT('Origin',(29.3446071686178,7.74506211928506,-37.598621637625));
#12315=CARTESIAN_POINT('',(35.0724051689965,7.74506211928506,-33.6318450039308));
#12316=CARTESIAN_POINT('Origin',(33.7524933152512,7.74506211928506,-35.7107642713227));
#12317=CARTESIAN_POINT('',(35.6399752442871,7.74506211928506,-30.2971378159833));
#12318=CARTESIAN_POINT('Origin',(37.0590303144316,7.74506211928506,-32.2543162832411));
#12319=CARTESIAN_POINT('',(35.6399752442871,7.74506211928506,-25.4192343282677));
#12320=CARTESIAN_POINT('',(35.6399752442871,7.74506211928506,-34.9555141725605));
#12321=CARTESIAN_POINT('',(35.0100020227567,7.74506211928506,-28.9154209249302));
#12322=CARTESIAN_POINT('Origin',(38.7318101348063,7.74506211928506,-27.7811982702288));
#12323=CARTESIAN_POINT('',(33.1689821723971,7.74506211928506,-31.7914290329432));
#12324=CARTESIAN_POINT('Origin',(37.0590303144316,7.74506211928506,-32.2543162832411));
#12325=CARTESIAN_POINT('',(30.3071825926002,7.74506211928506,-33.7533404569626));
#12326=CARTESIAN_POINT('Origin',(33.7524933152512,7.74506211928506,-35.7107642713227));
#12327=CARTESIAN_POINT('',(26.8136891741104,7.74506211928506,-34.5478524050723));
#12328=CARTESIAN_POINT('Origin',(29.3446071686178,7.74506211928506,-37.598621637625));
#12329=CARTESIAN_POINT('',(22.2455929259744,7.74506211928506,-34.6051589267111));
#12330=CARTESIAN_POINT('Origin',(24.5705929259744,7.74506211928506,-37.8409179081562));
#12331=CARTESIAN_POINT('',(17.5955929259744,7.74506211928506,-34.6051589267111));
#12332=CARTESIAN_POINT('Origin',(19.9205929259744,7.74506211928506,-37.8409179081562));
#12333=CARTESIAN_POINT('',(12.9455929259744,7.74506211928506,-34.6051589267111));
#12334=CARTESIAN_POINT('Origin',(15.2705929259744,7.74506211928506,-37.8409179081562));
#12335=CARTESIAN_POINT('',(8.29559292597443,7.74506211928506,-34.6051589267111));
#12336=CARTESIAN_POINT('Origin',(10.6205929259744,7.74506211928506,-37.8409179081562));
#12337=CARTESIAN_POINT('',(3.64559292597442,7.74506211928506,-34.6051589267111));
#12338=CARTESIAN_POINT('Origin',(5.97059292597443,7.74506211928506,-37.8409179081562));
#12339=CARTESIAN_POINT('',(-1.00440707402558,7.74506211928506,-34.6051589267111));
#12340=CARTESIAN_POINT('Origin',(1.32059292597442,7.74506211928506,-37.8409179081562));
#12341=CARTESIAN_POINT('',(-5.3926213928922,7.74506211928506,-34.4322659956802));
#12342=CARTESIAN_POINT('Origin',(-3.32940707402557,7.74506211928506,-37.8409179081562));
#12343=CARTESIAN_POINT('',(-9.08779317294748,7.74506211928506,-33.3934484928055));
#12344=CARTESIAN_POINT('Origin',(-8.19152248129276,7.74506211928506,-37.2967750789324));
#12345=CARTESIAN_POINT('',(-12.0136161859057,7.74506211928506,-31.8887433156412));
#12346=CARTESIAN_POINT('Origin',(-12.2212133897416,7.74506211928506,-35.8893154904666));
#12347=CARTESIAN_POINT('',(-13.9973516940937,7.74506211928506,-29.1891646643845));
#12348=CARTESIAN_POINT('Origin',(-15.9125875713778,7.74506211928506,-32.6751853966668));
#12349=CARTESIAN_POINT('',(-15.2500347605768,7.74506211928506,-25.1546966164443));
#12350=CARTESIAN_POINT('Origin',(-17.8774595088408,7.74506211928506,-28.1822095358482));
#12351=CARTESIAN_POINT('',(-15.667823198992,7.74506211928506,-21.0740911043478));
#12352=CARTESIAN_POINT('Origin',(-18.9721486416866,7.74506211928506,-23.4740911043478));
#12353=CARTESIAN_POINT('',(-15.667823198992,7.74506211928506,-16.2740911043478));
#12354=CARTESIAN_POINT('Origin',(-18.9721486416866,7.74506211928506,-18.6740911043478));
#12355=CARTESIAN_POINT('',(-15.667823198992,7.74506211928506,-11.4740911043478));
#12356=CARTESIAN_POINT('Origin',(-18.9721486416866,7.74506211928507,-13.8740911043478));
#12357=CARTESIAN_POINT('',(-15.3473984613795,7.74506211928506,-10.9555141725605));
#12358=CARTESIAN_POINT('Origin',(-18.9721486416866,7.74506211928507,-9.07409110434784));
#12359=CARTESIAN_POINT('',(35.6399752442871,7.74506211928506,-10.9555141725605));
#12360=CARTESIAN_POINT('',(-16.1949335912869,7.74506211928506,-34.9555141725605));
#12361=CARTESIAN_POINT('Origin',(-16.1949335912869,0.184168782354442,-34.9555141725605));
#12362=CARTESIAN_POINT('',(-9.77304400566825,0.184168782354442,-35.3542674387423));
#12363=CARTESIAN_POINT('',(-5.69569163500525,0.184168782354443,-37.0837523715713));
#12364=CARTESIAN_POINT('Origin',(-8.19152248129276,0.184168782354442,-37.2967750789324));
#12365=CARTESIAN_POINT('Origin',(-12.2212133897416,0.184168782354442,-35.8893154904666));
#12366=CARTESIAN_POINT('',(-16.1949335912869,0.184168782354442,-34.9555141725605));
#12367=CARTESIAN_POINT('',(35.6399752442871,0.184168782354446,-10.9555141725605));
#12368=CARTESIAN_POINT('',(-16.1949335912869,0.184168782354442,-10.9555141725605));
#12369=CARTESIAN_POINT('',(35.6399752442871,0.184168782354446,-30.2971378159833));
#12370=CARTESIAN_POINT('',(35.6399752442871,0.184168782354446,-34.9555141725605));
#12371=CARTESIAN_POINT('',(35.0724051689965,0.184168782354446,-33.6318450039308));
#12372=CARTESIAN_POINT('Origin',(37.0590303144316,0.184168782354442,-32.2543162832411));
#12373=CARTESIAN_POINT('',(31.3267962745002,0.184168782354446,-36.1351066902269));
#12374=CARTESIAN_POINT('Origin',(33.7524933152512,0.184168782354442,-35.7107642713227));
#12375=CARTESIAN_POINT('',(26.935781776685,0.184168782354446,-37.0804422440586));
#12376=CARTESIAN_POINT('Origin',(29.3446071686178,0.184168782354442,-37.598621637625));
#12377=CARTESIAN_POINT('',(22.2455929259744,0.184168782354445,-36.9652372955981));
#12378=CARTESIAN_POINT('Origin',(24.5705929259744,0.184168782354442,-37.8409179081562));
#12379=CARTESIAN_POINT('',(17.5955929259744,0.184168782354445,-36.9652372955981));
#12380=CARTESIAN_POINT('Origin',(19.9205929259744,0.184168782354442,-37.8409179081562));
#12381=CARTESIAN_POINT('',(12.9455929259744,0.184168782354445,-36.9652372955981));
#12382=CARTESIAN_POINT('Origin',(15.2705929259744,0.184168782354442,-37.8409179081562));
#12383=CARTESIAN_POINT('',(8.29559292597443,0.184168782354445,-36.9652372955981));
#12384=CARTESIAN_POINT('Origin',(10.6205929259744,0.184168782354442,-37.8409179081562));
#12385=CARTESIAN_POINT('',(3.64559292597442,0.184168782354445,-36.9652372955981));
#12386=CARTESIAN_POINT('Origin',(5.97059292597443,0.184168782354442,-37.8409179081562));
#12387=CARTESIAN_POINT('',(-1.00440707402558,0.184168782354445,-36.9652372955981));
#12388=CARTESIAN_POINT('Origin',(1.32059292597442,0.184168782354442,-37.8409179081562));
#12389=CARTESIAN_POINT('Origin',(-3.32940707402557,0.184168782354442,-37.8409179081562));
#12390=CARTESIAN_POINT('',(28.7175474252255,0.184168782354445,-26.3388608488474));
#12391=CARTESIAN_POINT('Origin',(29.1455966079925,0.184168782354445,-26.3388608488474));
#12392=CARTESIAN_POINT('',(24.0389551628608,0.184168782354445,-26.1153612184797));
#12393=CARTESIAN_POINT('Origin',(24.4670043456278,0.184168782354445,-26.1153612184797));
#12394=CARTESIAN_POINT('',(-7.76904680851126,0.184168782354446,-23.4780655801403));
#12395=CARTESIAN_POINT('Origin',(-7.34099762574425,0.184168782354446,-23.4780655801403));
#12396=CARTESIAN_POINT('',(12.0238477455735,0.184168782354446,-23.701565210508));
#12397=CARTESIAN_POINT('Origin',(12.4518969283405,0.184168782354446,-23.701565210508));
#12398=CARTESIAN_POINT('',(7.53895516286078,0.184168782354445,-26.1153612184797));
#12399=CARTESIAN_POINT('Origin',(7.96700434562779,0.184168782354445,-26.1153612184797));
#12400=CARTESIAN_POINT('',(9.90805124475885,0.184168782354445,-27.5904587789067));
#12401=CARTESIAN_POINT('Origin',(10.3361004275259,0.184168782354445,-27.5904587789067));
#12402=CARTESIAN_POINT('',(-6.59194875524116,0.184168782354445,-27.5904587789067));
#12403=CARTESIAN_POINT('Origin',(-6.16389957247415,0.184168782354445,-27.5904587789067));
#12404=CARTESIAN_POINT('',(-4.47615225442653,0.184168782354446,-23.701565210508));
#12405=CARTESIAN_POINT('Origin',(-4.04810307165952,0.184168782354446,-23.701565210508));
#12406=CARTESIAN_POINT('',(26.5719509736952,0.184168782354446,-25.087262918788));
#12407=CARTESIAN_POINT('Origin',(27.0000001564622,0.184168782354446,-25.087262918788));
#12408=CARTESIAN_POINT('',(28.5238477455735,0.184168782354446,-23.701565210508));
#12409=CARTESIAN_POINT('Origin',(28.9518969283405,0.184168782354446,-23.701565210508));
#12410=CARTESIAN_POINT('',(26.4080512447588,0.184168782354445,-27.5904587789067));
#12411=CARTESIAN_POINT('Origin',(26.8361004275259,0.184168782354445,-27.5904587789067));
#12412=CARTESIAN_POINT('',(-6.42804902630482,0.184168782354446,-25.087262918788));
#12413=CARTESIAN_POINT('Origin',(-5.99999984353781,0.184168782354446,-25.087262918788));
#12414=CARTESIAN_POINT('',(10.0719509736952,0.184168782354446,-25.087262918788));
#12415=CARTESIAN_POINT('Origin',(10.5000001564622,0.184168782354446,-25.087262918788));
#12416=CARTESIAN_POINT('',(8.73095319148874,0.184168782354446,-23.4780655801403));
#12417=CARTESIAN_POINT('Origin',(9.15900237425575,0.184168782354446,-23.4780655801403));
#12418=CARTESIAN_POINT('',(12.2175474252255,0.184168782354445,-26.3388608488474));
#12419=CARTESIAN_POINT('Origin',(12.6455966079925,0.184168782354445,-26.3388608488474));
#12420=CARTESIAN_POINT('',(-8.96104483713922,0.184168782354445,-26.1153612184797));
#12421=CARTESIAN_POINT('Origin',(-8.53299565437221,0.184168782354445,-26.1153612184797));
#12422=CARTESIAN_POINT('',(-4.28245257477449,0.184168782354445,-26.3388608488474));
#12423=CARTESIAN_POINT('Origin',(-3.85440339200748,0.184168782354445,-26.3388608488474));
#12424=CARTESIAN_POINT('',(25.2309531914887,0.184168782354446,-23.4780655801403));
#12425=CARTESIAN_POINT('Origin',(25.6590023742558,0.184168782354446,-23.4780655801403));
#12426=CARTESIAN_POINT('Origin',(-16.1949335912869,7.74506211928506,-34.9555141725605));
#12427=CARTESIAN_POINT('Origin',(35.6399752442871,0.184168782354446,-34.9555141725605));
#12428=CARTESIAN_POINT('',(35.6399752442871,7.85008871629097,-30.2971378159833));
#12429=CARTESIAN_POINT('',(35.6399752442871,0.184168782354446,-10.9555141725605));
#12430=CARTESIAN_POINT('',(35.6399752442871,4.85008871629097,-11.4797246974749));
#12431=CARTESIAN_POINT('',(35.6399752442871,7.85008871629097,-11.4797246974749));
#12432=CARTESIAN_POINT('',(35.6399752442871,4.85008871629097,-13.5301511623026));
#12433=CARTESIAN_POINT('',(35.6399752442871,4.85008871629097,-25.6805318290548));
#12434=CARTESIAN_POINT('',(35.6399752442871,7.85008871629097,-13.5301511623026));
#12435=CARTESIAN_POINT('',(35.6399752442871,4.85008871629097,-15.7797246974749));
#12436=CARTESIAN_POINT('',(35.6399752442871,7.85008871629097,-15.7797246974749));
#12437=CARTESIAN_POINT('',(35.6399752442871,4.85008871629097,-17.8301511623026));
#12438=CARTESIAN_POINT('',(35.6399752442871,4.85008871629097,-25.6805318290548));
#12439=CARTESIAN_POINT('',(35.6399752442871,7.85008871629097,-17.8301511623026));
#12440=CARTESIAN_POINT('',(35.6399752442871,4.85008871629097,-20.0797246974749));
#12441=CARTESIAN_POINT('',(35.6399752442871,7.85008871629097,-20.0797246974749));
#12442=CARTESIAN_POINT('',(35.6399752442871,4.85008871629097,-25.4192343282677));
#12443=CARTESIAN_POINT('',(35.6399752442871,4.85008871629097,-25.6805318290548));
#12444=CARTESIAN_POINT('',(35.6399752442871,7.85008871629097,-25.4192343282677));
#12445=CARTESIAN_POINT('Origin',(9.72252082650009,3.96461545081975,-10.9555141725605));
#12446=CARTESIAN_POINT('',(-15.3473984613795,4.85008871629097,-10.9555141725605));
#12447=CARTESIAN_POINT('',(-15.3473984613795,7.85008871629097,-10.9555141725605));
#12448=CARTESIAN_POINT('',(35.5138339820708,4.85008871629097,-10.9555141725605));
#12449=CARTESIAN_POINT('',(10.1112604914799,4.85008871629097,-10.9555141725605));
#12450=CARTESIAN_POINT('',(35.5138339820708,7.85008871629097,-10.9555141725605));
#12451=CARTESIAN_POINT('Origin',(33.7524933152512,7.85008871629097,-35.7107642713227));
#12452=CARTESIAN_POINT('',(35.0724051689965,-1.14991128370903,-33.6318450039308));
#12453=CARTESIAN_POINT('',(35.0724051689965,7.85008871629097,-33.6318450039308));
#12454=CARTESIAN_POINT('',(31.3267962745002,-1.14991128370903,-36.1351066902269));
#12455=CARTESIAN_POINT('Origin',(33.7524933152512,-1.14991128370903,-35.7107642713227));
#12456=CARTESIAN_POINT('',(31.3267962745002,7.85008871629097,-36.1351066902269));
#12457=CARTESIAN_POINT('Origin',(33.7524933152512,7.85008871629097,-35.7107642713227));
#12458=CARTESIAN_POINT('',(35.0724051689965,7.85008871629097,-33.6318450039308));
#12459=CARTESIAN_POINT('',(31.3267962745002,7.85008871629097,-36.1351066902269));
#12460=CARTESIAN_POINT('Origin',(29.3446071686178,7.85008871629097,-37.598621637625));
#12461=CARTESIAN_POINT('',(26.935781776685,-1.14991128370903,-37.0804422440586));
#12462=CARTESIAN_POINT('Origin',(29.3446071686178,-1.14991128370903,-37.598621637625));
#12463=CARTESIAN_POINT('',(26.935781776685,7.85008871629097,-37.0804422440586));
#12464=CARTESIAN_POINT('Origin',(29.3446071686178,7.85008871629097,-37.598621637625));
#12465=CARTESIAN_POINT('',(26.935781776685,7.85008871629097,-37.0804422440586));
#12466=CARTESIAN_POINT('Origin',(24.5705929259744,7.85008871629097,-37.8409179081562));
#12467=CARTESIAN_POINT('',(22.2455929259744,-1.14991128370903,-36.9652372955981));
#12468=CARTESIAN_POINT('Origin',(24.5705929259744,-1.14991128370903,-37.8409179081562));
#12469=CARTESIAN_POINT('',(22.2455929259744,7.85008871629097,-36.9652372955981));
#12470=CARTESIAN_POINT('Origin',(24.5705929259744,7.85008871629097,-37.8409179081562));
#12471=CARTESIAN_POINT('',(22.2455929259744,7.85008871629097,-36.9652372955981));
#12472=CARTESIAN_POINT('Origin',(19.9205929259744,7.85008871629097,-37.8409179081562));
#12473=CARTESIAN_POINT('',(17.5955929259744,-1.14991128370903,-36.9652372955981));
#12474=CARTESIAN_POINT('Origin',(19.9205929259744,-1.14991128370903,-37.8409179081562));
#12475=CARTESIAN_POINT('',(17.5955929259744,7.85008871629097,-36.9652372955981));
#12476=CARTESIAN_POINT('Origin',(19.9205929259744,7.85008871629097,-37.8409179081562));
#12477=CARTESIAN_POINT('',(17.5955929259744,7.85008871629097,-36.9652372955981));
#12478=CARTESIAN_POINT('Origin',(15.2705929259744,7.85008871629097,-37.8409179081562));
#12479=CARTESIAN_POINT('',(12.9455929259744,-1.14991128370903,-36.9652372955981));
#12480=CARTESIAN_POINT('Origin',(15.2705929259744,-1.14991128370903,-37.8409179081562));
#12481=CARTESIAN_POINT('',(12.9455929259744,7.85008871629097,-36.9652372955981));
#12482=CARTESIAN_POINT('Origin',(15.2705929259744,7.85008871629097,-37.8409179081562));
#12483=CARTESIAN_POINT('',(12.9455929259744,7.85008871629097,-36.9652372955981));
#12484=CARTESIAN_POINT('Origin',(10.6205929259744,7.85008871629097,-37.8409179081562));
#12485=CARTESIAN_POINT('',(8.29559292597443,-1.14991128370903,-36.9652372955981));
#12486=CARTESIAN_POINT('Origin',(10.6205929259744,-1.14991128370903,-37.8409179081562));
#12487=CARTESIAN_POINT('',(8.29559292597443,7.85008871629097,-36.9652372955981));
#12488=CARTESIAN_POINT('Origin',(10.6205929259744,7.85008871629097,-37.8409179081562));
#12489=CARTESIAN_POINT('',(8.29559292597443,7.85008871629097,-36.9652372955981));
#12490=CARTESIAN_POINT('Origin',(5.97059292597443,7.85008871629097,-37.8409179081562));
#12491=CARTESIAN_POINT('',(3.64559292597442,-1.14991128370903,-36.9652372955981));
#12492=CARTESIAN_POINT('Origin',(5.97059292597443,-1.14991128370903,-37.8409179081562));
#12493=CARTESIAN_POINT('',(3.64559292597442,7.85008871629097,-36.9652372955981));
#12494=CARTESIAN_POINT('Origin',(5.97059292597443,7.85008871629097,-37.8409179081562));
#12495=CARTESIAN_POINT('',(3.64559292597442,7.85008871629097,-36.9652372955981));
#12496=CARTESIAN_POINT('Origin',(1.32059292597442,7.85008871629097,-37.8409179081562));
#12497=CARTESIAN_POINT('',(-1.00440707402558,-1.14991128370903,-36.9652372955981));
#12498=CARTESIAN_POINT('Origin',(1.32059292597442,-1.14991128370903,-37.8409179081562));
#12499=CARTESIAN_POINT('',(-1.00440707402558,7.85008871629097,-36.9652372955981));
#12500=CARTESIAN_POINT('Origin',(1.32059292597442,7.85008871629097,-37.8409179081562));
#12501=CARTESIAN_POINT('Origin',(-3.32940707402557,7.85008871629097,-37.8409179081562));
#12502=CARTESIAN_POINT('',(-5.69569163500525,-1.14991128370903,-37.0837523715713));
#12503=CARTESIAN_POINT('Origin',(-3.32940707402557,-1.14991128370903,-37.8409179081562));
#12504=CARTESIAN_POINT('',(-5.69569244118381,7.85008871629097,-37.083752368524));
#12505=CARTESIAN_POINT('Origin',(-8.19152248129276,7.85008871629097,-37.2967750789324));
#12506=CARTESIAN_POINT('',(-9.77304400566825,-1.14991128370903,-35.3542674387423));
#12507=CARTESIAN_POINT('Origin',(-8.19152248129276,-1.14991128370903,-37.2967750789324));
#12508=CARTESIAN_POINT('',(-9.77304400566825,7.85008871629097,-35.3542674387423));
#12509=CARTESIAN_POINT('Origin',(-12.2212133897416,7.85008871629097,-35.8893154904666));
#12510=CARTESIAN_POINT('Origin',(-12.2212133897416,-1.14991128370903,-35.8893154904666));
#12511=CARTESIAN_POINT('Origin',(29.3446071686178,7.85008871629097,-37.598621637625));
#12512=CARTESIAN_POINT('',(30.3071825925996,7.85008871629097,-33.7533404569614));
#12513=CARTESIAN_POINT('',(30.3071825926002,7.85008871629097,-33.7533404569626));
#12514=CARTESIAN_POINT('',(26.8136891741104,7.85008871629097,-34.5478524050723));
#12515=CARTESIAN_POINT('Origin',(29.3446071686178,7.85008871629097,-37.598621637625));
#12516=CARTESIAN_POINT('',(26.8136891741104,7.85008871629097,-34.5478524050723));
#12517=CARTESIAN_POINT('Origin',(33.7524933152512,7.85008871629097,-35.7107642713227));
#12518=CARTESIAN_POINT('',(33.1689821723971,7.85008871629097,-31.7914290329432));
#12519=CARTESIAN_POINT('',(33.1689821723971,7.85008871629097,-31.7914290329432));
#12520=CARTESIAN_POINT('Origin',(33.7524933152512,7.85008871629097,-35.7107642713227));
#12521=CARTESIAN_POINT('Origin',(37.0590303144316,7.85008871629097,-32.2543162832411));
#12522=CARTESIAN_POINT('',(35.0100020227567,7.85008871629097,-28.9154209249302));
#12523=CARTESIAN_POINT('',(35.0100020227567,7.85008871629097,-28.9154209249302));
#12524=CARTESIAN_POINT('Origin',(37.0590303144316,7.85008871629097,-32.2543162832411));
#12525=CARTESIAN_POINT('Origin',(38.7318101348063,7.85008871629097,-27.7811982702288));
#12526=CARTESIAN_POINT('',(37.1503164130542,4.85008871629097,-24.2263151130188));
#12527=CARTESIAN_POINT('Origin',(38.7318101348063,4.85008871629097,-27.7811982702288));
#12528=CARTESIAN_POINT('',(37.1503164130542,7.85008871629097,-24.2263151130188));
#12529=CARTESIAN_POINT('',(37.1503164130542,7.85008871629097,-24.2263151130188));
#12530=CARTESIAN_POINT('Origin',(38.7318101348063,7.85008871629097,-27.7811982702288));
#12531=CARTESIAN_POINT('Origin',(39.1619862644306,7.85008871629097,-18.9549379298888));
#12532=CARTESIAN_POINT('',(36.1541287381257,4.85008871629097,-16.8049379298888));
#12533=CARTESIAN_POINT('Origin',(39.1619862644306,4.85008871629097,-18.9549379298888));
#12534=CARTESIAN_POINT('',(36.1541287381257,7.85008871629097,-16.8049379298888));
#12535=CARTESIAN_POINT('',(36.1541287381257,7.85008871629097,-16.8049379298888));
#12536=CARTESIAN_POINT('',(37.1503164130542,7.85008871629097,-22.0570164762206));
#12537=CARTESIAN_POINT('Origin',(39.1619862644306,7.85008871629097,-18.9549379298888));
#12538=CARTESIAN_POINT('',(37.1503164130542,4.85008871629097,-22.0570164762206));
#12539=CARTESIAN_POINT('',(37.1503164130542,7.85008871629097,-22.0570164762206));
#12540=CARTESIAN_POINT('Origin',(39.1619862644306,4.85008871629097,-18.9549379298888));
#12541=CARTESIAN_POINT('Origin',(39.1619862644306,7.85008871629097,-14.6549379298888));
#12542=CARTESIAN_POINT('',(36.1541287381257,4.85008871629097,-12.5049379298888));
#12543=CARTESIAN_POINT('Origin',(39.1619862644306,4.85008871629097,-14.6549379298888));
#12544=CARTESIAN_POINT('',(36.1541287381257,7.85008871629097,-12.5049379298888));
#12545=CARTESIAN_POINT('',(36.1541287381257,7.85008871629097,-12.5049379298888));
#12546=CARTESIAN_POINT('Origin',(39.1619862644306,7.85008871629097,-14.6549379298888));
#12547=CARTESIAN_POINT('Origin',(39.1619862644306,4.85008871629097,-14.6549379298888));
#12548=CARTESIAN_POINT('Origin',(39.1619862644306,7.85008871629097,-10.3549379298888));
#12549=CARTESIAN_POINT('',(36.1025896195969,4.85008871629097,-8.27893237398804));
#12550=CARTESIAN_POINT('Origin',(39.1619862644306,4.85008871629097,-10.3549379298888));
#12551=CARTESIAN_POINT('',(36.1025896195969,7.85008871629097,-8.27893237398804));
#12552=CARTESIAN_POINT('',(36.1025896195972,7.85008871629097,-8.27893237398797));
#12553=CARTESIAN_POINT('Origin',(39.1619862644306,7.85008871629097,-10.3549379298888));
#12554=CARTESIAN_POINT('Origin',(39.1619862644306,4.85008871629097,-10.3549379298888));
#12555=CARTESIAN_POINT('Origin',(10.5000001564598,4.85008871629097,-16.4055494855492));
#12556=CARTESIAN_POINT('Origin',(10.5000001564598,4.85008871629097,-16.4055494855492));
#12557=CARTESIAN_POINT('Origin',(10.5000001564598,4.85008871629097,-16.4055494855492));
#12558=CARTESIAN_POINT('',(-15.3628125653973,4.85008871629097,-7.16326413162978));
#12559=CARTESIAN_POINT('Origin',(-18.9721486416866,4.85008871629097,-9.07409110434784));
#12560=CARTESIAN_POINT('',(-14.3375111331317,4.85008871629097,-3.62723153579756));
#12561=CARTESIAN_POINT('Origin',(-18.3183055660037,4.85008871629097,-4.38963133451255));
#12562=CARTESIAN_POINT('',(-12.3544239028248,4.85008871629098,-1.27489536072152));
#12563=CARTESIAN_POINT('Origin',(-16.2051308358134,4.85008871629098,-0.0407063211466507));
#12564=CARTESIAN_POINT('',(-9.8186838421834,4.85008871629098,0.815363560855915));
#12565=CARTESIAN_POINT('Origin',(-13.421497583451,4.85008871629098,2.6028067761456));
#12566=CARTESIAN_POINT('',(-6.75976519916611,4.85008871629098,1.67923770246385));
#12567=CARTESIAN_POINT('Origin',(-9.2992978149882,4.85008871629098,4.82390037226711));
#12568=CARTESIAN_POINT('',(-2.0432743646666,4.85008871629098,1.53206071905534));
#12569=CARTESIAN_POINT('Origin',(-4.2932743646666,4.85008871629098,5.07452393907226));
#12570=CARTESIAN_POINT('',(2.4567256353334,4.85008871629098,1.53206071905534));
#12571=CARTESIAN_POINT('Origin',(0.206725635333405,4.85008871629098,5.07452393907226));
#12572=CARTESIAN_POINT('',(6.80672563533341,4.85008871629098,1.441130805213));
#12573=CARTESIAN_POINT('Origin',(4.70672563533341,4.85008871629098,5.07452393907226));
#12574=CARTESIAN_POINT('',(11.0067256353334,4.85008871629098,1.441130805213));
#12575=CARTESIAN_POINT('Origin',(8.90672563533341,4.85008871629098,5.07452393907226));
#12576=CARTESIAN_POINT('',(15.2067256353334,4.85008871629098,1.441130805213));
#12577=CARTESIAN_POINT('Origin',(13.1067256353334,4.85008871629098,5.07452393907226));
#12578=CARTESIAN_POINT('',(19.4067256353334,4.85008871629098,1.441130805213));
#12579=CARTESIAN_POINT('Origin',(17.3067256353334,4.85008871629098,5.07452393907226));
#12580=CARTESIAN_POINT('',(23.6067256353334,4.85008871629098,1.44113080521299));
#12581=CARTESIAN_POINT('Origin',(21.5067256353334,4.85008871629098,5.07452393907226));
#12582=CARTESIAN_POINT('',(27.7140543017703,4.85008871629098,1.38912337874328));
#12583=CARTESIAN_POINT('Origin',(25.7067256353334,4.85008871629098,5.07452393907226));
#12584=CARTESIAN_POINT('',(31.6679296575786,4.85008871629098,-0.191723428736832));
#12585=CARTESIAN_POINT('Origin',(31.0592727513973,4.85008871629098,4.02092380943309));
#12586=CARTESIAN_POINT('',(34.1285949975353,4.85008871629097,-2.20602983353893));
#12587=CARTESIAN_POINT('Origin',(35.0352449651983,4.85008871629098,1.41164930274763));
#12588=CARTESIAN_POINT('',(35.613618909089,4.85008871629097,-4.96356966382557));
#12589=CARTESIAN_POINT('Origin',(37.8140260590191,4.85008871629098,-1.99994313346934));
#12590=CARTESIAN_POINT('Origin',(39.1104959767278,4.85008871629097,-6.14156767036061));
#12591=CARTESIAN_POINT('',(-4.28245257477449,4.85008871629097,-9.23886084884738));
#12592=CARTESIAN_POINT('Origin',(-3.85440339200748,4.85008871629097,-9.23886084884738));
#12593=CARTESIAN_POINT('',(12.2175474252255,4.85008871629097,-9.23886084884738));
#12594=CARTESIAN_POINT('Origin',(12.6455966079925,4.85008871629097,-9.23886084884738));
#12595=CARTESIAN_POINT('',(8.73095319148874,4.85008871629097,-6.37806558014032));
#12596=CARTESIAN_POINT('Origin',(9.15900237425575,4.85008871629097,-6.37806558014032));
#12597=CARTESIAN_POINT('',(26.5719509736952,4.85008871629097,-7.987262918788));
#12598=CARTESIAN_POINT('Origin',(27.0000001564622,4.85008871629097,-7.987262918788));
#12599=CARTESIAN_POINT('',(25.2309531914887,4.85008871629097,-6.37806558014032));
#12600=CARTESIAN_POINT('Origin',(25.6590023742558,4.85008871629097,-6.37806558014032));
#12601=CARTESIAN_POINT('',(28.5238477455735,4.85008871629097,-6.60156521050801));
#12602=CARTESIAN_POINT('Origin',(28.9518969283405,4.85008871629097,-6.60156521050801));
#12603=CARTESIAN_POINT('',(10.0719509736952,4.85008871629097,-7.987262918788));
#12604=CARTESIAN_POINT('Origin',(10.5000001564622,4.85008871629097,-7.987262918788));
#12605=CARTESIAN_POINT('',(-8.96104483713922,4.85008871629097,-9.01536121847966));
#12606=CARTESIAN_POINT('Origin',(-8.53299565437221,4.85008871629097,-9.01536121847966));
#12607=CARTESIAN_POINT('',(-6.42804902630482,4.85008871629097,-7.987262918788));
#12608=CARTESIAN_POINT('Origin',(-5.99999984353781,4.85008871629097,-7.987262918788));
#12609=CARTESIAN_POINT('',(-4.47615225442653,4.85008871629097,-6.60156521050801));
#12610=CARTESIAN_POINT('Origin',(-4.04810307165952,4.85008871629097,-6.60156521050801));
#12611=CARTESIAN_POINT('',(9.90805124475885,4.85008871629097,-10.4904587789067));
#12612=CARTESIAN_POINT('Origin',(10.3361004275259,4.85008871629097,-10.4904587789067));
#12613=CARTESIAN_POINT('',(12.0238477455735,4.85008871629097,-6.60156521050801));
#12614=CARTESIAN_POINT('Origin',(12.4518969283405,4.85008871629097,-6.60156521050801));
#12615=CARTESIAN_POINT('',(26.4080512447588,4.85008871629097,-10.4904587789067));
#12616=CARTESIAN_POINT('Origin',(26.8361004275259,4.85008871629097,-10.4904587789067));
#12617=CARTESIAN_POINT('',(24.0389551628608,4.85008871629097,-9.01536121847966));
#12618=CARTESIAN_POINT('Origin',(24.4670043456278,4.85008871629097,-9.01536121847966));
#12619=CARTESIAN_POINT('',(28.7175474252255,4.85008871629097,-9.23886084884738));
#12620=CARTESIAN_POINT('Origin',(29.1455966079925,4.85008871629097,-9.23886084884738));
#12621=CARTESIAN_POINT('',(7.53895516286078,4.85008871629097,-9.01536121847966));
#12622=CARTESIAN_POINT('Origin',(7.96700434562779,4.85008871629097,-9.01536121847966));
#12623=CARTESIAN_POINT('',(-7.76904680851126,4.85008871629097,-6.37806558014032));
#12624=CARTESIAN_POINT('Origin',(-7.34099762574425,4.85008871629097,-6.37806558014032));
#12625=CARTESIAN_POINT('',(-6.59194875524116,4.85008871629097,-10.4904587789067));
#12626=CARTESIAN_POINT('Origin',(-6.16389957247415,4.85008871629097,-10.4904587789067));
#12627=CARTESIAN_POINT('Origin',(10.5000001564598,4.85008871629097,-16.4055494855492));
#12628=CARTESIAN_POINT('',(37.1503164130542,4.85008871629097,-22.3711272648408));
#12629=CARTESIAN_POINT('',(37.1503164130541,4.85008871629097,-18.7486690497269));
#12630=CARTESIAN_POINT('',(37.1503164130542,4.85008871629097,-24.1387485949368));
#12631=CARTESIAN_POINT('Origin',(39.1619862644306,4.85008871629097,-23.2549379298888));
#12632=CARTESIAN_POINT('',(37.1503164130541,4.85008871629097,-18.7486690497269));
#12633=CARTESIAN_POINT('Origin',(-3.85440339200748,7.85008871629097,-9.23886084884738));
#12634=CARTESIAN_POINT('',(-4.28245257477449,-1.14991128370903,-9.23886084884738));
#12635=CARTESIAN_POINT('Origin',(-3.85440339200748,-1.14991128370903,-9.23886084884738));
#12636=CARTESIAN_POINT('',(-4.28245257477449,7.85008871629097,-9.23886084884738));
#12637=CARTESIAN_POINT('Origin',(12.6455966079925,7.85008871629097,-9.23886084884738));
#12638=CARTESIAN_POINT('',(12.2175474252255,-1.14991128370903,-9.23886084884738));
#12639=CARTESIAN_POINT('Origin',(12.6455966079925,-1.14991128370903,-9.23886084884738));
#12640=CARTESIAN_POINT('',(12.2175474252255,7.85008871629097,-9.23886084884738));
#12641=CARTESIAN_POINT('Origin',(9.15900237425575,7.85008871629097,-6.37806558014032));
#12642=CARTESIAN_POINT('',(8.73095319148874,-1.14991128370903,-6.37806558014031));
#12643=CARTESIAN_POINT('Origin',(9.15900237425575,-1.14991128370903,-6.37806558014031));
#12644=CARTESIAN_POINT('',(8.73095319148874,7.85008871629097,-6.37806558014032));
#12645=CARTESIAN_POINT('Origin',(27.0000001564622,7.85008871629097,-7.987262918788));
#12646=CARTESIAN_POINT('',(26.5719509736952,-1.14991128370903,-7.987262918788));
#12647=CARTESIAN_POINT('Origin',(27.0000001564622,-1.14991128370903,-7.987262918788));
#12648=CARTESIAN_POINT('',(26.5719509736952,7.85008871629097,-7.987262918788));
#12649=CARTESIAN_POINT('Origin',(29.1455966079925,7.85008871629097,-26.3388608488474));
#12650=CARTESIAN_POINT('',(28.7175474252255,-1.14991128370903,-26.3388608488474));
#12651=CARTESIAN_POINT('Origin',(29.1455966079925,-1.14991128370903,-26.3388608488474));
#12652=CARTESIAN_POINT('',(28.7175474252255,7.85008871629097,-26.3388608488474));
#12653=CARTESIAN_POINT('Origin',(24.4670043456278,7.85008871629097,-26.1153612184797));
#12654=CARTESIAN_POINT('',(24.0389551628608,-1.14991128370903,-26.1153612184797));
#12655=CARTESIAN_POINT('Origin',(24.4670043456278,-1.14991128370903,-26.1153612184797));
#12656=CARTESIAN_POINT('',(24.0389551628608,7.85008871629097,-26.1153612184797));
#12657=CARTESIAN_POINT('Origin',(-7.34099762574425,7.85008871629097,-23.4780655801403));
#12658=CARTESIAN_POINT('',(-7.76904680851126,-1.14991128370903,-23.4780655801403));
#12659=CARTESIAN_POINT('Origin',(-7.34099762574425,-1.14991128370903,-23.4780655801403));
#12660=CARTESIAN_POINT('',(-7.76904680851126,7.85008871629097,-23.4780655801403));
#12661=CARTESIAN_POINT('Origin',(12.4518969283405,7.85008871629097,-23.701565210508));
#12662=CARTESIAN_POINT('',(12.0238477455735,-1.14991128370903,-23.701565210508));
#12663=CARTESIAN_POINT('Origin',(12.4518969283405,-1.14991128370903,-23.701565210508));
#12664=CARTESIAN_POINT('',(12.0238477455735,7.85008871629097,-23.701565210508));
#12665=CARTESIAN_POINT('Origin',(7.96700434562779,7.85008871629097,-26.1153612184797));
#12666=CARTESIAN_POINT('',(7.53895516286078,-1.14991128370903,-26.1153612184797));
#12667=CARTESIAN_POINT('Origin',(7.96700434562779,-1.14991128370903,-26.1153612184797));
#12668=CARTESIAN_POINT('',(7.53895516286078,7.85008871629097,-26.1153612184797));
#12669=CARTESIAN_POINT('Origin',(10.3361004275259,7.85008871629097,-27.5904587789067));
#12670=CARTESIAN_POINT('',(9.90805124475885,-1.14991128370903,-27.5904587789067));
#12671=CARTESIAN_POINT('Origin',(10.3361004275259,-1.14991128370903,-27.5904587789067));
#12672=CARTESIAN_POINT('',(9.90805124475885,7.85008871629097,-27.5904587789067));
#12673=CARTESIAN_POINT('Origin',(-6.16389957247415,7.85008871629097,-27.5904587789067));
#12674=CARTESIAN_POINT('',(-6.59194875524116,-1.14991128370903,-27.5904587789067));
#12675=CARTESIAN_POINT('Origin',(-6.16389957247415,-1.14991128370903,-27.5904587789067));
#12676=CARTESIAN_POINT('',(-6.59194875524116,7.85008871629097,-27.5904587789067));
#12677=CARTESIAN_POINT('Origin',(-4.04810307165952,7.85008871629097,-23.701565210508));
#12678=CARTESIAN_POINT('',(-4.47615225442653,-1.14991128370903,-23.701565210508));
#12679=CARTESIAN_POINT('Origin',(-4.04810307165952,-1.14991128370903,-23.701565210508));
#12680=CARTESIAN_POINT('',(-4.47615225442653,7.85008871629097,-23.701565210508));
#12681=CARTESIAN_POINT('Origin',(27.0000001564622,7.85008871629097,-25.087262918788));
#12682=CARTESIAN_POINT('',(26.5719509736952,-1.14991128370903,-25.087262918788));
#12683=CARTESIAN_POINT('Origin',(27.0000001564622,-1.14991128370903,-25.087262918788));
#12684=CARTESIAN_POINT('',(26.5719509736952,7.85008871629097,-25.087262918788));
#12685=CARTESIAN_POINT('Origin',(25.6590023742558,7.85008871629097,-6.37806558014032));
#12686=CARTESIAN_POINT('',(25.2309531914887,-1.14991128370903,-6.37806558014031));
#12687=CARTESIAN_POINT('Origin',(25.6590023742558,-1.14991128370903,-6.37806558014031));
#12688=CARTESIAN_POINT('',(25.2309531914887,7.85008871629097,-6.37806558014032));
#12689=CARTESIAN_POINT('Origin',(28.9518969283405,7.85008871629097,-6.60156521050801));
#12690=CARTESIAN_POINT('',(28.5238477455735,-1.14991128370903,-6.60156521050801));
#12691=CARTESIAN_POINT('Origin',(28.9518969283405,-1.14991128370903,-6.60156521050801));
#12692=CARTESIAN_POINT('',(28.5238477455735,7.85008871629097,-6.60156521050801));
#12693=CARTESIAN_POINT('Origin',(10.5000001564622,7.85008871629097,-7.987262918788));
#12694=CARTESIAN_POINT('',(10.0719509736952,-1.14991128370903,-7.987262918788));
#12695=CARTESIAN_POINT('Origin',(10.5000001564622,-1.14991128370903,-7.987262918788));
#12696=CARTESIAN_POINT('',(10.0719509736952,7.85008871629097,-7.987262918788));
#12697=CARTESIAN_POINT('Origin',(-8.53299565437221,7.85008871629097,-9.01536121847966));
#12698=CARTESIAN_POINT('',(-8.96104483713922,-1.14991128370903,-9.01536121847966));
#12699=CARTESIAN_POINT('Origin',(-8.53299565437221,-1.14991128370903,-9.01536121847966));
#12700=CARTESIAN_POINT('',(-8.96104483713922,7.85008871629097,-9.01536121847966));
#12701=CARTESIAN_POINT('Origin',(-5.99999984353781,7.85008871629097,-7.987262918788));
#12702=CARTESIAN_POINT('',(-6.42804902630482,-1.14991128370903,-7.987262918788));
#12703=CARTESIAN_POINT('Origin',(-5.99999984353781,-1.14991128370903,-7.987262918788));
#12704=CARTESIAN_POINT('',(-6.42804902630482,7.85008871629097,-7.987262918788));
#12705=CARTESIAN_POINT('Origin',(-4.04810307165952,7.85008871629097,-6.60156521050801));
#12706=CARTESIAN_POINT('',(-4.47615225442653,-1.14991128370903,-6.60156521050801));
#12707=CARTESIAN_POINT('Origin',(-4.04810307165952,-1.14991128370903,-6.60156521050801));
#12708=CARTESIAN_POINT('',(-4.47615225442653,7.85008871629097,-6.60156521050801));
#12709=CARTESIAN_POINT('Origin',(10.3361004275259,7.85008871629097,-10.4904587789067));
#12710=CARTESIAN_POINT('',(9.90805124475885,-1.14991128370903,-10.4904587789067));
#12711=CARTESIAN_POINT('Origin',(10.3361004275259,-1.14991128370903,-10.4904587789067));
#12712=CARTESIAN_POINT('',(9.90805124475885,7.85008871629097,-10.4904587789067));
#12713=CARTESIAN_POINT('Origin',(12.4518969283405,7.85008871629097,-6.60156521050801));
#12714=CARTESIAN_POINT('',(12.0238477455735,-1.14991128370903,-6.60156521050801));
#12715=CARTESIAN_POINT('Origin',(12.4518969283405,-1.14991128370903,-6.60156521050801));
#12716=CARTESIAN_POINT('',(12.0238477455735,7.85008871629097,-6.60156521050801));
#12717=CARTESIAN_POINT('Origin',(26.8361004275259,7.85008871629097,-10.4904587789067));
#12718=CARTESIAN_POINT('',(26.4080512447588,-1.14991128370903,-10.4904587789067));
#12719=CARTESIAN_POINT('Origin',(26.8361004275259,-1.14991128370903,-10.4904587789067));
#12720=CARTESIAN_POINT('',(26.4080512447588,7.85008871629097,-10.4904587789067));
#12721=CARTESIAN_POINT('Origin',(28.9518969283405,7.85008871629097,-23.701565210508));
#12722=CARTESIAN_POINT('',(28.5238477455735,-1.14991128370903,-23.701565210508));
#12723=CARTESIAN_POINT('Origin',(28.9518969283405,-1.14991128370903,-23.701565210508));
#12724=CARTESIAN_POINT('',(28.5238477455735,7.85008871629097,-23.701565210508));
#12725=CARTESIAN_POINT('Origin',(26.8361004275259,7.85008871629097,-27.5904587789067));
#12726=CARTESIAN_POINT('',(26.4080512447588,-1.14991128370903,-27.5904587789067));
#12727=CARTESIAN_POINT('Origin',(26.8361004275259,-1.14991128370903,-27.5904587789067));
#12728=CARTESIAN_POINT('',(26.4080512447588,7.85008871629097,-27.5904587789067));
#12729=CARTESIAN_POINT('Origin',(-5.99999984353781,7.85008871629097,-25.087262918788));
#12730=CARTESIAN_POINT('',(-6.42804902630482,-1.14991128370903,-25.087262918788));
#12731=CARTESIAN_POINT('Origin',(-5.99999984353781,-1.14991128370903,-25.087262918788));
#12732=CARTESIAN_POINT('',(-6.42804902630482,7.85008871629097,-25.087262918788));
#12733=CARTESIAN_POINT('Origin',(10.5000001564622,7.85008871629097,-25.087262918788));
#12734=CARTESIAN_POINT('',(10.0719509736952,-1.14991128370903,-25.087262918788));
#12735=CARTESIAN_POINT('Origin',(10.5000001564622,-1.14991128370903,-25.087262918788));
#12736=CARTESIAN_POINT('',(10.0719509736952,7.85008871629097,-25.087262918788));
#12737=CARTESIAN_POINT('Origin',(9.15900237425575,7.85008871629097,-23.4780655801403));
#12738=CARTESIAN_POINT('',(8.73095319148874,-1.14991128370903,-23.4780655801403));
#12739=CARTESIAN_POINT('Origin',(9.15900237425575,-1.14991128370903,-23.4780655801403));
#12740=CARTESIAN_POINT('',(8.73095319148874,7.85008871629097,-23.4780655801403));
#12741=CARTESIAN_POINT('Origin',(12.6455966079925,7.85008871629097,-26.3388608488474));
#12742=CARTESIAN_POINT('',(12.2175474252255,-1.14991128370903,-26.3388608488474));
#12743=CARTESIAN_POINT('Origin',(12.6455966079925,-1.14991128370903,-26.3388608488474));
#12744=CARTESIAN_POINT('',(12.2175474252255,7.85008871629097,-26.3388608488474));
#12745=CARTESIAN_POINT('Origin',(-8.53299565437221,7.85008871629097,-26.1153612184797));
#12746=CARTESIAN_POINT('',(-8.96104483713922,-1.14991128370903,-26.1153612184797));
#12747=CARTESIAN_POINT('Origin',(-8.53299565437221,-1.14991128370903,-26.1153612184797));
#12748=CARTESIAN_POINT('',(-8.96104483713922,7.85008871629097,-26.1153612184797));
#12749=CARTESIAN_POINT('Origin',(-3.85440339200748,7.85008871629097,-26.3388608488474));
#12750=CARTESIAN_POINT('',(-4.28245257477449,-1.14991128370903,-26.3388608488474));
#12751=CARTESIAN_POINT('Origin',(-3.85440339200748,-1.14991128370903,-26.3388608488474));
#12752=CARTESIAN_POINT('',(-4.28245257477449,7.85008871629097,-26.3388608488474));
#12753=CARTESIAN_POINT('Origin',(25.6590023742558,7.85008871629097,-23.4780655801403));
#12754=CARTESIAN_POINT('',(25.2309531914887,-1.14991128370903,-23.4780655801403));
#12755=CARTESIAN_POINT('Origin',(25.6590023742558,-1.14991128370903,-23.4780655801403));
#12756=CARTESIAN_POINT('',(25.2309531914887,7.85008871629097,-23.4780655801403));
#12757=CARTESIAN_POINT('Origin',(24.4670043456278,7.85008871629097,-9.01536121847966));
#12758=CARTESIAN_POINT('',(24.0389551628608,-1.14991128370903,-9.01536121847966));
#12759=CARTESIAN_POINT('Origin',(24.4670043456278,-1.14991128370903,-9.01536121847966));
#12760=CARTESIAN_POINT('',(24.0389551628608,7.85008871629097,-9.01536121847966));
#12761=CARTESIAN_POINT('Origin',(29.1455966079925,7.85008871629097,-9.23886084884738));
#12762=CARTESIAN_POINT('',(28.7175474252255,-1.14991128370903,-9.23886084884738));
#12763=CARTESIAN_POINT('Origin',(29.1455966079925,-1.14991128370903,-9.23886084884738));
#12764=CARTESIAN_POINT('',(28.7175474252255,7.85008871629097,-9.23886084884738));
#12765=CARTESIAN_POINT('Origin',(7.96700434562779,7.85008871629097,-9.01536121847966));
#12766=CARTESIAN_POINT('',(7.53895516286078,-1.14991128370903,-9.01536121847966));
#12767=CARTESIAN_POINT('Origin',(7.96700434562779,-1.14991128370903,-9.01536121847966));
#12768=CARTESIAN_POINT('',(7.53895516286078,7.85008871629097,-9.01536121847966));
#12769=CARTESIAN_POINT('Origin',(-7.34099762574425,7.85008871629097,-6.37806558014032));
#12770=CARTESIAN_POINT('',(-7.76904680851126,-1.14991128370903,-6.37806558014031));
#12771=CARTESIAN_POINT('Origin',(-7.34099762574425,-1.14991128370903,-6.37806558014031));
#12772=CARTESIAN_POINT('',(-7.76904680851126,7.85008871629097,-6.37806558014032));
#12773=CARTESIAN_POINT('Origin',(-6.16389957247415,7.85008871629097,-10.4904587789067));
#12774=CARTESIAN_POINT('',(-6.59194875524116,-1.14991128370903,-10.4904587789067));
#12775=CARTESIAN_POINT('Origin',(-6.16389957247415,-1.14991128370903,-10.4904587789067));
#12776=CARTESIAN_POINT('',(-6.59194875524116,7.85008871629097,-10.4904587789067));
#12777=CARTESIAN_POINT('Origin',(10.5000001564655,9.35008871629097,-16.4055494855492));
#12778=CARTESIAN_POINT('',(15.0000002235174,9.35008871629097,-16.0499113015904));
#12779=CARTESIAN_POINT('',(15.0000002235174,9.35008871629097,-16.6499113284125));
#12780=CARTESIAN_POINT('',(15.0000002235174,9.35008871629097,-16.2277303935698));
#12781=CARTESIAN_POINT('',(15.6000002235174,9.35008871629097,-15.4499113015904));
#12782=CARTESIAN_POINT('Origin',(15.6000002235174,9.35008871629097,-16.0499113015904));
#12783=CARTESIAN_POINT('',(21.6000003308058,9.35008871629097,-15.4499113015904));
#12784=CARTESIAN_POINT('',(16.0500002436357,9.35008871629097,-15.4499113015904));
#12785=CARTESIAN_POINT('',(22.2000003308058,9.35008871629097,-16.0499113015904));
#12786=CARTESIAN_POINT('Origin',(21.6000003308058,9.35008871629097,-16.0499113015904));
#12787=CARTESIAN_POINT('',(22.2000003308058,9.35008871629097,-16.6499113284125));
#12788=CARTESIAN_POINT('',(22.2000003308058,9.35008871629097,-16.5277304069808));
#12789=CARTESIAN_POINT('',(21.6000003308058,9.35008871629097,-17.2499113284125));
#12790=CARTESIAN_POINT('Origin',(21.6000003308058,9.35008871629097,-16.6499113284125));
#12791=CARTESIAN_POINT('',(15.6000002235174,9.35008871629097,-17.2499113284125));
#12792=CARTESIAN_POINT('',(13.0500001899915,9.35008871629097,-17.2499113284125));
#12793=CARTESIAN_POINT('Origin',(15.6000002235174,9.35008871629097,-16.6499113284125));
#12794=CARTESIAN_POINT('Origin',(10.5000001564655,9.35008871629097,-16.4055494855492));
#12795=CARTESIAN_POINT('',(4.50000033080578,9.35008871629097,-15.4499113015904));
#12796=CARTESIAN_POINT('',(-1.49999977648258,9.35008871629097,-15.4499113015904));
#12797=CARTESIAN_POINT('',(7.50000024363565,9.35008871629097,-15.4499113015904));
#12798=CARTESIAN_POINT('',(5.10000033080578,9.35008871629097,-16.0499113015904));
#12799=CARTESIAN_POINT('Origin',(4.50000033080578,9.35008871629097,-16.0499113015904));
#12800=CARTESIAN_POINT('',(5.10000033080578,9.35008871629097,-16.6499113284125));
#12801=CARTESIAN_POINT('',(5.10000033080578,9.35008871629097,-16.5277304069809));
#12802=CARTESIAN_POINT('',(4.50000033080578,9.35008871629097,-17.2499113284125));
#12803=CARTESIAN_POINT('Origin',(4.50000033080577,9.35008871629097,-16.6499113284125));
#12804=CARTESIAN_POINT('',(-1.49999977648258,9.35008871629097,-17.2499113284125));
#12805=CARTESIAN_POINT('',(4.50000018999147,9.35008871629097,-17.2499113284125));
#12806=CARTESIAN_POINT('',(-2.09999977648258,9.35008871629097,-16.6499113284125));
#12807=CARTESIAN_POINT('Origin',(-1.49999977648258,9.35008871629097,-16.6499113284125));
#12808=CARTESIAN_POINT('',(-2.09999977648258,9.35008871629097,-16.0499113015904));
#12809=CARTESIAN_POINT('',(-2.09999977648258,9.35008871629097,-16.2277303935698));
#12810=CARTESIAN_POINT('Origin',(-1.49999977648258,9.35008871629097,-16.0499113015904));
#12811=CARTESIAN_POINT('Origin',(10.5000001564655,9.35008871629097,-16.4055494855492));
#12812=CARTESIAN_POINT('',(38.6463885722261,9.35008871629097,-25.3908442720261));
#12813=CARTESIAN_POINT('Origin',(39.1619862644306,9.35008871629097,-23.2549379298888));
#12814=CARTESIAN_POINT('Origin',(26.6503164130585,9.35008871629097,-25.0838381609727));
#12815=CARTESIAN_POINT('Origin',(39.1619862644306,7.85008871629097,-23.2549379298888));
#12816=CARTESIAN_POINT('',(38.6463885722261,4.85008871629097,-25.3908442720261));
#12817=CARTESIAN_POINT('Origin',(39.1619862644306,4.85008871629097,-23.2549379298888));
#12818=CARTESIAN_POINT('Origin',(39.1619862644306,4.85008871629097,-23.2549379298888));
#12819=CARTESIAN_POINT('',(38.6463885722261,-1.14991128370903,-25.3908442720261));
#12820=CARTESIAN_POINT('Origin',(39.1619862644306,-1.14991128370903,-23.2549379298888));
#12821=CARTESIAN_POINT('',(38.6463885722261,7.85008871629097,-25.3908442720261));
#12822=CARTESIAN_POINT('Origin',(10.5000001564598,-1.14991128370903,-16.4055494855492));
#12823=CARTESIAN_POINT('',(37.6382547198312,-1.14991128370903,-29.9072406702728));
#12824=CARTESIAN_POINT('Origin',(37.0590303144316,-1.14991128370903,-32.2543162832411));
#12825=CARTESIAN_POINT('',(38.6463608189944,-1.14991128370903,-25.3919268024309));
#12826=CARTESIAN_POINT('Origin',(38.7318101348063,-1.14991128370903,-27.7811982702288));
#12827=CARTESIAN_POINT('Origin',(26.6503164130585,-1.14991128370903,-25.0838381609727));
#12828=CARTESIAN_POINT('',(38.6503164130543,-1.14991128370903,-16.7917886139053));
#12829=CARTESIAN_POINT('',(38.6503164130538,-1.14991128370903,-7.61601343537346));
#12830=CARTESIAN_POINT('Origin',(39.1619862644306,-1.14991128370903,-14.6549379298888));
#12831=CARTESIAN_POINT('Origin',(39.1104959767278,-1.14991128370903,-6.1415676703606));
#12832=CARTESIAN_POINT('',(32.869817535319,-1.14991128370902,1.94255519309045));
#12833=CARTESIAN_POINT('Origin',(35.0352449651983,-1.14991128370902,1.41164930274764));
#12834=CARTESIAN_POINT('Origin',(31.0592727513973,-1.14991128370902,4.02092380943309));
#12835=CARTESIAN_POINT('',(19.4067256353334,-1.14991128370902,3.38286439028652));
#12836=CARTESIAN_POINT('Origin',(21.5067256353334,-1.14991128370902,5.07452393907226));
#12837=CARTESIAN_POINT('',(15.2067256353334,-1.14991128370902,3.38286439028652));
#12838=CARTESIAN_POINT('Origin',(17.3067256353334,-1.14991128370902,5.07452393907226));
#12839=CARTESIAN_POINT('',(11.0067256353334,-1.14991128370902,3.38286439028652));
#12840=CARTESIAN_POINT('Origin',(13.1067256353334,-1.14991128370902,5.07452393907226));
#12841=CARTESIAN_POINT('',(6.8067256353334,-1.14991128370902,3.38286439028651));
#12842=CARTESIAN_POINT('Origin',(8.90672563533341,-1.14991128370902,5.07452393907226));
#12843=CARTESIAN_POINT('',(2.45672563533341,-1.14991128370902,3.58818211129576));
#12844=CARTESIAN_POINT('Origin',(4.70672563533341,-1.14991128370902,5.07452393907226));
#12845=CARTESIAN_POINT('',(-2.0432743646666,-1.14991128370902,3.58818211129576));
#12846=CARTESIAN_POINT('Origin',(0.206725635333405,-1.14991128370902,5.07452393907226));
#12847=CARTESIAN_POINT('',(-6.83889259575734,-1.14991128370902,4.18483868543679));
#12848=CARTESIAN_POINT('Origin',(-4.2932743646666,-1.14991128370902,5.07452393907226));
#12849=CARTESIAN_POINT('',(-10.9127560578336,-1.14991128370902,2.85953121628166));
#12850=CARTESIAN_POINT('Origin',(-9.2992978149882,-1.14991128370902,4.82390037226712));
#12851=CARTESIAN_POINT('',(-13.6649764112147,-1.14991128370902,0.0927451153589942));
#12852=CARTESIAN_POINT('Origin',(-13.421497583451,-1.14991128370902,2.6028067761456));
#12853=CARTESIAN_POINT('',(-16.534559623673,-1.14991128370903,-2.56294153231214));
#12854=CARTESIAN_POINT('Origin',(-16.2051308358134,-1.14991128370902,-0.0407063211466485));
#12855=CARTESIAN_POINT('Origin',(-18.3183055660037,-1.14991128370903,-4.38963133451255));
#12856=CARTESIAN_POINT('',(-17.650316100135,-1.14991128370903,-11.6538422211314));
#12857=CARTESIAN_POINT('',(-17.6503161001343,-1.14991128370903,-25.0838685991719));
#12858=CARTESIAN_POINT('',(-17.6503161001338,-1.14991128370903,-16.0943399875636));
#12859=CARTESIAN_POINT('Origin',(-18.9721486416866,-1.14991128370903,-13.8740911043478));
#12860=CARTESIAN_POINT('',(-17.6503161001343,-1.14991128370903,-25.0838685991719));
#12861=CARTESIAN_POINT('',(-17.6503161001343,-1.14991128370903,-25.0838685991719));
#12862=CARTESIAN_POINT('Origin',(37.1503164130542,7.85008871629097,-21.0917886139053));
#12863=CARTESIAN_POINT('',(37.1503164130541,4.85008871629097,-18.7486690497269));
#12864=CARTESIAN_POINT('',(37.1503164130541,7.85008871629097,-18.7208499644532));
#12865=CARTESIAN_POINT('Origin',(-18.9721486416866,7.85008871629097,-23.4740911043478));
#12866=CARTESIAN_POINT('',(-15.2500347605768,7.85008871629097,-25.1546966164443));
#12867=CARTESIAN_POINT('',(-15.2500347605768,7.85008871629097,-25.1546966164443));
#12868=CARTESIAN_POINT('',(-15.667823198992,7.85008871629097,-21.0740911043478));
#12869=CARTESIAN_POINT('Origin',(-18.9721486416866,7.85008871629097,-23.4740911043478));
#12870=CARTESIAN_POINT('',(-15.667823198992,7.85008871629097,-21.0740911043478));
#12871=CARTESIAN_POINT('Origin',(-18.9721486416866,7.85008871629097,-18.6740911043478));
#12872=CARTESIAN_POINT('',(-15.667823198992,7.85008871629097,-16.2740911043478));
#12873=CARTESIAN_POINT('Origin',(-18.9721486416866,7.85008871629097,-18.6740911043478));
#12874=CARTESIAN_POINT('',(-15.667823198992,7.85008871629097,-16.2740911043478));
#12875=CARTESIAN_POINT('Origin',(-18.9721486416866,7.85008871629097,-13.8740911043478));
#12876=CARTESIAN_POINT('',(-15.667823198992,7.85008871629097,-11.4740911043478));
#12877=CARTESIAN_POINT('Origin',(-18.9721486416866,7.85008871629097,-13.8740911043478));
#12878=CARTESIAN_POINT('',(-15.667823198992,7.85008871629097,-11.4740911043478));
#12879=CARTESIAN_POINT('Origin',(25.7067256353334,7.85008871629098,5.07452393907226));
#12880=CARTESIAN_POINT('',(27.7140543017703,7.85008871629098,1.38912337874328));
#12881=CARTESIAN_POINT('',(27.7140543017703,7.85008871629098,1.38912337874328));
#12882=CARTESIAN_POINT('',(23.6067256353334,7.85008871629098,1.441130805213));
#12883=CARTESIAN_POINT('',(23.6067256353334,7.85008871629098,1.44113080521341));
#12884=CARTESIAN_POINT('Origin',(25.7067256353334,7.85008871629098,5.07452393907226));
#12885=CARTESIAN_POINT('Origin',(37.8140260590191,7.85008871629097,-1.99994313346934));
#12886=CARTESIAN_POINT('',(35.613618909089,7.85008871629097,-4.96356966382557));
#12887=CARTESIAN_POINT('',(35.613618909089,7.85008871629097,-4.96356966382557));
#12888=CARTESIAN_POINT('',(34.1285949975353,7.85008871629097,-2.20602983353893));
#12889=CARTESIAN_POINT('',(34.1285949975353,7.85008871629097,-2.20602983353893));
#12890=CARTESIAN_POINT('Origin',(37.8140260590191,7.85008871629097,-1.99994313346934));
#12891=CARTESIAN_POINT('Origin',(35.0352449651983,7.85008871629098,1.41164930274763));
#12892=CARTESIAN_POINT('',(31.6679296575786,7.85008871629097,-0.191723428736832));
#12893=CARTESIAN_POINT('',(31.6679296575803,7.85008871629097,-0.191723428736705));
#12894=CARTESIAN_POINT('Origin',(35.0352449651983,7.85008871629098,1.41164930274763));
#12895=CARTESIAN_POINT('Origin',(31.0592727513973,7.85008871629098,4.02092380943309));
#12896=CARTESIAN_POINT('Origin',(31.0592727513973,7.85008871629098,4.02092380943309));
#12897=CARTESIAN_POINT('Origin',(21.5067256353334,7.85008871629098,5.07452393907226));
#12898=CARTESIAN_POINT('',(19.4067256353334,7.85008871629098,1.44113080521299));
#12899=CARTESIAN_POINT('',(19.4067256353334,7.85008871629098,1.44113080521341));
#12900=CARTESIAN_POINT('Origin',(21.5067256353334,7.85008871629098,5.07452393907226));
#12901=CARTESIAN_POINT('Origin',(17.3067256353334,7.85008871629098,5.07452393907226));
#12902=CARTESIAN_POINT('',(15.2067256353334,7.85008871629098,1.44113080521299));
#12903=CARTESIAN_POINT('',(15.2067256353334,7.85008871629098,1.44113080521341));
#12904=CARTESIAN_POINT('Origin',(17.3067256353334,7.85008871629098,5.07452393907226));
#12905=CARTESIAN_POINT('Origin',(13.1067256353334,7.85008871629098,5.07452393907226));
#12906=CARTESIAN_POINT('',(11.0067256353334,7.85008871629098,1.441130805213));
#12907=CARTESIAN_POINT('',(11.0067256353334,7.85008871629098,1.44113080521341));
#12908=CARTESIAN_POINT('Origin',(13.1067256353334,7.85008871629098,5.07452393907226));
#12909=CARTESIAN_POINT('Origin',(8.90672563533341,7.85008871629098,5.07452393907226));
#12910=CARTESIAN_POINT('',(6.80672563533341,7.85008871629098,1.441130805213));
#12911=CARTESIAN_POINT('',(6.80672563533341,7.85008871629098,1.44113080521341));
#12912=CARTESIAN_POINT('Origin',(8.90672563533341,7.85008871629098,5.07452393907226));
#12913=CARTESIAN_POINT('Origin',(4.70672563533341,7.85008871629098,5.07452393907226));
#12914=CARTESIAN_POINT('',(2.45672563533341,7.85008871629098,1.53206071905534));
#12915=CARTESIAN_POINT('',(2.4567256353334,7.85008871629098,1.53206071905535));
#12916=CARTESIAN_POINT('Origin',(4.70672563533341,7.85008871629098,5.07452393907226));
#12917=CARTESIAN_POINT('Origin',(0.206725635333405,7.85008871629098,5.07452393907226));
#12918=CARTESIAN_POINT('',(-2.0432743646666,7.85008871629098,1.53206071905534));
#12919=CARTESIAN_POINT('',(-2.0432743646666,7.85008871629098,1.53206071905535));
#12920=CARTESIAN_POINT('Origin',(0.206725635333405,7.85008871629098,5.07452393907226));
#12921=CARTESIAN_POINT('Origin',(-4.2932743646666,7.85008871629098,5.07452393907226));
#12922=CARTESIAN_POINT('',(-6.75976519916611,7.85008871629098,1.67923770246385));
#12923=CARTESIAN_POINT('',(-6.75976519916611,7.85008871629098,1.67923770246385));
#12924=CARTESIAN_POINT('Origin',(-4.2932743646666,7.85008871629098,5.07452393907226));
#12925=CARTESIAN_POINT('Origin',(-9.2992978149882,7.85008871629098,4.82390037226711));
#12926=CARTESIAN_POINT('',(-9.81868384218339,7.85008871629097,0.815363560855908));
#12927=CARTESIAN_POINT('',(-9.81868384218345,7.85008871629097,0.815363560856655));
#12928=CARTESIAN_POINT('Origin',(-9.2992978149882,7.85008871629098,4.82390037226711));
#12929=CARTESIAN_POINT('Origin',(-13.421497583451,7.85008871629098,2.6028067761456));
#12930=CARTESIAN_POINT('',(-12.3544239028248,7.85008871629097,-1.27489536072152));
#12931=CARTESIAN_POINT('',(-12.354423902825,7.85008871629097,-1.27489536072154));
#12932=CARTESIAN_POINT('Origin',(-13.421497583451,7.85008871629098,2.6028067761456));
#12933=CARTESIAN_POINT('Origin',(-16.2051308358134,7.85008871629097,-0.0407063211466507));
#12934=CARTESIAN_POINT('',(-14.3375111331317,7.85008871629097,-3.62723153579756));
#12935=CARTESIAN_POINT('',(-14.3375111331317,7.85008871629097,-3.62723153579756));
#12936=CARTESIAN_POINT('Origin',(-16.2051308358134,7.85008871629097,-0.0407063211466507));
#12937=CARTESIAN_POINT('Origin',(-18.3183055660037,7.85008871629097,-4.38963133451255));
#12938=CARTESIAN_POINT('',(-15.3628125653973,7.85008871629097,-7.16326413162978));
#12939=CARTESIAN_POINT('',(-15.3628125654008,7.85008871629097,-7.1632641316313));
#12940=CARTESIAN_POINT('Origin',(-18.3183055660037,7.85008871629097,-4.38963133451255));
#12941=CARTESIAN_POINT('Origin',(-18.9721486416866,7.85008871629097,-9.07409110434784));
#12942=CARTESIAN_POINT('Origin',(-18.9721486416866,7.85008871629097,-9.07409110434784));
#12943=CARTESIAN_POINT('Origin',(-17.8774595088408,7.85008871629097,-28.1822095358482));
#12944=CARTESIAN_POINT('',(-13.9973516940937,7.85008871629097,-29.1891646643845));
#12945=CARTESIAN_POINT('',(-13.9973516940937,7.85008871629097,-29.1891646643845));
#12946=CARTESIAN_POINT('Origin',(-17.8774595088408,7.85008871629097,-28.1822095358482));
#12947=CARTESIAN_POINT('Origin',(-15.9125875713778,7.85008871629097,-32.6751853966668));
#12948=CARTESIAN_POINT('',(-12.0136161859057,7.85008871629097,-31.8887433156412));
#12949=CARTESIAN_POINT('',(-12.0136161859057,7.85008871629097,-31.8887433156412));
#12950=CARTESIAN_POINT('Origin',(-15.9125875713778,7.85008871629097,-32.6751853966668));
#12951=CARTESIAN_POINT('Origin',(-12.2212133897416,7.85008871629097,-35.8893154904666));
#12952=CARTESIAN_POINT('',(-9.08779317294748,7.85008871629097,-33.3934484928055));
#12953=CARTESIAN_POINT('',(-9.08779317294748,7.85008871629097,-33.3934484928055));
#12954=CARTESIAN_POINT('Origin',(-12.2212133897416,7.85008871629097,-35.8893154904666));
#12955=CARTESIAN_POINT('Origin',(-8.19152248129276,7.85008871629097,-37.2967750789324));
#12956=CARTESIAN_POINT('',(-5.3926213928922,7.85008871629097,-34.4322659956802));
#12957=CARTESIAN_POINT('',(-5.3926213928922,7.85008871629097,-34.4322659956802));
#12958=CARTESIAN_POINT('Origin',(-8.19152248129276,7.85008871629097,-37.2967750789324));
#12959=CARTESIAN_POINT('Origin',(-3.32940707402557,7.85008871629097,-37.8409179081562));
#12960=CARTESIAN_POINT('',(-1.00440707402558,7.85008871629097,-34.6051589267111));
#12961=CARTESIAN_POINT('',(-1.00440707402558,7.85008871629097,-34.6051589267111));
#12962=CARTESIAN_POINT('Origin',(-3.32940707402557,7.85008871629097,-37.8409179081562));
#12963=CARTESIAN_POINT('Origin',(1.32059292597442,7.85008871629097,-37.8409179081562));
#12964=CARTESIAN_POINT('',(3.64559292597442,7.85008871629097,-34.6051589267111));
#12965=CARTESIAN_POINT('',(3.64559292597442,7.85008871629097,-34.6051589267111));
#12966=CARTESIAN_POINT('Origin',(1.32059292597442,7.85008871629097,-37.8409179081562));
#12967=CARTESIAN_POINT('Origin',(5.97059292597443,7.85008871629097,-37.8409179081562));
#12968=CARTESIAN_POINT('',(8.29559292597443,7.85008871629097,-34.6051589267111));
#12969=CARTESIAN_POINT('',(8.29559292597443,7.85008871629097,-34.6051589267111));
#12970=CARTESIAN_POINT('Origin',(5.97059292597443,7.85008871629097,-37.8409179081562));
#12971=CARTESIAN_POINT('Origin',(10.6205929259744,7.85008871629097,-37.8409179081562));
#12972=CARTESIAN_POINT('',(12.9455929259744,7.85008871629097,-34.6051589267111));
#12973=CARTESIAN_POINT('',(12.9455929259744,7.85008871629097,-34.6051589267111));
#12974=CARTESIAN_POINT('Origin',(10.6205929259744,7.85008871629097,-37.8409179081562));
#12975=CARTESIAN_POINT('Origin',(15.2705929259744,7.85008871629097,-37.8409179081562));
#12976=CARTESIAN_POINT('',(17.5955929259744,7.85008871629097,-34.6051589267111));
#12977=CARTESIAN_POINT('',(17.5955929259744,7.85008871629097,-34.6051589267111));
#12978=CARTESIAN_POINT('Origin',(15.2705929259744,7.85008871629097,-37.8409179081562));
#12979=CARTESIAN_POINT('Origin',(19.9205929259744,7.85008871629097,-37.8409179081562));
#12980=CARTESIAN_POINT('',(22.2455929259744,7.85008871629097,-34.6051589267111));
#12981=CARTESIAN_POINT('',(22.2455929259744,7.85008871629097,-34.6051589267111));
#12982=CARTESIAN_POINT('Origin',(19.9205929259744,7.85008871629097,-37.8409179081562));
#12983=CARTESIAN_POINT('Origin',(24.5705929259744,7.85008871629097,-37.8409179081562));
#12984=CARTESIAN_POINT('Origin',(24.5705929259744,7.85008871629097,-37.8409179081562));
#12985=CARTESIAN_POINT('Origin',(39.1104959767278,7.85008871629097,-6.14156767036061));
#12986=CARTESIAN_POINT('Origin',(39.1104959767278,7.85008871629097,-6.14156767036061));
#12987=CARTESIAN_POINT('Origin',(10.5000001564655,4.85008871629097,-16.4055494855492));
#12988=CARTESIAN_POINT('Origin',(26.6503164130585,4.85008871629097,-25.0838381609727));
#12989=CARTESIAN_POINT('Origin',(-17.6503161001343,7.85008871629097,-21.2538422211314));
#12990=CARTESIAN_POINT('Origin',(-17.6503161001343,7.85008871629097,-16.4538422211314));
#12991=CARTESIAN_POINT('',(-17.6503161001338,7.85008871629097,-16.0943399875636));
#12992=CARTESIAN_POINT('Origin',(-18.9721486416866,7.85008871629097,-13.8740911043478));
#12993=CARTESIAN_POINT('',(-17.650316100135,7.85008871629097,-11.6538422211314));
#12994=CARTESIAN_POINT('Origin',(-17.6503161001343,7.85008871629097,-11.6538422211314));
#12995=CARTESIAN_POINT('Origin',(-18.3183055660037,7.85008871629097,-4.38963133451255));
#12996=CARTESIAN_POINT('',(-16.534559623673,7.85008871629097,-2.56294153231215));
#12997=CARTESIAN_POINT('Origin',(-16.2051308358134,7.85008871629097,-0.0407063211466507));
#12998=CARTESIAN_POINT('',(-13.6649764112147,7.85008871629097,0.092745115358992));
#12999=CARTESIAN_POINT('Origin',(-13.421497583451,7.85008871629098,2.6028067761456));
#13000=CARTESIAN_POINT('',(-10.9127560578336,7.85008871629098,2.85953121628166));
#13001=CARTESIAN_POINT('Origin',(-9.2992978149882,7.85008871629098,4.82390037226711));
#13002=CARTESIAN_POINT('',(-6.83889259575734,7.85008871629098,4.18483868543679));
#13003=CARTESIAN_POINT('Origin',(-4.2932743646666,7.85008871629098,5.07452393907226));
#13004=CARTESIAN_POINT('',(-2.0432743646666,7.85008871629098,3.58818211129575));
#13005=CARTESIAN_POINT('Origin',(0.206725635333405,7.85008871629098,5.07452393907226));
#13006=CARTESIAN_POINT('',(2.4567256353334,7.85008871629098,3.58818211129576));
#13007=CARTESIAN_POINT('Origin',(4.70672563533341,7.85008871629098,5.07452393907226));
#13008=CARTESIAN_POINT('',(6.80672563533341,7.85008871629098,3.38286439028651));
#13009=CARTESIAN_POINT('Origin',(8.90672563533341,7.85008871629098,5.07452393907226));
#13010=CARTESIAN_POINT('',(11.0067256353334,7.85008871629098,3.38286439028651));
#13011=CARTESIAN_POINT('Origin',(13.1067256353334,7.85008871629098,5.07452393907226));
#13012=CARTESIAN_POINT('',(15.2067256353334,7.85008871629098,3.38286439028651));
#13013=CARTESIAN_POINT('Origin',(17.3067256353334,7.85008871629098,5.07452393907226));
#13014=CARTESIAN_POINT('',(19.4067256353334,7.85008871629098,3.38286439028651));
#13015=CARTESIAN_POINT('Origin',(21.5067256353334,7.85008871629098,5.07452393907226));
#13016=CARTESIAN_POINT('Origin',(31.0592727513973,7.85008871629098,4.02092380943309));
#13017=CARTESIAN_POINT('',(32.869817535319,7.85008871629098,1.94255519309045));
#13018=CARTESIAN_POINT('Origin',(35.0352449651983,7.85008871629098,1.41164930274763));
#13019=CARTESIAN_POINT('Origin',(-1.49999977648258,7.85008871629097,-17.2499113284125));
#13020=CARTESIAN_POINT('',(4.50000033080578,7.85008871629097,-17.2499113284125));
#13021=CARTESIAN_POINT('',(-1.49999977648258,7.85008871629097,-17.2499113284125));
#13022=CARTESIAN_POINT('Origin',(4.50000033080577,7.85008871629097,-16.6499113284125));
#13023=CARTESIAN_POINT('',(5.10000033080578,7.85008871629097,-16.6499113284125));
#13024=CARTESIAN_POINT('Origin',(5.10000033080578,7.85008871629097,-16.6499113284125));
#13025=CARTESIAN_POINT('',(5.10000033080578,7.85008871629097,-16.0499113015904));
#13026=CARTESIAN_POINT('Origin',(4.50000033080578,7.85008871629097,-16.0499113015904));
#13027=CARTESIAN_POINT('',(4.50000033080578,7.85008871629097,-15.4499113015904));
#13028=CARTESIAN_POINT('Origin',(22.2000003308058,7.85008871629097,-16.6499113284125));
#13029=CARTESIAN_POINT('',(22.2000003308058,7.85008871629097,-16.0499113015904));
#13030=CARTESIAN_POINT('',(22.2000003308058,7.85008871629097,-16.6499113284125));
#13031=CARTESIAN_POINT('Origin',(21.6000003308058,7.85008871629097,-16.0499113015904));
#13032=CARTESIAN_POINT('',(21.6000003308058,7.85008871629097,-15.4499113015904));
#13033=CARTESIAN_POINT('Origin',(21.6000003308058,7.85008871629097,-15.4499113015904));
#13034=CARTESIAN_POINT('',(15.6000002235174,7.85008871629097,-15.4499113015904));
#13035=CARTESIAN_POINT('Origin',(15.6000002235174,7.85008871629097,-16.0499113015904));
#13036=CARTESIAN_POINT('',(15.0000002235174,7.85008871629097,-16.0499113015904));
#13037=CARTESIAN_POINT('Origin',(37.0590303144316,7.85008871629097,-32.2543162832411));
#13038=CARTESIAN_POINT('',(37.6382547198312,7.85008871629097,-29.9072406702728));
#13039=CARTESIAN_POINT('Origin',(38.7318101348063,7.85008871629097,-27.7811982702288));
#13040=CARTESIAN_POINT('',(38.6463608189944,7.85008871629097,-25.3919268024309));
#13041=CARTESIAN_POINT('Origin',(26.6503164130585,7.85008871629097,-25.0838381609727));
#13042=CARTESIAN_POINT('',(38.6463885722261,7.85008871629097,-25.3908442720261));
#13043=CARTESIAN_POINT('Origin',(39.1619862644306,7.85008871629097,-23.2549379298888));
#13044=CARTESIAN_POINT('Origin',(38.650316413054,7.85008871629097,-16.7917886139053));
#13045=CARTESIAN_POINT('',(38.6503164130543,7.85008871629097,-16.7917886139053));
#13046=CARTESIAN_POINT('Origin',(39.1619862644306,7.85008871629097,-14.6549379298888));
#13047=CARTESIAN_POINT('Origin',(39.1104959767278,7.85008871629097,-6.14156767036061));
#13048=CARTESIAN_POINT('Origin',(4.50000033080578,7.85008871629097,-15.4499113015904));
#13049=CARTESIAN_POINT('',(-1.49999977648258,7.85008871629097,-15.4499113015904));
#13050=CARTESIAN_POINT('Origin',(-1.49999977648258,7.85008871629097,-16.6499113284125));
#13051=CARTESIAN_POINT('',(-2.09999977648258,7.85008871629097,-16.6499113284125));
#13052=CARTESIAN_POINT('Origin',(-2.09999977648258,7.85008871629097,-16.0499113015904));
#13053=CARTESIAN_POINT('',(-2.09999977648258,7.85008871629097,-16.0499113015904));
#13054=CARTESIAN_POINT('Origin',(-1.49999977648258,7.85008871629097,-16.0499113015904));
#13055=CARTESIAN_POINT('Origin',(15.0000002235174,7.85008871629097,-16.0499113015904));
#13056=CARTESIAN_POINT('',(15.0000002235174,7.85008871629097,-16.6499113284125));
#13057=CARTESIAN_POINT('Origin',(21.6000003308058,7.85008871629097,-16.6499113284125));
#13058=CARTESIAN_POINT('',(21.6000003308058,7.85008871629097,-17.2499113284125));
#13059=CARTESIAN_POINT('Origin',(15.6000002235174,7.85008871629097,-17.2499113284125));
#13060=CARTESIAN_POINT('',(15.6000002235174,7.85008871629097,-17.2499113284125));
#13061=CARTESIAN_POINT('Origin',(15.6000002235174,7.85008871629097,-16.6499113284125));
#13062=CARTESIAN_POINT('Origin',(10.5000001564619,7.85008871629097,-16.3499113150018));
#13063=CARTESIAN_POINT('Origin',(-44.5688089188916,1.57489486085009,-34.8549379298888));
#13064=CARTESIAN_POINT('',(-44.5688089188916,1.57489486085009,-42.8049379298888));
#13065=CARTESIAN_POINT('',(-44.5688089188916,1.57489486085009,-26.9049379298888));
#13066=CARTESIAN_POINT('Origin',(-44.5688089188916,1.57489486085009,-34.8549379298888));
#13067=CARTESIAN_POINT('Origin',(-44.5688089188916,1.57489486085009,-34.8549379298888));
#13068=CARTESIAN_POINT('',(-44.5688089188916,0.082413705190163,-41.4549379298888));
#13069=CARTESIAN_POINT('Origin',(-44.5688089188916,1.57489486085009,-41.3049379298888));
#13070=CARTESIAN_POINT('',(-44.5688089188916,0.082413705190163,-28.2549379298888));
#13071=CARTESIAN_POINT('Origin',(-44.5688089188916,0.082413705190163,-34.8549379298888));
#13072=CARTESIAN_POINT('Origin',(-44.5688089188916,0.082413705190163,-34.8549379298888));
#13073=CARTESIAN_POINT('Origin',(-44.5688089188916,1.58241370519016,-34.8549379298888));
#13074=CARTESIAN_POINT('',(-44.5688089188916,1.58241370519016,-26.9049379298888));
#13075=CARTESIAN_POINT('',(-44.5688089188916,1.58241370519016,-26.9049379298888));
#13076=CARTESIAN_POINT('Origin',(-44.5688089188916,1.58241370519016,-34.8549379298888));
#13077=CARTESIAN_POINT('Origin',(-44.5688089188916,-28.4175862948098,-35.1237470052426));
#13078=CARTESIAN_POINT('',(-44.5688089188916,-28.4175862948098,-34.6956978224756));
#13079=CARTESIAN_POINT('Origin',(-44.5688089188916,-28.4175862948098,-35.1237470052426));
#13080=CARTESIAN_POINT('',(-44.5688089188916,-27.5175862948098,-34.6956978224756));
#13081=CARTESIAN_POINT('',(-44.5688089188916,-28.4175862948098,-34.6956978224756));
#13082=CARTESIAN_POINT('Origin',(-44.5688089188916,-27.5175862948098,-35.1237470052426));
#13083=CARTESIAN_POINT('Origin',(-43.1831112106116,-28.4175862948098,-37.0756437771209));
#13084=CARTESIAN_POINT('',(-43.1831112106116,-28.4175862948098,-36.6475945943539));
#13085=CARTESIAN_POINT('Origin',(-43.1831112106116,-28.4175862948098,-37.0756437771209));
#13086=CARTESIAN_POINT('',(-43.1831112106116,-27.5175862948098,-36.6475945943539));
#13087=CARTESIAN_POINT('',(-43.1831112106116,-28.4175862948098,-36.6475945943539));
#13088=CARTESIAN_POINT('Origin',(-43.1831112106116,-27.5175862948098,-37.0756437771209));
#13089=CARTESIAN_POINT('Origin',(-45.820406848951,-28.4175862948098,-37.2693434567729));
#13090=CARTESIAN_POINT('',(-45.820406848951,-28.4175862948098,-36.8412942740059));
#13091=CARTESIAN_POINT('Origin',(-45.820406848951,-28.4175862948098,-37.2693434567729));
#13092=CARTESIAN_POINT('',(-45.820406848951,-27.5175862948098,-36.8412942740059));
#13093=CARTESIAN_POINT('',(-45.820406848951,-28.4175862948098,-36.8412942740059));
#13094=CARTESIAN_POINT('Origin',(-45.820406848951,-27.5175862948098,-37.2693434567729));
#13095=CARTESIAN_POINT('Origin',(-45.5969072185833,-28.4175862948098,-32.5907511944082));
#13096=CARTESIAN_POINT('',(-45.5969072185833,-28.4175862948098,-32.1627020116412));
#13097=CARTESIAN_POINT('Origin',(-45.5969072185833,-28.4175862948098,-32.5907511944082));
#13098=CARTESIAN_POINT('',(-45.5969072185833,-27.5175862948098,-32.1627020116412));
#13099=CARTESIAN_POINT('',(-45.5969072185833,-28.4175862948098,-32.1627020116412));
#13100=CARTESIAN_POINT('Origin',(-45.5969072185833,-27.5175862948098,-32.5907511944082));
#13101=CARTESIAN_POINT('Origin',(-42.9596115802439,-28.4175862948098,-33.7827492230362));
#13102=CARTESIAN_POINT('',(-42.9596115802439,-28.4175862948098,-33.3547000402692));
#13103=CARTESIAN_POINT('Origin',(-42.9596115802439,-28.4175862948098,-33.7827492230362));
#13104=CARTESIAN_POINT('',(-42.9596115802439,-27.5175862948098,-33.3547000402692));
#13105=CARTESIAN_POINT('',(-42.9596115802439,-28.4175862948098,-33.3547000402692));
#13106=CARTESIAN_POINT('Origin',(-42.9596115802439,-27.5175862948098,-33.7827492230362));
#13107=CARTESIAN_POINT('Origin',(-47.0720047790104,-28.4175862948098,-34.9598472763063));
#13108=CARTESIAN_POINT('',(-47.0720047790104,-28.4175862948098,-34.5317980935393));
#13109=CARTESIAN_POINT('Origin',(-47.0720047790104,-28.4175862948098,-34.9598472763063));
#13110=CARTESIAN_POINT('',(-47.0720047790104,-27.5175862948098,-34.5317980935393));
#13111=CARTESIAN_POINT('',(-47.0720047790104,-28.4175862948098,-34.5317980935393));
#13112=CARTESIAN_POINT('Origin',(-47.0720047790104,-27.5175862948098,-34.9598472763063));
#13113=CARTESIAN_POINT('Origin',(-44.5688089188916,-28.4175862948098,-34.8549379298888));
#13114=CARTESIAN_POINT('',(-44.5688089188916,-27.5175862948098,-29.1549379298888));
#13115=CARTESIAN_POINT('Origin',(-44.5688089188916,-27.5175862948098,-34.8549379298888));
#13116=CARTESIAN_POINT('',(-44.5688089188916,1.58241370519018,-29.1549379298888));
#13117=CARTESIAN_POINT('',(-44.5688089188916,-28.4175862948098,-29.1549379298888));
#13118=CARTESIAN_POINT('Origin',(-44.5688089188916,1.58241370519018,-34.8549379298888));
#13119=CARTESIAN_POINT('Origin',(-44.5688089188916,-27.5175862948098,-34.8549379298888));
#13120=CARTESIAN_POINT('Origin',(-44.5688089188916,-28.4175862948098,-34.8549379298888));
#13121=CARTESIAN_POINT('',(-44.5688089188916,-28.4175862948098,-28.2549379298888));
#13122=CARTESIAN_POINT('',(-44.5688089188916,-28.4175862948098,-28.2549379298888));
#13123=CARTESIAN_POINT('Origin',(-44.5688089188916,-28.4175862948098,-34.8549379298888));
#13124=CARTESIAN_POINT('Origin',(-44.5688089188916,1.58241370519018,-34.8549379298888));
#13125=CARTESIAN_POINT('Origin',(-44.5688089188916,-28.4175862948098,-34.8549379298888));
#13126=CARTESIAN_POINT('Origin',(-62.2688089188917,1.5748948608501,-18.3549379298888));
#13127=CARTESIAN_POINT('',(-62.2688089188916,1.5748948608501,-26.3049379298888));
#13128=CARTESIAN_POINT('',(-62.2688089188917,1.5748948608501,-10.4049379298888));
#13129=CARTESIAN_POINT('Origin',(-62.2688089188917,1.5748948608501,-18.3549379298888));
#13130=CARTESIAN_POINT('Origin',(-62.2688089188917,1.5748948608501,-18.3549379298888));
#13131=CARTESIAN_POINT('',(-62.2688089188917,0.082413705190163,-24.9549379298888));
#13132=CARTESIAN_POINT('Origin',(-62.2688089188917,1.5748948608501,-24.8049379298888));
#13133=CARTESIAN_POINT('',(-62.2688089188917,0.082413705190163,-11.7549379298888));
#13134=CARTESIAN_POINT('Origin',(-62.2688089188917,0.082413705190163,-18.3549379298888));
#13135=CARTESIAN_POINT('Origin',(-62.2688089188917,0.082413705190163,-18.3549379298888));
#13136=CARTESIAN_POINT('Origin',(-62.2688089188917,1.58241370519016,-18.3549379298888));
#13137=CARTESIAN_POINT('',(-62.2688089188917,1.58241370519016,-10.4049379298888));
#13138=CARTESIAN_POINT('',(-62.2688089188917,1.58241370519016,-10.4049379298888));
#13139=CARTESIAN_POINT('Origin',(-62.2688089188917,1.58241370519016,-18.3549379298888));
#13140=CARTESIAN_POINT('Origin',(-62.920406848951,-28.4175862948098,-20.7693434567729));
#13141=CARTESIAN_POINT('',(-62.920406848951,-28.4175862948098,-20.3412942740059));
#13142=CARTESIAN_POINT('Origin',(-62.920406848951,-28.4175862948098,-20.7693434567729));
#13143=CARTESIAN_POINT('',(-62.920406848951,-27.5175862948098,-20.3412942740059));
#13144=CARTESIAN_POINT('',(-62.920406848951,-28.4175862948098,-20.3412942740059));
#13145=CARTESIAN_POINT('Origin',(-62.920406848951,-27.5175862948098,-20.7693434567729));
#13146=CARTESIAN_POINT('Origin',(-60.059611580244,-28.4175862948098,-17.2827492230362));
#13147=CARTESIAN_POINT('',(-60.059611580244,-28.4175862948098,-16.8547000402691));
#13148=CARTESIAN_POINT('Origin',(-60.059611580244,-28.4175862948098,-17.2827492230362));
#13149=CARTESIAN_POINT('',(-60.059611580244,-27.5175862948098,-16.8547000402691));
#13150=CARTESIAN_POINT('',(-60.059611580244,-28.4175862948098,-16.8547000402691));
#13151=CARTESIAN_POINT('Origin',(-60.059611580244,-27.5175862948098,-17.2827492230362));
#13152=CARTESIAN_POINT('Origin',(-64.1720047790104,-28.4175862948098,-18.4598472763062));
#13153=CARTESIAN_POINT('',(-64.1720047790104,-28.4175862948098,-18.0317980935392));
#13154=CARTESIAN_POINT('Origin',(-64.1720047790104,-28.4175862948098,-18.4598472763062));
#13155=CARTESIAN_POINT('',(-64.1720047790104,-27.5175862948098,-18.0317980935392));
#13156=CARTESIAN_POINT('',(-64.1720047790104,-28.4175862948098,-18.0317980935392));
#13157=CARTESIAN_POINT('Origin',(-64.1720047790104,-27.5175862948098,-18.4598472763062));
#13158=CARTESIAN_POINT('Origin',(-60.2831112106117,-28.4175862948098,-20.5756437771209));
#13159=CARTESIAN_POINT('',(-60.2831112106117,-28.4175862948098,-20.1475945943539));
#13160=CARTESIAN_POINT('Origin',(-60.2831112106117,-28.4175862948098,-20.5756437771209));
#13161=CARTESIAN_POINT('',(-60.2831112106117,-27.5175862948098,-20.1475945943539));
#13162=CARTESIAN_POINT('',(-60.2831112106117,-28.4175862948098,-20.1475945943539));
#13163=CARTESIAN_POINT('Origin',(-60.2831112106117,-27.5175862948098,-20.5756437771209));
#13164=CARTESIAN_POINT('Origin',(-61.6688089188916,-28.4175862948098,-18.6237470052426));
#13165=CARTESIAN_POINT('',(-61.6688089188916,-28.4175862948098,-18.1956978224756));
#13166=CARTESIAN_POINT('Origin',(-61.6688089188916,-28.4175862948098,-18.6237470052426));
#13167=CARTESIAN_POINT('',(-61.6688089188916,-27.5175862948098,-18.1956978224756));
#13168=CARTESIAN_POINT('',(-61.6688089188916,-28.4175862948098,-18.1956978224756));
#13169=CARTESIAN_POINT('Origin',(-61.6688089188916,-27.5175862948098,-18.6237470052426));
#13170=CARTESIAN_POINT('Origin',(-62.6969072185833,-28.4175862948098,-16.0907511944082));
#13171=CARTESIAN_POINT('',(-62.6969072185833,-28.4175862948098,-15.6627020116412));
#13172=CARTESIAN_POINT('Origin',(-62.6969072185833,-28.4175862948098,-16.0907511944082));
#13173=CARTESIAN_POINT('',(-62.6969072185833,-27.5175862948098,-15.6627020116412));
#13174=CARTESIAN_POINT('',(-62.6969072185833,-28.4175862948098,-15.6627020116412));
#13175=CARTESIAN_POINT('Origin',(-62.6969072185833,-27.5175862948098,-16.0907511944082));
#13176=CARTESIAN_POINT('Origin',(-62.2688089188916,-28.4175862948098,-18.3549379298888));
#13177=CARTESIAN_POINT('',(-62.2688089188917,-27.5175862948098,-12.6549379298888));
#13178=CARTESIAN_POINT('Origin',(-62.2688089188916,-27.5175862948098,-18.3549379298888));
#13179=CARTESIAN_POINT('',(-62.2688089188917,1.58241370519018,-12.6549379298888));
#13180=CARTESIAN_POINT('',(-62.2688089188916,-28.4175862948098,-12.6549379298888));
#13181=CARTESIAN_POINT('Origin',(-62.2688089188917,1.58241370519018,-18.3549379298888));
#13182=CARTESIAN_POINT('Origin',(-62.2688089188916,-27.5175862948098,-18.3549379298888));
#13183=CARTESIAN_POINT('Origin',(-62.2688089188916,-28.4175862948098,-18.3549379298888));
#13184=CARTESIAN_POINT('',(-62.2688089188916,-28.4175862948098,-11.7549379298888));
#13185=CARTESIAN_POINT('',(-62.2688089188916,-28.4175862948098,-11.7549379298888));
#13186=CARTESIAN_POINT('Origin',(-62.2688089188916,-28.4175862948098,-18.3549379298888));
#13187=CARTESIAN_POINT('Origin',(-62.2688089188917,1.58241370519018,-18.3549379298888));
#13188=CARTESIAN_POINT('Origin',(-62.2688089188916,-28.4175862948098,-18.3549379298888));
#13189=CARTESIAN_POINT('Origin',(-44.5688089188916,1.57489486085009,-18.3549379298888));
#13190=CARTESIAN_POINT('',(-44.5688089188916,1.57489486085009,-26.3049379298888));
#13191=CARTESIAN_POINT('',(-44.5688089188916,1.57489486085009,-10.4049379298888));
#13192=CARTESIAN_POINT('Origin',(-44.5688089188916,1.57489486085009,-18.3549379298888));
#13193=CARTESIAN_POINT('Origin',(-44.5688089188916,1.57489486085009,-18.3549379298888));
#13194=CARTESIAN_POINT('',(-44.5688089188916,0.082413705190163,-24.9549379298888));
#13195=CARTESIAN_POINT('Origin',(-44.5688089188916,1.57489486085009,-24.8049379298888));
#13196=CARTESIAN_POINT('',(-44.5688089188916,0.082413705190163,-11.7549379298888));
#13197=CARTESIAN_POINT('Origin',(-44.5688089188916,0.082413705190163,-18.3549379298888));
#13198=CARTESIAN_POINT('Origin',(-44.5688089188916,0.082413705190163,-18.3549379298888));
#13199=CARTESIAN_POINT('Origin',(-44.5688089188916,1.58241370519016,-18.3549379298888));
#13200=CARTESIAN_POINT('',(-44.5688089188916,1.58241370519016,-10.4049379298888));
#13201=CARTESIAN_POINT('',(-44.5688089188916,1.58241370519016,-10.4049379298888));
#13202=CARTESIAN_POINT('Origin',(-44.5688089188916,1.58241370519016,-18.3549379298888));
#13203=CARTESIAN_POINT('Origin',(-47.0720047790104,-28.4175862948098,-18.4598472763063));
#13204=CARTESIAN_POINT('',(-47.0720047790104,-28.4175862948098,-18.0317980935392));
#13205=CARTESIAN_POINT('Origin',(-47.0720047790104,-28.4175862948098,-18.4598472763063));
#13206=CARTESIAN_POINT('',(-47.0720047790104,-27.5175862948098,-18.0317980935392));
#13207=CARTESIAN_POINT('',(-47.0720047790104,-28.4175862948098,-18.0317980935392));
#13208=CARTESIAN_POINT('Origin',(-47.0720047790104,-27.5175862948098,-18.4598472763063));
#13209=CARTESIAN_POINT('Origin',(-45.5969072185833,-28.4175862948098,-16.0907511944082));
#13210=CARTESIAN_POINT('',(-45.5969072185833,-28.4175862948098,-15.6627020116412));
#13211=CARTESIAN_POINT('Origin',(-45.5969072185833,-28.4175862948098,-16.0907511944082));
#13212=CARTESIAN_POINT('',(-45.5969072185833,-27.5175862948098,-15.6627020116412));
#13213=CARTESIAN_POINT('',(-45.5969072185833,-28.4175862948098,-15.6627020116412));
#13214=CARTESIAN_POINT('Origin',(-45.5969072185833,-27.5175862948098,-16.0907511944082));
#13215=CARTESIAN_POINT('Origin',(-44.5688089188916,-28.4175862948098,-18.6237470052426));
#13216=CARTESIAN_POINT('',(-44.5688089188916,-28.4175862948098,-18.1956978224756));
#13217=CARTESIAN_POINT('Origin',(-44.5688089188916,-28.4175862948098,-18.6237470052426));
#13218=CARTESIAN_POINT('',(-44.5688089188916,-27.5175862948098,-18.1956978224756));
#13219=CARTESIAN_POINT('',(-44.5688089188916,-28.4175862948098,-18.1956978224756));
#13220=CARTESIAN_POINT('Origin',(-44.5688089188916,-27.5175862948098,-18.6237470052426));
#13221=CARTESIAN_POINT('Origin',(-45.820406848951,-28.4175862948098,-20.7693434567729));
#13222=CARTESIAN_POINT('',(-45.820406848951,-28.4175862948098,-20.3412942740059));
#13223=CARTESIAN_POINT('Origin',(-45.820406848951,-28.4175862948098,-20.7693434567729));
#13224=CARTESIAN_POINT('',(-45.820406848951,-27.5175862948098,-20.3412942740059));
#13225=CARTESIAN_POINT('',(-45.820406848951,-28.4175862948098,-20.3412942740059));
#13226=CARTESIAN_POINT('Origin',(-45.820406848951,-27.5175862948098,-20.7693434567729));
#13227=CARTESIAN_POINT('Origin',(-42.959611580244,-28.4175862948098,-17.2827492230361));
#13228=CARTESIAN_POINT('',(-42.959611580244,-28.4175862948098,-16.8547000402691));
#13229=CARTESIAN_POINT('Origin',(-42.959611580244,-28.4175862948098,-17.2827492230361));
#13230=CARTESIAN_POINT('',(-42.959611580244,-27.5175862948098,-16.8547000402691));
#13231=CARTESIAN_POINT('',(-42.959611580244,-28.4175862948098,-16.8547000402691));
#13232=CARTESIAN_POINT('Origin',(-42.959611580244,-27.5175862948098,-17.2827492230361));
#13233=CARTESIAN_POINT('Origin',(-43.1831112106116,-28.4175862948098,-20.5756437771209));
#13234=CARTESIAN_POINT('',(-43.1831112106116,-28.4175862948098,-20.1475945943539));
#13235=CARTESIAN_POINT('Origin',(-43.1831112106116,-28.4175862948098,-20.5756437771209));
#13236=CARTESIAN_POINT('',(-43.1831112106116,-27.5175862948098,-20.1475945943539));
#13237=CARTESIAN_POINT('',(-43.1831112106116,-28.4175862948098,-20.1475945943539));
#13238=CARTESIAN_POINT('Origin',(-43.1831112106116,-27.5175862948098,-20.5756437771209));
#13239=CARTESIAN_POINT('Origin',(-44.5688089188916,-28.4175862948098,-18.3549379298888));
#13240=CARTESIAN_POINT('',(-44.5688089188916,-27.5175862948098,-12.6549379298888));
#13241=CARTESIAN_POINT('Origin',(-44.5688089188916,-27.5175862948098,-18.3549379298888));
#13242=CARTESIAN_POINT('',(-44.5688089188916,1.58241370519018,-12.6549379298888));
#13243=CARTESIAN_POINT('',(-44.5688089188916,-28.4175862948098,-12.6549379298888));
#13244=CARTESIAN_POINT('Origin',(-44.5688089188916,1.58241370519018,-18.3549379298888));
#13245=CARTESIAN_POINT('Origin',(-44.5688089188916,-27.5175862948098,-18.3549379298888));
#13246=CARTESIAN_POINT('Origin',(-44.5688089188916,-28.4175862948098,-18.3549379298888));
#13247=CARTESIAN_POINT('',(-44.5688089188916,-28.4175862948098,-11.7549379298888));
#13248=CARTESIAN_POINT('',(-44.5688089188916,-28.4175862948098,-11.7549379298888));
#13249=CARTESIAN_POINT('Origin',(-44.5688089188916,-28.4175862948098,-18.3549379298888));
#13250=CARTESIAN_POINT('Origin',(-44.5688089188916,1.58241370519018,-18.3549379298888));
#13251=CARTESIAN_POINT('Origin',(-44.5688089188916,-28.4175862948098,-18.3549379298888));
#13252=CARTESIAN_POINT('Origin',(-44.5688089188916,1.57489486085009,-51.3549379298888));
#13253=CARTESIAN_POINT('',(-44.5688089188916,1.57489486085009,-59.3049379298888));
#13254=CARTESIAN_POINT('',(-44.5688089188916,1.57489486085009,-43.4049379298888));
#13255=CARTESIAN_POINT('Origin',(-44.5688089188916,1.57489486085009,-51.3549379298888));
#13256=CARTESIAN_POINT('Origin',(-44.5688089188916,1.57489486085009,-51.3549379298888));
#13257=CARTESIAN_POINT('',(-44.5688089188916,0.082413705190163,-57.9549379298888));
#13258=CARTESIAN_POINT('Origin',(-44.5688089188916,1.57489486085009,-57.8049379298888));
#13259=CARTESIAN_POINT('',(-44.5688089188916,0.082413705190163,-44.7549379298888));
#13260=CARTESIAN_POINT('Origin',(-44.5688089188916,0.082413705190163,-51.3549379298888));
#13261=CARTESIAN_POINT('Origin',(-44.5688089188916,0.082413705190163,-51.3549379298888));
#13262=CARTESIAN_POINT('Origin',(-44.5688089188916,1.58241370519016,-51.3549379298888));
#13263=CARTESIAN_POINT('',(-44.5688089188916,1.58241370519016,-43.4049379298888));
#13264=CARTESIAN_POINT('',(-44.5688089188916,1.58241370519016,-43.4049379298888));
#13265=CARTESIAN_POINT('Origin',(-44.5688089188916,1.58241370519016,-51.3549379298888));
#13266=CARTESIAN_POINT('Origin',(-45.5969072185833,-28.4175862948098,-49.0907511944082));
#13267=CARTESIAN_POINT('',(-45.5969072185833,-28.4175862948098,-48.6627020116412));
#13268=CARTESIAN_POINT('Origin',(-45.5969072185833,-28.4175862948098,-49.0907511944082));
#13269=CARTESIAN_POINT('',(-45.5969072185833,-27.5175862948098,-48.6627020116412));
#13270=CARTESIAN_POINT('',(-45.5969072185833,-28.4175862948098,-48.6627020116412));
#13271=CARTESIAN_POINT('Origin',(-45.5969072185833,-27.5175862948098,-49.0907511944082));
#13272=CARTESIAN_POINT('Origin',(-43.1831112106116,-28.4175862948098,-53.5756437771209));
#13273=CARTESIAN_POINT('',(-43.1831112106116,-28.4175862948098,-53.1475945943539));
#13274=CARTESIAN_POINT('Origin',(-43.1831112106116,-28.4175862948098,-53.5756437771209));
#13275=CARTESIAN_POINT('',(-43.1831112106116,-27.5175862948098,-53.1475945943539));
#13276=CARTESIAN_POINT('',(-43.1831112106116,-28.4175862948098,-53.1475945943539));
#13277=CARTESIAN_POINT('Origin',(-43.1831112106116,-27.5175862948098,-53.5756437771209));
#13278=CARTESIAN_POINT('Origin',(-45.820406848951,-28.4175862948098,-53.769343456773));
#13279=CARTESIAN_POINT('',(-45.820406848951,-28.4175862948098,-53.3412942740059));
#13280=CARTESIAN_POINT('Origin',(-45.820406848951,-28.4175862948098,-53.769343456773));
#13281=CARTESIAN_POINT('',(-45.820406848951,-27.5175862948098,-53.3412942740059));
#13282=CARTESIAN_POINT('',(-45.820406848951,-28.4175862948098,-53.3412942740059));
#13283=CARTESIAN_POINT('Origin',(-45.820406848951,-27.5175862948098,-53.769343456773));
#13284=CARTESIAN_POINT('Origin',(-47.0720047790104,-28.4175862948098,-51.4598472763063));
#13285=CARTESIAN_POINT('',(-47.0720047790104,-28.4175862948098,-51.0317980935393));
#13286=CARTESIAN_POINT('Origin',(-47.0720047790104,-28.4175862948098,-51.4598472763063));
#13287=CARTESIAN_POINT('',(-47.0720047790104,-27.5175862948098,-51.0317980935393));
#13288=CARTESIAN_POINT('',(-47.0720047790104,-28.4175862948098,-51.0317980935393));
#13289=CARTESIAN_POINT('Origin',(-47.0720047790104,-27.5175862948098,-51.4598472763063));
#13290=CARTESIAN_POINT('Origin',(-42.959611580244,-28.4175862948098,-50.2827492230362));
#13291=CARTESIAN_POINT('',(-42.959611580244,-28.4175862948098,-49.8547000402692));
#13292=CARTESIAN_POINT('Origin',(-42.959611580244,-28.4175862948098,-50.2827492230362));
#13293=CARTESIAN_POINT('',(-42.959611580244,-27.5175862948098,-49.8547000402692));
#13294=CARTESIAN_POINT('',(-42.959611580244,-28.4175862948098,-49.8547000402692));
#13295=CARTESIAN_POINT('Origin',(-42.959611580244,-27.5175862948098,-50.2827492230362));
#13296=CARTESIAN_POINT('Origin',(-44.5688089188916,-28.4175862948098,-51.6237470052426));
#13297=CARTESIAN_POINT('',(-44.5688089188916,-28.4175862948098,-51.1956978224756));
#13298=CARTESIAN_POINT('Origin',(-44.5688089188916,-28.4175862948098,-51.6237470052426));
#13299=CARTESIAN_POINT('',(-44.5688089188916,-27.5175862948098,-51.1956978224756));
#13300=CARTESIAN_POINT('',(-44.5688089188916,-28.4175862948098,-51.1956978224756));
#13301=CARTESIAN_POINT('Origin',(-44.5688089188916,-27.5175862948098,-51.6237470052426));
#13302=CARTESIAN_POINT('Origin',(-44.5688089188916,-28.4175862948098,-51.3549379298888));
#13303=CARTESIAN_POINT('',(-44.5688089188916,-27.5175862948098,-45.6549379298888));
#13304=CARTESIAN_POINT('Origin',(-44.5688089188916,-27.5175862948098,-51.3549379298888));
#13305=CARTESIAN_POINT('',(-44.5688089188916,1.58241370519018,-45.6549379298888));
#13306=CARTESIAN_POINT('',(-44.5688089188916,-28.4175862948098,-45.6549379298888));
#13307=CARTESIAN_POINT('Origin',(-44.5688089188916,1.58241370519018,-51.3549379298888));
#13308=CARTESIAN_POINT('Origin',(-44.5688089188916,-27.5175862948098,-51.3549379298888));
#13309=CARTESIAN_POINT('Origin',(-44.5688089188916,-28.4175862948098,-51.3549379298888));
#13310=CARTESIAN_POINT('',(-44.5688089188916,-28.4175862948098,-44.7549379298888));
#13311=CARTESIAN_POINT('',(-44.5688089188916,-28.4175862948098,-44.7549379298888));
#13312=CARTESIAN_POINT('Origin',(-44.5688089188916,-28.4175862948098,-51.3549379298888));
#13313=CARTESIAN_POINT('Origin',(-44.5688089188916,1.58241370519018,-51.3549379298888));
#13314=CARTESIAN_POINT('Origin',(-44.5688089188916,-28.4175862948098,-51.3549379298888));
#13315=CARTESIAN_POINT('Origin',(-62.2688089188916,1.57489486085009,-34.8549379298888));
#13316=CARTESIAN_POINT('',(-62.2688089188917,1.57489486085009,-42.8049379298888));
#13317=CARTESIAN_POINT('',(-62.2688089188916,1.57489486085009,-26.9049379298888));
#13318=CARTESIAN_POINT('Origin',(-62.2688089188916,1.57489486085009,-34.8549379298888));
#13319=CARTESIAN_POINT('Origin',(-62.2688089188916,1.57489486085009,-34.8549379298888));
#13320=CARTESIAN_POINT('',(-62.2688089188916,0.082413705190163,-41.4549379298888));
#13321=CARTESIAN_POINT('Origin',(-62.2688089188916,1.57489486085009,-41.3049379298888));
#13322=CARTESIAN_POINT('',(-62.2688089188916,0.082413705190163,-28.2549379298888));
#13323=CARTESIAN_POINT('Origin',(-62.2688089188916,0.082413705190163,-34.8549379298888));
#13324=CARTESIAN_POINT('Origin',(-62.2688089188916,0.082413705190163,-34.8549379298888));
#13325=CARTESIAN_POINT('Origin',(-62.2688089188916,1.58241370519016,-34.8549379298888));
#13326=CARTESIAN_POINT('',(-62.2688089188916,1.58241370519016,-26.9049379298888));
#13327=CARTESIAN_POINT('',(-62.2688089188916,1.58241370519016,-26.9049379298888));
#13328=CARTESIAN_POINT('Origin',(-62.2688089188916,1.58241370519016,-34.8549379298888));
#13329=CARTESIAN_POINT('Origin',(-64.1720047790104,-28.4175862948098,-34.9598472763062));
#13330=CARTESIAN_POINT('',(-64.1720047790104,-28.4175862948098,-34.5317980935392));
#13331=CARTESIAN_POINT('Origin',(-64.1720047790104,-28.4175862948098,-34.9598472763062));
#13332=CARTESIAN_POINT('',(-64.1720047790104,-27.5175862948098,-34.5317980935392));
#13333=CARTESIAN_POINT('',(-64.1720047790104,-28.4175862948098,-34.5317980935392));
#13334=CARTESIAN_POINT('Origin',(-64.1720047790104,-27.5175862948098,-34.9598472763062));
#13335=CARTESIAN_POINT('Origin',(-60.0596115802439,-28.4175862948098,-33.7827492230362));
#13336=CARTESIAN_POINT('',(-60.0596115802439,-28.4175862948098,-33.3547000402692));
#13337=CARTESIAN_POINT('Origin',(-60.0596115802439,-28.4175862948098,-33.7827492230362));
#13338=CARTESIAN_POINT('',(-60.0596115802439,-27.5175862948098,-33.3547000402692));
#13339=CARTESIAN_POINT('',(-60.0596115802439,-28.4175862948098,-33.3547000402692));
#13340=CARTESIAN_POINT('Origin',(-60.0596115802439,-27.5175862948098,-33.7827492230362));
#13341=CARTESIAN_POINT('Origin',(-60.2831112106117,-28.4175862948098,-37.0756437771209));
#13342=CARTESIAN_POINT('',(-60.2831112106117,-28.4175862948098,-36.6475945943539));
#13343=CARTESIAN_POINT('Origin',(-60.2831112106117,-28.4175862948098,-37.0756437771209));
#13344=CARTESIAN_POINT('',(-60.2831112106117,-27.5175862948098,-36.6475945943539));
#13345=CARTESIAN_POINT('',(-60.2831112106117,-28.4175862948098,-36.6475945943539));
#13346=CARTESIAN_POINT('Origin',(-60.2831112106117,-27.5175862948098,-37.0756437771209));
#13347=CARTESIAN_POINT('Origin',(-62.920406848951,-28.4175862948098,-37.2693434567729));
#13348=CARTESIAN_POINT('',(-62.920406848951,-28.4175862948098,-36.8412942740059));
#13349=CARTESIAN_POINT('Origin',(-62.920406848951,-28.4175862948098,-37.2693434567729));
#13350=CARTESIAN_POINT('',(-62.920406848951,-27.5175862948098,-36.8412942740059));
#13351=CARTESIAN_POINT('',(-62.920406848951,-28.4175862948098,-36.8412942740059));
#13352=CARTESIAN_POINT('Origin',(-62.920406848951,-27.5175862948098,-37.2693434567729));
#13353=CARTESIAN_POINT('Origin',(-62.6969072185833,-28.4175862948098,-32.5907511944082));
#13354=CARTESIAN_POINT('',(-62.6969072185833,-28.4175862948098,-32.1627020116412));
#13355=CARTESIAN_POINT('Origin',(-62.6969072185833,-28.4175862948098,-32.5907511944082));
#13356=CARTESIAN_POINT('',(-62.6969072185833,-27.5175862948098,-32.1627020116412));
#13357=CARTESIAN_POINT('',(-62.6969072185833,-28.4175862948098,-32.1627020116412));
#13358=CARTESIAN_POINT('Origin',(-62.6969072185833,-27.5175862948098,-32.5907511944082));
#13359=CARTESIAN_POINT('Origin',(-61.6688089188916,-28.4175862948098,-35.1237470052426));
#13360=CARTESIAN_POINT('',(-61.6688089188916,-28.4175862948098,-34.6956978224756));
#13361=CARTESIAN_POINT('Origin',(-61.6688089188916,-28.4175862948098,-35.1237470052426));
#13362=CARTESIAN_POINT('',(-61.6688089188916,-27.5175862948098,-34.6956978224756));
#13363=CARTESIAN_POINT('',(-61.6688089188916,-28.4175862948098,-34.6956978224756));
#13364=CARTESIAN_POINT('Origin',(-61.6688089188916,-27.5175862948098,-35.1237470052426));
#13365=CARTESIAN_POINT('Origin',(-62.2688089188916,-28.4175862948098,-34.8549379298888));
#13366=CARTESIAN_POINT('',(-62.2688089188916,-27.5175862948098,-29.1549379298888));
#13367=CARTESIAN_POINT('Origin',(-62.2688089188916,-27.5175862948098,-34.8549379298888));
#13368=CARTESIAN_POINT('',(-62.2688089188916,1.58241370519018,-29.1549379298888));
#13369=CARTESIAN_POINT('',(-62.2688089188916,-28.4175862948098,-29.1549379298888));
#13370=CARTESIAN_POINT('Origin',(-62.2688089188916,1.58241370519018,-34.8549379298888));
#13371=CARTESIAN_POINT('Origin',(-62.2688089188916,-27.5175862948098,-34.8549379298888));
#13372=CARTESIAN_POINT('Origin',(-62.2688089188916,-28.4175862948098,-34.8549379298888));
#13373=CARTESIAN_POINT('',(-62.2688089188916,-28.4175862948098,-28.2549379298888));
#13374=CARTESIAN_POINT('',(-62.2688089188916,-28.4175862948098,-28.2549379298888));
#13375=CARTESIAN_POINT('Origin',(-62.2688089188916,-28.4175862948098,-34.8549379298888));
#13376=CARTESIAN_POINT('Origin',(-62.2688089188916,1.58241370519018,-34.8549379298888));
#13377=CARTESIAN_POINT('Origin',(-62.2688089188916,-28.4175862948098,-34.8549379298888));
#13378=CARTESIAN_POINT('Origin',(-62.2688089188917,1.57489486085009,-51.3549379298888));
#13379=CARTESIAN_POINT('',(-62.2688089188917,1.57489486085009,-59.3049379298888));
#13380=CARTESIAN_POINT('',(-62.2688089188917,1.57489486085009,-43.4049379298888));
#13381=CARTESIAN_POINT('Origin',(-62.2688089188917,1.57489486085009,-51.3549379298888));
#13382=CARTESIAN_POINT('Origin',(-62.2688089188917,1.57489486085009,-51.3549379298888));
#13383=CARTESIAN_POINT('',(-62.2688089188917,0.082413705190163,-57.9549379298888));
#13384=CARTESIAN_POINT('Origin',(-62.2688089188917,1.57489486085009,-57.8049379298888));
#13385=CARTESIAN_POINT('',(-62.2688089188917,0.082413705190163,-44.7549379298888));
#13386=CARTESIAN_POINT('Origin',(-62.2688089188917,0.082413705190163,-51.3549379298888));
#13387=CARTESIAN_POINT('Origin',(-62.2688089188917,0.082413705190163,-51.3549379298888));
#13388=CARTESIAN_POINT('Origin',(-62.2688089188917,1.58241370519016,-51.3549379298888));
#13389=CARTESIAN_POINT('',(-62.2688089188917,1.58241370519016,-43.4049379298888));
#13390=CARTESIAN_POINT('',(-62.2688089188917,1.58241370519016,-43.4049379298888));
#13391=CARTESIAN_POINT('Origin',(-62.2688089188917,1.58241370519016,-51.3549379298888));
#13392=CARTESIAN_POINT('Origin',(-62.920406848951,-28.4175862948098,-53.769343456773));
#13393=CARTESIAN_POINT('',(-62.920406848951,-28.4175862948098,-53.3412942740059));
#13394=CARTESIAN_POINT('Origin',(-62.920406848951,-28.4175862948098,-53.769343456773));
#13395=CARTESIAN_POINT('',(-62.920406848951,-27.5175862948098,-53.3412942740059));
#13396=CARTESIAN_POINT('',(-62.920406848951,-28.4175862948098,-53.3412942740059));
#13397=CARTESIAN_POINT('Origin',(-62.920406848951,-27.5175862948098,-53.769343456773));
#13398=CARTESIAN_POINT('Origin',(-64.1720047790104,-28.4175862948098,-51.4598472763062));
#13399=CARTESIAN_POINT('',(-64.1720047790104,-28.4175862948098,-51.0317980935392));
#13400=CARTESIAN_POINT('Origin',(-64.1720047790104,-28.4175862948098,-51.4598472763062));
#13401=CARTESIAN_POINT('',(-64.1720047790104,-27.5175862948098,-51.0317980935392));
#13402=CARTESIAN_POINT('',(-64.1720047790104,-28.4175862948098,-51.0317980935392));
#13403=CARTESIAN_POINT('Origin',(-64.1720047790104,-27.5175862948098,-51.4598472763062));
#13404=CARTESIAN_POINT('Origin',(-60.059611580244,-28.4175862948098,-50.2827492230362));
#13405=CARTESIAN_POINT('',(-60.059611580244,-28.4175862948098,-49.8547000402692));
#13406=CARTESIAN_POINT('Origin',(-60.059611580244,-28.4175862948098,-50.2827492230362));
#13407=CARTESIAN_POINT('',(-60.059611580244,-27.5175862948098,-49.8547000402692));
#13408=CARTESIAN_POINT('',(-60.059611580244,-28.4175862948098,-49.8547000402692));
#13409=CARTESIAN_POINT('Origin',(-60.059611580244,-27.5175862948098,-50.2827492230362));
#13410=CARTESIAN_POINT('Origin',(-61.6688089188916,-28.4175862948098,-51.6237470052426));
#13411=CARTESIAN_POINT('',(-61.6688089188916,-28.4175862948098,-51.1956978224756));
#13412=CARTESIAN_POINT('Origin',(-61.6688089188916,-28.4175862948098,-51.6237470052426));
#13413=CARTESIAN_POINT('',(-61.6688089188916,-27.5175862948098,-51.1956978224756));
#13414=CARTESIAN_POINT('',(-61.6688089188916,-28.4175862948098,-51.1956978224756));
#13415=CARTESIAN_POINT('Origin',(-61.6688089188916,-27.5175862948098,-51.6237470052426));
#13416=CARTESIAN_POINT('Origin',(-62.6969072185833,-28.4175862948098,-49.0907511944082));
#13417=CARTESIAN_POINT('',(-62.6969072185833,-28.4175862948098,-48.6627020116412));
#13418=CARTESIAN_POINT('Origin',(-62.6969072185833,-28.4175862948098,-49.0907511944082));
#13419=CARTESIAN_POINT('',(-62.6969072185833,-27.5175862948098,-48.6627020116412));
#13420=CARTESIAN_POINT('',(-62.6969072185833,-28.4175862948098,-48.6627020116412));
#13421=CARTESIAN_POINT('Origin',(-62.6969072185833,-27.5175862948098,-49.0907511944082));
#13422=CARTESIAN_POINT('Origin',(-60.2831112106117,-28.4175862948098,-53.5756437771209));
#13423=CARTESIAN_POINT('',(-60.2831112106117,-28.4175862948098,-53.1475945943539));
#13424=CARTESIAN_POINT('Origin',(-60.2831112106117,-28.4175862948098,-53.5756437771209));
#13425=CARTESIAN_POINT('',(-60.2831112106117,-27.5175862948098,-53.1475945943539));
#13426=CARTESIAN_POINT('',(-60.2831112106117,-28.4175862948098,-53.1475945943539));
#13427=CARTESIAN_POINT('Origin',(-60.2831112106117,-27.5175862948098,-53.5756437771209));
#13428=CARTESIAN_POINT('Origin',(-62.2688089188916,-28.4175862948098,-51.3549379298888));
#13429=CARTESIAN_POINT('',(-62.2688089188917,-27.5175862948098,-45.6549379298888));
#13430=CARTESIAN_POINT('Origin',(-62.2688089188916,-27.5175862948098,-51.3549379298888));
#13431=CARTESIAN_POINT('',(-62.2688089188917,1.58241370519018,-45.6549379298888));
#13432=CARTESIAN_POINT('',(-62.2688089188916,-28.4175862948098,-45.6549379298888));
#13433=CARTESIAN_POINT('Origin',(-62.2688089188917,1.58241370519018,-51.3549379298888));
#13434=CARTESIAN_POINT('Origin',(-62.2688089188916,-27.5175862948098,-51.3549379298888));
#13435=CARTESIAN_POINT('Origin',(-62.2688089188916,-28.4175862948098,-51.3549379298888));
#13436=CARTESIAN_POINT('',(-62.2688089188916,-28.4175862948098,-44.7549379298888));
#13437=CARTESIAN_POINT('',(-62.2688089188916,-28.4175862948098,-44.7549379298888));
#13438=CARTESIAN_POINT('Origin',(-62.2688089188916,-28.4175862948098,-51.3549379298888));
#13439=CARTESIAN_POINT('Origin',(-62.2688089188917,1.58241370519018,-51.3549379298888));
#13440=CARTESIAN_POINT('Origin',(-62.2688089188916,-28.4175862948098,-51.3549379298888));
#13441=CARTESIAN_POINT('Origin',(-24.1650849398746,0.184168782354445,-14.6427327656514));
#13442=CARTESIAN_POINT('',(-22.6977482406002,0.184168782354445,-17.646012089316));
#13443=CARTESIAN_POINT('',(-23.4213004286191,0.184168782354445,-14.5776600528104));
#13444=CARTESIAN_POINT('Ctrl Pts',(-22.6977482406002,0.184168782354445,
-17.646012089316));
#13445=CARTESIAN_POINT('Ctrl Pts',(-22.9521819126842,0.184168782354445,
-16.6025870199676));
#13446=CARTESIAN_POINT('Ctrl Pts',(-23.1980747020003,0.184168782354445,
-15.5837613939735));
#13447=CARTESIAN_POINT('Ctrl Pts',(-23.4213004286191,0.184168782354445,
-14.5776600528104));
#13448=CARTESIAN_POINT('',(-22.9696513021645,0.184168782354445,-14.5381458743542));
#13449=CARTESIAN_POINT('',(-20.8779134762207,0.184168782354445,-38.4468186285561));
#13450=CARTESIAN_POINT('',(-24.1650849398746,0.184168782354445,-14.6427327656514));
#13451=CARTESIAN_POINT('Origin',(-24.1650849398746,1.24447610140368,-14.6427327656514));
#13452=CARTESIAN_POINT('',(-23.4213004286191,1.24447610140368,-14.5776600528104));
#13453=CARTESIAN_POINT('Ctrl Pts',(-23.4213004286191,0.184168782354445,
-14.5776600528104));
#13454=CARTESIAN_POINT('Ctrl Pts',(-23.4213004286191,0.537604555370857,
-14.5776600528104));
#13455=CARTESIAN_POINT('Ctrl Pts',(-23.4213004286191,0.891040328387268,
-14.5776600528104));
#13456=CARTESIAN_POINT('Ctrl Pts',(-23.4213004286191,1.24447610140368,-14.5776600528104));
#13457=CARTESIAN_POINT('',(-22.9696513021645,1.24447610140368,-14.5381458743542));
#13458=CARTESIAN_POINT('',(-22.9696513021645,7.74506211928506,-14.5381458743542));
#13459=CARTESIAN_POINT('',(-24.1650849398746,1.24447610140368,-14.6427327656514));
#13460=CARTESIAN_POINT('Origin',(-20.8779134762208,7.74506211928506,-38.4468186285561));
#13461=CARTESIAN_POINT('',(-20.3549790197348,1.24447610140368,-44.4239868171066));
#13462=CARTESIAN_POINT('',(-21.2553444604633,1.24447610140368,-34.1327627379812));
#13463=CARTESIAN_POINT('',(-20.3549790197348,0.184168782354445,-44.4239868171066));
#13464=CARTESIAN_POINT('',(-20.8779134762208,0.184168782354445,-38.4468186285561));
#13465=CARTESIAN_POINT('',(-20.3549790197348,5.85483878505241,-44.4239868171066));
#13466=CARTESIAN_POINT('Origin',(4.26841802158904,3.96461545081975,-42.269718718493));
#13467=CARTESIAN_POINT('',(-19.9872357753905,0.184168782354445,-44.3918134521383));
#13468=CARTESIAN_POINT('',(-21.5504126574449,0.184168782354445,-44.5285737084038));
#13469=CARTESIAN_POINT('',(-19.9872357753905,1.24447610140368,-44.3918134521383));
#13470=CARTESIAN_POINT('Ctrl Pts',(-19.9872357753905,1.24447610140368,-44.3918134521383));
#13471=CARTESIAN_POINT('Ctrl Pts',(-19.9872357753905,0.891040328387268,
-44.3918134521383));
#13472=CARTESIAN_POINT('Ctrl Pts',(-19.9872357753905,0.537604555370857,
-44.3918134521383));
#13473=CARTESIAN_POINT('Ctrl Pts',(-19.9872357753905,0.184168782354445,
-44.3918134521383));
#13474=CARTESIAN_POINT('',(8.97610447741555,1.24447610140368,-41.8578495221737));
#13475=CARTESIAN_POINT('Origin',(-22.0733471139308,0.184168782354445,-38.5514055198533));
#13476=CARTESIAN_POINT('Ctrl Pts',(-19.9872357753905,0.184168782354445,
-44.3918134521383));
#13477=CARTESIAN_POINT('Ctrl Pts',(-20.0108298880483,0.184168782354445,
-40.0514667516791));
#13478=CARTESIAN_POINT('Ctrl Pts',(-19.6910256312003,0.184168782354445,
-35.2080831478733));
#13479=CARTESIAN_POINT('Ctrl Pts',(-20.8853545370902,0.184168782354445,
-24.9259223339134));
#13480=CARTESIAN_POINT('Ctrl Pts',(-21.8437152872963,0.184168782354445,
-21.1483763252592));
#13481=CARTESIAN_POINT('Ctrl Pts',(-22.6977482406002,0.184168782354445,
-17.646012089316));
#13482=CARTESIAN_POINT('Origin',(12.405994508271,1.24447610140368,-26.8407003561539));
#13483=CARTESIAN_POINT('',(44.5478843904609,1.24447610140368,3.87393787654378));
#13484=CARTESIAN_POINT('Ctrl Pts',(44.5478843904609,1.24447610140368,3.8739378765438));
#13485=CARTESIAN_POINT('Ctrl Pts',(46.3491347131002,1.24447610140368,2.20151026252828));
#13486=CARTESIAN_POINT('Ctrl Pts',(47.8045181950677,1.24447610140368,0.304421988090449));
#13487=CARTESIAN_POINT('Ctrl Pts',(48.8938779625968,1.24447610140368,-1.73919316970645));
#13488=CARTESIAN_POINT('Ctrl Pts',(50.0893535496528,1.24447610140368,-3.98187928985295));
#13489=CARTESIAN_POINT('Ctrl Pts',(50.8437971438962,1.24447610140368,-6.39123169019346));
#13490=CARTESIAN_POINT('Ctrl Pts',(51.26508946924,1.24447610140368,-8.85123642516628));
#13491=CARTESIAN_POINT('Ctrl Pts',(51.8699509391996,1.24447610140368,-12.3831357515752));
#13492=CARTESIAN_POINT('Ctrl Pts',(51.8066060151749,1.24447610140368,-16.0199849028871));
#13493=CARTESIAN_POINT('Ctrl Pts',(51.5017980325835,1.24447610140368,-19.5940782903513));
#13494=CARTESIAN_POINT('Ctrl Pts',(51.2427146105041,1.24447610140368,-22.6320182346497));
#13495=CARTESIAN_POINT('Ctrl Pts',(50.8112583909977,1.24447610140368,-25.6279944991598));
#13496=CARTESIAN_POINT('Ctrl Pts',(50.4018646449121,1.24447610140368,-28.4987572722662));
#13497=CARTESIAN_POINT('Ctrl Pts',(50.0429871621546,1.24447610140368,-31.0152884295124));
#13498=CARTESIAN_POINT('Ctrl Pts',(49.701908961874,1.24447610140368,-33.433660025685));
#13499=CARTESIAN_POINT('Ctrl Pts',(49.4386898479383,1.24447610140368,-35.7195592285588));
#13500=CARTESIAN_POINT('Ctrl Pts',(49.1735162406125,1.24447610140368,-38.0224320273682));
#13501=CARTESIAN_POINT('Ctrl Pts',(48.9891313849716,1.24447610140368,-40.1900563055548));
#13502=CARTESIAN_POINT('Ctrl Pts',(48.8443442365569,1.24447610140368,-42.2410756375977));
#13503=CARTESIAN_POINT('Ctrl Pts',(48.6985636206366,1.24447610140368,-44.3061681873393));
#13504=CARTESIAN_POINT('Ctrl Pts',(48.5924877346284,1.24447610140368,-46.2546051332563));
#13505=CARTESIAN_POINT('Ctrl Pts',(48.3815447258407,1.24447610140368,-48.1413924664884));
#13506=CARTESIAN_POINT('Ctrl Pts',(48.2057714546717,1.24447610140368,-49.7136028159485));
#13507=CARTESIAN_POINT('Ctrl Pts',(47.9545069387406,1.24447610140368,-51.2491373874224));
#13508=CARTESIAN_POINT('Ctrl Pts',(47.4892779092485,1.24447610140368,-52.7538570805222));
#13509=CARTESIAN_POINT('Ctrl Pts',(47.073379323287,1.24447610140368,-54.0990241981284));
#13510=CARTESIAN_POINT('Ctrl Pts',(46.477404192361,1.24447610140368,-55.4183991222501));
#13511=CARTESIAN_POINT('Ctrl Pts',(45.6387708003966,1.24447610140368,-56.6423503804067));
#13512=CARTESIAN_POINT('Ctrl Pts',(44.7548718812877,1.24447610140368,-57.9323648306927));
#13513=CARTESIAN_POINT('Ctrl Pts',(43.6078353237174,1.24447610140368,-59.1039301664015));
#13514=CARTESIAN_POINT('Ctrl Pts',(42.2245736495892,1.24447610140368,-60.127332660494));
#13515=CARTESIAN_POINT('Ctrl Pts',(40.1177827283599,1.24447610140368,-61.6860363560013));
#13516=CARTESIAN_POINT('Ctrl Pts',(37.4648735972185,1.24447610140368,-62.9245454971564));
#13517=CARTESIAN_POINT('Ctrl Pts',(34.3229738290731,1.24447610140368,-63.9373672786071));
#13518=CARTESIAN_POINT('Ctrl Pts',(31.4791929236868,1.24447610140368,-64.8540875609824));
#13519=CARTESIAN_POINT('Ctrl Pts',(28.2308867958313,1.24447610140368,-65.5836215680378));
#13520=CARTESIAN_POINT('Ctrl Pts',(24.7221311664263,1.24447610140368,-66.1264748628943));
#13521=CARTESIAN_POINT('Ctrl Pts',(19.728839563077,1.24447610140368,-66.8990065195139));
#13522=CARTESIAN_POINT('Ctrl Pts',(14.2123516520108,1.24447610140368,-67.2907952596202));
#13523=CARTESIAN_POINT('Ctrl Pts',(8.8341684835522,1.24447610140368,-67.2207759684711));
#13524=CARTESIAN_POINT('Ctrl Pts',(4.51021736991942,1.24447610140368,-67.1644818664562));
#13525=CARTESIAN_POINT('Ctrl Pts',(0.28751128582589,1.24447610140368,-66.8091990389471));
#13526=CARTESIAN_POINT('Ctrl Pts',(-3.52444839097912,1.24447610140368,-66.0981296095484));
#13527=CARTESIAN_POINT('Ctrl Pts',(-7.09816058798381,1.24447610140368,-65.4315020194871));
#13528=CARTESIAN_POINT('Ctrl Pts',(-10.3115385027934,1.24447610140368,-64.4546140624603));
#13529=CARTESIAN_POINT('Ctrl Pts',(-13.0154514813161,1.24447610140368,-63.0831065999488));
#13530=CARTESIAN_POINT('Ctrl Pts',(-14.9076648087101,1.24447610140368,-62.1233180565311));
#13531=CARTESIAN_POINT('Ctrl Pts',(-16.5548737494584,1.24447610140368,-60.9625848955349));
#13532=CARTESIAN_POINT('Ctrl Pts',(-17.8988793691801,1.24447610140368,-59.5963375566234));
#13533=CARTESIAN_POINT('Ctrl Pts',(-19.1319518254567,1.24447610140368,-58.3428591951104));
#13534=CARTESIAN_POINT('Ctrl Pts',(-20.100475687136,1.24447610140368,-56.9184252220627));
#13535=CARTESIAN_POINT('Ctrl Pts',(-20.8034132321527,1.24447610140368,-55.4054420227715));
#13536=CARTESIAN_POINT('Ctrl Pts',(-21.6076629537211,1.24447610140368,-53.6743973156079));
#13537=CARTESIAN_POINT('Ctrl Pts',(-22.0698609627005,1.24447610140368,-51.8402263928966));
#13538=CARTESIAN_POINT('Ctrl Pts',(-22.3316433723704,1.24447610140368,-49.9811120698652));
#13539=CARTESIAN_POINT('Ctrl Pts',(-22.672860150416,1.24447610140368,-47.5578743889107));
#13540=CARTESIAN_POINT('Ctrl Pts',(-22.6878069349261,1.24447610140368,-45.0813068657317));
#13541=CARTESIAN_POINT('Ctrl Pts',(-22.6633196951567,1.24447610140368,-42.5821256532375));
#13542=CARTESIAN_POINT('Ctrl Pts',(-22.6401582471251,1.24447610140368,-40.218255477602));
#13543=CARTESIAN_POINT('Ctrl Pts',(-22.581451348068,1.24447610140368,-37.8335041553027));
#13544=CARTESIAN_POINT('Ctrl Pts',(-22.6391534227547,1.24447610140368,-35.4529353294094));
#13545=CARTESIAN_POINT('Ctrl Pts',(-22.6941596828555,1.24447610140368,-33.183585592227));
#13546=CARTESIAN_POINT('Ctrl Pts',(-22.8563051818098,1.24447610140368,-30.9192807686156));
#13547=CARTESIAN_POINT('Ctrl Pts',(-23.1617708852713,1.24447610140368,-28.6610672181024));
#13548=CARTESIAN_POINT('Ctrl Pts',(-23.4786252711028,1.24447610140368,-26.3186606581651));
#13549=CARTESIAN_POINT('Ctrl Pts',(-23.949488963065,1.24447610140368,-23.9808589493835));
#13550=CARTESIAN_POINT('Ctrl Pts',(-24.4920741292002,1.24447610140368,-21.6488246003503));
#13551=CARTESIAN_POINT('Ctrl Pts',(-25.0716704237833,1.24447610140368,-19.1577161958068));
#13552=CARTESIAN_POINT('Ctrl Pts',(-25.7315731564402,1.24447610140368,-16.6753819226632));
#13553=CARTESIAN_POINT('Ctrl Pts',(-26.2465815297303,1.24447610140368,-14.1961556933299));
#13554=CARTESIAN_POINT('Ctrl Pts',(-26.7114728123869,1.24447610140368,-11.9581907950357));
#13555=CARTESIAN_POINT('Ctrl Pts',(-27.0579619226576,1.24447610140368,-9.71836172438876));
#13556=CARTESIAN_POINT('Ctrl Pts',(-27.0438166111612,1.24447610140368,-7.46835644734727));
#13557=CARTESIAN_POINT('Ctrl Pts',(-27.0332379530848,1.24447610140368,-5.78567618243775));
#13558=CARTESIAN_POINT('Ctrl Pts',(-26.8135816472759,1.24447610140368,-4.09355084359824));
#13559=CARTESIAN_POINT('Ctrl Pts',(-26.2839413386184,1.24447610140368,-2.45293726672732));
#13560=CARTESIAN_POINT('Ctrl Pts',(-25.7582295697891,1.24447610140368,-0.824492733024205));
#13561=CARTESIAN_POINT('Ctrl Pts',(-24.9238021462915,1.24447610140368,0.742171492780863));
#13562=CARTESIAN_POINT('Ctrl Pts',(-23.7887326490323,1.24447610140368,2.16581520044484));
#13563=CARTESIAN_POINT('Ctrl Pts',(-22.2855920418242,1.24447610140368,4.05110651727899));
#13564=CARTESIAN_POINT('Ctrl Pts',(-20.2712500852448,1.24447610140368,5.68487181860906));
#13565=CARTESIAN_POINT('Ctrl Pts',(-17.8386997821155,1.24447610140368,7.0776829873365));
#13566=CARTESIAN_POINT('Ctrl Pts',(-15.0470340135745,1.24447610140368,8.67611376049507));
#13567=CARTESIAN_POINT('Ctrl Pts',(-11.6934806941261,1.24447610140368,9.97136885991434));
#13568=CARTESIAN_POINT('Ctrl Pts',(-7.9283035027367,1.24447610140368,10.9755946819431));
#13569=CARTESIAN_POINT('Ctrl Pts',(-3.55177119758952,1.24447610140368,12.1428775290355));
#13570=CARTESIAN_POINT('Ctrl Pts',(1.3815647513117,1.24447610140368,12.9122968324123));
#13571=CARTESIAN_POINT('Ctrl Pts',(6.48266413358729,1.24447610140368,13.2358958166994));
#13572=CARTESIAN_POINT('Ctrl Pts',(12.3703653827363,1.24447610140368,13.6093945473124));
#13573=CARTESIAN_POINT('Ctrl Pts',(18.4655037116608,1.24447610140368,13.3856677385024));
#13574=CARTESIAN_POINT('Ctrl Pts',(24.1062579782508,1.24447610140368,12.4883076051413));
#13575=CARTESIAN_POINT('Ctrl Pts',(28.845675247689,1.24447610140368,11.7343367863543));
#13576=CARTESIAN_POINT('Ctrl Pts',(33.2607516665866,1.24447610140368,10.5061598731353));
#13577=CARTESIAN_POINT('Ctrl Pts',(37.0562367609174,1.24447610140368,8.76015053673949));
#13578=CARTESIAN_POINT('Ctrl Pts',(39.9399823380362,1.24447610140368,7.43356208327399));
#13579=CARTESIAN_POINT('Ctrl Pts',(42.4702843949893,1.24447610140368,5.80295105124472));
#13580=CARTESIAN_POINT('Ctrl Pts',(44.547884390461,1.24447610140368,3.87393787654374));
#13581=CARTESIAN_POINT('',(42.7230601248935,1.24447610140368,1.90855218835769));
#13582=CARTESIAN_POINT('Ctrl Pts',(-19.9872357753905,1.24447610140368,-44.3918134521383));
#13583=CARTESIAN_POINT('Ctrl Pts',(-19.9857074044321,1.24447610140368,-44.6729708723317));
#13584=CARTESIAN_POINT('Ctrl Pts',(-19.9691045382021,1.24447610140368,-46.3830225900325));
#13585=CARTESIAN_POINT('Ctrl Pts',(-19.84527880125,1.24447610140368,-49.4218521606749));
#13586=CARTESIAN_POINT('Ctrl Pts',(-19.2197980326543,1.24447610140368,-53.5134907266918));
#13587=CARTESIAN_POINT('Ctrl Pts',(-16.8414401643264,1.24447610140368,-58.0547813835868));
#13588=CARTESIAN_POINT('Ctrl Pts',(-10.7158235125878,1.24447610140368,-61.9349624654411));
#13589=CARTESIAN_POINT('Ctrl Pts',(-1.47553020242928,1.24447610140368,-64.1899413144661));
#13590=CARTESIAN_POINT('Ctrl Pts',(9.75447838241957,1.24447610140368,-64.8926249875566));
#13591=CARTESIAN_POINT('Ctrl Pts',(21.3820580128294,1.24447610140368,-64.2098447979379));
#13592=CARTESIAN_POINT('Ctrl Pts',(31.7210389360586,1.24447610140368,-62.3457600707716));
#13593=CARTESIAN_POINT('Ctrl Pts',(39.4265374948012,1.24447610140368,-59.476099052621));
#13594=CARTESIAN_POINT('Ctrl Pts',(43.861625450073,1.24447610140368,-55.6942483400384));
#13595=CARTESIAN_POINT('Ctrl Pts',(45.6130235154083,1.24447610140368,-50.9318378769088));
#13596=CARTESIAN_POINT('Ctrl Pts',(45.9915179434702,1.24447610140368,-45.0575189061574));
#13597=CARTESIAN_POINT('Ctrl Pts',(46.3536796450079,1.24447610140368,-38.0066080733291));
#13598=CARTESIAN_POINT('Ctrl Pts',(47.4413324713343,1.24447610140368,-29.9105238015386));
#13599=CARTESIAN_POINT('Ctrl Pts',(48.8399616425112,1.24447610140368,-21.1995843483568));
#13600=CARTESIAN_POINT('Ctrl Pts',(49.4961888465597,1.24447610140368,-12.4762209150231));
#13601=CARTESIAN_POINT('Ctrl Pts',(48.3927595838237,1.24447610140368,-6.02643401394823));
#13602=CARTESIAN_POINT('Ctrl Pts',(46.158428450659,1.24447610140368,-1.77213376749124));
#13603=CARTESIAN_POINT('Ctrl Pts',(43.9819113534635,1.24447610140368,0.739732102589215));
#13604=CARTESIAN_POINT('Ctrl Pts',(42.7230601248935,1.24447610140368,1.90855218835769));
#13605=CARTESIAN_POINT('Ctrl Pts',(42.7230601248935,1.24447610140368,1.90855218835769));
#13606=CARTESIAN_POINT('Ctrl Pts',(41.4642088963236,1.24447610140368,3.07737227412622));
#13607=CARTESIAN_POINT('Ctrl Pts',(38.6053210792395,1.24447610140368,5.24078674711955));
#13608=CARTESIAN_POINT('Ctrl Pts',(33.300321706573,1.24447610140368,7.9270557066797));
#13609=CARTESIAN_POINT('Ctrl Pts',(24.4339714883981,1.24447610140368,10.2972532287317));
#13610=CARTESIAN_POINT('Ctrl Pts',(11.6771218176648,1.24447610140368,11.2087614001171));
#13611=CARTESIAN_POINT('Ctrl Pts',(-1.07489323239005,1.24447610140368,10.1884171909296));
#13612=CARTESIAN_POINT('Ctrl Pts',(-12.1150309307599,1.24447610140368,7.45827515400467));
#13613=CARTESIAN_POINT('Ctrl Pts',(-20.0709463555649,1.24447610140368,3.29254039981768));
#13614=CARTESIAN_POINT('Ctrl Pts',(-24.1139425608111,1.24447610140368,-1.90778055109615));
#13615=CARTESIAN_POINT('Ctrl Pts',(-24.7151781573473,1.24447610140368,-6.7406930230322));
#13616=CARTESIAN_POINT('Ctrl Pts',(-24.2377071477127,1.24447610140368,-10.6410359337301));
#13617=CARTESIAN_POINT('Ctrl Pts',(-23.7041431078071,1.24447610140368,-13.3028589661279));
#13618=CARTESIAN_POINT('Ctrl Pts',(-23.4213004286191,1.24447610140368,-14.5776600528104));
#13619=CARTESIAN_POINT('Ctrl Pts',(42.7230601248935,-7.16394274243632,1.90855218835769));
#13620=CARTESIAN_POINT('Ctrl Pts',(42.7230601248935,1.24447610140368,1.90855218835769));
#13621=CARTESIAN_POINT('Ctrl Pts',(41.4642088963236,-7.16394274243632,3.07737227412622));
#13622=CARTESIAN_POINT('Ctrl Pts',(41.4642088963236,1.24447610140368,3.07737227412622));
#13623=CARTESIAN_POINT('Ctrl Pts',(38.6053210792395,-7.16394274243632,5.24078674711955));
#13624=CARTESIAN_POINT('Ctrl Pts',(38.6053210792395,1.24447610140368,5.24078674711955));
#13625=CARTESIAN_POINT('Ctrl Pts',(33.300321706573,-7.16394274243632,7.9270557066797));
#13626=CARTESIAN_POINT('Ctrl Pts',(33.300321706573,1.24447610140368,7.9270557066797));
#13627=CARTESIAN_POINT('Ctrl Pts',(24.4339714883981,-7.16394274243632,10.2972532287317));
#13628=CARTESIAN_POINT('Ctrl Pts',(24.4339714883981,1.24447610140368,10.2972532287317));
#13629=CARTESIAN_POINT('Ctrl Pts',(11.6771218176648,-7.16394274243632,11.2087614001171));
#13630=CARTESIAN_POINT('Ctrl Pts',(11.6771218176648,1.24447610140368,11.2087614001171));
#13631=CARTESIAN_POINT('Ctrl Pts',(-1.07489323239005,-7.16394274243632,
10.1884171909296));
#13632=CARTESIAN_POINT('Ctrl Pts',(-1.07489323239005,1.24447610140368,10.1884171909296));
#13633=CARTESIAN_POINT('Ctrl Pts',(-12.1150309307599,-7.16394274243632,
7.45827515400467));
#13634=CARTESIAN_POINT('Ctrl Pts',(-12.1150309307599,1.24447610140368,7.45827515400467));
#13635=CARTESIAN_POINT('Ctrl Pts',(-20.0709463555649,-7.16394274243632,
3.29254039981768));
#13636=CARTESIAN_POINT('Ctrl Pts',(-20.0709463555649,1.24447610140368,3.29254039981768));
#13637=CARTESIAN_POINT('Ctrl Pts',(-24.2060674027678,-7.16394274243632,
-2.02627651829629));
#13638=CARTESIAN_POINT('Ctrl Pts',(-24.2060674027678,1.24447610140368,-2.02627651829629));
#13639=CARTESIAN_POINT('Ctrl Pts',(-24.882831333479,-7.16394274243632,-8.26612086416776));
#13640=CARTESIAN_POINT('Ctrl Pts',(-24.882831333479,1.24447610140368,-8.26612086416776));
#13641=CARTESIAN_POINT('Ctrl Pts',(-23.3925714550024,-7.16394274243632,
-15.2428170379897));
#13642=CARTESIAN_POINT('Ctrl Pts',(-23.3925714550024,1.24447610140368,-15.2428170379897));
#13643=CARTESIAN_POINT('Ctrl Pts',(-21.2968861114754,-7.16394274243632,
-22.7700900051738));
#13644=CARTESIAN_POINT('Ctrl Pts',(-21.2968861114754,1.24447610140368,-22.7700900051738));
#13645=CARTESIAN_POINT('Ctrl Pts',(-19.9347860671387,-7.16394274243632,
-30.6253545252825));
#13646=CARTESIAN_POINT('Ctrl Pts',(-19.9347860671387,1.24447610140368,-30.6253545252825));
#13647=CARTESIAN_POINT('Ctrl Pts',(-19.8156459808201,-7.16394274243632,
-38.5040270252444));
#13648=CARTESIAN_POINT('Ctrl Pts',(-19.8156459808201,1.24447610140368,-38.5040270252444));
#13649=CARTESIAN_POINT('Ctrl Pts',(-20.187335728077,-7.16394274243632,-45.9915109314206));
#13650=CARTESIAN_POINT('Ctrl Pts',(-20.187335728077,1.24447610140368,-45.9915109314206));
#13651=CARTESIAN_POINT('Ctrl Pts',(-19.6758063493033,-7.16394274243632,
-52.6427780658927));
#13652=CARTESIAN_POINT('Ctrl Pts',(-19.6758063493033,1.24447610140368,-52.6427780658927));
#13653=CARTESIAN_POINT('Ctrl Pts',(-16.8414401643264,-7.16394274243632,
-58.0547813835868));
#13654=CARTESIAN_POINT('Ctrl Pts',(-16.8414401643264,1.24447610140368,-58.0547813835868));
#13655=CARTESIAN_POINT('Ctrl Pts',(-10.7158235125878,-7.16394274243632,
-61.9349624654411));
#13656=CARTESIAN_POINT('Ctrl Pts',(-10.7158235125878,1.24447610140368,-61.9349624654411));
#13657=CARTESIAN_POINT('Ctrl Pts',(-1.47553020242928,-7.16394274243632,
-64.1899413144661));
#13658=CARTESIAN_POINT('Ctrl Pts',(-1.47553020242928,1.24447610140368,-64.1899413144661));
#13659=CARTESIAN_POINT('Ctrl Pts',(9.75447838241957,-7.16394274243632,-64.8926249875566));
#13660=CARTESIAN_POINT('Ctrl Pts',(9.75447838241957,1.24447610140368,-64.8926249875566));
#13661=CARTESIAN_POINT('Ctrl Pts',(21.3820580128294,-7.16394274243632,-64.2098447979379));
#13662=CARTESIAN_POINT('Ctrl Pts',(21.3820580128294,1.24447610140368,-64.2098447979379));
#13663=CARTESIAN_POINT('Ctrl Pts',(31.7210389360586,-7.16394274243632,-62.3457600707716));
#13664=CARTESIAN_POINT('Ctrl Pts',(31.7210389360586,1.24447610140368,-62.3457600707716));
#13665=CARTESIAN_POINT('Ctrl Pts',(39.4265374948012,-7.16394274243632,-59.476099052621));
#13666=CARTESIAN_POINT('Ctrl Pts',(39.4265374948012,1.24447610140368,-59.476099052621));
#13667=CARTESIAN_POINT('Ctrl Pts',(43.861625450073,-7.16394274243632,-55.6942483400384));
#13668=CARTESIAN_POINT('Ctrl Pts',(43.861625450073,1.24447610140368,-55.6942483400384));
#13669=CARTESIAN_POINT('Ctrl Pts',(45.6130235154083,-7.16394274243632,-50.9318378769088));
#13670=CARTESIAN_POINT('Ctrl Pts',(45.6130235154083,1.24447610140368,-50.9318378769088));
#13671=CARTESIAN_POINT('Ctrl Pts',(45.9915179434702,-7.16394274243632,-45.0575189061574));
#13672=CARTESIAN_POINT('Ctrl Pts',(45.9915179434702,1.24447610140368,-45.0575189061574));
#13673=CARTESIAN_POINT('Ctrl Pts',(46.3536796450079,-7.16394274243632,-38.0066080733291));
#13674=CARTESIAN_POINT('Ctrl Pts',(46.3536796450079,1.24447610140368,-38.0066080733291));
#13675=CARTESIAN_POINT('Ctrl Pts',(47.4413324713343,-7.16394274243632,-29.9105238015386));
#13676=CARTESIAN_POINT('Ctrl Pts',(47.4413324713343,1.24447610140368,-29.9105238015386));
#13677=CARTESIAN_POINT('Ctrl Pts',(48.8399616425112,-7.16394274243632,-21.1995843483568));
#13678=CARTESIAN_POINT('Ctrl Pts',(48.8399616425112,1.24447610140368,-21.1995843483568));
#13679=CARTESIAN_POINT('Ctrl Pts',(49.4961888465597,-7.16394274243632,-12.4762209150231));
#13680=CARTESIAN_POINT('Ctrl Pts',(49.4961888465597,1.24447610140368,-12.4762209150231));
#13681=CARTESIAN_POINT('Ctrl Pts',(48.3927595838237,-7.16394274243632,-6.02643401394823));
#13682=CARTESIAN_POINT('Ctrl Pts',(48.3927595838237,1.24447610140368,-6.02643401394823));
#13683=CARTESIAN_POINT('Ctrl Pts',(46.158428450659,-7.16394274243632,-1.77213376749124));
#13684=CARTESIAN_POINT('Ctrl Pts',(46.158428450659,1.24447610140368,-1.77213376749124));
#13685=CARTESIAN_POINT('Ctrl Pts',(43.9819113534635,-7.16394274243632,0.739732102589214));
#13686=CARTESIAN_POINT('Ctrl Pts',(43.9819113534635,1.24447610140368,0.739732102589214));
#13687=CARTESIAN_POINT('Ctrl Pts',(42.7230601248935,-7.16394274243632,1.90855218835769));
#13688=CARTESIAN_POINT('Ctrl Pts',(42.7230601248935,1.24447610140368,1.90855218835769));
#13689=CARTESIAN_POINT('',(42.7230601248935,-5.06183803147632,1.90855218835769));
#13690=CARTESIAN_POINT('',(42.7230601248935,-7.16394274243632,1.90855218835769));
#13691=CARTESIAN_POINT('Ctrl Pts',(42.723060124923,-5.06183803147632,1.90855218833028));
#13692=CARTESIAN_POINT('Ctrl Pts',(42.6844730971584,-5.06183803147632,1.94437953001932));
#13693=CARTESIAN_POINT('Ctrl Pts',(42.6457079360895,-5.06183803147632,1.98009545951742));
#13694=CARTESIAN_POINT('Ctrl Pts',(40.1139090394777,-5.06183803147632,4.29485185428735));
#13695=CARTESIAN_POINT('Ctrl Pts',(37.0352360113611,-5.06183803147632,5.97691441975092));
#13696=CARTESIAN_POINT('Ctrl Pts',(28.4368501840808,-5.06183803147632,9.28519959273511));
#13697=CARTESIAN_POINT('Ctrl Pts',(21.995470317811,-5.06183803147632,10.3653375974972));
#13698=CARTESIAN_POINT('Ctrl Pts',(7.56081140231105,-5.06183803147632,10.9976605550364));
#13699=CARTESIAN_POINT('Ctrl Pts',(-0.817583448485895,-5.06183803147632,
10.1710078900051));
#13700=CARTESIAN_POINT('Ctrl Pts',(-11.0359386564693,-5.06183803147632,
7.33183462845373));
#13701=CARTESIAN_POINT('Ctrl Pts',(-14.4954408120981,-5.06183803147632,
6.0457784853105));
#13702=CARTESIAN_POINT('Ctrl Pts',(-18.9788371788357,-5.06183803147632,
3.21723506424782));
#13703=CARTESIAN_POINT('Ctrl Pts',(-20.4752226444244,-5.06183803147632,
2.01045907249074));
#13704=CARTESIAN_POINT('Ctrl Pts',(-22.6596000706203,-5.06183803147632,
-0.712529067226106));
#13705=CARTESIAN_POINT('Ctrl Pts',(-23.3967721748059,-5.06183803147632,
-2.08816418615184));
#13706=CARTESIAN_POINT('Ctrl Pts',(-24.3548645076073,-5.06183803147632,
-5.42317210690605));
#13707=CARTESIAN_POINT('Ctrl Pts',(-24.4428911325678,-5.06183803147632,
-7.28012331463388));
#13708=CARTESIAN_POINT('Ctrl Pts',(-24.0164773291525,-5.06183803147632,
-12.9162917166799));
#13709=CARTESIAN_POINT('Ctrl Pts',(-22.783403500402,-5.06183803147632,-17.0426673522225));
#13710=CARTESIAN_POINT('Ctrl Pts',(-20.4808727161751,-5.06183803147632,
-27.2068085625837));
#13711=CARTESIAN_POINT('Ctrl Pts',(-19.9631719577568,-5.06183803147632,
-31.4051337463132));
#13712=CARTESIAN_POINT('Ctrl Pts',(-19.913850847355,-5.06183803147632,-40.7780510191393));
#13713=CARTESIAN_POINT('Ctrl Pts',(-20.0868499621,-5.06183803147632,-44.1344946490261));
#13714=CARTESIAN_POINT('Ctrl Pts',(-19.7864708627332,-5.06183803147632,
-49.2601817220916));
#13715=CARTESIAN_POINT('Ctrl Pts',(-19.5097012239636,-5.06183803147632,
-51.2050489139548));
#13716=CARTESIAN_POINT('Ctrl Pts',(-18.3651646616767,-5.06183803147632,
-54.4964226391801));
#13717=CARTESIAN_POINT('Ctrl Pts',(-17.6275027138248,-5.06183803147632,
-55.8410569678383));
#13718=CARTESIAN_POINT('Ctrl Pts',(-15.5350530084727,-5.06183803147632,
-58.2946109711879));
#13719=CARTESIAN_POINT('Ctrl Pts',(-14.0837946308991,-5.06183803147632,
-59.5080781640908));
#13720=CARTESIAN_POINT('Ctrl Pts',(-9.03567206615875,-5.06183803147632,
-62.1282716340072));
#13721=CARTESIAN_POINT('Ctrl Pts',(-5.61796514833548,-5.06183803147632,
-62.9997825051134));
#13722=CARTESIAN_POINT('Ctrl Pts',(3.68330492512281,-5.06183803147632,-64.6662884154975));
#13723=CARTESIAN_POINT('Ctrl Pts',(11.2742017967324,-5.06183803147632,-64.7911358911405));
#13724=CARTESIAN_POINT('Ctrl Pts',(24.0676614076648,-5.06183803147632,-63.7007668343464));
#13725=CARTESIAN_POINT('Ctrl Pts',(30.0288021012306,-5.06183803147632,-62.6625926242289));
#13726=CARTESIAN_POINT('Ctrl Pts',(37.4724686813975,-5.06183803147632,-59.976182634817));
#13727=CARTESIAN_POINT('Ctrl Pts',(39.3425959109914,-5.06183803147632,-58.935744839254));
#13728=CARTESIAN_POINT('Ctrl Pts',(42.0353562031657,-5.06183803147632,-56.9184144111797));
#13729=CARTESIAN_POINT('Ctrl Pts',(42.9999566478752,-5.06183803147632,-55.8440245985121));
#13730=CARTESIAN_POINT('Ctrl Pts',(44.5525715229222,-5.06183803147632,-53.3204884209348));
#13731=CARTESIAN_POINT('Ctrl Pts',(45.0550461794404,-5.06183803147632,-51.8109718702491));
#13732=CARTESIAN_POINT('Ctrl Pts',(45.9391336753044,-5.06183803147632,-47.2169340638253));
#13733=CARTESIAN_POINT('Ctrl Pts',(45.9813746342343,-5.06183803147632,-43.783095204585));
#13734=CARTESIAN_POINT('Ctrl Pts',(46.8937372617294,-5.06183803147632,-33.5733878277891));
#13735=CARTESIAN_POINT('Ctrl Pts',(47.6408299178673,-5.06183803147632,-29.063148318293));
#13736=CARTESIAN_POINT('Ctrl Pts',(48.2300611929863,-5.06183803147632,-24.6564620213495));
#13737=CARTESIAN_POINT('Ctrl Pts',(48.8622812740503,-5.06183803147632,-19.9282751692265));
#13738=CARTESIAN_POINT('Ctrl Pts',(49.3141072984913,-5.06183803147632,-15.3224412099303));
#13739=CARTESIAN_POINT('Ctrl Pts',(48.6032379187827,-5.06183803147632,-8.60616042141284));
#13740=CARTESIAN_POINT('Ctrl Pts',(48.0436062906116,-5.06183803147632,-6.2055942271312));
#13741=CARTESIAN_POINT('Ctrl Pts',(45.9636132497754,-5.06183803147632,-1.71537567030944));
#13742=CARTESIAN_POINT('Ctrl Pts',(44.541223735963,-5.06183803147632,0.22042089880576));
#13743=CARTESIAN_POINT('Ctrl Pts',(42.723060124923,-5.06183803147632,1.90855218833028));
#13744=CARTESIAN_POINT('Origin',(12.405994508271,-5.06183803147632,-26.8407003561539));
#13745=CARTESIAN_POINT('Ctrl Pts',(44.5478843904609,-7.16394274243632,3.8739378765438));
#13746=CARTESIAN_POINT('Ctrl Pts',(44.5478843904609,1.24447610140368,3.8739378765438));
#13747=CARTESIAN_POINT('Ctrl Pts',(46.3491347131002,-7.16394274243632,2.20151026252828));
#13748=CARTESIAN_POINT('Ctrl Pts',(46.3491347131002,1.24447610140368,2.20151026252828));
#13749=CARTESIAN_POINT('Ctrl Pts',(47.8045181950677,-7.16394274243632,0.304421988090449));
#13750=CARTESIAN_POINT('Ctrl Pts',(47.8045181950677,1.24447610140368,0.304421988090449));
#13751=CARTESIAN_POINT('Ctrl Pts',(48.8938779625968,-7.16394274243632,-1.73919316970645));
#13752=CARTESIAN_POINT('Ctrl Pts',(48.8938779625968,1.24447610140368,-1.73919316970645));
#13753=CARTESIAN_POINT('Ctrl Pts',(50.0893535496528,-7.16394274243632,-3.98187928985295));
#13754=CARTESIAN_POINT('Ctrl Pts',(50.0893535496528,1.24447610140368,-3.98187928985295));
#13755=CARTESIAN_POINT('Ctrl Pts',(50.8437971438962,-7.16394274243632,-6.39123169019346));
#13756=CARTESIAN_POINT('Ctrl Pts',(50.8437971438962,1.24447610140368,-6.39123169019346));
#13757=CARTESIAN_POINT('Ctrl Pts',(51.26508946924,-7.16394274243632,-8.85123642516628));
#13758=CARTESIAN_POINT('Ctrl Pts',(51.26508946924,1.24447610140368,-8.85123642516628));
#13759=CARTESIAN_POINT('Ctrl Pts',(51.8699509391996,-7.16394274243632,-12.3831357515752));
#13760=CARTESIAN_POINT('Ctrl Pts',(51.8699509391996,1.24447610140368,-12.3831357515752));
#13761=CARTESIAN_POINT('Ctrl Pts',(51.8066060151749,-7.16394274243632,-16.0199849028871));
#13762=CARTESIAN_POINT('Ctrl Pts',(51.8066060151749,1.24447610140368,-16.0199849028871));
#13763=CARTESIAN_POINT('Ctrl Pts',(51.5017980325835,-7.16394274243632,-19.5940782903513));
#13764=CARTESIAN_POINT('Ctrl Pts',(51.5017980325835,1.24447610140368,-19.5940782903513));
#13765=CARTESIAN_POINT('Ctrl Pts',(51.2427146105041,-7.16394274243632,-22.6320182346497));
#13766=CARTESIAN_POINT('Ctrl Pts',(51.2427146105041,1.24447610140368,-22.6320182346497));
#13767=CARTESIAN_POINT('Ctrl Pts',(50.8112583909977,-7.16394274243632,-25.6279944991598));
#13768=CARTESIAN_POINT('Ctrl Pts',(50.8112583909977,1.24447610140368,-25.6279944991598));
#13769=CARTESIAN_POINT('Ctrl Pts',(50.4018646449121,-7.16394274243632,-28.4987572722662));
#13770=CARTESIAN_POINT('Ctrl Pts',(50.4018646449121,1.24447610140368,-28.4987572722662));
#13771=CARTESIAN_POINT('Ctrl Pts',(50.0429871621546,-7.16394274243632,-31.0152884295124));
#13772=CARTESIAN_POINT('Ctrl Pts',(50.0429871621546,1.24447610140368,-31.0152884295124));
#13773=CARTESIAN_POINT('Ctrl Pts',(49.701908961874,-7.16394274243632,-33.433660025685));
#13774=CARTESIAN_POINT('Ctrl Pts',(49.701908961874,1.24447610140368,-33.433660025685));
#13775=CARTESIAN_POINT('Ctrl Pts',(49.4386898479383,-7.16394274243632,-35.7195592285588));
#13776=CARTESIAN_POINT('Ctrl Pts',(49.4386898479383,1.24447610140368,-35.7195592285588));
#13777=CARTESIAN_POINT('Ctrl Pts',(49.1735162406125,-7.16394274243632,-38.0224320273682));
#13778=CARTESIAN_POINT('Ctrl Pts',(49.1735162406125,1.24447610140368,-38.0224320273682));
#13779=CARTESIAN_POINT('Ctrl Pts',(48.9891313849716,-7.16394274243632,-40.1900563055548));
#13780=CARTESIAN_POINT('Ctrl Pts',(48.9891313849716,1.24447610140368,-40.1900563055548));
#13781=CARTESIAN_POINT('Ctrl Pts',(48.8443442365569,-7.16394274243632,-42.2410756375977));
#13782=CARTESIAN_POINT('Ctrl Pts',(48.8443442365569,1.24447610140368,-42.2410756375977));
#13783=CARTESIAN_POINT('Ctrl Pts',(48.6985636206366,-7.16394274243632,-44.3061681873393));
#13784=CARTESIAN_POINT('Ctrl Pts',(48.6985636206366,1.24447610140368,-44.3061681873393));
#13785=CARTESIAN_POINT('Ctrl Pts',(48.5924877346284,-7.16394274243632,-46.2546051332563));
#13786=CARTESIAN_POINT('Ctrl Pts',(48.5924877346284,1.24447610140368,-46.2546051332563));
#13787=CARTESIAN_POINT('Ctrl Pts',(48.3815447258407,-7.16394274243632,-48.1413924664884));
#13788=CARTESIAN_POINT('Ctrl Pts',(48.3815447258407,1.24447610140368,-48.1413924664884));
#13789=CARTESIAN_POINT('Ctrl Pts',(48.2057714546717,-7.16394274243632,-49.7136028159485));
#13790=CARTESIAN_POINT('Ctrl Pts',(48.2057714546717,1.24447610140368,-49.7136028159485));
#13791=CARTESIAN_POINT('Ctrl Pts',(47.9545069387406,-7.16394274243632,-51.2491373874224));
#13792=CARTESIAN_POINT('Ctrl Pts',(47.9545069387406,1.24447610140368,-51.2491373874224));
#13793=CARTESIAN_POINT('Ctrl Pts',(47.4892779092485,-7.16394274243632,-52.7538570805222));
#13794=CARTESIAN_POINT('Ctrl Pts',(47.4892779092485,1.24447610140368,-52.7538570805222));
#13795=CARTESIAN_POINT('Ctrl Pts',(47.073379323287,-7.16394274243632,-54.0990241981284));
#13796=CARTESIAN_POINT('Ctrl Pts',(47.073379323287,1.24447610140368,-54.0990241981284));
#13797=CARTESIAN_POINT('Ctrl Pts',(46.477404192361,-7.16394274243632,-55.4183991222501));
#13798=CARTESIAN_POINT('Ctrl Pts',(46.477404192361,1.24447610140368,-55.4183991222501));
#13799=CARTESIAN_POINT('Ctrl Pts',(45.6387708003966,-7.16394274243632,-56.6423503804067));
#13800=CARTESIAN_POINT('Ctrl Pts',(45.6387708003966,1.24447610140368,-56.6423503804067));
#13801=CARTESIAN_POINT('Ctrl Pts',(44.7548718812877,-7.16394274243632,-57.9323648306927));
#13802=CARTESIAN_POINT('Ctrl Pts',(44.7548718812877,1.24447610140368,-57.9323648306927));
#13803=CARTESIAN_POINT('Ctrl Pts',(43.6078353237174,-7.16394274243632,-59.1039301664015));
#13804=CARTESIAN_POINT('Ctrl Pts',(43.6078353237174,1.24447610140368,-59.1039301664015));
#13805=CARTESIAN_POINT('Ctrl Pts',(42.2245736495892,-7.16394274243632,-60.127332660494));
#13806=CARTESIAN_POINT('Ctrl Pts',(42.2245736495892,1.24447610140368,-60.127332660494));
#13807=CARTESIAN_POINT('Ctrl Pts',(40.1177827283599,-7.16394274243632,-61.6860363560013));
#13808=CARTESIAN_POINT('Ctrl Pts',(40.1177827283599,1.24447610140368,-61.6860363560013));
#13809=CARTESIAN_POINT('Ctrl Pts',(37.4648735972185,-7.16394274243632,-62.9245454971564));
#13810=CARTESIAN_POINT('Ctrl Pts',(37.4648735972185,1.24447610140368,-62.9245454971564));
#13811=CARTESIAN_POINT('Ctrl Pts',(34.3229738290731,-7.16394274243632,-63.9373672786071));
#13812=CARTESIAN_POINT('Ctrl Pts',(34.3229738290731,1.24447610140368,-63.9373672786071));
#13813=CARTESIAN_POINT('Ctrl Pts',(31.4791929236868,-7.16394274243632,-64.8540875609824));
#13814=CARTESIAN_POINT('Ctrl Pts',(31.4791929236868,1.24447610140368,-64.8540875609824));
#13815=CARTESIAN_POINT('Ctrl Pts',(28.2308867958313,-7.16394274243632,-65.5836215680378));
#13816=CARTESIAN_POINT('Ctrl Pts',(28.2308867958313,1.24447610140368,-65.5836215680378));
#13817=CARTESIAN_POINT('Ctrl Pts',(24.7221311664263,-7.16394274243632,-66.1264748628943));
#13818=CARTESIAN_POINT('Ctrl Pts',(24.7221311664263,1.24447610140368,-66.1264748628943));
#13819=CARTESIAN_POINT('Ctrl Pts',(19.728839563077,-7.16394274243632,-66.8990065195139));
#13820=CARTESIAN_POINT('Ctrl Pts',(19.728839563077,1.24447610140368,-66.8990065195139));
#13821=CARTESIAN_POINT('Ctrl Pts',(14.2123516520108,-7.16394274243632,-67.2907952596202));
#13822=CARTESIAN_POINT('Ctrl Pts',(14.2123516520108,1.24447610140368,-67.2907952596202));
#13823=CARTESIAN_POINT('Ctrl Pts',(8.8341684835522,-7.16394274243632,-67.2207759684711));
#13824=CARTESIAN_POINT('Ctrl Pts',(8.8341684835522,1.24447610140368,-67.2207759684711));
#13825=CARTESIAN_POINT('Ctrl Pts',(4.51021736991942,-7.16394274243632,-67.1644818664562));
#13826=CARTESIAN_POINT('Ctrl Pts',(4.51021736991942,1.24447610140368,-67.1644818664562));
#13827=CARTESIAN_POINT('Ctrl Pts',(0.28751128582589,-7.16394274243632,-66.8091990389471));
#13828=CARTESIAN_POINT('Ctrl Pts',(0.28751128582589,1.24447610140368,-66.8091990389471));
#13829=CARTESIAN_POINT('Ctrl Pts',(-3.52444839097912,-7.16394274243632,
-66.0981296095484));
#13830=CARTESIAN_POINT('Ctrl Pts',(-3.52444839097912,1.24447610140368,-66.0981296095484));
#13831=CARTESIAN_POINT('Ctrl Pts',(-7.09816058798381,-7.16394274243632,
-65.4315020194871));
#13832=CARTESIAN_POINT('Ctrl Pts',(-7.09816058798381,1.24447610140368,-65.4315020194871));
#13833=CARTESIAN_POINT('Ctrl Pts',(-10.3115385027934,-7.16394274243632,
-64.4546140624603));
#13834=CARTESIAN_POINT('Ctrl Pts',(-10.3115385027934,1.24447610140368,-64.4546140624603));
#13835=CARTESIAN_POINT('Ctrl Pts',(-13.0154514813161,-7.16394274243632,
-63.0831065999488));
#13836=CARTESIAN_POINT('Ctrl Pts',(-13.0154514813161,1.24447610140368,-63.0831065999488));
#13837=CARTESIAN_POINT('Ctrl Pts',(-14.9076648087101,-7.16394274243632,
-62.1233180565311));
#13838=CARTESIAN_POINT('Ctrl Pts',(-14.9076648087101,1.24447610140368,-62.1233180565311));
#13839=CARTESIAN_POINT('Ctrl Pts',(-16.5548737494584,-7.16394274243632,
-60.9625848955349));
#13840=CARTESIAN_POINT('Ctrl Pts',(-16.5548737494584,1.24447610140368,-60.9625848955349));
#13841=CARTESIAN_POINT('Ctrl Pts',(-17.8988793691801,-7.16394274243632,
-59.5963375566234));
#13842=CARTESIAN_POINT('Ctrl Pts',(-17.8988793691801,1.24447610140368,-59.5963375566234));
#13843=CARTESIAN_POINT('Ctrl Pts',(-19.1319518254567,-7.16394274243632,
-58.3428591951104));
#13844=CARTESIAN_POINT('Ctrl Pts',(-19.1319518254567,1.24447610140368,-58.3428591951104));
#13845=CARTESIAN_POINT('Ctrl Pts',(-20.100475687136,-7.16394274243632,-56.9184252220627));
#13846=CARTESIAN_POINT('Ctrl Pts',(-20.100475687136,1.24447610140368,-56.9184252220627));
#13847=CARTESIAN_POINT('Ctrl Pts',(-20.8034132321527,-7.16394274243632,
-55.4054420227715));
#13848=CARTESIAN_POINT('Ctrl Pts',(-20.8034132321527,1.24447610140368,-55.4054420227715));
#13849=CARTESIAN_POINT('Ctrl Pts',(-21.6076629537211,-7.16394274243632,
-53.6743973156079));
#13850=CARTESIAN_POINT('Ctrl Pts',(-21.6076629537211,1.24447610140368,-53.6743973156079));
#13851=CARTESIAN_POINT('Ctrl Pts',(-22.0698609627005,-7.16394274243632,
-51.8402263928966));
#13852=CARTESIAN_POINT('Ctrl Pts',(-22.0698609627005,1.24447610140368,-51.8402263928966));
#13853=CARTESIAN_POINT('Ctrl Pts',(-22.3316433723704,-7.16394274243632,
-49.9811120698652));
#13854=CARTESIAN_POINT('Ctrl Pts',(-22.3316433723704,1.24447610140368,-49.9811120698652));
#13855=CARTESIAN_POINT('Ctrl Pts',(-22.672860150416,-7.16394274243632,-47.5578743889107));
#13856=CARTESIAN_POINT('Ctrl Pts',(-22.672860150416,1.24447610140368,-47.5578743889107));
#13857=CARTESIAN_POINT('Ctrl Pts',(-22.6878069349261,-7.16394274243632,
-45.0813068657317));
#13858=CARTESIAN_POINT('Ctrl Pts',(-22.6878069349261,1.24447610140368,-45.0813068657317));
#13859=CARTESIAN_POINT('Ctrl Pts',(-22.6633196951567,-7.16394274243632,
-42.5821256532375));
#13860=CARTESIAN_POINT('Ctrl Pts',(-22.6633196951567,1.24447610140368,-42.5821256532375));
#13861=CARTESIAN_POINT('Ctrl Pts',(-22.6401582471251,-7.16394274243632,
-40.218255477602));
#13862=CARTESIAN_POINT('Ctrl Pts',(-22.6401582471251,1.24447610140368,-40.218255477602));
#13863=CARTESIAN_POINT('Ctrl Pts',(-22.581451348068,-7.16394274243632,-37.8335041553027));
#13864=CARTESIAN_POINT('Ctrl Pts',(-22.581451348068,1.24447610140368,-37.8335041553027));
#13865=CARTESIAN_POINT('Ctrl Pts',(-22.6391534227547,-7.16394274243632,
-35.4529353294094));
#13866=CARTESIAN_POINT('Ctrl Pts',(-22.6391534227547,1.24447610140368,-35.4529353294094));
#13867=CARTESIAN_POINT('Ctrl Pts',(-22.6941596828555,-7.16394274243632,
-33.183585592227));
#13868=CARTESIAN_POINT('Ctrl Pts',(-22.6941596828555,1.24447610140368,-33.183585592227));
#13869=CARTESIAN_POINT('Ctrl Pts',(-22.8563051818098,-7.16394274243632,
-30.9192807686156));
#13870=CARTESIAN_POINT('Ctrl Pts',(-22.8563051818098,1.24447610140368,-30.9192807686156));
#13871=CARTESIAN_POINT('Ctrl Pts',(-23.1617708852713,-7.16394274243632,
-28.6610672181024));
#13872=CARTESIAN_POINT('Ctrl Pts',(-23.1617708852713,1.24447610140368,-28.6610672181024));
#13873=CARTESIAN_POINT('Ctrl Pts',(-23.4786252711028,-7.16394274243632,
-26.3186606581651));
#13874=CARTESIAN_POINT('Ctrl Pts',(-23.4786252711028,1.24447610140368,-26.3186606581651));
#13875=CARTESIAN_POINT('Ctrl Pts',(-23.949488963065,-7.16394274243632,-23.9808589493835));
#13876=CARTESIAN_POINT('Ctrl Pts',(-23.949488963065,1.24447610140368,-23.9808589493835));
#13877=CARTESIAN_POINT('Ctrl Pts',(-24.4920741292002,-7.16394274243632,
-21.6488246003503));
#13878=CARTESIAN_POINT('Ctrl Pts',(-24.4920741292002,1.24447610140368,-21.6488246003503));
#13879=CARTESIAN_POINT('Ctrl Pts',(-25.0716704237833,-7.16394274243632,
-19.1577161958068));
#13880=CARTESIAN_POINT('Ctrl Pts',(-25.0716704237833,1.24447610140368,-19.1577161958068));
#13881=CARTESIAN_POINT('Ctrl Pts',(-25.7315731564402,-7.16394274243632,
-16.6753819226632));
#13882=CARTESIAN_POINT('Ctrl Pts',(-25.7315731564402,1.24447610140368,-16.6753819226632));
#13883=CARTESIAN_POINT('Ctrl Pts',(-26.2465815297303,-7.16394274243632,
-14.1961556933299));
#13884=CARTESIAN_POINT('Ctrl Pts',(-26.2465815297303,1.24447610140368,-14.1961556933299));
#13885=CARTESIAN_POINT('Ctrl Pts',(-26.7114728123869,-7.16394274243632,
-11.9581907950357));
#13886=CARTESIAN_POINT('Ctrl Pts',(-26.7114728123869,1.24447610140368,-11.9581907950357));
#13887=CARTESIAN_POINT('Ctrl Pts',(-27.0579619226576,-7.16394274243632,
-9.71836172438876));
#13888=CARTESIAN_POINT('Ctrl Pts',(-27.0579619226576,1.24447610140368,-9.71836172438876));
#13889=CARTESIAN_POINT('Ctrl Pts',(-27.0438166111612,-7.16394274243632,
-7.46835644734727));
#13890=CARTESIAN_POINT('Ctrl Pts',(-27.0438166111612,1.24447610140368,-7.46835644734727));
#13891=CARTESIAN_POINT('Ctrl Pts',(-27.0332379530848,-7.16394274243632,
-5.78567618243775));
#13892=CARTESIAN_POINT('Ctrl Pts',(-27.0332379530848,1.24447610140368,-5.78567618243775));
#13893=CARTESIAN_POINT('Ctrl Pts',(-26.8135816472759,-7.16394274243632,
-4.09355084359824));
#13894=CARTESIAN_POINT('Ctrl Pts',(-26.8135816472759,1.24447610140368,-4.09355084359824));
#13895=CARTESIAN_POINT('Ctrl Pts',(-26.2839413386184,-7.16394274243632,
-2.45293726672732));
#13896=CARTESIAN_POINT('Ctrl Pts',(-26.2839413386184,1.24447610140368,-2.45293726672732));
#13897=CARTESIAN_POINT('Ctrl Pts',(-25.7582295697891,-7.16394274243632,
-0.824492733024205));
#13898=CARTESIAN_POINT('Ctrl Pts',(-25.7582295697891,1.24447610140368,-0.824492733024205));
#13899=CARTESIAN_POINT('Ctrl Pts',(-24.9238021462915,-7.16394274243632,
0.742171492780863));
#13900=CARTESIAN_POINT('Ctrl Pts',(-24.9238021462915,1.24447610140368,0.742171492780863));
#13901=CARTESIAN_POINT('Ctrl Pts',(-23.7887326490323,-7.16394274243632,
2.16581520044484));
#13902=CARTESIAN_POINT('Ctrl Pts',(-23.7887326490323,1.24447610140368,2.16581520044484));
#13903=CARTESIAN_POINT('Ctrl Pts',(-22.2855920418242,-7.16394274243632,
4.05110651727899));
#13904=CARTESIAN_POINT('Ctrl Pts',(-22.2855920418242,1.24447610140368,4.05110651727899));
#13905=CARTESIAN_POINT('Ctrl Pts',(-20.2712500852448,-7.16394274243632,
5.68487181860906));
#13906=CARTESIAN_POINT('Ctrl Pts',(-20.2712500852448,1.24447610140368,5.68487181860906));
#13907=CARTESIAN_POINT('Ctrl Pts',(-17.8386997821155,-7.16394274243632,
7.0776829873365));
#13908=CARTESIAN_POINT('Ctrl Pts',(-17.8386997821155,1.24447610140368,7.0776829873365));
#13909=CARTESIAN_POINT('Ctrl Pts',(-15.0470340135745,-7.16394274243632,
8.67611376049507));
#13910=CARTESIAN_POINT('Ctrl Pts',(-15.0470340135745,1.24447610140368,8.67611376049507));
#13911=CARTESIAN_POINT('Ctrl Pts',(-11.6934806941261,-7.16394274243632,
9.97136885991434));
#13912=CARTESIAN_POINT('Ctrl Pts',(-11.6934806941261,1.24447610140368,9.97136885991434));
#13913=CARTESIAN_POINT('Ctrl Pts',(-7.9283035027367,-7.16394274243632,10.9755946819431));
#13914=CARTESIAN_POINT('Ctrl Pts',(-7.9283035027367,1.24447610140368,10.9755946819431));
#13915=CARTESIAN_POINT('Ctrl Pts',(-3.55177119758952,-7.16394274243632,
12.1428775290355));
#13916=CARTESIAN_POINT('Ctrl Pts',(-3.55177119758952,1.24447610140368,12.1428775290355));
#13917=CARTESIAN_POINT('Ctrl Pts',(1.3815647513117,-7.16394274243632,12.9122968324123));
#13918=CARTESIAN_POINT('Ctrl Pts',(1.3815647513117,1.24447610140368,12.9122968324123));
#13919=CARTESIAN_POINT('Ctrl Pts',(6.48266413358729,-7.16394274243632,13.2358958166994));
#13920=CARTESIAN_POINT('Ctrl Pts',(6.48266413358729,1.24447610140368,13.2358958166994));
#13921=CARTESIAN_POINT('Ctrl Pts',(12.3703653827363,-7.16394274243632,13.6093945473124));
#13922=CARTESIAN_POINT('Ctrl Pts',(12.3703653827363,1.24447610140368,13.6093945473124));
#13923=CARTESIAN_POINT('Ctrl Pts',(18.4655037116608,-7.16394274243632,13.3856677385024));
#13924=CARTESIAN_POINT('Ctrl Pts',(18.4655037116608,1.24447610140368,13.3856677385024));
#13925=CARTESIAN_POINT('Ctrl Pts',(24.1062579782508,-7.16394274243632,12.4883076051413));
#13926=CARTESIAN_POINT('Ctrl Pts',(24.1062579782508,1.24447610140368,12.4883076051413));
#13927=CARTESIAN_POINT('Ctrl Pts',(28.845675247689,-7.16394274243632,11.7343367863543));
#13928=CARTESIAN_POINT('Ctrl Pts',(28.845675247689,1.24447610140368,11.7343367863543));
#13929=CARTESIAN_POINT('Ctrl Pts',(33.2607516665866,-7.16394274243632,10.5061598731353));
#13930=CARTESIAN_POINT('Ctrl Pts',(33.2607516665866,1.24447610140368,10.5061598731353));
#13931=CARTESIAN_POINT('Ctrl Pts',(37.0562367609174,-7.16394274243632,8.76015053673949));
#13932=CARTESIAN_POINT('Ctrl Pts',(37.0562367609174,1.24447610140368,8.76015053673949));
#13933=CARTESIAN_POINT('Ctrl Pts',(39.9399823380362,-7.16394274243632,7.43356208327399));
#13934=CARTESIAN_POINT('Ctrl Pts',(39.9399823380362,1.24447610140368,7.43356208327399));
#13935=CARTESIAN_POINT('Ctrl Pts',(42.4702843949893,-7.16394274243632,5.80295105124472));
#13936=CARTESIAN_POINT('Ctrl Pts',(42.4702843949893,1.24447610140368,5.80295105124472));
#13937=CARTESIAN_POINT('Ctrl Pts',(44.547884390461,-7.16394274243632,3.87393787654374));
#13938=CARTESIAN_POINT('Ctrl Pts',(44.547884390461,1.24447610140368,3.87393787654374));
#13939=CARTESIAN_POINT('',(44.5478843904609,-7.16394274243632,3.87393787654378));
#13940=CARTESIAN_POINT('',(44.5478843904609,-7.16394274243632,3.87393787654378));
#13941=CARTESIAN_POINT('Ctrl Pts',(44.5478843904609,-7.16394274243632,3.8739378765438));
#13942=CARTESIAN_POINT('Ctrl Pts',(46.3491347131002,-7.16394274243632,2.20151026252828));
#13943=CARTESIAN_POINT('Ctrl Pts',(47.8045181950677,-7.16394274243632,0.304421988090449));
#13944=CARTESIAN_POINT('Ctrl Pts',(48.8938779625968,-7.16394274243632,-1.73919316970645));
#13945=CARTESIAN_POINT('Ctrl Pts',(50.0893535496528,-7.16394274243632,-3.98187928985295));
#13946=CARTESIAN_POINT('Ctrl Pts',(50.8437971438962,-7.16394274243632,-6.39123169019346));
#13947=CARTESIAN_POINT('Ctrl Pts',(51.26508946924,-7.16394274243632,-8.85123642516628));
#13948=CARTESIAN_POINT('Ctrl Pts',(51.8699509391996,-7.16394274243632,-12.3831357515752));
#13949=CARTESIAN_POINT('Ctrl Pts',(51.8066060151749,-7.16394274243632,-16.0199849028871));
#13950=CARTESIAN_POINT('Ctrl Pts',(51.5017980325835,-7.16394274243632,-19.5940782903513));
#13951=CARTESIAN_POINT('Ctrl Pts',(51.2427146105041,-7.16394274243632,-22.6320182346497));
#13952=CARTESIAN_POINT('Ctrl Pts',(50.8112583909977,-7.16394274243632,-25.6279944991598));
#13953=CARTESIAN_POINT('Ctrl Pts',(50.4018646449121,-7.16394274243632,-28.4987572722662));
#13954=CARTESIAN_POINT('Ctrl Pts',(50.0429871621546,-7.16394274243632,-31.0152884295124));
#13955=CARTESIAN_POINT('Ctrl Pts',(49.701908961874,-7.16394274243632,-33.433660025685));
#13956=CARTESIAN_POINT('Ctrl Pts',(49.4386898479383,-7.16394274243632,-35.7195592285588));
#13957=CARTESIAN_POINT('Ctrl Pts',(49.1735162406125,-7.16394274243632,-38.0224320273682));
#13958=CARTESIAN_POINT('Ctrl Pts',(48.9891313849716,-7.16394274243632,-40.1900563055548));
#13959=CARTESIAN_POINT('Ctrl Pts',(48.8443442365569,-7.16394274243632,-42.2410756375977));
#13960=CARTESIAN_POINT('Ctrl Pts',(48.6985636206366,-7.16394274243632,-44.3061681873393));
#13961=CARTESIAN_POINT('Ctrl Pts',(48.5924877346284,-7.16394274243632,-46.2546051332563));
#13962=CARTESIAN_POINT('Ctrl Pts',(48.3815447258407,-7.16394274243632,-48.1413924664884));
#13963=CARTESIAN_POINT('Ctrl Pts',(48.2057714546717,-7.16394274243632,-49.7136028159485));
#13964=CARTESIAN_POINT('Ctrl Pts',(47.9545069387406,-7.16394274243632,-51.2491373874224));
#13965=CARTESIAN_POINT('Ctrl Pts',(47.4892779092485,-7.16394274243632,-52.7538570805222));
#13966=CARTESIAN_POINT('Ctrl Pts',(47.073379323287,-7.16394274243632,-54.0990241981284));
#13967=CARTESIAN_POINT('Ctrl Pts',(46.477404192361,-7.16394274243632,-55.4183991222501));
#13968=CARTESIAN_POINT('Ctrl Pts',(45.6387708003966,-7.16394274243632,-56.6423503804067));
#13969=CARTESIAN_POINT('Ctrl Pts',(44.7548718812877,-7.16394274243632,-57.9323648306927));
#13970=CARTESIAN_POINT('Ctrl Pts',(43.6078353237174,-7.16394274243632,-59.1039301664015));
#13971=CARTESIAN_POINT('Ctrl Pts',(42.2245736495892,-7.16394274243632,-60.127332660494));
#13972=CARTESIAN_POINT('Ctrl Pts',(40.1177827283599,-7.16394274243632,-61.6860363560013));
#13973=CARTESIAN_POINT('Ctrl Pts',(37.4648735972185,-7.16394274243632,-62.9245454971564));
#13974=CARTESIAN_POINT('Ctrl Pts',(34.3229738290731,-7.16394274243632,-63.9373672786071));
#13975=CARTESIAN_POINT('Ctrl Pts',(31.4791929236868,-7.16394274243632,-64.8540875609824));
#13976=CARTESIAN_POINT('Ctrl Pts',(28.2308867958313,-7.16394274243632,-65.5836215680378));
#13977=CARTESIAN_POINT('Ctrl Pts',(24.7221311664263,-7.16394274243632,-66.1264748628943));
#13978=CARTESIAN_POINT('Ctrl Pts',(19.728839563077,-7.16394274243632,-66.8990065195139));
#13979=CARTESIAN_POINT('Ctrl Pts',(14.2123516520108,-7.16394274243632,-67.2907952596202));
#13980=CARTESIAN_POINT('Ctrl Pts',(8.8341684835522,-7.16394274243632,-67.2207759684711));
#13981=CARTESIAN_POINT('Ctrl Pts',(4.51021736991942,-7.16394274243632,-67.1644818664562));
#13982=CARTESIAN_POINT('Ctrl Pts',(0.28751128582589,-7.16394274243632,-66.8091990389471));
#13983=CARTESIAN_POINT('Ctrl Pts',(-3.52444839097912,-7.16394274243632,
-66.0981296095484));
#13984=CARTESIAN_POINT('Ctrl Pts',(-7.09816058798381,-7.16394274243632,
-65.4315020194871));
#13985=CARTESIAN_POINT('Ctrl Pts',(-10.3115385027934,-7.16394274243632,
-64.4546140624603));
#13986=CARTESIAN_POINT('Ctrl Pts',(-13.0154514813161,-7.16394274243632,
-63.0831065999488));
#13987=CARTESIAN_POINT('Ctrl Pts',(-14.9076648087101,-7.16394274243632,
-62.1233180565311));
#13988=CARTESIAN_POINT('Ctrl Pts',(-16.5548737494584,-7.16394274243632,
-60.9625848955349));
#13989=CARTESIAN_POINT('Ctrl Pts',(-17.8988793691801,-7.16394274243632,
-59.5963375566234));
#13990=CARTESIAN_POINT('Ctrl Pts',(-19.1319518254567,-7.16394274243632,
-58.3428591951104));
#13991=CARTESIAN_POINT('Ctrl Pts',(-20.100475687136,-7.16394274243632,-56.9184252220627));
#13992=CARTESIAN_POINT('Ctrl Pts',(-20.8034132321527,-7.16394274243632,
-55.4054420227715));
#13993=CARTESIAN_POINT('Ctrl Pts',(-21.6076629537211,-7.16394274243632,
-53.6743973156079));
#13994=CARTESIAN_POINT('Ctrl Pts',(-22.0698609627005,-7.16394274243632,
-51.8402263928966));
#13995=CARTESIAN_POINT('Ctrl Pts',(-22.3316433723704,-7.16394274243632,
-49.9811120698652));
#13996=CARTESIAN_POINT('Ctrl Pts',(-22.672860150416,-7.16394274243632,-47.5578743889107));
#13997=CARTESIAN_POINT('Ctrl Pts',(-22.6878069349261,-7.16394274243632,
-45.0813068657317));
#13998=CARTESIAN_POINT('Ctrl Pts',(-22.6633196951567,-7.16394274243632,
-42.5821256532375));
#13999=CARTESIAN_POINT('Ctrl Pts',(-22.6401582471251,-7.16394274243632,
-40.218255477602));
#14000=CARTESIAN_POINT('Ctrl Pts',(-22.581451348068,-7.16394274243632,-37.8335041553027));
#14001=CARTESIAN_POINT('Ctrl Pts',(-22.6391534227547,-7.16394274243632,
-35.4529353294094));
#14002=CARTESIAN_POINT('Ctrl Pts',(-22.6941596828555,-7.16394274243632,
-33.183585592227));
#14003=CARTESIAN_POINT('Ctrl Pts',(-22.8563051818098,-7.16394274243632,
-30.9192807686156));
#14004=CARTESIAN_POINT('Ctrl Pts',(-23.1617708852713,-7.16394274243632,
-28.6610672181024));
#14005=CARTESIAN_POINT('Ctrl Pts',(-23.4786252711028,-7.16394274243632,
-26.3186606581651));
#14006=CARTESIAN_POINT('Ctrl Pts',(-23.949488963065,-7.16394274243632,-23.9808589493835));
#14007=CARTESIAN_POINT('Ctrl Pts',(-24.4920741292002,-7.16394274243632,
-21.6488246003503));
#14008=CARTESIAN_POINT('Ctrl Pts',(-25.0716704237833,-7.16394274243632,
-19.1577161958068));
#14009=CARTESIAN_POINT('Ctrl Pts',(-25.7315731564402,-7.16394274243632,
-16.6753819226632));
#14010=CARTESIAN_POINT('Ctrl Pts',(-26.2465815297303,-7.16394274243632,
-14.1961556933299));
#14011=CARTESIAN_POINT('Ctrl Pts',(-26.7114728123869,-7.16394274243632,
-11.9581907950357));
#14012=CARTESIAN_POINT('Ctrl Pts',(-27.0579619226576,-7.16394274243632,
-9.71836172438876));
#14013=CARTESIAN_POINT('Ctrl Pts',(-27.0438166111612,-7.16394274243632,
-7.46835644734727));
#14014=CARTESIAN_POINT('Ctrl Pts',(-27.0332379530848,-7.16394274243632,
-5.78567618243775));
#14015=CARTESIAN_POINT('Ctrl Pts',(-26.8135816472759,-7.16394274243632,
-4.09355084359824));
#14016=CARTESIAN_POINT('Ctrl Pts',(-26.2839413386184,-7.16394274243632,
-2.45293726672732));
#14017=CARTESIAN_POINT('Ctrl Pts',(-25.7582295697891,-7.16394274243632,
-0.824492733024205));
#14018=CARTESIAN_POINT('Ctrl Pts',(-24.9238021462915,-7.16394274243632,
0.742171492780863));
#14019=CARTESIAN_POINT('Ctrl Pts',(-23.7887326490323,-7.16394274243632,
2.16581520044484));
#14020=CARTESIAN_POINT('Ctrl Pts',(-22.2855920418242,-7.16394274243632,
4.05110651727899));
#14021=CARTESIAN_POINT('Ctrl Pts',(-20.2712500852448,-7.16394274243632,
5.68487181860906));
#14022=CARTESIAN_POINT('Ctrl Pts',(-17.8386997821155,-7.16394274243632,
7.0776829873365));
#14023=CARTESIAN_POINT('Ctrl Pts',(-15.0470340135745,-7.16394274243632,
8.67611376049507));
#14024=CARTESIAN_POINT('Ctrl Pts',(-11.6934806941261,-7.16394274243632,
9.97136885991434));
#14025=CARTESIAN_POINT('Ctrl Pts',(-7.9283035027367,-7.16394274243632,10.9755946819431));
#14026=CARTESIAN_POINT('Ctrl Pts',(-3.55177119758952,-7.16394274243632,
12.1428775290355));
#14027=CARTESIAN_POINT('Ctrl Pts',(1.3815647513117,-7.16394274243632,12.9122968324123));
#14028=CARTESIAN_POINT('Ctrl Pts',(6.48266413358729,-7.16394274243632,13.2358958166994));
#14029=CARTESIAN_POINT('Ctrl Pts',(12.3703653827363,-7.16394274243632,13.6093945473124));
#14030=CARTESIAN_POINT('Ctrl Pts',(18.4655037116608,-7.16394274243632,13.3856677385024));
#14031=CARTESIAN_POINT('Ctrl Pts',(24.1062579782508,-7.16394274243632,12.4883076051413));
#14032=CARTESIAN_POINT('Ctrl Pts',(28.845675247689,-7.16394274243632,11.7343367863543));
#14033=CARTESIAN_POINT('Ctrl Pts',(33.2607516665866,-7.16394274243632,10.5061598731353));
#14034=CARTESIAN_POINT('Ctrl Pts',(37.0562367609174,-7.16394274243632,8.76015053673949));
#14035=CARTESIAN_POINT('Ctrl Pts',(39.9399823380362,-7.16394274243632,7.43356208327399));
#14036=CARTESIAN_POINT('Ctrl Pts',(42.4702843949893,-7.16394274243632,5.80295105124472));
#14037=CARTESIAN_POINT('Ctrl Pts',(44.547884390461,-7.16394274243632,3.87393787654374));
#14038=CARTESIAN_POINT('Origin',(12.405994508271,-7.16394274243632,-26.8407003561539));
#14039=CARTESIAN_POINT('Origin',(78.5977825899485,8.04506817662532,-93.0921511880294));
#14040=CARTESIAN_POINT('',(79.1207170557851,8.04506817662531,-99.06931948346));
#14041=CARTESIAN_POINT('',(78.5977825899485,8.04506817662532,-93.0921511880294));
#14042=CARTESIAN_POINT('',(79.0814969697937,8.04506817662531,-98.6210318492597));
#14043=CARTESIAN_POINT('',(79.1207170557851,11.0450681766253,-99.06931948346));
#14044=CARTESIAN_POINT('',(79.1207170557851,8.04506817662531,-99.06931948346));
#14045=CARTESIAN_POINT('',(78.5977825899486,11.0450681766253,-93.0921511880294));
#14046=CARTESIAN_POINT('',(79.1207170557851,11.0450681766253,-99.06931948346));
#14047=CARTESIAN_POINT('',(78.5977825899485,8.04506817662532,-93.0921511880294));
#14048=CARTESIAN_POINT('Origin',(78.2391524986354,8.04506817662533,-93.1235272554185));
#14049=CARTESIAN_POINT('',(78.2077764312463,8.04506817662533,-92.7648971641054));
#14050=CARTESIAN_POINT('Origin',(78.2391524986354,8.04506817662533,-93.1235272554185));
#14051=CARTESIAN_POINT('',(78.2077764312464,11.0450681766253,-92.7648971641055));
#14052=CARTESIAN_POINT('Origin',(78.2391524986355,11.0450681766253,-93.1235272554185));
#14053=CARTESIAN_POINT('',(78.2077764312463,8.04506817662533,-92.7648971641054));
#14054=CARTESIAN_POINT('Origin',(77.6100595856712,8.04506817662534,-92.8171906120918));
#14055=CARTESIAN_POINT('',(77.6100595856712,8.04506817662534,-92.8171906120918));
#14056=CARTESIAN_POINT('',(77.7594887970666,8.04506817662534,-92.804117250095));
#14057=CARTESIAN_POINT('',(77.6100595856713,11.0450681766253,-92.8171906120918));
#14058=CARTESIAN_POINT('',(78.2077764312464,11.0450681766253,-92.7648971641055));
#14059=CARTESIAN_POINT('',(77.6100595856712,8.04506817662534,-92.8171906120918));
#14060=CARTESIAN_POINT('Origin',(77.6414356530604,8.04506817662534,-93.1758207034048));
#14061=CARTESIAN_POINT('',(77.2828055617474,8.04506817662535,-93.207196770794));
#14062=CARTESIAN_POINT('Origin',(77.6414356530604,8.04506817662534,-93.1758207034048));
#14063=CARTESIAN_POINT('',(77.2828055617474,11.0450681766254,-93.207196770794));
#14064=CARTESIAN_POINT('Origin',(77.6414356530605,11.0450681766253,-93.1758207034049));
#14065=CARTESIAN_POINT('',(77.2828055617474,8.04506817662535,-93.207196770794));
#14066=CARTESIAN_POINT('Origin',(77.8057400275839,8.04506817662534,-99.1843650662245));
#14067=CARTESIAN_POINT('',(77.8057400275839,8.04506817662534,-99.1843650662245));
#14068=CARTESIAN_POINT('',(78.0279871745109,8.04506817662533,-101.72466157974));
#14069=CARTESIAN_POINT('',(77.805740027584,11.0450681766253,-99.1843650662246));
#14070=CARTESIAN_POINT('',(77.2828055617474,11.0450681766254,-93.207196770794));
#14071=CARTESIAN_POINT('',(77.8057400275839,8.04506817662534,-99.1843650662245));
#14072=CARTESIAN_POINT('Origin',(78.164370118897,8.04506817662533,-99.1529889988354));
#14073=CARTESIAN_POINT('',(78.1957461862861,8.04506817662533,-99.5116190901484));
#14074=CARTESIAN_POINT('Origin',(78.164370118897,8.04506817662533,-99.1529889988354));
#14075=CARTESIAN_POINT('',(78.1957461862862,11.0450681766253,-99.5116190901484));
#14076=CARTESIAN_POINT('Origin',(78.1643701188971,11.0450681766253,-99.1529889988354));
#14077=CARTESIAN_POINT('',(78.1957461862861,8.04506817662533,-99.5116190901484));
#14078=CARTESIAN_POINT('Origin',(78.7934630318612,8.04506817662531,-99.4593256421621));
#14079=CARTESIAN_POINT('',(78.7934630318612,8.04506817662531,-99.4593256421621));
#14080=CARTESIAN_POINT('',(78.644033820469,8.04506817662532,-99.4723990041585));
#14081=CARTESIAN_POINT('',(78.7934630318613,11.0450681766253,-99.4593256421621));
#14082=CARTESIAN_POINT('',(78.1957461862862,11.0450681766253,-99.5116190901484));
#14083=CARTESIAN_POINT('',(78.7934630318612,8.04506817662531,-99.4593256421621));
#14084=CARTESIAN_POINT('Origin',(78.762086964472,8.04506817662531,-99.1006955508491));
#14085=CARTESIAN_POINT('Origin',(78.762086964472,8.04506817662531,-99.1006955508491));
#14086=CARTESIAN_POINT('Origin',(78.7620869644721,11.0450681766253,-99.1006955508492));
#14087=CARTESIAN_POINT('Origin',(78.2017613087663,11.0450681766253,-96.138258127127));
#14088=CARTESIAN_POINT('Origin',(80.088145790933,8.04506817662528,-110.127080525398));
#14089=CARTESIAN_POINT('',(80.6110802567696,8.04506817662526,-116.104248820829));
#14090=CARTESIAN_POINT('',(80.088145790933,8.04506817662528,-110.127080525398));
#14091=CARTESIAN_POINT('',(79.826678570286,8.04506817662529,-107.138496517944));
#14092=CARTESIAN_POINT('',(80.6110802567697,11.0450681766253,-116.104248820829));
#14093=CARTESIAN_POINT('',(80.6110802567696,8.04506817662526,-116.104248820829));
#14094=CARTESIAN_POINT('',(80.0881457909331,11.0450681766253,-110.127080525398));
#14095=CARTESIAN_POINT('',(80.6110802567697,11.0450681766253,-116.104248820829));
#14096=CARTESIAN_POINT('',(80.088145790933,8.04506817662528,-110.127080525398));
#14097=CARTESIAN_POINT('Origin',(79.72951569962,8.04506817662529,-110.158456592787));
#14098=CARTESIAN_POINT('',(79.6981396322308,8.04506817662529,-109.799826501474));
#14099=CARTESIAN_POINT('Origin',(79.72951569962,8.04506817662529,-110.158456592787));
#14100=CARTESIAN_POINT('',(79.6981396322309,11.0450681766253,-109.799826501474));
#14101=CARTESIAN_POINT('Origin',(79.7295156996201,11.0450681766253,-110.158456592787));
#14102=CARTESIAN_POINT('',(79.6981396322308,8.04506817662529,-109.799826501474));
#14103=CARTESIAN_POINT('Origin',(79.1004227866558,8.0450681766253,-109.852119949461));
#14104=CARTESIAN_POINT('',(79.1004227866558,8.0450681766253,-109.852119949461));
#14105=CARTESIAN_POINT('',(79.2498519980512,8.0450681766253,-109.839046587464));
#14106=CARTESIAN_POINT('',(79.1004227866558,11.0450681766253,-109.852119949461));
#14107=CARTESIAN_POINT('',(79.6981396322309,11.0450681766253,-109.799826501474));
#14108=CARTESIAN_POINT('',(79.1004227866558,8.0450681766253,-109.852119949461));
#14109=CARTESIAN_POINT('Origin',(79.1317988540449,8.0450681766253,-110.210750040774));
#14110=CARTESIAN_POINT('',(78.7731687627319,8.04506817662531,-110.242126108163));
#14111=CARTESIAN_POINT('Origin',(79.1317988540449,8.0450681766253,-110.210750040774));
#14112=CARTESIAN_POINT('',(78.773168762732,11.0450681766253,-110.242126108163));
#14113=CARTESIAN_POINT('Origin',(79.131798854045,11.0450681766253,-110.210750040774));
#14114=CARTESIAN_POINT('',(78.7731687627319,8.04506817662531,-110.242126108163));
#14115=CARTESIAN_POINT('Origin',(79.2961032285685,8.0450681766253,-116.219294403593));
#14116=CARTESIAN_POINT('',(79.2961032285685,8.0450681766253,-116.219294403593));
#14117=CARTESIAN_POINT('',(78.7731687750032,8.04506817662531,-110.242126248424));
#14118=CARTESIAN_POINT('',(79.2961032285686,11.0450681766253,-116.219294403593));
#14119=CARTESIAN_POINT('',(78.773168762732,11.0450681766253,-110.242126108163));
#14120=CARTESIAN_POINT('',(79.2961032285685,8.0450681766253,-116.219294403593));
#14121=CARTESIAN_POINT('Origin',(79.6547333198815,8.04506817662529,-116.187918336204));
#14122=CARTESIAN_POINT('',(79.6861093872707,8.04506817662529,-116.546548427517));
#14123=CARTESIAN_POINT('Origin',(79.6547333198815,8.04506817662529,-116.187918336204));
#14124=CARTESIAN_POINT('',(79.6861093872707,11.0450681766253,-116.546548427517));
#14125=CARTESIAN_POINT('Origin',(79.6547333198816,11.0450681766253,-116.187918336204));
#14126=CARTESIAN_POINT('',(79.6861093872707,8.04506817662529,-116.546548427517));
#14127=CARTESIAN_POINT('Origin',(80.2838262328457,8.04506817662527,-116.494254979531));
#14128=CARTESIAN_POINT('',(80.2838262328457,8.04506817662527,-116.494254979531));
#14129=CARTESIAN_POINT('',(80.1343970214536,8.04506817662528,-116.507328341527));
#14130=CARTESIAN_POINT('',(80.2838262328458,11.0450681766253,-116.494254979531));
#14131=CARTESIAN_POINT('',(79.6861093872707,11.0450681766253,-116.546548427517));
#14132=CARTESIAN_POINT('',(80.2838262328457,8.04506817662527,-116.494254979531));
#14133=CARTESIAN_POINT('Origin',(80.2524501654566,8.04506817662527,-116.135624888218));
#14134=CARTESIAN_POINT('Origin',(80.2524501654566,8.04506817662527,-116.135624888218));
#14135=CARTESIAN_POINT('Origin',(80.2524501654567,11.0450681766253,-116.135624888218));
#14136=CARTESIAN_POINT('Origin',(79.6921245097508,11.0450681766253,-113.173187464496));
#14137=CARTESIAN_POINT('Origin',(89.671041007408,8.04506817662505,-120.098630181767));
#14138=CARTESIAN_POINT('',(90.2462689095424,5.04506817662503,-126.673515189172));
#14139=CARTESIAN_POINT('Origin',(89.671041007408,5.04506817662505,-120.098630181767));
#14140=CARTESIAN_POINT('',(90.2462689095424,8.04506817662503,-126.673515189172));
#14141=CARTESIAN_POINT('',(90.2462689095424,8.04506817662503,-126.673515189172));
#14142=CARTESIAN_POINT('Origin',(89.671041007408,8.04506817662505,-120.098630181767));
#14143=CARTESIAN_POINT('Origin',(72.0383948511841,8.04506817662547,-121.6412868284));
#14144=CARTESIAN_POINT('',(72.6136227533184,5.04506817662546,-128.216171835805));
#14145=CARTESIAN_POINT('Origin',(72.038394851184,5.04506817662547,-121.6412868284));
#14146=CARTESIAN_POINT('',(72.6136227533185,8.04506817662546,-128.216171835805));
#14147=CARTESIAN_POINT('',(72.6136227533185,8.04506817662546,-128.216171835805));
#14148=CARTESIAN_POINT('Origin',(72.0383948511841,8.04506817662547,-121.6412868284));
#14149=CARTESIAN_POINT('Origin',(69.1622553405122,8.04506817662555,-88.7668617913721));
#14150=CARTESIAN_POINT('',(69.7374832426465,5.04506817662553,-95.3417467987776));
#14151=CARTESIAN_POINT('Origin',(69.1622553405121,5.04506817662555,-88.7668617913721));
#14152=CARTESIAN_POINT('',(69.7374832426466,8.04506817662553,-95.3417467987776));
#14153=CARTESIAN_POINT('',(69.7374832426466,8.04506817662553,-95.3417467987776));
#14154=CARTESIAN_POINT('Origin',(69.1622553405122,8.04506817662555,-88.7668617913721));
#14155=CARTESIAN_POINT('Origin',(70.6003250958481,8.04506817662551,-105.204074309886));
#14156=CARTESIAN_POINT('',(71.1755529979825,5.04506817662549,-111.778959317291));
#14157=CARTESIAN_POINT('Origin',(70.6003250958481,5.04506817662551,-105.204074309886));
#14158=CARTESIAN_POINT('',(71.1755529979825,8.04506817662549,-111.778959317291));
#14159=CARTESIAN_POINT('',(71.1755529979825,8.04506817662549,-111.778959317291));
#14160=CARTESIAN_POINT('Origin',(70.6003250958481,8.04506817662551,-105.204074309886));
#14161=CARTESIAN_POINT('Origin',(88.2329712520721,8.04506817662508,-103.661417663253));
#14162=CARTESIAN_POINT('',(88.8081991542064,5.04506817662507,-110.236302670658));
#14163=CARTESIAN_POINT('Origin',(88.232971252072,5.04506817662508,-103.661417663253));
#14164=CARTESIAN_POINT('',(88.8081991542064,8.04506817662507,-110.236302670658));
#14165=CARTESIAN_POINT('',(88.8081991542065,8.04506817662507,-110.236302670658));
#14166=CARTESIAN_POINT('Origin',(88.2329712520721,8.04506817662508,-103.661417663253));
#14167=CARTESIAN_POINT('Origin',(86.7949014967361,8.04506817662512,-87.224205144739));
#14168=CARTESIAN_POINT('',(87.3701293988704,5.04506817662511,-93.7990901521445));
#14169=CARTESIAN_POINT('Origin',(86.794901496736,5.04506817662512,-87.224205144739));
#14170=CARTESIAN_POINT('',(87.3701293988705,8.04506817662511,-93.7990901521445));
#14171=CARTESIAN_POINT('',(87.3701293988705,8.04506817662511,-93.7990901521445));
#14172=CARTESIAN_POINT('Origin',(86.7949014967361,8.04506817662512,-87.224205144739));
#14173=CARTESIAN_POINT('Origin',(100.3064393079,8.0450681766248,-102.214236782273));
#14174=CARTESIAN_POINT('',(99.23145382256,8.04506817662482,-99.9744047034071));
#14175=CARTESIAN_POINT('',(99.3460057570662,8.04506817662482,-99.9229469861885));
#14176=CARTESIAN_POINT('Origin',(100.3064393079,8.0450681766248,-102.214236782273));
#14177=CARTESIAN_POINT('',(99.3460057570661,5.04506817662482,-99.9229469861885));
#14178=CARTESIAN_POINT('',(99.3460057570662,8.04506817662482,-99.9229469861885));
#14179=CARTESIAN_POINT('',(99.23145382256,5.04506817662482,-99.9744047034071));
#14180=CARTESIAN_POINT('Origin',(100.3064393079,5.04506817662479,-102.214236782273));
#14181=CARTESIAN_POINT('',(99.23145382256,8.04506817662482,-99.9744047034071));
#14182=CARTESIAN_POINT('Origin',(99.9011651041239,8.0450681766248,-97.5819314361466));
#14183=CARTESIAN_POINT('',(99.3532009946058,8.04506817662482,-100.005188927601));
#14184=CARTESIAN_POINT('Origin',(99.9011651041239,8.0450681766248,-97.5819314361466));
#14185=CARTESIAN_POINT('',(99.3532009946057,5.04506817662482,-100.005188927601));
#14186=CARTESIAN_POINT('Origin',(99.9011651041238,5.04506817662481,-97.5819314361466));
#14187=CARTESIAN_POINT('',(99.3532009946058,8.04506817662482,-100.005188927601));
#14188=CARTESIAN_POINT('Origin',(99.7512799608426,8.04506817662481,-104.555252332315));
#14189=CARTESIAN_POINT('',(99.7512799608426,8.04506817662481,-104.555252332315));
#14190=CARTESIAN_POINT('',(98.155160099213,8.04506817662485,-86.3115188324031));
#14191=CARTESIAN_POINT('',(99.7512799608425,5.04506817662481,-104.555252332315));
#14192=CARTESIAN_POINT('',(98.1551600992129,5.04506817662485,-86.3115188324031));
#14193=CARTESIAN_POINT('',(99.7512799608426,8.04506817662481,-104.555252332315));
#14194=CARTESIAN_POINT('Origin',(100.711713511677,8.04506817662478,-106.8465421284));
#14195=CARTESIAN_POINT('',(99.6367280263365,8.04506817662481,-104.606710049534));
#14196=CARTESIAN_POINT('Origin',(100.711713511677,8.04506817662478,-106.8465421284));
#14197=CARTESIAN_POINT('',(99.6367280263365,5.04506817662481,-104.606710049534));
#14198=CARTESIAN_POINT('Origin',(100.711713511677,5.04506817662478,-106.8465421284));
#14199=CARTESIAN_POINT('',(99.6367280263365,8.04506817662481,-104.606710049534));
#14200=CARTESIAN_POINT('Origin',(100.3064393079,8.0450681766248,-102.214236782273));
#14201=CARTESIAN_POINT('',(99.7584751983823,8.04506817662481,-104.637494273728));
#14202=CARTESIAN_POINT('Origin',(100.3064393079,8.0450681766248,-102.214236782273));
#14203=CARTESIAN_POINT('',(99.7584751983822,5.04506817662481,-104.637494273728));
#14204=CARTESIAN_POINT('Origin',(100.3064393079,5.04506817662479,-102.214236782273));
#14205=CARTESIAN_POINT('',(99.7584751983823,8.04506817662481,-104.637494273728));
#14206=CARTESIAN_POINT('Origin',(100.156554164619,8.0450681766248,-109.187557678442));
#14207=CARTESIAN_POINT('',(100.156554164619,8.0450681766248,-109.187557678442));
#14208=CARTESIAN_POINT('',(98.155160099213,8.04506817662485,-86.3115188324031));
#14209=CARTESIAN_POINT('',(100.156554164619,5.0450681766248,-109.187557678442));
#14210=CARTESIAN_POINT('',(98.1551600992129,5.04506817662485,-86.3115188324031));
#14211=CARTESIAN_POINT('',(100.156554164619,8.0450681766248,-109.187557678442));
#14212=CARTESIAN_POINT('Origin',(101.116987715453,8.04506817662477,-111.478847474526));
#14213=CARTESIAN_POINT('',(100.042002230113,8.0450681766248,-109.23901539566));
#14214=CARTESIAN_POINT('Origin',(101.116987715453,8.04506817662477,-111.478847474526));
#14215=CARTESIAN_POINT('',(100.042002230113,5.0450681766248,-109.23901539566));
#14216=CARTESIAN_POINT('Origin',(101.116987715453,5.04506817662477,-111.478847474526));
#14217=CARTESIAN_POINT('',(100.042002230113,8.0450681766248,-109.23901539566));
#14218=CARTESIAN_POINT('Origin',(100.711713511677,8.04506817662478,-106.8465421284));
#14219=CARTESIAN_POINT('',(100.163749402159,8.0450681766248,-109.269799619854));
#14220=CARTESIAN_POINT('Origin',(100.711713511677,8.04506817662478,-106.8465421284));
#14221=CARTESIAN_POINT('',(100.163749402159,5.0450681766248,-109.269799619854));
#14222=CARTESIAN_POINT('Origin',(100.711713511677,5.04506817662478,-106.8465421284));
#14223=CARTESIAN_POINT('',(100.163749402159,8.0450681766248,-109.269799619854));
#14224=CARTESIAN_POINT('Origin',(100.561828368395,8.04506817662478,-113.819863024568));
#14225=CARTESIAN_POINT('',(100.561828368395,8.04506817662478,-113.819863024568));
#14226=CARTESIAN_POINT('',(98.155160099213,8.04506817662485,-86.3115188324031));
#14227=CARTESIAN_POINT('',(100.561828368395,5.04506817662478,-113.819863024568));
#14228=CARTESIAN_POINT('',(98.1551600992129,5.04506817662485,-86.3115188324031));
#14229=CARTESIAN_POINT('',(100.561828368395,8.04506817662478,-113.819863024568));
#14230=CARTESIAN_POINT('Origin',(101.52226191923,8.04506817662476,-116.111152820653));
#14231=CARTESIAN_POINT('',(100.44727643389,8.04506817662479,-113.871320741787));
#14232=CARTESIAN_POINT('Origin',(101.52226191923,8.04506817662476,-116.111152820653));
#14233=CARTESIAN_POINT('',(100.447276433889,5.04506817662479,-113.871320741787));
#14234=CARTESIAN_POINT('Origin',(101.52226191923,5.04506817662476,-116.111152820653));
#14235=CARTESIAN_POINT('',(100.44727643389,8.04506817662479,-113.871320741787));
#14236=CARTESIAN_POINT('Origin',(101.116987715453,8.04506817662477,-111.478847474526));
#14237=CARTESIAN_POINT('',(100.569023605935,8.04506817662478,-113.902104965981));
#14238=CARTESIAN_POINT('Origin',(101.116987715453,8.04506817662477,-111.478847474526));
#14239=CARTESIAN_POINT('',(100.569023605935,5.04506817662478,-113.902104965981));
#14240=CARTESIAN_POINT('Origin',(101.116987715453,5.04506817662477,-111.478847474526));
#14241=CARTESIAN_POINT('',(100.569023605935,8.04506817662478,-113.902104965981));
#14242=CARTESIAN_POINT('Origin',(100.970346262277,8.04506817662477,-118.489243918247));
#14243=CARTESIAN_POINT('',(100.970346262277,8.04506817662477,-118.489243918247));
#14244=CARTESIAN_POINT('',(98.155160099213,8.04506817662485,-86.3115188324031));
#14245=CARTESIAN_POINT('',(100.970346262277,5.04506817662477,-118.489243918247));
#14246=CARTESIAN_POINT('',(98.1551600992129,5.04506817662485,-86.3115188324031));
#14247=CARTESIAN_POINT('',(100.970346262277,8.04506817662477,-118.489243918247));
#14248=CARTESIAN_POINT('Origin',(89.0160072619728,8.04506817662506,-119.535082847873));
#14249=CARTESIAN_POINT('',(90.0619064973165,8.04506817662503,-131.48941657211));
#14250=CARTESIAN_POINT('Origin',(89.0160072619728,8.04506817662506,-119.535082847873));
#14251=CARTESIAN_POINT('',(90.0619064973165,5.04506817662504,-131.48941657211));
#14252=CARTESIAN_POINT('Origin',(89.0160072619728,5.04506817662506,-119.535082847873));
#14253=CARTESIAN_POINT('',(90.0619064973165,8.04506817662503,-131.48941657211));
#14254=CARTESIAN_POINT('Origin',(72.6604961210813,8.04506817662545,-133.011842709392));
#14255=CARTESIAN_POINT('',(72.6604961210813,8.04506817662545,-133.011842709392));
#14256=CARTESIAN_POINT('',(90.0619064973165,8.04506817662503,-131.48941657211));
#14257=CARTESIAN_POINT('',(72.6604961210812,5.04506817662545,-133.011842709392));
#14258=CARTESIAN_POINT('',(90.0619064973165,5.04506817662504,-131.48941657211));
#14259=CARTESIAN_POINT('',(72.6604961210813,8.04506817662545,-133.011842709392));
#14260=CARTESIAN_POINT('Origin',(71.614624027017,8.04506817662548,-121.057506610601));
#14261=CARTESIAN_POINT('',(59.6602878107073,8.04506817662577,-122.103377361424));
#14262=CARTESIAN_POINT('Origin',(71.614624027017,8.04506817662548,-121.057506610601));
#14263=CARTESIAN_POINT('',(59.6602878107072,5.04506817662577,-122.103377361424));
#14264=CARTESIAN_POINT('Origin',(71.6146240270169,5.04506817662548,-121.057506610601));
#14265=CARTESIAN_POINT('',(59.6602878107073,8.04506817662577,-122.103377361424));
#14266=CARTESIAN_POINT('Origin',(56.8450982751122,8.04506817662584,-89.9256137273917));
#14267=CARTESIAN_POINT('',(56.8450982751122,8.04506817662584,-89.9256137273917));
#14268=CARTESIAN_POINT('',(59.6602878107073,8.04506817662577,-122.103377361424));
#14269=CARTESIAN_POINT('',(56.8450982751122,5.04506817662584,-89.9256137273917));
#14270=CARTESIAN_POINT('',(59.6602878107072,5.04506817662577,-122.103377361424));
#14271=CARTESIAN_POINT('',(56.8450982751122,8.04506817662584,-89.9256137273917));
#14272=CARTESIAN_POINT('Origin',(68.7994384091103,8.04506817662556,-88.8797877559493));
#14273=CARTESIAN_POINT('',(67.7535983522535,8.04506817662558,-76.9254488542227));
#14274=CARTESIAN_POINT('Origin',(68.7994384091103,8.04506817662556,-88.8797877559493));
#14275=CARTESIAN_POINT('',(67.7535983522534,5.04506817662558,-76.9254488542227));
#14276=CARTESIAN_POINT('Origin',(68.7994384091103,5.04506817662556,-88.8797877559493));
#14277=CARTESIAN_POINT('',(67.7535983522535,8.04506817662558,-76.9254488542227));
#14278=CARTESIAN_POINT('Origin',(85.1549359791846,8.04506817662516,-75.4030290817254));
#14279=CARTESIAN_POINT('',(85.1549359791846,8.04506817662516,-75.4030290817254));
#14280=CARTESIAN_POINT('',(67.7535983522575,8.04506817662558,-76.9254488542687));
#14281=CARTESIAN_POINT('',(85.1549359791846,5.04506817662517,-75.4030290817255));
#14282=CARTESIAN_POINT('',(67.7535983522574,5.04506817662558,-76.9254488542687));
#14283=CARTESIAN_POINT('',(85.1549359791846,8.04506817662516,-75.4030290817254));
#14284=CARTESIAN_POINT('Origin',(86.2008216440666,8.04506817662514,-87.3573639932199));
#14285=CARTESIAN_POINT('',(98.155160099213,8.04506817662485,-86.3115188324031));
#14286=CARTESIAN_POINT('Origin',(86.2008216440666,8.04506817662514,-87.3573639932199));
#14287=CARTESIAN_POINT('',(98.1551600992129,5.04506817662485,-86.3115188324031));
#14288=CARTESIAN_POINT('Origin',(86.2008216440665,5.04506817662514,-87.3573639932199));
#14289=CARTESIAN_POINT('',(98.155160099213,8.04506817662485,-86.3115188324031));
#14290=CARTESIAN_POINT('Origin',(98.5354573495134,8.04506817662484,-90.6583362939352));
#14291=CARTESIAN_POINT('',(98.5354573495134,8.04506817662484,-90.6583362939352));
#14292=CARTESIAN_POINT('',(98.155160099213,8.04506817662485,-86.3115188324031));
#14293=CARTESIAN_POINT('',(98.5354573495133,5.04506817662484,-90.6583362939352));
#14294=CARTESIAN_POINT('',(98.1551600992129,5.04506817662485,-86.3115188324031));
#14295=CARTESIAN_POINT('',(98.5354573495134,8.04506817662484,-90.6583362939352));
#14296=CARTESIAN_POINT('Origin',(99.4958909003474,8.04506817662481,-92.94962609002));
#14297=CARTESIAN_POINT('',(98.4209054150071,8.04506817662484,-90.7097940111539));
#14298=CARTESIAN_POINT('Origin',(99.4958909003474,8.04506817662481,-92.94962609002));
#14299=CARTESIAN_POINT('',(98.420905415007,5.04506817662484,-90.7097940111539));
#14300=CARTESIAN_POINT('Origin',(99.4958909003473,5.04506817662482,-92.94962609002));
#14301=CARTESIAN_POINT('',(98.4209054150071,8.04506817662484,-90.7097940111539));
#14302=CARTESIAN_POINT('Origin',(99.0906166965709,8.04506817662483,-88.3173207438933));
#14303=CARTESIAN_POINT('',(98.5426525870528,8.04506817662484,-90.7405782353478));
#14304=CARTESIAN_POINT('Origin',(99.0906166965709,8.04506817662483,-88.3173207438933));
#14305=CARTESIAN_POINT('',(98.5426525870527,5.04506817662484,-90.7405782353478));
#14306=CARTESIAN_POINT('Origin',(99.0906166965708,5.04506817662483,-88.3173207438934));
#14307=CARTESIAN_POINT('',(98.5426525870528,8.04506817662484,-90.7405782353478));
#14308=CARTESIAN_POINT('Origin',(98.9407315532898,8.04506817662483,-95.2906416400618));
#14309=CARTESIAN_POINT('',(98.9407315532898,8.04506817662483,-95.2906416400618));
#14310=CARTESIAN_POINT('',(98.155160099213,8.04506817662485,-86.3115188324031));
#14311=CARTESIAN_POINT('',(98.9407315532897,5.04506817662483,-95.2906416400618));
#14312=CARTESIAN_POINT('',(98.1551600992129,5.04506817662485,-86.3115188324031));
#14313=CARTESIAN_POINT('',(98.9407315532898,8.04506817662483,-95.2906416400618));
#14314=CARTESIAN_POINT('Origin',(99.9011651041239,8.0450681766248,-97.5819314361466));
#14315=CARTESIAN_POINT('',(98.8261796187835,8.04506817662483,-95.3420993572805));
#14316=CARTESIAN_POINT('Origin',(99.9011651041239,8.0450681766248,-97.5819314361466));
#14317=CARTESIAN_POINT('',(98.8261796187835,5.04506817662483,-95.3420993572805));
#14318=CARTESIAN_POINT('Origin',(99.9011651041238,5.04506817662481,-97.5819314361466));
#14319=CARTESIAN_POINT('',(98.8261796187835,8.04506817662483,-95.3420993572805));
#14320=CARTESIAN_POINT('Origin',(99.4958909003474,8.04506817662481,-92.94962609002));
#14321=CARTESIAN_POINT('',(98.9479267908293,8.04506817662483,-95.3728835814744));
#14322=CARTESIAN_POINT('Origin',(99.4958909003474,8.04506817662481,-92.94962609002));
#14323=CARTESIAN_POINT('',(98.9479267908292,5.04506817662483,-95.3728835814744));
#14324=CARTESIAN_POINT('Origin',(99.4958909003473,5.04506817662482,-92.94962609002));
#14325=CARTESIAN_POINT('',(98.9479267908293,8.04506817662483,-95.3728835814744));
#14326=CARTESIAN_POINT('Origin',(99.3460057570662,8.04506817662482,-99.9229469861885));
#14327=CARTESIAN_POINT('',(98.155160099213,8.04506817662485,-86.3115188324031));
#14328=CARTESIAN_POINT('',(98.1551600992129,5.04506817662485,-86.3115188324031));
#14329=CARTESIAN_POINT('Origin',(78.9077228355416,8.04506817662531,-104.207435301872));
#14330=CARTESIAN_POINT('Origin',(78.9077228355416,5.04506817662531,-104.207435301872));
#14331=CARTESIAN_POINT('Origin',(80.4698626827643,-1.22491128370903,-43.1621984869832));
#14332=CARTESIAN_POINT('',(83.1698626827643,-1.22491128370903,-43.1621984869832));
#14333=CARTESIAN_POINT('',(80.4698626827643,-1.22491128370903,-40.4621984869832));
#14334=CARTESIAN_POINT('Origin',(80.4698626827643,-1.22491128370903,-43.1621984869832));
#14335=CARTESIAN_POINT('',(80.4698626827643,-1.14991128370903,-40.5371984869832));
#14336=CARTESIAN_POINT('Origin',(80.4698626827643,-1.22491128370903,-40.5371984869832));
#14337=CARTESIAN_POINT('Origin',(80.4698626827643,-1.14991128370903,-43.1621984869832));
#14338=CARTESIAN_POINT('Origin',(80.4698626827643,-1.22491128370903,-43.1621984869832));
#14339=CARTESIAN_POINT('Origin',(80.4698626827643,-1.14991128370903,-43.1621984869832));
#14340=CARTESIAN_POINT('',(82.5998626827643,-1.14991128370903,-43.1621984869832));
#14341=CARTESIAN_POINT('Origin',(80.4698626827643,-1.14991128370903,-43.1621984869832));
#14342=CARTESIAN_POINT('Origin',(80.4698626827643,-1.14991128370903,-43.1621984869832));
#14343=CARTESIAN_POINT('',(83.1698626827643,-2.94991128370903,-43.1621984869832));
#14344=CARTESIAN_POINT('Origin',(80.4698626827643,-2.94991128370903,-43.1621984869832));
#14345=CARTESIAN_POINT('',(83.1698626827643,-1.14991128370903,-43.1621984869832));
#14346=CARTESIAN_POINT('Origin',(80.4698626827643,0.0341887162909704,-43.1621984869832));
#14347=CARTESIAN_POINT('',(80.4698626827643,0.184188716290969,-45.1421984869832));
#14348=CARTESIAN_POINT('Origin',(80.4698626827643,0.184188716290969,-43.1621984869832));
#14349=CARTESIAN_POINT('',(80.4698626827643,0.03418871629097,-45.2921984869832));
#14350=CARTESIAN_POINT('Origin',(80.4698626827643,0.03418871629097,-45.1421984869832));
#14351=CARTESIAN_POINT('',(82.5998626827643,0.0341887162909704,-43.1621984869832));
#14352=CARTESIAN_POINT('Origin',(80.4698626827643,0.0341887162909704,-43.1621984869832));
#14353=CARTESIAN_POINT('Origin',(80.4698626827643,0.0341887162909704,-43.1621984869832));
#14354=CARTESIAN_POINT('Origin',(80.4698626827643,-1.14991128370903,-43.1621984869832));
#14355=CARTESIAN_POINT('',(82.5998626827643,-1.14991128370903,-43.1621984869832));
#14356=CARTESIAN_POINT('Origin',(80.4698626827643,0.184188716290969,-43.1621984869832));
#14357=CARTESIAN_POINT('Origin',(80.4698626827643,-2.94991128370903,-43.1621984869832));
#14358=CARTESIAN_POINT('Origin',(90.9698626827643,-1.22491128370903,-43.1621984869832));
#14359=CARTESIAN_POINT('',(93.6698626827643,-1.22491128370903,-43.1621984869832));
#14360=CARTESIAN_POINT('',(90.9698626827643,-1.22491128370903,-40.4621984869832));
#14361=CARTESIAN_POINT('Origin',(90.9698626827643,-1.22491128370903,-43.1621984869832));
#14362=CARTESIAN_POINT('',(90.9698626827643,-1.14991128370903,-40.5371984869832));
#14363=CARTESIAN_POINT('Origin',(90.9698626827643,-1.22491128370903,-40.5371984869832));
#14364=CARTESIAN_POINT('Origin',(90.9698626827643,-1.14991128370903,-43.1621984869832));
#14365=CARTESIAN_POINT('Origin',(90.9698626827643,-1.22491128370903,-43.1621984869832));
#14366=CARTESIAN_POINT('Origin',(90.9698626827643,-1.14991128370903,-43.1621984869832));
#14367=CARTESIAN_POINT('',(93.0998626827643,-1.14991128370903,-43.1621984869832));
#14368=CARTESIAN_POINT('Origin',(90.9698626827643,-1.14991128370903,-43.1621984869832));
#14369=CARTESIAN_POINT('Origin',(90.9698626827643,-1.14991128370903,-43.1621984869832));
#14370=CARTESIAN_POINT('',(93.6698626827643,-2.94991128370903,-43.1621984869832));
#14371=CARTESIAN_POINT('Origin',(90.9698626827643,-2.94991128370903,-43.1621984869832));
#14372=CARTESIAN_POINT('',(93.6698626827643,-1.14991128370903,-43.1621984869832));
#14373=CARTESIAN_POINT('Origin',(90.9698626827643,0.0341887162909704,-43.1621984869832));
#14374=CARTESIAN_POINT('',(90.9698626827643,0.184188716290969,-45.1421984869832));
#14375=CARTESIAN_POINT('Origin',(90.9698626827643,0.184188716290969,-43.1621984869832));
#14376=CARTESIAN_POINT('',(90.9698626827643,0.03418871629097,-45.2921984869832));
#14377=CARTESIAN_POINT('Origin',(90.9698626827643,0.03418871629097,-45.1421984869832));
#14378=CARTESIAN_POINT('',(93.0998626827643,0.0341887162909704,-43.1621984869832));
#14379=CARTESIAN_POINT('Origin',(90.9698626827643,0.0341887162909704,-43.1621984869832));
#14380=CARTESIAN_POINT('Origin',(90.9698626827643,0.0341887162909704,-43.1621984869832));
#14381=CARTESIAN_POINT('Origin',(90.9698626827643,-1.14991128370903,-43.1621984869832));
#14382=CARTESIAN_POINT('',(93.0998626827643,-1.14991128370903,-43.1621984869832));
#14383=CARTESIAN_POINT('Origin',(90.9698626827643,0.184188716290969,-43.1621984869832));
#14384=CARTESIAN_POINT('Origin',(90.9698626827643,-2.94991128370903,-43.1621984869832));
#14385=CARTESIAN_POINT('Origin',(101.469862682764,-1.22491128370903,-43.1621984869832));
#14386=CARTESIAN_POINT('',(104.169862682764,-1.22491128370903,-43.1621984869832));
#14387=CARTESIAN_POINT('',(101.469862682764,-1.22491128370903,-40.4621984869832));
#14388=CARTESIAN_POINT('Origin',(101.469862682764,-1.22491128370903,-43.1621984869832));
#14389=CARTESIAN_POINT('',(101.469862682764,-1.14991128370903,-40.5371984869832));
#14390=CARTESIAN_POINT('Origin',(101.469862682764,-1.22491128370903,-40.5371984869832));
#14391=CARTESIAN_POINT('Origin',(101.469862682764,-1.14991128370903,-43.1621984869832));
#14392=CARTESIAN_POINT('Origin',(101.469862682764,-1.22491128370903,-43.1621984869832));
#14393=CARTESIAN_POINT('Origin',(101.469862682764,-1.14991128370903,-43.1621984869832));
#14394=CARTESIAN_POINT('',(103.599862682764,-1.14991128370903,-43.1621984869832));
#14395=CARTESIAN_POINT('Origin',(101.469862682764,-1.14991128370903,-43.1621984869832));
#14396=CARTESIAN_POINT('Origin',(101.469862682764,-1.14991128370903,-43.1621984869832));
#14397=CARTESIAN_POINT('',(104.169862682764,-2.94991128370903,-43.1621984869832));
#14398=CARTESIAN_POINT('Origin',(101.469862682764,-2.94991128370903,-43.1621984869832));
#14399=CARTESIAN_POINT('',(104.169862682764,-1.14991128370903,-43.1621984869832));
#14400=CARTESIAN_POINT('Origin',(101.469862682764,0.0341887162909704,-43.1621984869832));
#14401=CARTESIAN_POINT('',(101.469862682764,0.184188716290969,-45.1421984869832));
#14402=CARTESIAN_POINT('Origin',(101.469862682764,0.184188716290969,-43.1621984869832));
#14403=CARTESIAN_POINT('',(101.469862682764,0.03418871629097,-45.2921984869832));
#14404=CARTESIAN_POINT('Origin',(101.469862682764,0.03418871629097,-45.1421984869832));
#14405=CARTESIAN_POINT('',(103.599862682764,0.0341887162909704,-43.1621984869832));
#14406=CARTESIAN_POINT('Origin',(101.469862682764,0.0341887162909704,-43.1621984869832));
#14407=CARTESIAN_POINT('Origin',(101.469862682764,0.0341887162909704,-43.1621984869832));
#14408=CARTESIAN_POINT('Origin',(101.469862682764,-1.14991128370903,-43.1621984869832));
#14409=CARTESIAN_POINT('',(103.599862682764,-1.14991128370903,-43.1621984869832));
#14410=CARTESIAN_POINT('Origin',(101.469862682764,0.184188716290969,-43.1621984869832));
#14411=CARTESIAN_POINT('Origin',(101.469862682764,-2.94991128370903,-43.1621984869832));
#14412=CARTESIAN_POINT('Origin',(80.4698626827643,-1.22491128370903,-20.6621984869832));
#14413=CARTESIAN_POINT('',(83.1698626827643,-1.22491128370903,-20.6621984869832));
#14414=CARTESIAN_POINT('',(80.4698626827643,-1.22491128370903,-17.9621984869832));
#14415=CARTESIAN_POINT('Origin',(80.4698626827643,-1.22491128370903,-20.6621984869832));
#14416=CARTESIAN_POINT('',(80.4698626827643,-1.14991128370903,-18.0371984869832));
#14417=CARTESIAN_POINT('Origin',(80.4698626827643,-1.22491128370903,-18.0371984869832));
#14418=CARTESIAN_POINT('Origin',(80.4698626827643,-1.14991128370903,-20.6621984869832));
#14419=CARTESIAN_POINT('Origin',(80.4698626827643,-1.22491128370903,-20.6621984869832));
#14420=CARTESIAN_POINT('Origin',(80.4698626827643,-1.14991128370903,-20.6621984869832));
#14421=CARTESIAN_POINT('',(82.5998626827643,-1.14991128370903,-20.6621984869832));
#14422=CARTESIAN_POINT('Origin',(80.4698626827643,-1.14991128370903,-20.6621984869832));
#14423=CARTESIAN_POINT('Origin',(80.4698626827643,-1.14991128370903,-20.6621984869832));
#14424=CARTESIAN_POINT('',(83.1698626827643,-2.94991128370903,-20.6621984869832));
#14425=CARTESIAN_POINT('Origin',(80.4698626827643,-2.94991128370903,-20.6621984869832));
#14426=CARTESIAN_POINT('',(83.1698626827643,-1.14991128370903,-20.6621984869832));
#14427=CARTESIAN_POINT('Origin',(80.4698626827643,0.0341887162909704,-20.6621984869832));
#14428=CARTESIAN_POINT('',(80.4698626827643,0.184188716290969,-22.6421984869832));
#14429=CARTESIAN_POINT('Origin',(80.4698626827643,0.184188716290969,-20.6621984869832));
#14430=CARTESIAN_POINT('',(80.4698626827643,0.03418871629097,-22.7921984869832));
#14431=CARTESIAN_POINT('Origin',(80.4698626827643,0.03418871629097,-22.6421984869832));
#14432=CARTESIAN_POINT('',(82.5998626827643,0.0341887162909704,-20.6621984869832));
#14433=CARTESIAN_POINT('Origin',(80.4698626827643,0.0341887162909704,-20.6621984869832));
#14434=CARTESIAN_POINT('Origin',(80.4698626827643,0.0341887162909704,-20.6621984869832));
#14435=CARTESIAN_POINT('Origin',(80.4698626827643,-1.14991128370903,-20.6621984869832));
#14436=CARTESIAN_POINT('',(82.5998626827643,-1.14991128370903,-20.6621984869832));
#14437=CARTESIAN_POINT('Origin',(80.4698626827643,0.184188716290969,-20.6621984869832));
#14438=CARTESIAN_POINT('Origin',(80.4698626827643,-2.94991128370903,-20.6621984869832));
#14439=CARTESIAN_POINT('Origin',(90.9698626827643,-1.22491128370903,-20.6621984869832));
#14440=CARTESIAN_POINT('',(93.6698626827643,-1.22491128370903,-20.6621984869832));
#14441=CARTESIAN_POINT('',(90.9698626827643,-1.22491128370903,-17.9621984869832));
#14442=CARTESIAN_POINT('Origin',(90.9698626827643,-1.22491128370903,-20.6621984869832));
#14443=CARTESIAN_POINT('',(90.9698626827643,-1.14991128370903,-18.0371984869832));
#14444=CARTESIAN_POINT('Origin',(90.9698626827643,-1.22491128370903,-18.0371984869832));
#14445=CARTESIAN_POINT('Origin',(90.9698626827643,-1.14991128370903,-20.6621984869832));
#14446=CARTESIAN_POINT('Origin',(90.9698626827643,-1.22491128370903,-20.6621984869832));
#14447=CARTESIAN_POINT('Origin',(90.9698626827643,-1.14991128370903,-20.6621984869832));
#14448=CARTESIAN_POINT('',(93.0998626827643,-1.14991128370903,-20.6621984869832));
#14449=CARTESIAN_POINT('Origin',(90.9698626827643,-1.14991128370903,-20.6621984869832));
#14450=CARTESIAN_POINT('Origin',(90.9698626827643,-1.14991128370903,-20.6621984869832));
#14451=CARTESIAN_POINT('',(93.6698626827643,-2.94991128370903,-20.6621984869832));
#14452=CARTESIAN_POINT('Origin',(90.9698626827643,-2.94991128370903,-20.6621984869832));
#14453=CARTESIAN_POINT('',(93.6698626827643,-1.14991128370903,-20.6621984869832));
#14454=CARTESIAN_POINT('Origin',(90.9698626827643,0.0341887162909704,-20.6621984869832));
#14455=CARTESIAN_POINT('',(90.9698626827643,0.184188716290969,-22.6421984869832));
#14456=CARTESIAN_POINT('Origin',(90.9698626827643,0.184188716290969,-20.6621984869832));
#14457=CARTESIAN_POINT('',(90.9698626827643,0.03418871629097,-22.7921984869832));
#14458=CARTESIAN_POINT('Origin',(90.9698626827643,0.03418871629097,-22.6421984869832));
#14459=CARTESIAN_POINT('',(93.0998626827643,0.0341887162909704,-20.6621984869832));
#14460=CARTESIAN_POINT('Origin',(90.9698626827643,0.0341887162909704,-20.6621984869832));
#14461=CARTESIAN_POINT('Origin',(90.9698626827643,0.0341887162909704,-20.6621984869832));
#14462=CARTESIAN_POINT('Origin',(90.9698626827643,-1.14991128370903,-20.6621984869832));
#14463=CARTESIAN_POINT('',(93.0998626827643,-1.14991128370903,-20.6621984869832));
#14464=CARTESIAN_POINT('Origin',(90.9698626827643,0.184188716290969,-20.6621984869832));
#14465=CARTESIAN_POINT('Origin',(90.9698626827643,-2.94991128370903,-20.6621984869832));
#14466=CARTESIAN_POINT('Origin',(101.469862682764,-1.22491128370903,-20.6621984869832));
#14467=CARTESIAN_POINT('',(104.169862682764,-1.22491128370903,-20.6621984869832));
#14468=CARTESIAN_POINT('',(101.469862682764,-1.22491128370903,-17.9621984869832));
#14469=CARTESIAN_POINT('Origin',(101.469862682764,-1.22491128370903,-20.6621984869832));
#14470=CARTESIAN_POINT('',(101.469862682764,-1.14991128370903,-18.0371984869832));
#14471=CARTESIAN_POINT('Origin',(101.469862682764,-1.22491128370903,-18.0371984869832));
#14472=CARTESIAN_POINT('Origin',(101.469862682764,-1.14991128370903,-20.6621984869832));
#14473=CARTESIAN_POINT('Origin',(101.469862682764,-1.22491128370903,-20.6621984869832));
#14474=CARTESIAN_POINT('Origin',(101.469862682764,-1.14991128370903,-20.6621984869832));
#14475=CARTESIAN_POINT('',(103.599862682764,-1.14991128370903,-20.6621984869832));
#14476=CARTESIAN_POINT('Origin',(101.469862682764,-1.14991128370903,-20.6621984869832));
#14477=CARTESIAN_POINT('Origin',(101.469862682764,-1.14991128370903,-20.6621984869832));
#14478=CARTESIAN_POINT('',(104.169862682764,-2.94991128370903,-20.6621984869832));
#14479=CARTESIAN_POINT('Origin',(101.469862682764,-2.94991128370903,-20.6621984869832));
#14480=CARTESIAN_POINT('',(104.169862682764,-1.14991128370903,-20.6621984869832));
#14481=CARTESIAN_POINT('Origin',(101.469862682764,0.0341887162909704,-20.6621984869832));
#14482=CARTESIAN_POINT('',(101.469862682764,0.184188716290969,-22.6421984869832));
#14483=CARTESIAN_POINT('Origin',(101.469862682764,0.184188716290969,-20.6621984869832));
#14484=CARTESIAN_POINT('',(101.469862682764,0.03418871629097,-22.7921984869832));
#14485=CARTESIAN_POINT('Origin',(101.469862682764,0.03418871629097,-22.6421984869832));
#14486=CARTESIAN_POINT('',(103.599862682764,0.0341887162909704,-20.6621984869832));
#14487=CARTESIAN_POINT('Origin',(101.469862682764,0.0341887162909704,-20.6621984869832));
#14488=CARTESIAN_POINT('Origin',(101.469862682764,0.0341887162909704,-20.6621984869832));
#14489=CARTESIAN_POINT('Origin',(101.469862682764,-1.14991128370903,-20.6621984869832));
#14490=CARTESIAN_POINT('',(103.599862682764,-1.14991128370903,-20.6621984869832));
#14491=CARTESIAN_POINT('Origin',(101.469862682764,0.184188716290969,-20.6621984869832));
#14492=CARTESIAN_POINT('Origin',(101.469862682764,-2.94991128370903,-20.6621984869832));
#14493=UNCERTAINTY_MEASURE_WITH_UNIT(LENGTH_MEASURE(0.01),#14497,
'DISTANCE_ACCURACY_VALUE',
'Maximum model space distance between geometric entities at asserted c
onnectivities');
#14494=UNCERTAINTY_MEASURE_WITH_UNIT(LENGTH_MEASURE(0.01),#14497,
'DISTANCE_ACCURACY_VALUE',
'Maximum model space distance between geometric entities at asserted c
onnectivities');
#14495=(
GEOMETRIC_REPRESENTATION_CONTEXT(3)
GLOBAL_UNCERTAINTY_ASSIGNED_CONTEXT((#14493))
GLOBAL_UNIT_ASSIGNED_CONTEXT((#14497,#14499,#14500))
REPRESENTATION_CONTEXT('','3D')
);
#14496=(
GEOMETRIC_REPRESENTATION_CONTEXT(3)
GLOBAL_UNCERTAINTY_ASSIGNED_CONTEXT((#14494))
GLOBAL_UNIT_ASSIGNED_CONTEXT((#14497,#14499,#14500))
REPRESENTATION_CONTEXT('','3D')
);
#14497=(
LENGTH_UNIT()
NAMED_UNIT(*)
SI_UNIT(.MILLI.,.METRE.)
);
#14498=(
LENGTH_UNIT()
NAMED_UNIT(*)
SI_UNIT($,.METRE.)
);
#14499=(
NAMED_UNIT(*)
PLANE_ANGLE_UNIT()
SI_UNIT($,.RADIAN.)
);
#14500=(
NAMED_UNIT(*)
SI_UNIT($,.STERADIAN.)
SOLID_ANGLE_UNIT()
);
#14501=SHAPE_DEFINITION_REPRESENTATION(#14502,#14503);
#14502=PRODUCT_DEFINITION_SHAPE('',$,#14505);
#14503=SHAPE_REPRESENTATION('',(#7578),#14495);
#14504=PRODUCT_DEFINITION_CONTEXT('part definition',#14509,'design');
#14505=PRODUCT_DEFINITION('2026-09-09-09-57-37-686','Plant-Collector',#14506,
#14504);
#14506=PRODUCT_DEFINITION_FORMATION('',$,#14511);
#14507=PRODUCT_RELATED_PRODUCT_CATEGORY('Plant-Collector',
'Plant-Collector',(#14511));
#14508=APPLICATION_PROTOCOL_DEFINITION('international standard',
'automotive_design',2009,#14509);
#14509=APPLICATION_CONTEXT(
'Core Data for Automotive Mechanical Design Process');
#14510=PRODUCT_CONTEXT('part definition',#14509,'mechanical');
#14511=PRODUCT('2026-09-09-09-57-37-686','Plant-Collector',$,(#14510));
#14512=PRESENTATION_STYLE_ASSIGNMENT((#14516));
#14513=PRESENTATION_STYLE_ASSIGNMENT((#14517));
#14514=PRESENTATION_STYLE_ASSIGNMENT((#14518));
#14515=PRESENTATION_STYLE_ASSIGNMENT((#14519));
#14516=SURFACE_STYLE_USAGE(.BOTH.,#14520);
#14517=SURFACE_STYLE_USAGE(.BOTH.,#14521);
#14518=SURFACE_STYLE_USAGE(.BOTH.,#14522);
#14519=SURFACE_STYLE_USAGE(.BOTH.,#14523);
#14520=SURFACE_SIDE_STYLE('',(#14524));
#14521=SURFACE_SIDE_STYLE('',(#14525));
#14522=SURFACE_SIDE_STYLE('',(#14526));
#14523=SURFACE_SIDE_STYLE('',(#14527));
#14524=SURFACE_STYLE_FILL_AREA(#14528);
#14525=SURFACE_STYLE_FILL_AREA(#14529);
#14526=SURFACE_STYLE_FILL_AREA(#14530);
#14527=SURFACE_STYLE_FILL_AREA(#14531);
#14528=FILL_AREA_STYLE('Steel - Satin',(#14532));
#14529=FILL_AREA_STYLE('Paint - Enamel Glossy (White)',(#14533));
#14530=FILL_AREA_STYLE('Paint - Enamel Glossy (Red)',(#14534));
#14531=FILL_AREA_STYLE('Paint - Enamel Glossy (Black)',(#14535));
#14532=FILL_AREA_STYLE_COLOUR('Steel - Satin',#14536);
#14533=FILL_AREA_STYLE_COLOUR('Paint - Enamel Glossy (White)',#14537);
#14534=FILL_AREA_STYLE_COLOUR('Paint - Enamel Glossy (Red)',#14538);
#14535=FILL_AREA_STYLE_COLOUR('Paint - Enamel Glossy (Black)',#14539);
#14536=COLOUR_RGB('Steel - Satin',0.627450980392157,0.627450980392157,0.627450980392157);
#14537=COLOUR_RGB('Paint - Enamel Glossy (White)',0.964705882352941,0.964705882352941,
0.952941176470588);
#14538=COLOUR_RGB('Paint - Enamel Glossy (Red)',0.768627450980392,0.207843137254902,
0.152941176470588);
#14539=COLOUR_RGB('Paint - Enamel Glossy (Black)',0.0980392156862745,0.0980392156862745,
0.0980392156862745);
ENDSEC;
END-ISO-10303-21;
