ISO-10303-21;
HEADER;
/* Generated by software containing ST-Developer
 * from STEP Tools, Inc. (www.steptools.com) 
 */

FILE_DESCRIPTION(
/* description */ (''),
/* implementation_level */ '2;1');

FILE_NAME(
/* name */ 'Plant Watering.step',
/* time_stamp */ '2026-09-11T17:28:34+05:30',
/* author */ (''),
/* organization */ (''),
/* preprocessor_version */ 'ST-DEVELOPER v20.1',
/* originating_system */ 'Autodesk Translation Framework v15.8.0.0',
/* authorisation */ '');

FILE_SCHEMA (('AUTOMOTIVE_DESIGN { 1 0 10303 214 3 1 1 }'));
ENDSEC;

DATA;
#10=MECHANICAL_DESIGN_GEOMETRIC_PRESENTATION_REPRESENTATION('',(#18,#19,
#20),#3252);
#11=SHAPE_REPRESENTATION_RELATIONSHIP('SRR','None',#3259,#12);
#12=ADVANCED_BREP_SHAPE_REPRESENTATION('',(#13),#3251);
#13=MANIFOLD_SOLID_BREP('main',#924);
#14=TOROIDAL_SURFACE('',#992,21.0095,5.);
#15=TOROIDAL_SURFACE('',#998,21.0095,5.);
#16=TOROIDAL_SURFACE('',#1007,16.0095,10.);
#17=TOROIDAL_SURFACE('',#1012,18.5095,2.5);
#18=STYLED_ITEM('',(#3270),#900);
#19=STYLED_ITEM('',(#3270),#903);
#20=STYLED_ITEM('',(#3269),#13);
#21=PLANE('',#941);
#22=PLANE('',#944);
#23=PLANE('',#951);
#24=PLANE('',#961);
#25=PLANE('',#968);
#26=PLANE('',#973);
#27=PLANE('',#980);
#28=PLANE('',#988);
#29=PLANE('',#989);
#30=PLANE('',#991);
#31=PLANE('',#1010);
#32=PLANE('',#1018);
#33=PLANE('',#1019);
#34=PLANE('',#1020);
#35=PLANE('',#1022);
#36=PLANE('',#1024);
#37=PLANE('',#1033);
#38=PLANE('',#1034);
#39=PLANE('',#1037);
#40=PLANE('',#1038);
#41=PLANE('',#1039);
#42=ELLIPSE('',#940,10.1863872144027,5.13732062868206);
#43=ELLIPSE('',#990,14.3333335469167,12.0000001788139);
#44=ELLIPSE('',#1002,26.6781142403263,26.0095);
#45=ELLIPSE('',#1003,26.6781142403263,26.0095);
#46=ELLIPSE('',#1005,26.6781142403263,26.0095);
#47=ELLIPSE('',#1006,26.6781142403263,26.0095);
#48=(
BOUNDED_SURFACE()
B_SPLINE_SURFACE(1,2,((#1921,#1922,#1923,#1924,#1925,#1926,#1927),(#1928,
#1929,#1930,#1931,#1932,#1933,#1934)),.UNSPECIFIED.,.F.,.F.,.F.)
B_SPLINE_SURFACE_WITH_KNOTS((2,2),(3,2,2,3),(0.,0.156981171778096),(-5.16028899040242,
-3.81449143252733,-2.46869387465224,-1.12289631677715),.UNSPECIFIED.)
GEOMETRIC_REPRESENTATION_ITEM()
RATIONAL_B_SPLINE_SURFACE(((1.,0.782018274109326,1.,0.782018274109326,1.,
0.782018274109326,1.),(1.,0.782018274109326,1.,0.782018274109326,1.,0.782018274109326,
1.)))
REPRESENTATION_ITEM('')
SURFACE()
);
#49=(
BOUNDED_SURFACE()
B_SPLINE_SURFACE(2,2,((#2906,#2907,#2908,#2909,#2910,#2911,#2912,#2913,
#2914),(#2915,#2916,#2917,#2918,#2919,#2920,#2921,#2922,#2923),(#2924,#2925,
#2926,#2927,#2928,#2929,#2930,#2931,#2932),(#2933,#2934,#2935,#2936,#2937,
#2938,#2939,#2940,#2941),(#2942,#2943,#2944,#2945,#2946,#2947,#2948,#2949,
#2950),(#2951,#2952,#2953,#2954,#2955,#2956,#2957,#2958,#2959),(#2960,#2961,
#2962,#2963,#2964,#2965,#2966,#2967,#2968),(#2969,#2970,#2971,#2972,#2973,
#2974,#2975,#2976,#2977),(#2978,#2979,#2980,#2981,#2982,#2983,#2984,#2985,
#2986)),.UNSPECIFIED.,.T.,.F.,.F.)
B_SPLINE_SURFACE_WITH_KNOTS((3,2,2,2,3),(3,2,2,2,3),(-3.14159265358979,
-1.5707963267949,0.,1.5707963267949,3.14159265358979),(0.,1.23418608844414,
2.46837217688827,3.70255826533241,4.93674435377654),.UNSPECIFIED.)
GEOMETRIC_REPRESENTATION_ITEM()
RATIONAL_B_SPLINE_SURFACE(((1.,0.815564059007259,1.,0.815564059007259,1.,
0.815564059007259,1.,0.815564059007259,1.),(0.707106781186547,0.576690876616058,
0.707106781186547,0.576690876616058,0.707106781186547,0.576690876616058,
0.707106781186547,0.576690876616058,0.707106781186547),(1.,0.815564059007259,
1.,0.815564059007259,1.,0.815564059007259,1.,0.815564059007259,1.),(0.707106781186547,
0.576690876616058,0.707106781186547,0.576690876616058,0.707106781186547,
0.576690876616058,0.707106781186547,0.576690876616058,0.707106781186547),
(1.,0.815564059007259,1.,0.815564059007259,1.,0.815564059007259,1.,0.815564059007259,
1.),(0.707106781186547,0.576690876616058,0.707106781186547,0.576690876616058,
0.707106781186547,0.576690876616058,0.707106781186547,0.576690876616058,
0.707106781186547),(1.,0.815564059007259,1.,0.815564059007259,1.,0.815564059007259,
1.,0.815564059007259,1.),(0.707106781186547,0.576690876616058,0.707106781186547,
0.576690876616058,0.707106781186547,0.576690876616058,0.707106781186547,
0.576690876616058,0.707106781186547),(1.,0.815564059007259,1.,0.815564059007259,
1.,0.815564059007259,1.,0.815564059007259,1.)))
REPRESENTATION_ITEM('')
SURFACE()
);
#50=(
BOUNDED_SURFACE()
B_SPLINE_SURFACE(2,2,((#2988,#2989,#2990,#2991,#2992,#2993,#2994,#2995,
#2996),(#2997,#2998,#2999,#3000,#3001,#3002,#3003,#3004,#3005),(#3006,#3007,
#3008,#3009,#3010,#3011,#3012,#3013,#3014),(#3015,#3016,#3017,#3018,#3019,
#3020,#3021,#3022,#3023),(#3024,#3025,#3026,#3027,#3028,#3029,#3030,#3031,
#3032),(#3033,#3034,#3035,#3036,#3037,#3038,#3039,#3040,#3041),(#3042,#3043,
#3044,#3045,#3046,#3047,#3048,#3049,#3050),(#3051,#3052,#3053,#3054,#3055,
#3056,#3057,#3058,#3059),(#3060,#3061,#3062,#3063,#3064,#3065,#3066,#3067,
#3068)),.UNSPECIFIED.,.T.,.F.,.F.)
B_SPLINE_SURFACE_WITH_KNOTS((3,2,2,2,3),(3,2,2,2,3),(-3.14159265358979,
-1.5707963267949,0.,1.5707963267949,3.14159265358979),(0.,1.23418608844414,
2.46837217688827,3.70255826533241,4.93674435377654),.UNSPECIFIED.)
GEOMETRIC_REPRESENTATION_ITEM()
RATIONAL_B_SPLINE_SURFACE(((1.,0.815564059007259,1.,0.815564059007259,1.,
0.815564059007259,1.,0.815564059007259,1.),(0.707106781186547,0.576690876616058,
0.707106781186547,0.576690876616058,0.707106781186547,0.576690876616058,
0.707106781186547,0.576690876616058,0.707106781186547),(1.,0.815564059007259,
1.,0.815564059007259,1.,0.815564059007259,1.,0.815564059007259,1.),(0.707106781186547,
0.576690876616058,0.707106781186547,0.576690876616058,0.707106781186547,
0.576690876616058,0.707106781186547,0.576690876616058,0.707106781186547),
(1.,0.815564059007259,1.,0.815564059007259,1.,0.815564059007259,1.,0.815564059007259,
1.),(0.707106781186547,0.576690876616058,0.707106781186547,0.576690876616058,
0.707106781186547,0.576690876616058,0.707106781186547,0.576690876616058,
0.707106781186547),(1.,0.815564059007259,1.,0.815564059007259,1.,0.815564059007259,
1.,0.815564059007259,1.),(0.707106781186547,0.576690876616058,0.707106781186547,
0.576690876616058,0.707106781186547,0.576690876616058,0.707106781186547,
0.576690876616058,0.707106781186547),(1.,0.815564059007259,1.,0.815564059007259,
1.,0.815564059007259,1.,0.815564059007259,1.)))
REPRESENTATION_ITEM('')
SURFACE()
);
#51=(
BOUNDED_SURFACE()
B_SPLINE_SURFACE(2,2,((#3083,#3084,#3085,#3086,#3087,#3088,#3089,#3090,
#3091),(#3092,#3093,#3094,#3095,#3096,#3097,#3098,#3099,#3100),(#3101,#3102,
#3103,#3104,#3105,#3106,#3107,#3108,#3109),(#3110,#3111,#3112,#3113,#3114,
#3115,#3116,#3117,#3118),(#3119,#3120,#3121,#3122,#3123,#3124,#3125,#3126,
#3127),(#3128,#3129,#3130,#3131,#3132,#3133,#3134,#3135,#3136),(#3137,#3138,
#3139,#3140,#3141,#3142,#3143,#3144,#3145),(#3146,#3147,#3148,#3149,#3150,
#3151,#3152,#3153,#3154),(#3155,#3156,#3157,#3158,#3159,#3160,#3161,#3162,
#3163)),.UNSPECIFIED.,.T.,.F.,.F.)
B_SPLINE_SURFACE_WITH_KNOTS((3,2,2,2,3),(3,2,2,2,3),(-3.14159265358979,
-1.5707963267949,0.,1.5707963267949,3.14159265358979),(0.,1.23418608844414,
2.46837217688827,3.70255826533241,4.93674435377654),.UNSPECIFIED.)
GEOMETRIC_REPRESENTATION_ITEM()
RATIONAL_B_SPLINE_SURFACE(((1.,0.815564059007259,1.,0.815564059007259,1.,
0.815564059007259,1.,0.815564059007259,1.),(0.707106781186547,0.576690876616058,
0.707106781186547,0.576690876616058,0.707106781186547,0.576690876616058,
0.707106781186547,0.576690876616058,0.707106781186547),(1.,0.815564059007259,
1.,0.815564059007259,1.,0.815564059007259,1.,0.815564059007259,1.),(0.707106781186547,
0.576690876616058,0.707106781186547,0.576690876616058,0.707106781186547,
0.576690876616058,0.707106781186547,0.576690876616058,0.707106781186547),
(1.,0.815564059007259,1.,0.815564059007259,1.,0.815564059007259,1.,0.815564059007259,
1.),(0.707106781186547,0.576690876616058,0.707106781186547,0.576690876616058,
0.707106781186547,0.576690876616058,0.707106781186547,0.576690876616058,
0.707106781186547),(1.,0.815564059007259,1.,0.815564059007259,1.,0.815564059007259,
1.,0.815564059007259,1.),(0.707106781186547,0.576690876616058,0.707106781186547,
0.576690876616058,0.707106781186547,0.576690876616058,0.707106781186547,
0.576690876616058,0.707106781186547),(1.,0.815564059007259,1.,0.815564059007259,
1.,0.815564059007259,1.,0.815564059007259,1.)))
REPRESENTATION_ITEM('')
SURFACE()
);
#52=(
BOUNDED_SURFACE()
B_SPLINE_SURFACE(2,2,((#3164,#3165,#3166,#3167,#3168,#3169,#3170,#3171,
#3172),(#3173,#3174,#3175,#3176,#3177,#3178,#3179,#3180,#3181),(#3182,#3183,
#3184,#3185,#3186,#3187,#3188,#3189,#3190),(#3191,#3192,#3193,#3194,#3195,
#3196,#3197,#3198,#3199),(#3200,#3201,#3202,#3203,#3204,#3205,#3206,#3207,
#3208),(#3209,#3210,#3211,#3212,#3213,#3214,#3215,#3216,#3217),(#3218,#3219,
#3220,#3221,#3222,#3223,#3224,#3225,#3226),(#3227,#3228,#3229,#3230,#3231,
#3232,#3233,#3234,#3235),(#3236,#3237,#3238,#3239,#3240,#3241,#3242,#3243,
#3244)),.UNSPECIFIED.,.T.,.F.,.F.)
B_SPLINE_SURFACE_WITH_KNOTS((3,2,2,2,3),(3,2,2,2,3),(3.14159265358979,4.71238898038469,
6.28318530717959,7.85398163397448,9.42477796076938),(0.,1.23418608844414,
2.46837217688827,3.70255826533241,4.93674435377654),.UNSPECIFIED.)
GEOMETRIC_REPRESENTATION_ITEM()
RATIONAL_B_SPLINE_SURFACE(((1.,0.815564059007259,1.,0.815564059007259,1.,
0.815564059007259,1.,0.815564059007259,1.),(0.707106781186547,0.576690876616058,
0.707106781186547,0.576690876616058,0.707106781186547,0.576690876616058,
0.707106781186547,0.576690876616058,0.707106781186547),(1.,0.815564059007259,
1.,0.815564059007259,1.,0.815564059007259,1.,0.815564059007259,1.),(0.707106781186547,
0.576690876616058,0.707106781186547,0.576690876616058,0.707106781186547,
0.576690876616058,0.707106781186547,0.576690876616058,0.707106781186547),
(1.,0.815564059007259,1.,0.815564059007259,1.,0.815564059007259,1.,0.815564059007259,
1.),(0.707106781186547,0.576690876616058,0.707106781186547,0.576690876616058,
0.707106781186547,0.576690876616058,0.707106781186547,0.576690876616058,
0.707106781186547),(1.,0.815564059007259,1.,0.815564059007259,1.,0.815564059007259,
1.,0.815564059007259,1.),(0.707106781186547,0.576690876616058,0.707106781186547,
0.576690876616058,0.707106781186547,0.576690876616058,0.707106781186547,
0.576690876616058,0.707106781186547),(1.,0.815564059007259,1.,0.815564059007259,
1.,0.815564059007259,1.,0.815564059007259,1.)))
REPRESENTATION_ITEM('')
SURFACE()
);
#53=LINE('',#1879,#79);
#54=LINE('',#1888,#80);
#55=LINE('',#1920,#81);
#56=LINE('',#2083,#82);
#57=LINE('',#2531,#83);
#58=LINE('',#2571,#84);
#59=LINE('',#2573,#85);
#60=LINE('',#2652,#86);
#61=LINE('',#2658,#87);
#62=LINE('',#2663,#88);
#63=LINE('',#2669,#89);
#64=LINE('',#2676,#90);
#65=LINE('',#2681,#91);
#66=LINE('',#2689,#92);
#67=LINE('',#2714,#93);
#68=LINE('',#2793,#94);
#69=LINE('',#2806,#95);
#70=LINE('',#2821,#96);
#71=LINE('',#2851,#97);
#72=LINE('',#2892,#98);
#73=LINE('',#2896,#99);
#74=LINE('',#2898,#100);
#75=LINE('',#2904,#101);
#76=LINE('',#3078,#102);
#77=LINE('',#3080,#103);
#78=LINE('',#3081,#104);
#79=VECTOR('',#1046,10.);
#80=VECTOR('',#1047,10.);
#81=VECTOR('',#1048,10.);
#82=VECTOR('',#1053,10.);
#83=VECTOR('',#1054,48.6282345316832);
#84=VECTOR('',#1069,0.714720794560706);
#85=VECTOR('',#1072,0.714720794560706);
#86=VECTOR('',#1095,0.714720794560706);
#87=VECTOR('',#1104,0.714720794560706);
#88=VECTOR('',#1111,0.714720794560706);
#89=VECTOR('',#1120,0.714720794560706);
#90=VECTOR('',#1131,0.714720794560706);
#91=VECTOR('',#1138,0.714720794560706);
#92=VECTOR('',#1149,0.714720794560706);
#93=VECTOR('',#1154,0.714720794560706);
#94=VECTOR('',#1165,19.2673894404276);
#95=VECTOR('',#1182,26.0095);
#96=VECTOR('',#1189,10.);
#97=VECTOR('',#1196,10.);
#98=VECTOR('',#1221,26.0095);
#99=VECTOR('',#1228,10.);
#100=VECTOR('',#1229,10.);
#101=VECTOR('',#1238,10.);
#102=VECTOR('',#1257,10.);
#103=VECTOR('',#1260,10.);
#104=VECTOR('',#1261,10.);
#105=CIRCLE('',#939,26.0095);
#106=CIRCLE('',#942,2.72994029492926);
#107=CIRCLE('',#943,2.72994029492926);
#108=CIRCLE('',#945,0.714720794560706);
#109=CIRCLE('',#946,0.714720794560706);
#110=CIRCLE('',#948,0.714720794560706);
#111=CIRCLE('',#949,0.714720794560706);
#112=CIRCLE('',#950,0.714720794560706);
#113=CIRCLE('',#952,0.714720794560706);
#114=CIRCLE('',#953,0.714720794560706);
#115=CIRCLE('',#954,0.714720794560706);
#116=CIRCLE('',#955,0.714720794560706);
#117=CIRCLE('',#956,0.714720794560706);
#118=CIRCLE('',#957,0.714720794560706);
#119=CIRCLE('',#958,0.714720794560706);
#120=CIRCLE('',#960,0.714720794560706);
#121=CIRCLE('',#962,0.714720794560706);
#122=CIRCLE('',#964,0.714720794560706);
#123=CIRCLE('',#967,0.714720794560706);
#124=CIRCLE('',#969,0.714720794560706);
#125=CIRCLE('',#971,0.714720794560706);
#126=CIRCLE('',#974,0.714720794560706);
#127=CIRCLE('',#976,0.714720794560706);
#128=CIRCLE('',#979,0.714720794560706);
#129=CIRCLE('',#981,0.714720794560706);
#130=CIRCLE('',#982,0.714720794560706);
#131=CIRCLE('',#984,0.714720794560706);
#132=CIRCLE('',#986,0.714720794560706);
#133=CIRCLE('',#987,0.714720794560706);
#134=CIRCLE('',#993,21.0095);
#135=CIRCLE('',#994,5.);
#136=CIRCLE('',#995,26.0095);
#137=CIRCLE('',#996,26.0095);
#138=CIRCLE('',#997,26.0095);
#139=CIRCLE('',#1000,26.0095);
#140=CIRCLE('',#1001,26.0095);
#141=CIRCLE('',#1004,26.0095);
#142=CIRCLE('',#1008,16.0095);
#143=CIRCLE('',#1009,10.);
#144=CIRCLE('',#1011,18.5095);
#145=CIRCLE('',#1013,2.5);
#146=CIRCLE('',#1014,16.0095);
#147=CIRCLE('',#1015,16.0095);
#148=CIRCLE('',#1017,16.0095);
#149=CIRCLE('',#1021,4.);
#150=CIRCLE('',#1023,4.);
#151=CIRCLE('',#1025,4.);
#152=CIRCLE('',#1026,4.);
#153=CIRCLE('',#1027,4.);
#154=CIRCLE('',#1028,4.);
#155=CIRCLE('',#1029,13.6325645580292);
#156=CIRCLE('',#1030,4.);
#157=CIRCLE('',#1031,4.);
#158=CIRCLE('',#1032,4.);
#159=CIRCLE('',#1035,4.);
#160=CIRCLE('',#1036,4.);
#161=CYLINDRICAL_SURFACE('',#938,26.0095);
#162=CYLINDRICAL_SURFACE('',#947,0.714720794560706);
#163=CYLINDRICAL_SURFACE('',#959,0.714720794560706);
#164=CYLINDRICAL_SURFACE('',#963,0.714720794560706);
#165=CYLINDRICAL_SURFACE('',#965,0.714720794560706);
#166=CYLINDRICAL_SURFACE('',#966,0.714720794560706);
#167=CYLINDRICAL_SURFACE('',#970,0.714720794560706);
#168=CYLINDRICAL_SURFACE('',#972,0.714720794560706);
#169=CYLINDRICAL_SURFACE('',#975,0.714720794560706);
#170=CYLINDRICAL_SURFACE('',#977,0.714720794560706);
#171=CYLINDRICAL_SURFACE('',#978,0.714720794560706);
#172=CYLINDRICAL_SURFACE('',#983,0.714720794560706);
#173=CYLINDRICAL_SURFACE('',#985,0.714720794560706);
#174=CYLINDRICAL_SURFACE('',#999,26.0095);
#175=CYLINDRICAL_SURFACE('',#1016,16.0095);
#176=FACE_BOUND('',#254,.T.);
#177=FACE_BOUND('',#255,.T.);
#178=FACE_BOUND('',#256,.T.);
#179=FACE_BOUND('',#258,.T.);
#180=FACE_BOUND('',#269,.T.);
#181=FACE_BOUND('',#270,.T.);
#182=FACE_BOUND('',#271,.T.);
#183=FACE_BOUND('',#272,.T.);
#184=FACE_BOUND('',#273,.T.);
#185=FACE_BOUND('',#274,.T.);
#186=FACE_BOUND('',#293,.T.);
#187=FACE_BOUND('',#294,.T.);
#188=FACE_BOUND('',#295,.T.);
#189=FACE_BOUND('',#296,.T.);
#190=FACE_BOUND('',#297,.T.);
#191=FACE_BOUND('',#298,.T.);
#192=FACE_BOUND('',#299,.T.);
#193=FACE_BOUND('',#300,.T.);
#194=FACE_BOUND('',#301,.T.);
#195=FACE_BOUND('',#303,.T.);
#196=FACE_BOUND('',#305,.T.);
#197=FACE_BOUND('',#309,.T.);
#198=FACE_BOUND('',#312,.T.);
#199=FACE_BOUND('',#315,.T.);
#200=FACE_OUTER_BOUND('',#253,.T.);
#201=FACE_OUTER_BOUND('',#257,.T.);
#202=FACE_OUTER_BOUND('',#259,.T.);
#203=FACE_OUTER_BOUND('',#260,.T.);
#204=FACE_OUTER_BOUND('',#261,.T.);
#205=FACE_OUTER_BOUND('',#262,.T.);
#206=FACE_OUTER_BOUND('',#263,.T.);
#207=FACE_OUTER_BOUND('',#264,.T.);
#208=FACE_OUTER_BOUND('',#265,.T.);
#209=FACE_OUTER_BOUND('',#266,.T.);
#210=FACE_OUTER_BOUND('',#267,.T.);
#211=FACE_OUTER_BOUND('',#268,.T.);
#212=FACE_OUTER_BOUND('',#275,.T.);
#213=FACE_OUTER_BOUND('',#276,.T.);
#214=FACE_OUTER_BOUND('',#277,.T.);
#215=FACE_OUTER_BOUND('',#278,.T.);
#216=FACE_OUTER_BOUND('',#279,.T.);
#217=FACE_OUTER_BOUND('',#280,.T.);
#218=FACE_OUTER_BOUND('',#281,.T.);
#219=FACE_OUTER_BOUND('',#282,.T.);
#220=FACE_OUTER_BOUND('',#283,.T.);
#221=FACE_OUTER_BOUND('',#284,.T.);
#222=FACE_OUTER_BOUND('',#285,.T.);
#223=FACE_OUTER_BOUND('',#286,.T.);
#224=FACE_OUTER_BOUND('',#287,.T.);
#225=FACE_OUTER_BOUND('',#288,.T.);
#226=FACE_OUTER_BOUND('',#289,.T.);
#227=FACE_OUTER_BOUND('',#290,.T.);
#228=FACE_OUTER_BOUND('',#291,.T.);
#229=FACE_OUTER_BOUND('',#292,.T.);
#230=FACE_OUTER_BOUND('',#302,.T.);
#231=FACE_OUTER_BOUND('',#304,.T.);
#232=FACE_OUTER_BOUND('',#306,.T.);
#233=FACE_OUTER_BOUND('',#307,.T.);
#234=FACE_OUTER_BOUND('',#308,.T.);
#235=FACE_OUTER_BOUND('',#310,.T.);
#236=FACE_OUTER_BOUND('',#311,.T.);
#237=FACE_OUTER_BOUND('',#313,.T.);
#238=FACE_OUTER_BOUND('',#314,.T.);
#239=FACE_OUTER_BOUND('',#316,.T.);
#240=FACE_OUTER_BOUND('',#317,.T.);
#241=FACE_OUTER_BOUND('',#318,.T.);
#242=FACE_OUTER_BOUND('',#319,.T.);
#243=FACE_OUTER_BOUND('',#320,.T.);
#244=FACE_OUTER_BOUND('',#321,.T.);
#245=FACE_OUTER_BOUND('',#322,.T.);
#246=FACE_OUTER_BOUND('',#323,.T.);
#247=FACE_OUTER_BOUND('',#324,.T.);
#248=FACE_OUTER_BOUND('',#325,.T.);
#249=FACE_OUTER_BOUND('',#326,.T.);
#250=FACE_OUTER_BOUND('',#327,.T.);
#251=FACE_OUTER_BOUND('',#328,.T.);
#252=FACE_OUTER_BOUND('',#329,.T.);
#253=EDGE_LOOP('',(#595,#596,#597,#598,#599,#600,#601,#602,#603,#604,#605));
#254=EDGE_LOOP('',(#606,#607));
#255=EDGE_LOOP('',(#608,#609));
#256=EDGE_LOOP('',(#610,#611));
#257=EDGE_LOOP('',(#612,#613,#614));
#258=EDGE_LOOP('',(#615,#616,#617,#618,#619,#620,#621,#622,#623));
#259=EDGE_LOOP('',(#624,#625,#626,#627,#628,#629,#630));
#260=EDGE_LOOP('',(#631,#632,#633,#634));
#261=EDGE_LOOP('',(#635,#636,#637,#638,#639,#640,#641));
#262=EDGE_LOOP('',(#642,#643));
#263=EDGE_LOOP('',(#644,#645,#646,#647,#648,#649));
#264=EDGE_LOOP('',(#650,#651,#652,#653,#654,#655));
#265=EDGE_LOOP('',(#656,#657,#658,#659,#660,#661,#662));
#266=EDGE_LOOP('',(#663,#664,#665));
#267=EDGE_LOOP('',(#666,#667,#668,#669,#670,#671,#672,#673,#674,#675,#676,
#677));
#268=EDGE_LOOP('',(#678,#679,#680,#681,#682,#683));
#269=EDGE_LOOP('',(#684));
#270=EDGE_LOOP('',(#685));
#271=EDGE_LOOP('',(#686));
#272=EDGE_LOOP('',(#687));
#273=EDGE_LOOP('',(#688));
#274=EDGE_LOOP('',(#689));
#275=EDGE_LOOP('',(#690,#691,#692,#693));
#276=EDGE_LOOP('',(#694,#695));
#277=EDGE_LOOP('',(#696,#697,#698,#699));
#278=EDGE_LOOP('',(#700,#701));
#279=EDGE_LOOP('',(#702,#703,#704,#705));
#280=EDGE_LOOP('',(#706,#707));
#281=EDGE_LOOP('',(#708,#709,#710,#711));
#282=EDGE_LOOP('',(#712,#713));
#283=EDGE_LOOP('',(#714,#715));
#284=EDGE_LOOP('',(#716,#717,#718,#719));
#285=EDGE_LOOP('',(#720,#721));
#286=EDGE_LOOP('',(#722,#723,#724,#725));
#287=EDGE_LOOP('',(#726,#727,#728,#729));
#288=EDGE_LOOP('',(#730,#731,#732,#733,#734,#735,#736,#737,#738));
#289=EDGE_LOOP('',(#739,#740));
#290=EDGE_LOOP('',(#741,#742,#743,#744));
#291=EDGE_LOOP('',(#745));
#292=EDGE_LOOP('',(#746));
#293=EDGE_LOOP('',(#747));
#294=EDGE_LOOP('',(#748));
#295=EDGE_LOOP('',(#749));
#296=EDGE_LOOP('',(#750));
#297=EDGE_LOOP('',(#751));
#298=EDGE_LOOP('',(#752));
#299=EDGE_LOOP('',(#753));
#300=EDGE_LOOP('',(#754));
#301=EDGE_LOOP('',(#755));
#302=EDGE_LOOP('',(#756));
#303=EDGE_LOOP('',(#757));
#304=EDGE_LOOP('',(#758,#759,#760,#761,#762));
#305=EDGE_LOOP('',(#763,#764));
#306=EDGE_LOOP('',(#765,#766,#767,#768,#769,#770,#771));
#307=EDGE_LOOP('',(#772,#773));
#308=EDGE_LOOP('',(#774,#775,#776,#777,#778,#779,#780,#781,#782,#783,#784,
#785,#786,#787,#788,#789));
#309=EDGE_LOOP('',(#790,#791,#792,#793,#794,#795));
#310=EDGE_LOOP('',(#796,#797,#798,#799,#800,#801,#802));
#311=EDGE_LOOP('',(#803));
#312=EDGE_LOOP('',(#804));
#313=EDGE_LOOP('',(#805,#806,#807,#808,#809));
#314=EDGE_LOOP('',(#810,#811,#812,#813,#814));
#315=EDGE_LOOP('',(#815));
#316=EDGE_LOOP('',(#816));
#317=EDGE_LOOP('',(#817));
#318=EDGE_LOOP('',(#818,#819,#820));
#319=EDGE_LOOP('',(#821,#822,#823));
#320=EDGE_LOOP('',(#824,#825,#826));
#321=EDGE_LOOP('',(#827,#828,#829));
#322=EDGE_LOOP('',(#830,#831,#832,#833,#834,#835,#836,#837,#838,#839,#840,
#841));
#323=EDGE_LOOP('',(#842,#843,#844));
#324=EDGE_LOOP('',(#845,#846,#847));
#325=EDGE_LOOP('',(#848,#849,#850));
#326=EDGE_LOOP('',(#851,#852,#853));
#327=EDGE_LOOP('',(#854,#855,#856));
#328=EDGE_LOOP('',(#857,#858,#859));
#329=EDGE_LOOP('',(#860,#861,#862));
#330=B_SPLINE_CURVE_WITH_KNOTS('',3,(#1377,#1378,#1379,#1380,#1381,#1382,
#1383,#1384,#1385,#1386,#1387,#1388,#1389,#1390,#1391),.UNSPECIFIED.,.F.,
 .F.,(4,2,3,2,2,2,4),(-0.0478351001848336,-0.0282647895740113,0.,0.0250903605127558,
0.0484137250387695,0.0933234142401006,0.113598220215923),.UNSPECIFIED.);
#331=B_SPLINE_CURVE_WITH_KNOTS('',3,(#1393,#1394,#1395,#1396),
 .UNSPECIFIED.,.F.,.F.,(4,4),(-0.18693917593722,-0.157486959748964),
 .UNSPECIFIED.);
#332=B_SPLINE_CURVE_WITH_KNOTS('',3,(#1398,#1399,#1400,#1401,#1402,#1403),
 .UNSPECIFIED.,.F.,.F.,(4,1,1,4),(-0.0472233199368015,0.217057548927951,
0.486294865231799,0.799459923075083),.UNSPECIFIED.);
#333=B_SPLINE_CURVE_WITH_KNOTS('',3,(#1404,#1405,#1406,#1407,#1408,#1409,
#1410,#1411,#1412,#1413,#1414,#1415,#1416,#1417,#1418,#1419,#1420,#1421,
#1422,#1423,#1424,#1425,#1426,#1427,#1428,#1429,#1430,#1431,#1432,#1433,
#1434,#1435,#1436,#1437,#1438,#1439,#1440,#1441,#1442),.UNSPECIFIED.,.T.,
 .F.,(4,2,2,2,2,2,2,2,2,2,2,2,2,2,2,2,3,2,4),(0.103192567314241,0.119969439113613,
0.182511960344565,0.24183576535201,0.296424777236724,0.347870257535627,
0.399280558981863,0.45380870541113,0.513376887655543,0.576544205098493,
0.638312054713947,0.695585823746418,0.750163342598687,0.804002511286455,
0.857346237771458,0.887818191005515,0.918802375672402,0.976910082305997,
1.02199494298664),.UNSPECIFIED.);
#334=B_SPLINE_CURVE_WITH_KNOTS('',3,(#1444,#1445,#1446,#1447),
 .UNSPECIFIED.,.F.,.F.,(4,4),(-0.157486959748964,-0.061884007481377),
 .UNSPECIFIED.);
#335=B_SPLINE_CURVE_WITH_KNOTS('',3,(#1449,#1450,#1451,#1452,#1453,#1454,
#1455,#1456,#1457,#1458,#1459,#1460,#1461,#1462),.UNSPECIFIED.,.F.,.F.,
(4,2,2,2,2,2,4),(-0.257437096461988,-0.252604120180455,-0.199135826219783,
-0.157732042106731,-0.127707165598185,-0.105379216840052,-0.093906835970861),
 .UNSPECIFIED.);
#336=B_SPLINE_CURVE_WITH_KNOTS('',3,(#1464,#1465,#1466,#1467,#1468,#1469,
#1470,#1471,#1472,#1473,#1474,#1475,#1476,#1477),.UNSPECIFIED.,.F.,.F.,
(4,2,2,2,2,2,4),(-6.71874163719223,-6.66910489285071,-6.34548100918273,
-5.94052022276304,-5.44537005175675,-5.17349421418748,-5.07848113529445),
 .UNSPECIFIED.);
#337=B_SPLINE_CURVE_WITH_KNOTS('',3,(#1479,#1480,#1481,#1482,#1483,#1484,
#1485,#1486,#1487,#1488),.UNSPECIFIED.,.F.,.F.,(4,2,2,2,4),(-0.470616834459909,
-0.456789210125634,-0.42641905036492,-0.373064532180264,-0.352172448544652),
 .UNSPECIFIED.);
#338=B_SPLINE_CURVE_WITH_KNOTS('',3,(#1490,#1491,#1492,#1493,#1494,#1495,
#1496,#1497,#1498,#1499,#1500,#1501,#1502,#1503,#1504,#1505,#1506,#1507,
#1508,#1509,#1510,#1511,#1512,#1513,#1514,#1515,#1516,#1517,#1518,#1519,
#1520,#1521,#1522,#1523,#1524,#1525,#1526),.UNSPECIFIED.,.F.,.F.,(4,2,2,
2,2,2,2,2,2,2,2,2,2,2,3,2,2,4),(-0.352172448544652,-0.309013574458269,-0.265400684377145,
-0.23716936784568,-0.217677900157045,-0.203074442403739,-0.196585848647985,
-0.191806212351629,-0.187400964860124,-0.1814559034512,-0.167161270815513,
-0.141740761500315,-0.111508622840646,-0.0577786628826965,0.,0.0445012111367828,
0.0729090936242204,0.0779920603507231),.UNSPECIFIED.);
#339=B_SPLINE_CURVE_WITH_KNOTS('',3,(#1527,#1528,#1529,#1530,#1531,#1532,
#1533,#1534,#1535,#1536,#1537,#1538,#1539,#1540,#1541,#1542,#1543,#1544,
#1545,#1546,#1547,#1548,#1549,#1550,#1551,#1552,#1553,#1554,#1555),
 .UNSPECIFIED.,.F.,.F.,(4,2,2,2,2,2,2,2,2,2,2,2,3,4),(-5.01232357979961,
-4.62835288419954,-4.15713975617843,-3.76705496592534,-3.42721647763931,
-3.09508070587756,-2.73575917464492,-2.30546542085334,-1.78849337751934,
-1.23357480946579,-0.746744274755022,-0.345195402910848,0.,0.224408955148424),
 .UNSPECIFIED.);
#340=B_SPLINE_CURVE_WITH_KNOTS('',3,(#1558,#1559,#1560,#1561,#1562,#1563,
#1564,#1565,#1566,#1567,#1568,#1569,#1570,#1571,#1572,#1573,#1574,#1575,
#1576,#1577,#1578,#1579,#1580,#1581,#1582,#1583,#1584,#1585,#1586,#1587,
#1588,#1589,#1590,#1591,#1592,#1593,#1594,#1595,#1596,#1597,#1598,#1599,
#1600,#1601,#1602,#1603,#1604,#1605,#1606,#1607,#1608,#1609,#1610,#1611,
#1612),.UNSPECIFIED.,.F.,.F.,(4,3,3,3,3,3,3,3,3,3,3,3,3,3,3,3,3,3,4),(-0.24269808829957,
-0.226096583393817,-0.214181961141861,-0.201360126591293,-0.192911733913291,
-0.181582331867078,-0.178817510752029,-0.168707917910169,-0.164520077704074,
-0.161510308209498,-0.158410771100069,-0.153776118675189,-0.142598929519974,
-0.141708459946322,-0.129573190795098,-0.122225029185537,-0.106539019320584,
-0.0980667679997327,-0.0821475829024244),.UNSPECIFIED.);
#341=B_SPLINE_CURVE_WITH_KNOTS('',3,(#1613,#1614,#1615,#1616,#1617,#1618,
#1619),.UNSPECIFIED.,.F.,.F.,(4,3,4),(-0.175454234505308,-0.0915062869654425,
-0.0653156246731206),.UNSPECIFIED.);
#342=B_SPLINE_CURVE_WITH_KNOTS('',3,(#1622,#1623,#1624,#1625,#1626,#1627,
#1628,#1629,#1630,#1631,#1632,#1633,#1634,#1635,#1636,#1637,#1638,#1639,
#1640,#1641,#1642,#1643,#1644,#1645,#1646,#1647,#1648,#1649,#1650,#1651,
#1652,#1653),.UNSPECIFIED.,.F.,.F.,(4,2,2,2,2,2,2,2,2,2,2,2,2,2,2,4),(-0.398385225937431,
-0.38379469063743,-0.322639043943547,-0.288047543210927,-0.268268165093522,
-0.250608788798597,-0.244299718088143,-0.240721117097368,-0.237631917649706,
-0.233849395246122,-0.226575512901884,-0.21037459136112,-0.190789820249043,
-0.164650238903975,-0.120509651186278,-0.0725562012940783),
 .UNSPECIFIED.);
#343=B_SPLINE_CURVE_WITH_KNOTS('',3,(#1654,#1655,#1656,#1657),
 .UNSPECIFIED.,.F.,.F.,(4,4),(-0.206403287629628,-0.0662908505835786),
 .UNSPECIFIED.);
#344=B_SPLINE_CURVE_WITH_KNOTS('',3,(#1660,#1661,#1662,#1663,#1664,#1665,
#1666,#1667,#1668,#1669,#1670,#1671,#1672,#1673,#1674,#1675,#1676,#1677,
#1678,#1679,#1680,#1681,#1682,#1683,#1684,#1685,#1686,#1687,#1688,#1689,
#1690,#1691,#1692,#1693,#1694,#1695,#1696,#1697,#1698,#1699),
 .UNSPECIFIED.,.F.,.F.,(4,3,3,3,3,3,3,3,3,3,3,3,3,4),(-0.222656510839095,
-0.207840064222217,-0.198834566829292,-0.185867591200867,-0.174807444886682,
-0.165753177815248,-0.160217779795332,-0.15521610157109,-0.148827221638707,
-0.135830718212428,-0.122558332559146,-0.112553673774917,-0.0972857816221811,
-0.0922867219797587),.UNSPECIFIED.);
#345=B_SPLINE_CURVE_WITH_KNOTS('',3,(#1700,#1701,#1702,#1703,#1704,#1705,
#1706),.UNSPECIFIED.,.F.,.F.,(4,3,4),(-0.17598435176054,-0.102298991639806,
-0.0731810177784759),.UNSPECIFIED.);
#346=B_SPLINE_CURVE_WITH_KNOTS('',3,(#1710,#1711,#1712,#1713,#1714,#1715,
#1716,#1717,#1718,#1719,#1720,#1721,#1722,#1723,#1724,#1725,#1726,#1727,
#1728,#1729,#1730,#1731,#1732,#1733,#1734,#1735,#1736,#1737),
 .UNSPECIFIED.,.F.,.F.,(4,3,3,3,3,3,3,3,3,4),(4.13056534235162,4.17875910548084,
4.2261827486175,4.27251735170182,4.2921026814553,4.33400663458952,4.37512060802648,
4.41741955100933,4.45758596541831,4.45971849399219),.UNSPECIFIED.);
#347=B_SPLINE_CURVE_WITH_KNOTS('',3,(#1740,#1741,#1742,#1743,#1744,#1745,
#1746,#1747,#1748,#1749,#1750,#1751,#1752,#1753,#1754,#1755,#1756,#1757,
#1758,#1759,#1760,#1761,#1762,#1763,#1764,#1765,#1766,#1767),
 .UNSPECIFIED.,.F.,.F.,(4,2,2,2,2,2,2,2,2,2,2,2,2,4),(0.,0.330871280723014,
0.882173646033755,1.41354976987058,1.71251316062489,1.92435766382984,2.10260548997242,
2.28177228140099,2.50702741089769,2.8071592058454,3.19265711541633,3.69123092598293,
4.09902532331001,4.13056534235162),.UNSPECIFIED.);
#348=B_SPLINE_CURVE_WITH_KNOTS('',3,(#1770,#1771,#1772,#1773,#1774,#1775,
#1776,#1777,#1778,#1779,#1780,#1781),.UNSPECIFIED.,.F.,.F.,(4,2,2,2,2,4),
(0.,0.00185982099542694,0.0046254932471381,0.00587484154838896,0.00664493982907852,
0.00683801268706758),.UNSPECIFIED.);
#349=B_SPLINE_CURVE_WITH_KNOTS('',3,(#1783,#1784,#1785,#1786,#1787,#1788,
#1789,#1790,#1791,#1792),.UNSPECIFIED.,.F.,.F.,(4,2,2,2,4),(0.00683801268706758,
0.00734544566145462,0.00824701376731468,0.0101107288667978,0.0136216296263335),
 .UNSPECIFIED.);
#350=B_SPLINE_CURVE_WITH_KNOTS('',3,(#1794,#1795,#1796,#1797,#1798,#1799),
 .UNSPECIFIED.,.F.,.F.,(4,2,4),(0.,0.0958084028988965,0.175653437689204),
 .UNSPECIFIED.);
#351=B_SPLINE_CURVE_WITH_KNOTS('',3,(#1801,#1802,#1803,#1804,#1805,#1806,
#1807,#1808,#1809,#1810),.UNSPECIFIED.,.F.,.F.,(4,2,2,2,4),(0.,0.0957156763606506,
0.228380926535978,0.423617617944403,0.647103350820053),.UNSPECIFIED.);
#352=B_SPLINE_CURVE_WITH_KNOTS('',3,(#1812,#1813,#1814,#1815,#1816,#1817,
#1818,#1819,#1820,#1821,#1822,#1823,#1824,#1825,#1826),.UNSPECIFIED.,.F.,
 .F.,(4,3,2,2,2,2,4),(-0.145120318479497,0.,0.415146092619313,0.830292185238625,
1.0703413627158,1.31039054019297,1.33580851747559),.UNSPECIFIED.);
#353=B_SPLINE_CURVE_WITH_KNOTS('',3,(#1828,#1829,#1830,#1831),
 .UNSPECIFIED.,.F.,.F.,(4,4),(1.33580851747559,1.34189120871487),
 .UNSPECIFIED.);
#354=B_SPLINE_CURVE_WITH_KNOTS('',3,(#1833,#1834,#1835,#1836),
 .UNSPECIFIED.,.F.,.F.,(4,4),(1.34189120871487,1.34789830227361),
 .UNSPECIFIED.);
#355=B_SPLINE_CURVE_WITH_KNOTS('',3,(#1838,#1839,#1840,#1841,#1842,#1843,
#1844,#1845,#1846,#1847,#1848,#1849,#1850,#1851,#1852,#1853,#1854,#1855,
#1856,#1857),.UNSPECIFIED.,.F.,.F.,(4,2,2,2,2,2,2,2,2,4),(1.34789830227361,
1.39504493065684,1.47969932112072,1.5709371827744,1.66217504442808,1.83804852669734,
2.0139220089666,2.36566897350512,2.78092309103954,3.06282826479221),
 .UNSPECIFIED.);
#356=B_SPLINE_CURVE_WITH_KNOTS('',3,(#1858,#1859,#1860,#1861,#1862,#1863),
 .UNSPECIFIED.,.F.,.F.,(4,2,4),(0.,0.398039434845257,0.675805382398601),
 .UNSPECIFIED.);
#357=B_SPLINE_CURVE_WITH_KNOTS('',3,(#1881,#1882,#1883,#1884,#1885,#1886,
#1887),.UNSPECIFIED.,.F.,.F.,(4,3,4),(-3.14159265358979,-2.68587252347222,
-2.10954272175161),.UNSPECIFIED.);
#358=B_SPLINE_CURVE_WITH_KNOTS('',3,(#1910,#1911,#1912,#1913,#1914,#1915,
#1916,#1917,#1918,#1919),.UNSPECIFIED.,.F.,.F.,(4,3,3,4),(2.10954272087019,
2.60380828609509,3.06492059934875,3.14159265358979),.UNSPECIFIED.);
#359=B_SPLINE_CURVE_WITH_KNOTS('',3,(#1937,#1938,#1939,#1940,#1941,#1942,
#1943,#1944,#1945,#1946,#1947,#1948,#1949,#1950,#1951,#1952,#1953,#1954,
#1955,#1956,#1957,#1958,#1959,#1960,#1961,#1962,#1963,#1964),
 .UNSPECIFIED.,.F.,.F.,(4,3,3,3,3,3,3,3,3,4),(-2.10954272175161,-2.08659110106317,
-1.36452700786055,-0.767437760898147,-0.262951026524621,0.175930162676547,
0.665339887366298,1.32131813123689,2.04499742681849,2.10954272087019),
 .UNSPECIFIED.);
#360=B_SPLINE_CURVE_WITH_KNOTS('',3,(#2040,#2041,#2042,#2043,#2044,#2045,
#2046,#2047,#2048,#2049,#2050,#2051,#2052,#2053,#2054,#2055,#2056,#2057,
#2058,#2059,#2060,#2061,#2062,#2063,#2064,#2065,#2066,#2067,#2068,#2069,
#2070,#2071,#2072,#2073,#2074,#2075,#2076,#2077,#2078,#2079,#2080,#2081,
#2082),.UNSPECIFIED.,.T.,.F.,(4,2,2,2,2,3,2,2,2,2,2,2,2,2,2,2,2,2,2,2,4),
(5.17917868963667,5.27534802083599,5.43823477118105,5.66976732429437,5.96220173811815,
6.29190460926745,6.88443674495912,7.37121240501984,7.86236718720675,8.16217430875091,
8.35890136741956,8.53106425111414,8.75021841426559,9.06854586171596,9.52234112429187,
10.2039251840264,10.5896276891175,11.0095459373667,11.2673448928396,11.4314380584216,
11.4710832989041),.UNSPECIFIED.);
#361=B_SPLINE_CURVE_WITH_KNOTS('',3,(#2170,#2171,#2172,#2173,#2174,#2175,
#2176,#2177,#2178,#2179,#2180,#2181,#2182,#2183,#2184,#2185,#2186,#2187,
#2188,#2189,#2190,#2191,#2192,#2193,#2194,#2195,#2196,#2197,#2198,#2199,
#2200,#2201,#2202,#2203,#2204,#2205,#2206,#2207,#2208,#2209),
 .UNSPECIFIED.,.F.,.F.,(4,3,3,3,3,3,3,3,3,3,3,3,3,4),(0.0235852520347958,
0.14554148340879,0.255831703841428,0.356384959733235,0.448362143349364,
0.532776938700606,0.610517253772694,0.682362478653999,0.748996748050502,
0.811556336794564,0.867694272497968,0.920857428878143,0.969902021848856,
0.999235103026748),.UNSPECIFIED.);
#362=B_SPLINE_CURVE_WITH_KNOTS('',3,(#2210,#2211,#2212,#2213,#2214,#2215,
#2216,#2217,#2218,#2219,#2220,#2221,#2222,#2223,#2224,#2225,#2226,#2227,
#2228,#2229,#2230,#2231,#2232,#2233,#2234,#2235,#2236,#2237,#2238,#2239,
#2240,#2241,#2242,#2243,#2244,#2245,#2246,#2247,#2248,#2249,#2250,#2251,
#2252,#2253,#2254,#2255,#2256,#2257,#2258,#2259,#2260,#2261,#2262,#2263,
#2264,#2265,#2266,#2267,#2268,#2269,#2270,#2271,#2272,#2273,#2274,#2275,
#2276,#2277,#2278,#2279,#2280,#2281,#2282,#2283,#2284,#2285,#2286,#2287,
#2288,#2289,#2290,#2291,#2292,#2293,#2294,#2295,#2296,#2297,#2298,#2299,
#2300,#2301,#2302,#2303,#2304,#2305,#2306,#2307,#2308,#2309,#2310,#2311,
#2312,#2313,#2314,#2315,#2316,#2317,#2318,#2319,#2320,#2321,#2322,#2323,
#2324,#2325,#2326,#2327,#2328,#2329,#2330,#2331,#2332,#2333,#2334,#2335,
#2336,#2337,#2338,#2339,#2340,#2341,#2342,#2343,#2344,#2345,#2346,#2347,
#2348,#2349,#2350,#2351,#2352,#2353,#2354,#2355,#2356,#2357,#2358,#2359,
#2360,#2361,#2362,#2363,#2364,#2365,#2366,#2367,#2368,#2369,#2370,#2371,
#2372,#2373,#2374,#2375,#2376,#2377,#2378,#2379,#2380,#2381,#2382,#2383,
#2384,#2385,#2386,#2387,#2388,#2389,#2390,#2391,#2392,#2393,#2394,#2395,
#2396,#2397,#2398,#2399,#2400,#2401,#2402,#2403,#2404,#2405,#2406,#2407,
#2408,#2409,#2410,#2411,#2412,#2413,#2414,#2415,#2416,#2417),
 .UNSPECIFIED.,.T.,.F.,(4,3,3,3,3,3,3,3,3,3,3,3,3,3,3,3,3,3,3,3,3,3,3,3,
3,3,3,3,3,3,3,3,3,3,3,3,3,3,3,3,3,3,3,3,3,3,3,3,3,3,3,3,3,3,3,3,3,3,3,3,
3,3,3,3,3,3,3,3,3,4),(1.14258443759359,1.16507437980825,1.18467816028835,
1.20711574357441,1.22954376819859,1.23377913550064,1.25632295899445,1.27428260926351,
1.29704304627608,1.31977563817053,1.32449471003827,1.34725298762811,1.35301283349159,
1.37605080311132,1.39917502733502,1.41474577677059,1.43137531227877,1.4541989684787,
1.47728994793331,1.50031141836638,1.50493769054533,1.5097268420614,1.53193402141198,
1.55441487387361,1.56541377227536,1.58855013349519,1.61034906163604,1.63239230331696,
1.65430964264867,1.66803967170774,1.68741076777491,1.70903250721622,1.73089619504458,
1.74789999922016,1.7698990793024,1.79167802574936,1.80990724245204,1.82752902749212,
1.85002022015547,1.87071039220618,1.89322599655289,1.90645831657158,1.9297224782513,
1.95282942939567,1.96130728674979,1.98476684772894,2.00791647306996,2.03111212299596,
2.05166961675278,2.06302892170353,2.08566426246111,2.10850251663234,2.13114507983826,
2.14174493528892,2.14245949362501,2.16477665113533,2.18736689949234,2.20984735953387,
2.22091828593897,2.23376837230849,2.25625535070791,2.27887721336335,2.30027534911528,
2.32294043070515,2.3253187277068,2.34795025470063,2.3705669957973,2.37964259627294,
2.4022168808997,2.4168670468571),.UNSPECIFIED.);
#363=B_SPLINE_CURVE_WITH_KNOTS('',3,(#2418,#2419,#2420,#2421,#2422,#2423,
#2424,#2425,#2426,#2427,#2428,#2429,#2430,#2431),.UNSPECIFIED.,.F.,.F.,
(4,2,2,2,2,2,4),(0.,0.144634789550155,0.180553639074273,0.325065569384101,
0.488935243915132,0.594164134204774,0.714331889249821),.UNSPECIFIED.);
#364=B_SPLINE_CURVE_WITH_KNOTS('',3,(#2502,#2503,#2504,#2505,#2506,#2507,
#2508,#2509,#2510,#2511,#2512,#2513,#2514,#2515,#2516,#2517,#2518,#2519,
#2520,#2521,#2522,#2523,#2524,#2525,#2526,#2527,#2528,#2529),
 .UNSPECIFIED.,.F.,.F.,(4,2,2,2,2,2,2,2,2,2,2,2,2,4),(0.310561629323988,
0.37292644492622,0.908803041952463,1.43434595469621,1.85624887805784,2.18378604011955,
2.43618152293692,2.65142386185825,2.87043260685719,3.15076106972976,3.55908908437345,
4.19310032497639,4.61164122686636,4.97694674749628),.UNSPECIFIED.);
#365=B_SPLINE_CURVE_WITH_KNOTS('',3,(#2536,#2537,#2538,#2539),
 .UNSPECIFIED.,.F.,.F.,(4,4),(0.,0.310561629323988),.UNSPECIFIED.);
#366=B_SPLINE_CURVE_WITH_KNOTS('',3,(#2540,#2541,#2542,#2543,#2544,#2545,
#2546,#2547,#2548,#2549,#2550,#2551,#2552,#2553),.UNSPECIFIED.,.F.,.F.,
(4,2,2,2,2,2,4),(0.,0.209360372862606,0.40735760545601,0.606331431805869,
0.776676271375785,0.868451203485325,0.973289685366499),.UNSPECIFIED.);
#367=B_SPLINE_CURVE_WITH_KNOTS('',3,(#2557,#2558,#2559,#2560,#2561,#2562,
#2563),.UNSPECIFIED.,.F.,.F.,(4,3,4),(-0.188097979557982,-0.100408862885088,
-0.0538278205961627),.UNSPECIFIED.);
#368=B_SPLINE_CURVE_WITH_KNOTS('',3,(#2574,#2575,#2576,#2577,#2578,#2579,
#2580,#2581,#2582,#2583,#2584,#2585,#2586,#2587,#2588,#2589,#2590,#2591,
#2592,#2593,#2594,#2595,#2596,#2597,#2598,#2599,#2600,#2601,#2602,#2603,
#2604,#2605,#2606,#2607,#2608,#2609,#2610,#2611,#2612,#2613,#2614,#2615,
#2616,#2617,#2618,#2619,#2620,#2621,#2622,#2623,#2624,#2625,#2626,#2627,
#2628),.UNSPECIFIED.,.F.,.F.,(4,3,3,3,3,3,3,3,3,3,3,3,3,3,3,3,3,3,4),(-0.299560830500391,
-0.280445209773387,-0.273301675933868,-0.257917052855578,-0.246283006085652,
-0.229312156198149,-0.219332766573407,-0.205585549488805,-0.199176578928085,
-0.194315206145462,-0.189092630342132,-0.180896225727103,-0.166604327735372,
-0.158093278559155,-0.142076954703,-0.131900209562883,-0.111441739914131,
-0.0966559887332814,-0.0829773108152925),.UNSPECIFIED.);
#369=B_SPLINE_CURVE_WITH_KNOTS('',3,(#2633,#2634,#2635,#2636),
 .UNSPECIFIED.,.F.,.F.,(4,4),(-6.76340560440288,-6.76293016252777),
 .UNSPECIFIED.);
#370=B_SPLINE_CURVE_WITH_KNOTS('',3,(#2690,#2691,#2692,#2693),
 .UNSPECIFIED.,.F.,.F.,(4,4),(-0.048373461482299,-0.0478351001848336),
 .UNSPECIFIED.);
#371=B_SPLINE_CURVE_WITH_KNOTS('',3,(#2812,#2813,#2814,#2815,#2816,#2817),
 .UNSPECIFIED.,.F.,.F.,(4,2,4),(-0.349193255248888,-0.162294684770925,0.),
 .UNSPECIFIED.);
#372=B_SPLINE_CURVE_WITH_KNOTS('',3,(#2825,#2826,#2827,#2828,#2829,#2830),
 .UNSPECIFIED.,.F.,.F.,(4,2,4),(-0.349067870853674,-0.169601124227236,0.),
 .UNSPECIFIED.);
#373=B_SPLINE_CURVE_WITH_KNOTS('',3,(#2834,#2835,#2836,#2837,#2838,#2839,
#2840,#2841,#2842,#2843,#2844,#2845,#2846,#2847),.UNSPECIFIED.,.F.,.F.,
(4,2,2,2,2,2,4),(-1.25342075918568,-1.07827695339013,-0.932774777149239,
-0.807603097705842,-0.703751225001683,-0.639323924744455,-0.626714977168524),
 .UNSPECIFIED.);
#374=B_SPLINE_CURVE_WITH_KNOTS('',3,(#2854,#2855,#2856,#2857,#2858,#2859,
#2860,#2861,#2862,#2863,#2864,#2865),.UNSPECIFIED.,.F.,.F.,(4,2,2,2,2,4),
(-0.626714977168524,-0.579620225194051,-0.501449676221775,-0.34686377923659,
-0.183591091562496,0.),.UNSPECIFIED.);
#375=B_SPLINE_CURVE_WITH_KNOTS('',3,(#2870,#2871,#2872,#2873,#2874,#2875,
#2876,#2877,#2878,#2879),.UNSPECIFIED.,.F.,.F.,(4,2,2,2,4),(-0.552844156764072,
-0.420052353287247,-0.288167498265681,-0.142190298441017,0.),
 .UNSPECIFIED.);
#376=VERTEX_POINT('',#1375);
#377=VERTEX_POINT('',#1376);
#378=VERTEX_POINT('',#1392);
#379=VERTEX_POINT('',#1397);
#380=VERTEX_POINT('',#1443);
#381=VERTEX_POINT('',#1448);
#382=VERTEX_POINT('',#1463);
#383=VERTEX_POINT('',#1478);
#384=VERTEX_POINT('',#1489);
#385=VERTEX_POINT('',#1556);
#386=VERTEX_POINT('',#1557);
#387=VERTEX_POINT('',#1620);
#388=VERTEX_POINT('',#1621);
#389=VERTEX_POINT('',#1658);
#390=VERTEX_POINT('',#1659);
#391=VERTEX_POINT('',#1708);
#392=VERTEX_POINT('',#1709);
#393=VERTEX_POINT('',#1738);
#394=VERTEX_POINT('',#1768);
#395=VERTEX_POINT('',#1769);
#396=VERTEX_POINT('',#1782);
#397=VERTEX_POINT('',#1793);
#398=VERTEX_POINT('',#1800);
#399=VERTEX_POINT('',#1811);
#400=VERTEX_POINT('',#1827);
#401=VERTEX_POINT('',#1832);
#402=VERTEX_POINT('',#1837);
#403=VERTEX_POINT('',#1878);
#404=VERTEX_POINT('',#1880);
#405=VERTEX_POINT('',#1909);
#406=VERTEX_POINT('',#2039);
#407=VERTEX_POINT('',#2169);
#408=VERTEX_POINT('',#2500);
#409=VERTEX_POINT('',#2501);
#410=VERTEX_POINT('',#2530);
#411=VERTEX_POINT('',#2532);
#412=VERTEX_POINT('',#2535);
#413=VERTEX_POINT('',#2555);
#414=VERTEX_POINT('',#2556);
#415=VERTEX_POINT('',#2564);
#416=VERTEX_POINT('',#2568);
#417=VERTEX_POINT('',#2570);
#418=VERTEX_POINT('',#2631);
#419=VERTEX_POINT('',#2637);
#420=VERTEX_POINT('',#2639);
#421=VERTEX_POINT('',#2641);
#422=VERTEX_POINT('',#2643);
#423=VERTEX_POINT('',#2645);
#424=VERTEX_POINT('',#2647);
#425=VERTEX_POINT('',#2650);
#426=VERTEX_POINT('',#2656);
#427=VERTEX_POINT('',#2661);
#428=VERTEX_POINT('',#2667);
#429=VERTEX_POINT('',#2674);
#430=VERTEX_POINT('',#2679);
#431=VERTEX_POINT('',#2683);
#432=VERTEX_POINT('',#2687);
#433=VERTEX_POINT('',#2711);
#434=VERTEX_POINT('',#2713);
#435=VERTEX_POINT('',#2718);
#436=VERTEX_POINT('',#2795);
#437=VERTEX_POINT('',#2797);
#438=VERTEX_POINT('',#2799);
#439=VERTEX_POINT('',#2805);
#440=VERTEX_POINT('',#2807);
#441=VERTEX_POINT('',#2809);
#442=VERTEX_POINT('',#2811);
#443=VERTEX_POINT('',#2818);
#444=VERTEX_POINT('',#2820);
#445=VERTEX_POINT('',#2822);
#446=VERTEX_POINT('',#2824);
#447=VERTEX_POINT('',#2832);
#448=VERTEX_POINT('',#2833);
#449=VERTEX_POINT('',#2848);
#450=VERTEX_POINT('',#2850);
#451=VERTEX_POINT('',#2852);
#452=VERTEX_POINT('',#2867);
#453=VERTEX_POINT('',#2881);
#454=VERTEX_POINT('',#2884);
#455=VERTEX_POINT('',#2886);
#456=VERTEX_POINT('',#2890);
#457=VERTEX_POINT('',#2897);
#458=VERTEX_POINT('',#2903);
#459=VERTEX_POINT('',#3069);
#460=VERTEX_POINT('',#3071);
#461=EDGE_CURVE('',#376,#377,#330,.T.);
#462=EDGE_CURVE('',#377,#378,#331,.T.);
#463=EDGE_CURVE('',#379,#378,#332,.T.);
#464=EDGE_CURVE('',#379,#379,#333,.T.);
#465=EDGE_CURVE('',#378,#380,#334,.T.);
#466=EDGE_CURVE('',#380,#381,#335,.T.);
#467=EDGE_CURVE('',#381,#382,#336,.T.);
#468=EDGE_CURVE('',#382,#383,#337,.T.);
#469=EDGE_CURVE('',#383,#384,#338,.T.);
#470=EDGE_CURVE('',#384,#376,#339,.T.);
#471=EDGE_CURVE('',#385,#386,#340,.T.);
#472=EDGE_CURVE('',#386,#385,#341,.T.);
#473=EDGE_CURVE('',#387,#388,#342,.T.);
#474=EDGE_CURVE('',#388,#387,#343,.T.);
#475=EDGE_CURVE('',#389,#390,#344,.T.);
#476=EDGE_CURVE('',#390,#389,#345,.T.);
#477=EDGE_CURVE('',#391,#392,#346,.T.);
#478=EDGE_CURVE('',#393,#392,#105,.T.);
#479=EDGE_CURVE('',#393,#391,#347,.T.);
#480=EDGE_CURVE('',#394,#395,#348,.T.);
#481=EDGE_CURVE('',#395,#396,#349,.T.);
#482=EDGE_CURVE('',#396,#397,#350,.T.);
#483=EDGE_CURVE('',#397,#398,#351,.T.);
#484=EDGE_CURVE('',#398,#399,#352,.T.);
#485=EDGE_CURVE('',#399,#400,#353,.T.);
#486=EDGE_CURVE('',#400,#401,#354,.T.);
#487=EDGE_CURVE('',#401,#402,#355,.T.);
#488=EDGE_CURVE('',#402,#394,#356,.T.);
#489=EDGE_CURVE('',#403,#402,#53,.T.);
#490=EDGE_CURVE('',#404,#403,#357,.T.);
#491=EDGE_CURVE('',#404,#397,#54,.T.);
#492=EDGE_CURVE('',#405,#404,#358,.T.);
#493=EDGE_CURVE('',#405,#398,#55,.T.);
#494=EDGE_CURVE('',#403,#405,#42,.T.);
#495=EDGE_CURVE('',#403,#405,#359,.T.);
#496=EDGE_CURVE('',#406,#406,#360,.T.);
#497=EDGE_CURVE('',#404,#406,#56,.T.);
#498=EDGE_CURVE('',#391,#407,#361,.T.);
#499=EDGE_CURVE('',#407,#407,#362,.T.);
#500=EDGE_CURVE('',#392,#393,#363,.T.);
#501=EDGE_CURVE('',#408,#409,#364,.T.);
#502=EDGE_CURVE('',#408,#410,#57,.T.);
#503=EDGE_CURVE('',#411,#410,#106,.T.);
#504=EDGE_CURVE('',#410,#411,#107,.T.);
#505=EDGE_CURVE('',#412,#408,#365,.T.);
#506=EDGE_CURVE('',#409,#412,#366,.T.);
#507=EDGE_CURVE('',#413,#414,#367,.T.);
#508=EDGE_CURVE('',#415,#413,#108,.T.);
#509=EDGE_CURVE('',#414,#415,#109,.T.);
#510=EDGE_CURVE('',#416,#416,#110,.T.);
#511=EDGE_CURVE('',#416,#417,#58,.T.);
#512=EDGE_CURVE('',#384,#417,#111,.T.);
#513=EDGE_CURVE('',#383,#415,#59,.T.);
#514=EDGE_CURVE('',#414,#413,#368,.T.);
#515=EDGE_CURVE('',#417,#382,#112,.T.);
#516=EDGE_CURVE('',#381,#418,#113,.T.);
#517=EDGE_CURVE('',#376,#418,#369,.T.);
#518=EDGE_CURVE('',#419,#419,#114,.T.);
#519=EDGE_CURVE('',#420,#420,#115,.T.);
#520=EDGE_CURVE('',#421,#421,#116,.T.);
#521=EDGE_CURVE('',#422,#422,#117,.T.);
#522=EDGE_CURVE('',#423,#423,#118,.T.);
#523=EDGE_CURVE('',#424,#424,#119,.T.);
#524=EDGE_CURVE('',#425,#425,#120,.T.);
#525=EDGE_CURVE('',#425,#424,#60,.T.);
#526=EDGE_CURVE('',#389,#390,#121,.T.);
#527=EDGE_CURVE('',#426,#426,#122,.T.);
#528=EDGE_CURVE('',#426,#423,#61,.T.);
#529=EDGE_CURVE('',#427,#427,#123,.T.);
#530=EDGE_CURVE('',#427,#422,#62,.T.);
#531=EDGE_CURVE('',#387,#388,#124,.T.);
#532=EDGE_CURVE('',#428,#428,#125,.T.);
#533=EDGE_CURVE('',#428,#421,#63,.T.);
#534=EDGE_CURVE('',#385,#386,#126,.T.);
#535=EDGE_CURVE('',#429,#429,#127,.T.);
#536=EDGE_CURVE('',#429,#420,#64,.T.);
#537=EDGE_CURVE('',#430,#430,#128,.T.);
#538=EDGE_CURVE('',#430,#419,#65,.T.);
#539=EDGE_CURVE('',#431,#377,#129,.T.);
#540=EDGE_CURVE('',#380,#431,#130,.T.);
#541=EDGE_CURVE('',#432,#432,#131,.T.);
#542=EDGE_CURVE('',#432,#431,#66,.T.);
#543=EDGE_CURVE('',#418,#376,#370,.T.);
#544=EDGE_CURVE('',#433,#433,#132,.T.);
#545=EDGE_CURVE('',#433,#434,#67,.T.);
#546=EDGE_CURVE('',#434,#434,#133,.T.);
#547=EDGE_CURVE('',#435,#435,#43,.T.);
#548=EDGE_CURVE('',#411,#435,#68,.T.);
#549=EDGE_CURVE('',#436,#436,#134,.T.);
#550=EDGE_CURVE('',#436,#437,#135,.T.);
#551=EDGE_CURVE('',#437,#438,#136,.T.);
#552=EDGE_CURVE('',#438,#409,#137,.T.);
#553=EDGE_CURVE('',#412,#437,#138,.T.);
#554=EDGE_CURVE('',#438,#439,#69,.T.);
#555=EDGE_CURVE('',#440,#439,#139,.T.);
#556=EDGE_CURVE('',#441,#440,#140,.T.);
#557=EDGE_CURVE('',#442,#441,#371,.T.);
#558=EDGE_CURVE('',#443,#442,#44,.T.);
#559=EDGE_CURVE('',#443,#444,#70,.T.);
#560=EDGE_CURVE('',#445,#443,#45,.T.);
#561=EDGE_CURVE('',#446,#445,#372,.T.);
#562=EDGE_CURVE('',#439,#446,#141,.T.);
#563=EDGE_CURVE('',#447,#448,#373,.T.);
#564=EDGE_CURVE('',#449,#447,#46,.T.);
#565=EDGE_CURVE('',#450,#449,#71,.T.);
#566=EDGE_CURVE('',#451,#449,#47,.T.);
#567=EDGE_CURVE('',#448,#451,#374,.T.);
#568=EDGE_CURVE('',#452,#452,#142,.T.);
#569=EDGE_CURVE('',#452,#440,#143,.T.);
#570=EDGE_CURVE('',#441,#446,#375,.T.);
#571=EDGE_CURVE('',#453,#453,#144,.T.);
#572=EDGE_CURVE('',#453,#454,#145,.T.);
#573=EDGE_CURVE('',#454,#455,#146,.T.);
#574=EDGE_CURVE('',#455,#454,#147,.T.);
#575=EDGE_CURVE('',#456,#456,#148,.T.);
#576=EDGE_CURVE('',#456,#455,#72,.T.);
#577=EDGE_CURVE('',#450,#449,#73,.T.);
#578=EDGE_CURVE('',#449,#457,#74,.T.);
#579=EDGE_CURVE('',#450,#457,#149,.T.);
#580=EDGE_CURVE('',#447,#457,#150,.T.);
#581=EDGE_CURVE('',#458,#449,#75,.T.);
#582=EDGE_CURVE('',#458,#451,#151,.T.);
#583=EDGE_CURVE('',#457,#448,#152,.T.);
#584=EDGE_CURVE('',#459,#445,#153,.T.);
#585=EDGE_CURVE('',#460,#459,#154,.T.);
#586=EDGE_CURVE('',#458,#460,#155,.T.);
#587=EDGE_CURVE('',#458,#450,#156,.T.);
#588=EDGE_CURVE('',#448,#458,#157,.T.);
#589=EDGE_CURVE('',#442,#460,#158,.T.);
#590=EDGE_CURVE('',#443,#459,#76,.T.);
#591=EDGE_CURVE('',#443,#444,#77,.T.);
#592=EDGE_CURVE('',#460,#443,#78,.T.);
#593=EDGE_CURVE('',#460,#444,#159,.T.);
#594=EDGE_CURVE('',#444,#459,#160,.T.);
#595=ORIENTED_EDGE('',*,*,#461,.T.);
#596=ORIENTED_EDGE('',*,*,#462,.T.);
#597=ORIENTED_EDGE('',*,*,#463,.F.);
#598=ORIENTED_EDGE('',*,*,#464,.F.);
#599=ORIENTED_EDGE('',*,*,#463,.T.);
#600=ORIENTED_EDGE('',*,*,#465,.T.);
#601=ORIENTED_EDGE('',*,*,#466,.T.);
#602=ORIENTED_EDGE('',*,*,#467,.T.);
#603=ORIENTED_EDGE('',*,*,#468,.T.);
#604=ORIENTED_EDGE('',*,*,#469,.T.);
#605=ORIENTED_EDGE('',*,*,#470,.T.);
#606=ORIENTED_EDGE('',*,*,#471,.T.);
#607=ORIENTED_EDGE('',*,*,#472,.T.);
#608=ORIENTED_EDGE('',*,*,#473,.T.);
#609=ORIENTED_EDGE('',*,*,#474,.T.);
#610=ORIENTED_EDGE('',*,*,#475,.T.);
#611=ORIENTED_EDGE('',*,*,#476,.T.);
#612=ORIENTED_EDGE('',*,*,#477,.T.);
#613=ORIENTED_EDGE('',*,*,#478,.F.);
#614=ORIENTED_EDGE('',*,*,#479,.T.);
#615=ORIENTED_EDGE('',*,*,#480,.T.);
#616=ORIENTED_EDGE('',*,*,#481,.T.);
#617=ORIENTED_EDGE('',*,*,#482,.T.);
#618=ORIENTED_EDGE('',*,*,#483,.T.);
#619=ORIENTED_EDGE('',*,*,#484,.T.);
#620=ORIENTED_EDGE('',*,*,#485,.T.);
#621=ORIENTED_EDGE('',*,*,#486,.T.);
#622=ORIENTED_EDGE('',*,*,#487,.T.);
#623=ORIENTED_EDGE('',*,*,#488,.T.);
#624=ORIENTED_EDGE('',*,*,#482,.F.);
#625=ORIENTED_EDGE('',*,*,#481,.F.);
#626=ORIENTED_EDGE('',*,*,#480,.F.);
#627=ORIENTED_EDGE('',*,*,#488,.F.);
#628=ORIENTED_EDGE('',*,*,#489,.F.);
#629=ORIENTED_EDGE('',*,*,#490,.F.);
#630=ORIENTED_EDGE('',*,*,#491,.T.);
#631=ORIENTED_EDGE('',*,*,#483,.F.);
#632=ORIENTED_EDGE('',*,*,#491,.F.);
#633=ORIENTED_EDGE('',*,*,#492,.F.);
#634=ORIENTED_EDGE('',*,*,#493,.T.);
#635=ORIENTED_EDGE('',*,*,#484,.F.);
#636=ORIENTED_EDGE('',*,*,#493,.F.);
#637=ORIENTED_EDGE('',*,*,#494,.F.);
#638=ORIENTED_EDGE('',*,*,#489,.T.);
#639=ORIENTED_EDGE('',*,*,#487,.F.);
#640=ORIENTED_EDGE('',*,*,#486,.F.);
#641=ORIENTED_EDGE('',*,*,#485,.F.);
#642=ORIENTED_EDGE('',*,*,#494,.T.);
#643=ORIENTED_EDGE('',*,*,#495,.F.);
#644=ORIENTED_EDGE('',*,*,#496,.F.);
#645=ORIENTED_EDGE('',*,*,#497,.F.);
#646=ORIENTED_EDGE('',*,*,#490,.T.);
#647=ORIENTED_EDGE('',*,*,#495,.T.);
#648=ORIENTED_EDGE('',*,*,#492,.T.);
#649=ORIENTED_EDGE('',*,*,#497,.T.);
#650=ORIENTED_EDGE('',*,*,#477,.F.);
#651=ORIENTED_EDGE('',*,*,#498,.T.);
#652=ORIENTED_EDGE('',*,*,#499,.F.);
#653=ORIENTED_EDGE('',*,*,#498,.F.);
#654=ORIENTED_EDGE('',*,*,#479,.F.);
#655=ORIENTED_EDGE('',*,*,#500,.F.);
#656=ORIENTED_EDGE('',*,*,#501,.F.);
#657=ORIENTED_EDGE('',*,*,#502,.T.);
#658=ORIENTED_EDGE('',*,*,#503,.F.);
#659=ORIENTED_EDGE('',*,*,#504,.F.);
#660=ORIENTED_EDGE('',*,*,#502,.F.);
#661=ORIENTED_EDGE('',*,*,#505,.F.);
#662=ORIENTED_EDGE('',*,*,#506,.F.);
#663=ORIENTED_EDGE('',*,*,#507,.F.);
#664=ORIENTED_EDGE('',*,*,#508,.F.);
#665=ORIENTED_EDGE('',*,*,#509,.F.);
#666=ORIENTED_EDGE('',*,*,#510,.F.);
#667=ORIENTED_EDGE('',*,*,#511,.T.);
#668=ORIENTED_EDGE('',*,*,#512,.F.);
#669=ORIENTED_EDGE('',*,*,#469,.F.);
#670=ORIENTED_EDGE('',*,*,#513,.T.);
#671=ORIENTED_EDGE('',*,*,#508,.T.);
#672=ORIENTED_EDGE('',*,*,#514,.F.);
#673=ORIENTED_EDGE('',*,*,#509,.T.);
#674=ORIENTED_EDGE('',*,*,#513,.F.);
#675=ORIENTED_EDGE('',*,*,#468,.F.);
#676=ORIENTED_EDGE('',*,*,#515,.F.);
#677=ORIENTED_EDGE('',*,*,#511,.F.);
#678=ORIENTED_EDGE('',*,*,#512,.T.);
#679=ORIENTED_EDGE('',*,*,#515,.T.);
#680=ORIENTED_EDGE('',*,*,#467,.F.);
#681=ORIENTED_EDGE('',*,*,#516,.T.);
#682=ORIENTED_EDGE('',*,*,#517,.F.);
#683=ORIENTED_EDGE('',*,*,#470,.F.);
#684=ORIENTED_EDGE('',*,*,#518,.T.);
#685=ORIENTED_EDGE('',*,*,#519,.T.);
#686=ORIENTED_EDGE('',*,*,#520,.T.);
#687=ORIENTED_EDGE('',*,*,#521,.T.);
#688=ORIENTED_EDGE('',*,*,#522,.T.);
#689=ORIENTED_EDGE('',*,*,#523,.T.);
#690=ORIENTED_EDGE('',*,*,#524,.F.);
#691=ORIENTED_EDGE('',*,*,#525,.T.);
#692=ORIENTED_EDGE('',*,*,#523,.F.);
#693=ORIENTED_EDGE('',*,*,#525,.F.);
#694=ORIENTED_EDGE('',*,*,#476,.F.);
#695=ORIENTED_EDGE('',*,*,#526,.F.);
#696=ORIENTED_EDGE('',*,*,#527,.F.);
#697=ORIENTED_EDGE('',*,*,#528,.T.);
#698=ORIENTED_EDGE('',*,*,#522,.F.);
#699=ORIENTED_EDGE('',*,*,#528,.F.);
#700=ORIENTED_EDGE('',*,*,#475,.F.);
#701=ORIENTED_EDGE('',*,*,#526,.T.);
#702=ORIENTED_EDGE('',*,*,#529,.F.);
#703=ORIENTED_EDGE('',*,*,#530,.T.);
#704=ORIENTED_EDGE('',*,*,#521,.F.);
#705=ORIENTED_EDGE('',*,*,#530,.F.);
#706=ORIENTED_EDGE('',*,*,#474,.F.);
#707=ORIENTED_EDGE('',*,*,#531,.F.);
#708=ORIENTED_EDGE('',*,*,#532,.F.);
#709=ORIENTED_EDGE('',*,*,#533,.T.);
#710=ORIENTED_EDGE('',*,*,#520,.F.);
#711=ORIENTED_EDGE('',*,*,#533,.F.);
#712=ORIENTED_EDGE('',*,*,#473,.F.);
#713=ORIENTED_EDGE('',*,*,#531,.T.);
#714=ORIENTED_EDGE('',*,*,#472,.F.);
#715=ORIENTED_EDGE('',*,*,#534,.F.);
#716=ORIENTED_EDGE('',*,*,#535,.F.);
#717=ORIENTED_EDGE('',*,*,#536,.T.);
#718=ORIENTED_EDGE('',*,*,#519,.F.);
#719=ORIENTED_EDGE('',*,*,#536,.F.);
#720=ORIENTED_EDGE('',*,*,#471,.F.);
#721=ORIENTED_EDGE('',*,*,#534,.T.);
#722=ORIENTED_EDGE('',*,*,#537,.F.);
#723=ORIENTED_EDGE('',*,*,#538,.T.);
#724=ORIENTED_EDGE('',*,*,#518,.F.);
#725=ORIENTED_EDGE('',*,*,#538,.F.);
#726=ORIENTED_EDGE('',*,*,#462,.F.);
#727=ORIENTED_EDGE('',*,*,#539,.F.);
#728=ORIENTED_EDGE('',*,*,#540,.F.);
#729=ORIENTED_EDGE('',*,*,#465,.F.);
#730=ORIENTED_EDGE('',*,*,#541,.F.);
#731=ORIENTED_EDGE('',*,*,#542,.T.);
#732=ORIENTED_EDGE('',*,*,#539,.T.);
#733=ORIENTED_EDGE('',*,*,#461,.F.);
#734=ORIENTED_EDGE('',*,*,#543,.F.);
#735=ORIENTED_EDGE('',*,*,#516,.F.);
#736=ORIENTED_EDGE('',*,*,#466,.F.);
#737=ORIENTED_EDGE('',*,*,#540,.T.);
#738=ORIENTED_EDGE('',*,*,#542,.F.);
#739=ORIENTED_EDGE('',*,*,#517,.T.);
#740=ORIENTED_EDGE('',*,*,#543,.T.);
#741=ORIENTED_EDGE('',*,*,#544,.F.);
#742=ORIENTED_EDGE('',*,*,#545,.T.);
#743=ORIENTED_EDGE('',*,*,#546,.T.);
#744=ORIENTED_EDGE('',*,*,#545,.F.);
#745=ORIENTED_EDGE('',*,*,#546,.F.);
#746=ORIENTED_EDGE('',*,*,#547,.T.);
#747=ORIENTED_EDGE('',*,*,#544,.T.);
#748=ORIENTED_EDGE('',*,*,#529,.T.);
#749=ORIENTED_EDGE('',*,*,#535,.T.);
#750=ORIENTED_EDGE('',*,*,#527,.T.);
#751=ORIENTED_EDGE('',*,*,#541,.T.);
#752=ORIENTED_EDGE('',*,*,#537,.T.);
#753=ORIENTED_EDGE('',*,*,#524,.T.);
#754=ORIENTED_EDGE('',*,*,#510,.T.);
#755=ORIENTED_EDGE('',*,*,#532,.T.);
#756=ORIENTED_EDGE('',*,*,#499,.T.);
#757=ORIENTED_EDGE('',*,*,#464,.T.);
#758=ORIENTED_EDGE('',*,*,#503,.T.);
#759=ORIENTED_EDGE('',*,*,#504,.T.);
#760=ORIENTED_EDGE('',*,*,#548,.T.);
#761=ORIENTED_EDGE('',*,*,#547,.F.);
#762=ORIENTED_EDGE('',*,*,#548,.F.);
#763=ORIENTED_EDGE('',*,*,#514,.T.);
#764=ORIENTED_EDGE('',*,*,#507,.T.);
#765=ORIENTED_EDGE('',*,*,#549,.T.);
#766=ORIENTED_EDGE('',*,*,#550,.T.);
#767=ORIENTED_EDGE('',*,*,#551,.T.);
#768=ORIENTED_EDGE('',*,*,#552,.T.);
#769=ORIENTED_EDGE('',*,*,#506,.T.);
#770=ORIENTED_EDGE('',*,*,#553,.T.);
#771=ORIENTED_EDGE('',*,*,#550,.F.);
#772=ORIENTED_EDGE('',*,*,#500,.T.);
#773=ORIENTED_EDGE('',*,*,#478,.T.);
#774=ORIENTED_EDGE('',*,*,#501,.T.);
#775=ORIENTED_EDGE('',*,*,#552,.F.);
#776=ORIENTED_EDGE('',*,*,#554,.T.);
#777=ORIENTED_EDGE('',*,*,#555,.F.);
#778=ORIENTED_EDGE('',*,*,#556,.F.);
#779=ORIENTED_EDGE('',*,*,#557,.F.);
#780=ORIENTED_EDGE('',*,*,#558,.F.);
#781=ORIENTED_EDGE('',*,*,#559,.T.);
#782=ORIENTED_EDGE('',*,*,#559,.F.);
#783=ORIENTED_EDGE('',*,*,#560,.F.);
#784=ORIENTED_EDGE('',*,*,#561,.F.);
#785=ORIENTED_EDGE('',*,*,#562,.F.);
#786=ORIENTED_EDGE('',*,*,#554,.F.);
#787=ORIENTED_EDGE('',*,*,#551,.F.);
#788=ORIENTED_EDGE('',*,*,#553,.F.);
#789=ORIENTED_EDGE('',*,*,#505,.T.);
#790=ORIENTED_EDGE('',*,*,#563,.F.);
#791=ORIENTED_EDGE('',*,*,#564,.F.);
#792=ORIENTED_EDGE('',*,*,#565,.F.);
#793=ORIENTED_EDGE('',*,*,#565,.T.);
#794=ORIENTED_EDGE('',*,*,#566,.F.);
#795=ORIENTED_EDGE('',*,*,#567,.F.);
#796=ORIENTED_EDGE('',*,*,#568,.T.);
#797=ORIENTED_EDGE('',*,*,#569,.T.);
#798=ORIENTED_EDGE('',*,*,#555,.T.);
#799=ORIENTED_EDGE('',*,*,#562,.T.);
#800=ORIENTED_EDGE('',*,*,#570,.F.);
#801=ORIENTED_EDGE('',*,*,#556,.T.);
#802=ORIENTED_EDGE('',*,*,#569,.F.);
#803=ORIENTED_EDGE('',*,*,#549,.F.);
#804=ORIENTED_EDGE('',*,*,#571,.F.);
#805=ORIENTED_EDGE('',*,*,#571,.T.);
#806=ORIENTED_EDGE('',*,*,#572,.T.);
#807=ORIENTED_EDGE('',*,*,#573,.T.);
#808=ORIENTED_EDGE('',*,*,#574,.T.);
#809=ORIENTED_EDGE('',*,*,#572,.F.);
#810=ORIENTED_EDGE('',*,*,#575,.F.);
#811=ORIENTED_EDGE('',*,*,#576,.T.);
#812=ORIENTED_EDGE('',*,*,#573,.F.);
#813=ORIENTED_EDGE('',*,*,#574,.F.);
#814=ORIENTED_EDGE('',*,*,#576,.F.);
#815=ORIENTED_EDGE('',*,*,#496,.T.);
#816=ORIENTED_EDGE('',*,*,#575,.T.);
#817=ORIENTED_EDGE('',*,*,#568,.F.);
#818=ORIENTED_EDGE('',*,*,#577,.T.);
#819=ORIENTED_EDGE('',*,*,#578,.T.);
#820=ORIENTED_EDGE('',*,*,#579,.F.);
#821=ORIENTED_EDGE('',*,*,#564,.T.);
#822=ORIENTED_EDGE('',*,*,#580,.T.);
#823=ORIENTED_EDGE('',*,*,#578,.F.);
#824=ORIENTED_EDGE('',*,*,#566,.T.);
#825=ORIENTED_EDGE('',*,*,#581,.F.);
#826=ORIENTED_EDGE('',*,*,#582,.T.);
#827=ORIENTED_EDGE('',*,*,#563,.T.);
#828=ORIENTED_EDGE('',*,*,#583,.F.);
#829=ORIENTED_EDGE('',*,*,#580,.F.);
#830=ORIENTED_EDGE('',*,*,#557,.T.);
#831=ORIENTED_EDGE('',*,*,#570,.T.);
#832=ORIENTED_EDGE('',*,*,#561,.T.);
#833=ORIENTED_EDGE('',*,*,#584,.F.);
#834=ORIENTED_EDGE('',*,*,#585,.F.);
#835=ORIENTED_EDGE('',*,*,#586,.F.);
#836=ORIENTED_EDGE('',*,*,#587,.T.);
#837=ORIENTED_EDGE('',*,*,#579,.T.);
#838=ORIENTED_EDGE('',*,*,#583,.T.);
#839=ORIENTED_EDGE('',*,*,#588,.T.);
#840=ORIENTED_EDGE('',*,*,#586,.T.);
#841=ORIENTED_EDGE('',*,*,#589,.F.);
#842=ORIENTED_EDGE('',*,*,#560,.T.);
#843=ORIENTED_EDGE('',*,*,#590,.T.);
#844=ORIENTED_EDGE('',*,*,#584,.T.);
#845=ORIENTED_EDGE('',*,*,#591,.F.);
#846=ORIENTED_EDGE('',*,*,#592,.F.);
#847=ORIENTED_EDGE('',*,*,#593,.T.);
#848=ORIENTED_EDGE('',*,*,#567,.T.);
#849=ORIENTED_EDGE('',*,*,#582,.F.);
#850=ORIENTED_EDGE('',*,*,#588,.F.);
#851=ORIENTED_EDGE('',*,*,#585,.T.);
#852=ORIENTED_EDGE('',*,*,#594,.F.);
#853=ORIENTED_EDGE('',*,*,#593,.F.);
#854=ORIENTED_EDGE('',*,*,#591,.T.);
#855=ORIENTED_EDGE('',*,*,#594,.T.);
#856=ORIENTED_EDGE('',*,*,#590,.F.);
#857=ORIENTED_EDGE('',*,*,#558,.T.);
#858=ORIENTED_EDGE('',*,*,#589,.T.);
#859=ORIENTED_EDGE('',*,*,#592,.T.);
#860=ORIENTED_EDGE('',*,*,#577,.F.);
#861=ORIENTED_EDGE('',*,*,#587,.F.);
#862=ORIENTED_EDGE('',*,*,#581,.T.);
#863=B_SPLINE_SURFACE_WITH_KNOTS('',3,3,((#1273,#1274,#1275,#1276,#1277,
#1278),(#1279,#1280,#1281,#1282,#1283,#1284),(#1285,#1286,#1287,#1288,#1289,
#1290),(#1291,#1292,#1293,#1294,#1295,#1296),(#1297,#1298,#1299,#1300,#1301,
#1302),(#1303,#1304,#1305,#1306,#1307,#1308),(#1309,#1310,#1311,#1312,#1313,
#1314),(#1315,#1316,#1317,#1318,#1319,#1320),(#1321,#1322,#1323,#1324,#1325,
#1326),(#1327,#1328,#1329,#1330,#1331,#1332),(#1333,#1334,#1335,#1336,#1337,
#1338),(#1339,#1340,#1341,#1342,#1343,#1344),(#1345,#1346,#1347,#1348,#1349,
#1350),(#1351,#1352,#1353,#1354,#1355,#1356),(#1357,#1358,#1359,#1360,#1361,
#1362),(#1363,#1364,#1365,#1366,#1367,#1368),(#1369,#1370,#1371,#1372,#1373,
#1374)),.UNSPECIFIED.,.T.,.F.,.F.,(4,1,1,1,1,1,1,1,1,1,1,1,1,1,4),(4,1,
1,4),(0.,0.0714285714285714,0.142857142857143,0.214285714285714,0.285714285714286,
0.357142857142857,0.428571428571429,0.476190476190476,0.571428571428571,
0.619047619047619,0.714285714285714,0.785714285714286,0.857142857142857,
0.928571428571429,1.),(-0.0521797673758965,0.217057548927951,0.486294865231799,
0.890150839687571),.UNSPECIFIED.);
#864=B_SPLINE_SURFACE_WITH_KNOTS('',3,1,((#1864,#1865),(#1866,#1867),(#1868,
#1869),(#1870,#1871),(#1872,#1873),(#1874,#1875),(#1876,#1877)),
 .UNSPECIFIED.,.F.,.F.,.F.,(4,3,4),(2,2),(-3.14159265358979,-2.68586858503097,
-2.10954272180092),(0.,0.1599),.UNSPECIFIED.);
#865=B_SPLINE_SURFACE_WITH_KNOTS('',3,1,((#1889,#1890),(#1891,#1892),(#1893,
#1894),(#1895,#1896),(#1897,#1898),(#1899,#1900),(#1901,#1902),(#1903,#1904),
(#1905,#1906),(#1907,#1908)),.UNSPECIFIED.,.F.,.F.,.F.,(4,3,3,4),(2,2),
(2.10954272180094,2.60378809491516,3.06491772068709,3.14159265358979),(0.,
0.1599),.UNSPECIFIED.);
#866=B_SPLINE_SURFACE_WITH_KNOTS('',3,1,((#1965,#1966),(#1967,#1968),(#1969,
#1970),(#1971,#1972),(#1973,#1974),(#1975,#1976),(#1977,#1978),(#1979,#1980),
(#1981,#1982),(#1983,#1984),(#1985,#1986),(#1987,#1988),(#1989,#1990),(#1991,
#1992),(#1993,#1994),(#1995,#1996),(#1997,#1998),(#1999,#2000),(#2001,#2002),
(#2003,#2004),(#2005,#2006),(#2007,#2008),(#2009,#2010),(#2011,#2012),(#2013,
#2014),(#2015,#2016),(#2017,#2018),(#2019,#2020),(#2021,#2022),(#2023,#2024),
(#2025,#2026),(#2027,#2028),(#2029,#2030),(#2031,#2032),(#2033,#2034),(#2035,
#2036),(#2037,#2038)),.UNSPECIFIED.,.T.,.F.,.F.,(4,3,3,3,3,3,3,3,3,3,3,
3,4),(2,2),(-3.14159265358979,-3.06492059934875,-2.60380828609509,-2.04499742681848,
-1.32131813123689,-0.665339887366297,-0.175930162676547,0.262951026524621,
0.767437760898147,1.36452700786055,2.08659110106317,2.68587252347222,3.14159265358979),
(0.,1.5),.UNSPECIFIED.);
#867=B_SPLINE_SURFACE_WITH_KNOTS('',3,3,((#2084,#2085,#2086,#2087,#2088),
(#2089,#2090,#2091,#2092,#2093),(#2094,#2095,#2096,#2097,#2098),(#2099,
#2100,#2101,#2102,#2103),(#2104,#2105,#2106,#2107,#2108),(#2109,#2110,#2111,
#2112,#2113),(#2114,#2115,#2116,#2117,#2118),(#2119,#2120,#2121,#2122,#2123),
(#2124,#2125,#2126,#2127,#2128),(#2129,#2130,#2131,#2132,#2133),(#2134,
#2135,#2136,#2137,#2138),(#2139,#2140,#2141,#2142,#2143),(#2144,#2145,#2146,
#2147,#2148),(#2149,#2150,#2151,#2152,#2153),(#2154,#2155,#2156,#2157,#2158),
(#2159,#2160,#2161,#2162,#2163),(#2164,#2165,#2166,#2167,#2168)),
 .UNSPECIFIED.,.T.,.F.,.F.,(4,1,1,1,1,1,1,1,1,1,1,1,1,1,4),(4,1,4),(0.,
0.0714285714285714,0.142857142857143,0.214285714285714,0.285714285714286,
0.357142857142857,0.428571428571429,0.476190476190476,0.571428571428571,
0.666666666666667,0.714285714285714,0.785714285714286,0.857142857142857,
0.928571428571429,1.),(0.0220963845281864,0.442538063397234,1.00312696855596),
 .UNSPECIFIED.);
#868=B_SPLINE_SURFACE_WITH_KNOTS('',3,3,((#2432,#2433,#2434,#2435),(#2436,
#2437,#2438,#2439),(#2440,#2441,#2442,#2443),(#2444,#2445,#2446,#2447),
(#2448,#2449,#2450,#2451),(#2452,#2453,#2454,#2455),(#2456,#2457,#2458,
#2459),(#2460,#2461,#2462,#2463),(#2464,#2465,#2466,#2467),(#2468,#2469,
#2470,#2471),(#2472,#2473,#2474,#2475),(#2476,#2477,#2478,#2479),(#2480,
#2481,#2482,#2483),(#2484,#2485,#2486,#2487),(#2488,#2489,#2490,#2491),
(#2492,#2493,#2494,#2495),(#2496,#2497,#2498,#2499)),.UNSPECIFIED.,.T.,
 .F.,.F.,(4,1,1,1,1,1,1,1,1,1,1,1,1,1,4),(4,4),(0.,0.0714285714285714,0.142857142857143,
0.214285714285714,0.285714285714286,0.357142857142857,0.428571428571429,
0.523809523809524,0.571428571428571,0.619047619047619,0.714285714285714,
0.785714285714286,0.857142857142857,0.928571428571429,1.),(0.0139840193594101,
1.),.UNSPECIFIED.);
#869=B_SPLINE_SURFACE_WITH_KNOTS('',3,3,((#2694,#2695,#2696,#2697),(#2698,
#2699,#2700,#2701),(#2702,#2703,#2704,#2705),(#2706,#2707,#2708,#2709)),
 .UNSPECIFIED.,.F.,.F.,.F.,(4,4),(4,4),(0.999999417041041,1.00007527566321),
(0.873390880886584,0.873499475911628),.UNSPECIFIED.);
#870=B_SPLINE_SURFACE_WITH_KNOTS('',3,3,((#2721,#2722,#2723,#2724),(#2725,
#2726,#2727,#2728),(#2729,#2730,#2731,#2732),(#2733,#2734,#2735,#2736),
(#2737,#2738,#2739,#2740),(#2741,#2742,#2743,#2744),(#2745,#2746,#2747,
#2748),(#2749,#2750,#2751,#2752),(#2753,#2754,#2755,#2756),(#2757,#2758,
#2759,#2760),(#2761,#2762,#2763,#2764),(#2765,#2766,#2767,#2768),(#2769,
#2770,#2771,#2772),(#2773,#2774,#2775,#2776),(#2777,#2778,#2779,#2780),
(#2781,#2782,#2783,#2784),(#2785,#2786,#2787,#2788),(#2789,#2790,#2791,
#2792)),.UNSPECIFIED.,.T.,.F.,.F.,(4,1,1,1,1,1,1,1,1,1,1,1,1,1,1,4),(4,
4),(0.,0.0714285714285714,0.142857142857143,0.214285714285714,0.285714285714286,
0.357142857142857,0.428571428571429,0.523809523809524,0.547619047619048,
0.571428571428571,0.619047619047619,0.714285714285714,0.785714285714286,
0.857142857142857,0.928571428571429,1.),(0.,1.),.UNSPECIFIED.);
#871=ADVANCED_FACE('',(#200,#176,#177,#178),#863,.F.);
#872=ADVANCED_FACE('',(#201,#179),#161,.T.);
#873=ADVANCED_FACE('',(#202),#864,.F.);
#874=ADVANCED_FACE('',(#203),#865,.F.);
#875=ADVANCED_FACE('',(#204),#48,.T.);
#876=ADVANCED_FACE('',(#205),#21,.F.);
#877=ADVANCED_FACE('',(#206),#866,.F.);
#878=ADVANCED_FACE('',(#207),#867,.F.);
#879=ADVANCED_FACE('',(#208),#868,.T.);
#880=ADVANCED_FACE('',(#209),#22,.T.);
#881=ADVANCED_FACE('',(#210),#162,.F.);
#882=ADVANCED_FACE('',(#211,#180,#181,#182,#183,#184,#185),#23,.F.);
#883=ADVANCED_FACE('',(#212),#163,.F.);
#884=ADVANCED_FACE('',(#213),#24,.T.);
#885=ADVANCED_FACE('',(#214),#164,.F.);
#886=ADVANCED_FACE('',(#215),#165,.F.);
#887=ADVANCED_FACE('',(#216),#166,.F.);
#888=ADVANCED_FACE('',(#217),#25,.T.);
#889=ADVANCED_FACE('',(#218),#167,.F.);
#890=ADVANCED_FACE('',(#219),#168,.F.);
#891=ADVANCED_FACE('',(#220),#26,.T.);
#892=ADVANCED_FACE('',(#221),#169,.F.);
#893=ADVANCED_FACE('',(#222),#170,.F.);
#894=ADVANCED_FACE('',(#223),#171,.F.);
#895=ADVANCED_FACE('',(#224),#27,.T.);
#896=ADVANCED_FACE('',(#225),#172,.F.);
#897=ADVANCED_FACE('',(#226),#869,.F.);
#898=ADVANCED_FACE('',(#227),#173,.F.);
#899=ADVANCED_FACE('',(#228),#28,.T.);
#900=ADVANCED_FACE('',(#229,#186,#187,#188,#189,#190,#191,#192,#193,#194),
#29,.T.);
#901=ADVANCED_FACE('',(#230,#195),#30,.F.);
#902=ADVANCED_FACE('',(#231,#196),#870,.T.);
#903=ADVANCED_FACE('',(#232),#14,.T.);
#904=ADVANCED_FACE('',(#233),#15,.T.);
#905=ADVANCED_FACE('',(#234,#197),#174,.T.);
#906=ADVANCED_FACE('',(#235),#16,.T.);
#907=ADVANCED_FACE('',(#236,#198),#31,.T.);
#908=ADVANCED_FACE('',(#237),#17,.T.);
#909=ADVANCED_FACE('',(#238,#199),#175,.F.);
#910=ADVANCED_FACE('',(#239),#32,.F.);
#911=ADVANCED_FACE('',(#240),#33,.T.);
#912=ADVANCED_FACE('',(#241),#34,.F.);
#913=ADVANCED_FACE('',(#242),#35,.T.);
#914=ADVANCED_FACE('',(#243),#36,.T.);
#915=ADVANCED_FACE('',(#244),#49,.T.);
#916=ADVANCED_FACE('',(#245),#50,.T.);
#917=ADVANCED_FACE('',(#246),#37,.T.);
#918=ADVANCED_FACE('',(#247),#38,.F.);
#919=ADVANCED_FACE('',(#248),#51,.T.);
#920=ADVANCED_FACE('',(#249),#52,.T.);
#921=ADVANCED_FACE('',(#250),#39,.F.);
#922=ADVANCED_FACE('',(#251),#40,.T.);
#923=ADVANCED_FACE('',(#252),#41,.F.);
#924=CLOSED_SHELL('',(#871,#872,#873,#874,#875,#876,#877,#878,#879,#880,
#881,#882,#883,#884,#885,#886,#887,#888,#889,#890,#891,#892,#893,#894,#895,
#896,#897,#898,#899,#900,#901,#902,#903,#904,#905,#906,#907,#908,#909,#910,
#911,#912,#913,#914,#915,#916,#917,#918,#919,#920,#921,#922,#923));
#925=DERIVED_UNIT_ELEMENT(#927,1.);
#926=DERIVED_UNIT_ELEMENT(#3254,-3.);
#927=(
MASS_UNIT()
NAMED_UNIT(*)
SI_UNIT(.KILO.,.GRAM.)
);
#928=DERIVED_UNIT((#925,#926));
#929=MEASURE_REPRESENTATION_ITEM('density measure',
POSITIVE_RATIO_MEASURE(7850.),#928);
#930=PROPERTY_DEFINITION_REPRESENTATION(#935,#932);
#931=PROPERTY_DEFINITION_REPRESENTATION(#936,#933);
#932=REPRESENTATION('material name',(#934),#3251);
#933=REPRESENTATION('density',(#929),#3251);
#934=DESCRIPTIVE_REPRESENTATION_ITEM('Steel','Steel');
#935=PROPERTY_DEFINITION('material property','material name',#3261);
#936=PROPERTY_DEFINITION('material property','density of part',#3261);
#937=AXIS2_PLACEMENT_3D('',#1272,#1040,#1041);
#938=AXIS2_PLACEMENT_3D('',#1707,#1042,#1043);
#939=AXIS2_PLACEMENT_3D('',#1739,#1044,#1045);
#940=AXIS2_PLACEMENT_3D('',#1935,#1049,#1050);
#941=AXIS2_PLACEMENT_3D('',#1936,#1051,#1052);
#942=AXIS2_PLACEMENT_3D('',#2533,#1055,#1056);
#943=AXIS2_PLACEMENT_3D('',#2534,#1057,#1058);
#944=AXIS2_PLACEMENT_3D('',#2554,#1059,#1060);
#945=AXIS2_PLACEMENT_3D('',#2565,#1061,#1062);
#946=AXIS2_PLACEMENT_3D('',#2566,#1063,#1064);
#947=AXIS2_PLACEMENT_3D('',#2567,#1065,#1066);
#948=AXIS2_PLACEMENT_3D('',#2569,#1067,#1068);
#949=AXIS2_PLACEMENT_3D('',#2572,#1070,#1071);
#950=AXIS2_PLACEMENT_3D('',#2629,#1073,#1074);
#951=AXIS2_PLACEMENT_3D('',#2630,#1075,#1076);
#952=AXIS2_PLACEMENT_3D('',#2632,#1077,#1078);
#953=AXIS2_PLACEMENT_3D('',#2638,#1079,#1080);
#954=AXIS2_PLACEMENT_3D('',#2640,#1081,#1082);
#955=AXIS2_PLACEMENT_3D('',#2642,#1083,#1084);
#956=AXIS2_PLACEMENT_3D('',#2644,#1085,#1086);
#957=AXIS2_PLACEMENT_3D('',#2646,#1087,#1088);
#958=AXIS2_PLACEMENT_3D('',#2648,#1089,#1090);
#959=AXIS2_PLACEMENT_3D('',#2649,#1091,#1092);
#960=AXIS2_PLACEMENT_3D('',#2651,#1093,#1094);
#961=AXIS2_PLACEMENT_3D('',#2653,#1096,#1097);
#962=AXIS2_PLACEMENT_3D('',#2654,#1098,#1099);
#963=AXIS2_PLACEMENT_3D('',#2655,#1100,#1101);
#964=AXIS2_PLACEMENT_3D('',#2657,#1102,#1103);
#965=AXIS2_PLACEMENT_3D('',#2659,#1105,#1106);
#966=AXIS2_PLACEMENT_3D('',#2660,#1107,#1108);
#967=AXIS2_PLACEMENT_3D('',#2662,#1109,#1110);
#968=AXIS2_PLACEMENT_3D('',#2664,#1112,#1113);
#969=AXIS2_PLACEMENT_3D('',#2665,#1114,#1115);
#970=AXIS2_PLACEMENT_3D('',#2666,#1116,#1117);
#971=AXIS2_PLACEMENT_3D('',#2668,#1118,#1119);
#972=AXIS2_PLACEMENT_3D('',#2670,#1121,#1122);
#973=AXIS2_PLACEMENT_3D('',#2671,#1123,#1124);
#974=AXIS2_PLACEMENT_3D('',#2672,#1125,#1126);
#975=AXIS2_PLACEMENT_3D('',#2673,#1127,#1128);
#976=AXIS2_PLACEMENT_3D('',#2675,#1129,#1130);
#977=AXIS2_PLACEMENT_3D('',#2677,#1132,#1133);
#978=AXIS2_PLACEMENT_3D('',#2678,#1134,#1135);
#979=AXIS2_PLACEMENT_3D('',#2680,#1136,#1137);
#980=AXIS2_PLACEMENT_3D('',#2682,#1139,#1140);
#981=AXIS2_PLACEMENT_3D('',#2684,#1141,#1142);
#982=AXIS2_PLACEMENT_3D('',#2685,#1143,#1144);
#983=AXIS2_PLACEMENT_3D('',#2686,#1145,#1146);
#984=AXIS2_PLACEMENT_3D('',#2688,#1147,#1148);
#985=AXIS2_PLACEMENT_3D('',#2710,#1150,#1151);
#986=AXIS2_PLACEMENT_3D('',#2712,#1152,#1153);
#987=AXIS2_PLACEMENT_3D('',#2715,#1155,#1156);
#988=AXIS2_PLACEMENT_3D('',#2716,#1157,#1158);
#989=AXIS2_PLACEMENT_3D('',#2717,#1159,#1160);
#990=AXIS2_PLACEMENT_3D('',#2719,#1161,#1162);
#991=AXIS2_PLACEMENT_3D('',#2720,#1163,#1164);
#992=AXIS2_PLACEMENT_3D('',#2794,#1166,#1167);
#993=AXIS2_PLACEMENT_3D('',#2796,#1168,#1169);
#994=AXIS2_PLACEMENT_3D('',#2798,#1170,#1171);
#995=AXIS2_PLACEMENT_3D('',#2800,#1172,#1173);
#996=AXIS2_PLACEMENT_3D('',#2801,#1174,#1175);
#997=AXIS2_PLACEMENT_3D('',#2802,#1176,#1177);
#998=AXIS2_PLACEMENT_3D('',#2803,#1178,#1179);
#999=AXIS2_PLACEMENT_3D('',#2804,#1180,#1181);
#1000=AXIS2_PLACEMENT_3D('',#2808,#1183,#1184);
#1001=AXIS2_PLACEMENT_3D('',#2810,#1185,#1186);
#1002=AXIS2_PLACEMENT_3D('',#2819,#1187,#1188);
#1003=AXIS2_PLACEMENT_3D('',#2823,#1190,#1191);
#1004=AXIS2_PLACEMENT_3D('',#2831,#1192,#1193);
#1005=AXIS2_PLACEMENT_3D('',#2849,#1194,#1195);
#1006=AXIS2_PLACEMENT_3D('',#2853,#1197,#1198);
#1007=AXIS2_PLACEMENT_3D('',#2866,#1199,#1200);
#1008=AXIS2_PLACEMENT_3D('',#2868,#1201,#1202);
#1009=AXIS2_PLACEMENT_3D('',#2869,#1203,#1204);
#1010=AXIS2_PLACEMENT_3D('',#2880,#1205,#1206);
#1011=AXIS2_PLACEMENT_3D('',#2882,#1207,#1208);
#1012=AXIS2_PLACEMENT_3D('',#2883,#1209,#1210);
#1013=AXIS2_PLACEMENT_3D('',#2885,#1211,#1212);
#1014=AXIS2_PLACEMENT_3D('',#2887,#1213,#1214);
#1015=AXIS2_PLACEMENT_3D('',#2888,#1215,#1216);
#1016=AXIS2_PLACEMENT_3D('',#2889,#1217,#1218);
#1017=AXIS2_PLACEMENT_3D('',#2891,#1219,#1220);
#1018=AXIS2_PLACEMENT_3D('',#2893,#1222,#1223);
#1019=AXIS2_PLACEMENT_3D('',#2894,#1224,#1225);
#1020=AXIS2_PLACEMENT_3D('',#2895,#1226,#1227);
#1021=AXIS2_PLACEMENT_3D('',#2899,#1230,#1231);
#1022=AXIS2_PLACEMENT_3D('',#2900,#1232,#1233);
#1023=AXIS2_PLACEMENT_3D('',#2901,#1234,#1235);
#1024=AXIS2_PLACEMENT_3D('',#2902,#1236,#1237);
#1025=AXIS2_PLACEMENT_3D('',#2905,#1239,#1240);
#1026=AXIS2_PLACEMENT_3D('',#2987,#1241,#1242);
#1027=AXIS2_PLACEMENT_3D('',#3070,#1243,#1244);
#1028=AXIS2_PLACEMENT_3D('',#3072,#1245,#1246);
#1029=AXIS2_PLACEMENT_3D('',#3073,#1247,#1248);
#1030=AXIS2_PLACEMENT_3D('',#3074,#1249,#1250);
#1031=AXIS2_PLACEMENT_3D('',#3075,#1251,#1252);
#1032=AXIS2_PLACEMENT_3D('',#3076,#1253,#1254);
#1033=AXIS2_PLACEMENT_3D('',#3077,#1255,#1256);
#1034=AXIS2_PLACEMENT_3D('',#3079,#1258,#1259);
#1035=AXIS2_PLACEMENT_3D('',#3082,#1262,#1263);
#1036=AXIS2_PLACEMENT_3D('',#3245,#1264,#1265);
#1037=AXIS2_PLACEMENT_3D('',#3246,#1266,#1267);
#1038=AXIS2_PLACEMENT_3D('',#3247,#1268,#1269);
#1039=AXIS2_PLACEMENT_3D('',#3248,#1270,#1271);
#1040=DIRECTION('axis',(0.,0.,1.));
#1041=DIRECTION('refdir',(1.,0.,0.));
#1042=DIRECTION('center_axis',(-7.59645419660784E-65,1.,-2.22044604925031E-16));
#1043=DIRECTION('ref_axis',(1.,0.,-3.42113882891801E-49));
#1044=DIRECTION('center_axis',(-7.59645419660784E-65,1.,-2.22044604925031E-16));
#1045=DIRECTION('ref_axis',(-1.,-6.45523448357754E-98,-1.22464679914735E-16));
#1046=DIRECTION('',(0.,0.,1.));
#1047=DIRECTION('',(0.,0.,1.));
#1048=DIRECTION('',(0.,0.,1.));
#1049=DIRECTION('center_axis',(0.,0.,1.));
#1050=DIRECTION('ref_axis',(0.150601772310909,0.988594510492959,0.));
#1051=DIRECTION('center_axis',(0.,0.,1.));
#1052=DIRECTION('ref_axis',(1.,0.,0.));
#1053=DIRECTION('',(0.,0.,-1.));
#1054=DIRECTION('',(-0.100122517902985,0.733471445078632,0.672305823761054));
#1055=DIRECTION('center_axis',(-0.0556034264366145,0.658915661105643,0.750158923507694));
#1056=DIRECTION('ref_axis',(-0.647485381061975,-0.595720153065219,0.475268535191402));
#1057=DIRECTION('center_axis',(-0.0556034264366145,0.658915661105643,0.750158923507694));
#1058=DIRECTION('ref_axis',(-0.647485381061975,-0.595720153065219,0.475268535191402));
#1059=DIRECTION('center_axis',(0.,0.64278760968654,0.766044443118978));
#1060=DIRECTION('ref_axis',(1.,0.,0.));
#1061=DIRECTION('center_axis',(0.,-0.64278760968654,-0.766044443118978));
#1062=DIRECTION('ref_axis',(1.,0.,0.));
#1063=DIRECTION('center_axis',(0.,-0.64278760968654,-0.766044443118978));
#1064=DIRECTION('ref_axis',(1.,0.,0.));
#1065=DIRECTION('center_axis',(0.,-0.642787609686539,-0.766044443118978));
#1066=DIRECTION('ref_axis',(1.,0.,0.));
#1067=DIRECTION('center_axis',(0.,-0.642787609686539,-0.766044443118978));
#1068=DIRECTION('ref_axis',(1.,0.,0.));
#1069=DIRECTION('',(0.,-0.642787609686539,-0.766044443118978));
#1070=DIRECTION('center_axis',(0.,0.642787609686539,0.766044443118978));
#1071=DIRECTION('ref_axis',(1.,0.,0.));
#1072=DIRECTION('',(0.,-0.642787609686539,-0.766044443118978));
#1073=DIRECTION('center_axis',(0.,0.642787609686539,0.766044443118978));
#1074=DIRECTION('ref_axis',(1.,0.,0.));
#1075=DIRECTION('center_axis',(0.,0.642787609686539,0.766044443118978));
#1076=DIRECTION('ref_axis',(1.,0.,0.));
#1077=DIRECTION('center_axis',(0.,0.642787609686539,0.766044443118978));
#1078=DIRECTION('ref_axis',(1.,0.,0.));
#1079=DIRECTION('center_axis',(0.,0.642787609686539,0.766044443118978));
#1080=DIRECTION('ref_axis',(1.,0.,0.));
#1081=DIRECTION('center_axis',(0.,0.642787609686539,0.766044443118978));
#1082=DIRECTION('ref_axis',(1.,0.,0.));
#1083=DIRECTION('center_axis',(0.,0.642787609686539,0.766044443118978));
#1084=DIRECTION('ref_axis',(1.,5.94698003514804E-17,7.08733482197371E-17));
#1085=DIRECTION('center_axis',(0.,0.642787609686539,0.766044443118978));
#1086=DIRECTION('ref_axis',(1.,0.,0.));
#1087=DIRECTION('center_axis',(0.,0.642787609686539,0.766044443118978));
#1088=DIRECTION('ref_axis',(1.,0.,0.));
#1089=DIRECTION('center_axis',(0.,0.642787609686539,0.766044443118978));
#1090=DIRECTION('ref_axis',(1.,0.,0.));
#1091=DIRECTION('center_axis',(0.,-0.642787609686539,-0.766044443118978));
#1092=DIRECTION('ref_axis',(1.,0.,0.));
#1093=DIRECTION('center_axis',(0.,-0.642787609686539,-0.766044443118978));
#1094=DIRECTION('ref_axis',(1.,0.,0.));
#1095=DIRECTION('',(0.,-0.642787609686539,-0.766044443118978));
#1096=DIRECTION('center_axis',(0.,0.64278760968654,0.766044443118978));
#1097=DIRECTION('ref_axis',(1.,0.,0.));
#1098=DIRECTION('center_axis',(0.,-0.64278760968654,-0.766044443118978));
#1099=DIRECTION('ref_axis',(1.,0.,0.));
#1100=DIRECTION('center_axis',(0.,-0.642787609686539,-0.766044443118978));
#1101=DIRECTION('ref_axis',(1.,0.,0.));
#1102=DIRECTION('center_axis',(0.,-0.642787609686539,-0.766044443118978));
#1103=DIRECTION('ref_axis',(1.,0.,0.));
#1104=DIRECTION('',(0.,-0.642787609686539,-0.766044443118978));
#1105=DIRECTION('center_axis',(0.,-0.642787609686539,-0.766044443118978));
#1106=DIRECTION('ref_axis',(1.,0.,0.));
#1107=DIRECTION('center_axis',(0.,-0.642787609686539,-0.766044443118978));
#1108=DIRECTION('ref_axis',(1.,0.,0.));
#1109=DIRECTION('center_axis',(0.,-0.642787609686539,-0.766044443118978));
#1110=DIRECTION('ref_axis',(1.,0.,0.));
#1111=DIRECTION('',(0.,-0.642787609686539,-0.766044443118978));
#1112=DIRECTION('center_axis',(-5.55111512312578E-17,0.64278760968654,0.766044443118978));
#1113=DIRECTION('ref_axis',(1.,3.56818802108882E-17,4.25240089318423E-17));
#1114=DIRECTION('center_axis',(5.55111512312578E-17,-0.64278760968654,-0.766044443118978));
#1115=DIRECTION('ref_axis',(1.,3.56818802108882E-17,4.25240089318423E-17));
#1116=DIRECTION('center_axis',(9.25185853854297E-17,-0.64278760968654,-0.766044443118978));
#1117=DIRECTION('ref_axis',(1.,5.94698003514804E-17,7.08733482197371E-17));
#1118=DIRECTION('center_axis',(0.,-0.642787609686539,-0.766044443118978));
#1119=DIRECTION('ref_axis',(1.,3.56818802108882E-17,4.25240089318423E-17));
#1120=DIRECTION('',(9.25185853854297E-17,-0.64278760968654,-0.766044443118977));
#1121=DIRECTION('center_axis',(9.25185853854297E-17,-0.64278760968654,-0.766044443118978));
#1122=DIRECTION('ref_axis',(1.,5.94698003514804E-17,7.08733482197371E-17));
#1123=DIRECTION('center_axis',(0.,0.64278760968654,0.766044443118978));
#1124=DIRECTION('ref_axis',(1.,0.,0.));
#1125=DIRECTION('center_axis',(0.,-0.64278760968654,-0.766044443118978));
#1126=DIRECTION('ref_axis',(1.,0.,0.));
#1127=DIRECTION('center_axis',(0.,-0.642787609686539,-0.766044443118978));
#1128=DIRECTION('ref_axis',(1.,0.,0.));
#1129=DIRECTION('center_axis',(0.,-0.642787609686539,-0.766044443118978));
#1130=DIRECTION('ref_axis',(1.,0.,0.));
#1131=DIRECTION('',(0.,-0.642787609686539,-0.766044443118978));
#1132=DIRECTION('center_axis',(0.,-0.642787609686539,-0.766044443118978));
#1133=DIRECTION('ref_axis',(1.,0.,0.));
#1134=DIRECTION('center_axis',(0.,-0.642787609686539,-0.766044443118978));
#1135=DIRECTION('ref_axis',(1.,0.,0.));
#1136=DIRECTION('center_axis',(0.,-0.642787609686539,-0.766044443118978));
#1137=DIRECTION('ref_axis',(1.,0.,0.));
#1138=DIRECTION('',(0.,-0.642787609686539,-0.766044443118978));
#1139=DIRECTION('center_axis',(0.,0.64278760968654,0.766044443118978));
#1140=DIRECTION('ref_axis',(1.,0.,0.));
#1141=DIRECTION('center_axis',(0.,-0.64278760968654,-0.766044443118978));
#1142=DIRECTION('ref_axis',(1.,0.,0.));
#1143=DIRECTION('center_axis',(0.,-0.64278760968654,-0.766044443118978));
#1144=DIRECTION('ref_axis',(1.,0.,0.));
#1145=DIRECTION('center_axis',(0.,-0.642787609686539,-0.766044443118978));
#1146=DIRECTION('ref_axis',(1.,0.,0.));
#1147=DIRECTION('center_axis',(0.,-0.642787609686539,-0.766044443118978));
#1148=DIRECTION('ref_axis',(1.,0.,0.));
#1149=DIRECTION('',(0.,-0.642787609686539,-0.766044443118978));
#1150=DIRECTION('center_axis',(0.,-0.642787609686539,-0.766044443118978));
#1151=DIRECTION('ref_axis',(1.,0.,0.));
#1152=DIRECTION('center_axis',(0.,-0.642787609686539,-0.766044443118978));
#1153=DIRECTION('ref_axis',(1.,0.,0.));
#1154=DIRECTION('',(0.,-0.642787609686539,-0.766044443118978));
#1155=DIRECTION('center_axis',(0.,-0.64278760968654,-0.766044443118978));
#1156=DIRECTION('ref_axis',(1.,0.,0.));
#1157=DIRECTION('center_axis',(0.,0.64278760968654,0.766044443118978));
#1158=DIRECTION('ref_axis',(1.,0.,0.));
#1159=DIRECTION('center_axis',(0.,0.642787609686539,0.766044443118978));
#1160=DIRECTION('ref_axis',(1.,0.,0.));
#1161=DIRECTION('center_axis',(0.,0.642787609686539,0.766044443118978));
#1162=DIRECTION('ref_axis',(1.,5.26468395910761E-17,-3.87287095842399E-17));
#1163=DIRECTION('center_axis',(-0.0556034264366145,0.658915661105643,0.750158923507694));
#1164=DIRECTION('ref_axis',(0.997264217909876,0.,0.0739194133946085));
#1165=DIRECTION('',(-0.706251216028038,0.377214399947335,0.599098085734956));
#1166=DIRECTION('center_axis',(-7.59645419660784E-65,1.,-2.22044604925031E-16));
#1167=DIRECTION('ref_axis',(0.,2.7318584969342E-16,1.));
#1168=DIRECTION('center_axis',(7.59645419660784E-65,-1.,2.22044604925031E-16));
#1169=DIRECTION('ref_axis',(-1.,-2.71926214689378E-32,-1.22464679914735E-16));
#1170=DIRECTION('center_axis',(-1.,2.71753124662187E-32,1.22386727096539E-16));
#1171=DIRECTION('ref_axis',(-1.22386727096539E-16,-1.70741156058387E-16,
-1.));
#1172=DIRECTION('center_axis',(-7.59645419660784E-65,1.,-2.22044604925031E-16));
#1173=DIRECTION('ref_axis',(-1.,-6.45523448357754E-98,-1.22464679914735E-16));
#1174=DIRECTION('center_axis',(-7.59645419660784E-65,1.,-2.22044604925031E-16));
#1175=DIRECTION('ref_axis',(-1.,-6.45523448357754E-98,-1.22464679914735E-16));
#1176=DIRECTION('center_axis',(-7.59645419660784E-65,1.,-2.22044604925031E-16));
#1177=DIRECTION('ref_axis',(-1.,-6.45523448357754E-98,-1.22464679914735E-16));
#1178=DIRECTION('center_axis',(-7.59645419660784E-65,1.,-2.22044604925031E-16));
#1179=DIRECTION('ref_axis',(0.,2.7318584969342E-16,1.));
#1180=DIRECTION('center_axis',(-7.59645419660784E-65,1.,-2.22044604925031E-16));
#1181=DIRECTION('ref_axis',(1.,0.,-3.42113882891801E-49));
#1182=DIRECTION('',(7.59645419660783E-65,-1.,2.22044604925031E-16));
#1183=DIRECTION('center_axis',(7.59645419660784E-65,-1.,2.22044604925031E-16));
#1184=DIRECTION('ref_axis',(-1.,6.45523448357753E-98,1.22464679914735E-16));
#1185=DIRECTION('center_axis',(7.59645419660784E-65,-1.,2.22044604925031E-16));
#1186=DIRECTION('ref_axis',(-1.,6.45523448357753E-98,1.22464679914735E-16));
#1187=DIRECTION('center_axis',(-1.80301478820782E-16,-0.974937724821807,
0.222477937601188));
#1188=DIRECTION('ref_axis',(-3.33539730616487E-49,-0.222477937601188,-0.974937724821807));
#1189=DIRECTION('',(-7.59645419660783E-65,1.,-2.22044604925031E-16));
#1190=DIRECTION('center_axis',(-1.80301478820782E-16,-0.974937724821807,
0.222477937601188));
#1191=DIRECTION('ref_axis',(-3.33539730616487E-49,-0.222477937601188,-0.974937724821807));
#1192=DIRECTION('center_axis',(7.59645419660784E-65,-1.,2.22044604925031E-16));
#1193=DIRECTION('ref_axis',(-1.,6.45523448357753E-98,1.22464679914735E-16));
#1194=DIRECTION('center_axis',(-2.43945743058713E-16,0.974937724821807,
0.222477937601188));
#1195=DIRECTION('ref_axis',(-3.33539730616487E-49,0.222477937601187,-0.974937724821807));
#1196=DIRECTION('',(-7.59645419660783E-65,1.,-2.22044604925031E-16));
#1197=DIRECTION('center_axis',(-2.43945743058713E-16,0.974937724821807,
0.222477937601188));
#1198=DIRECTION('ref_axis',(-3.33539730616487E-49,0.222477937601187,-0.974937724821807));
#1199=DIRECTION('center_axis',(7.59645419660784E-65,-1.,2.22044604925031E-16));
#1200=DIRECTION('ref_axis',(0.,-2.04889387270065E-16,-1.));
#1201=DIRECTION('center_axis',(-7.59645419660784E-65,1.,-2.22044604925031E-16));
#1202=DIRECTION('ref_axis',(-1.,2.71926214689378E-32,1.22464679914735E-16));
#1203=DIRECTION('center_axis',(-1.,-2.71753124662187E-32,-1.22386727096539E-16));
#1204=DIRECTION('ref_axis',(-1.22386727096539E-16,2.56111734087581E-16,
1.));
#1205=DIRECTION('center_axis',(-7.59645419660784E-65,1.,-2.22044604925031E-16));
#1206=DIRECTION('ref_axis',(1.,0.,-3.42113882891801E-49));
#1207=DIRECTION('center_axis',(-7.59645419660784E-65,1.,-2.22044604925031E-16));
#1208=DIRECTION('ref_axis',(1.,-1.70955436655386E-48,-7.69914840818159E-33));
#1209=DIRECTION('center_axis',(7.59645419660784E-65,-1.,2.22044604925031E-16));
#1210=DIRECTION('ref_axis',(0.,-3.38200688145886E-16,-1.));
#1211=DIRECTION('center_axis',(-1.,-2.71800008810688E-32,-1.22407841839911E-16));
#1212=DIRECTION('ref_axis',(-1.22407841839911E-16,2.11375430091179E-16,
1.));
#1213=DIRECTION('center_axis',(7.59645419660784E-65,-1.,2.22044604925031E-16));
#1214=DIRECTION('ref_axis',(1.,-4.05829732566792E-114,-7.69914840818158E-33));
#1215=DIRECTION('center_axis',(7.59645419660784E-65,-1.,2.22044604925031E-16));
#1216=DIRECTION('ref_axis',(1.,-4.05829732566792E-114,-7.69914840818158E-33));
#1217=DIRECTION('center_axis',(-7.59645419660784E-65,1.,-2.22044604925031E-16));
#1218=DIRECTION('ref_axis',(1.,0.,-3.42113882891801E-49));
#1219=DIRECTION('center_axis',(-7.59645419660784E-65,1.,-2.22044604925031E-16));
#1220=DIRECTION('ref_axis',(1.,0.,-3.42113882891801E-49));
#1221=DIRECTION('',(-7.59645419660783E-65,1.,-2.22044604925031E-16));
#1222=DIRECTION('center_axis',(7.59645419660784E-65,-1.,2.22044604925031E-16));
#1223=DIRECTION('ref_axis',(-1.,0.,3.42113882891801E-49));
#1224=DIRECTION('center_axis',(7.59645419660784E-65,-1.,2.22044604925031E-16));
#1225=DIRECTION('ref_axis',(-1.,0.,3.42113882891801E-49));
#1226=DIRECTION('center_axis',(1.22464679914735E-16,-2.22044604925031E-16,
-1.));
#1227=DIRECTION('ref_axis',(-1.,-6.45523448357753E-98,-1.22464679914735E-16));
#1228=DIRECTION('',(-7.59645419660783E-65,1.,-2.22044604925031E-16));
#1229=DIRECTION('',(-1.,-2.22270662140908E-16,-1.22464679914735E-16));
#1230=DIRECTION('center_axis',(1.22464679914735E-16,-2.22044604925031E-16,
-1.));
#1231=DIRECTION('ref_axis',(-1.,-6.45523448357753E-98,-1.22464679914735E-16));
#1232=DIRECTION('center_axis',(2.43945743058713E-16,-0.974937724821807,
-0.222477937601188));
#1233=DIRECTION('ref_axis',(-1.,-2.57197545671677E-16,3.05911094896264E-17));
#1234=DIRECTION('center_axis',(2.43945743058713E-16,-0.974937724821807,
-0.222477937601188));
#1235=DIRECTION('ref_axis',(-1.,-2.57197545671677E-16,3.05911094896264E-17));
#1236=DIRECTION('center_axis',(2.43945743058713E-16,-0.974937724821807,
-0.222477937601188));
#1237=DIRECTION('ref_axis',(-1.,-2.57197545671677E-16,3.05911094896264E-17));
#1238=DIRECTION('',(-1.,-2.22270662140908E-16,-1.22464679914735E-16));
#1239=DIRECTION('center_axis',(2.43945743058713E-16,-0.974937724821807,
-0.222477937601188));
#1240=DIRECTION('ref_axis',(-1.,-2.57197545671677E-16,3.05911094896264E-17));
#1241=DIRECTION('center_axis',(1.22464679914735E-16,-2.22044604925031E-16,
-1.));
#1242=DIRECTION('ref_axis',(-1.,-6.45523448357753E-98,-1.22464679914735E-16));
#1243=DIRECTION('center_axis',(1.80301478820782E-16,0.974937724821807,-0.222477937601188));
#1244=DIRECTION('ref_axis',(-1.,2.06440642609816E-16,9.42353737275581E-17));
#1245=DIRECTION('center_axis',(1.80301478820782E-16,0.974937724821807,-0.222477937601188));
#1246=DIRECTION('ref_axis',(-1.,2.06440642609816E-16,9.42353737275581E-17));
#1247=DIRECTION('center_axis',(-1.,-3.26536183713282E-17,1.25690392854527E-16));
#1248=DIRECTION('ref_axis',(8.14390439817332E-17,0.623507041820223,0.781817733746552));
#1249=DIRECTION('center_axis',(1.22464679914735E-16,-2.22044604925031E-16,
-1.));
#1250=DIRECTION('ref_axis',(-1.,-6.45523448357753E-98,-1.22464679914735E-16));
#1251=DIRECTION('center_axis',(1.22464679914735E-16,-2.22044604925031E-16,
-1.));
#1252=DIRECTION('ref_axis',(-1.,-6.45523448357753E-98,-1.22464679914735E-16));
#1253=DIRECTION('center_axis',(1.80301478820782E-16,0.974937724821807,-0.222477937601188));
#1254=DIRECTION('ref_axis',(-1.,2.06440642609816E-16,9.42353737275581E-17));
#1255=DIRECTION('center_axis',(1.80301478820782E-16,0.974937724821807,-0.222477937601188));
#1256=DIRECTION('ref_axis',(-1.,2.06440642609816E-16,9.42353737275581E-17));
#1257=DIRECTION('',(-1.,1.56990324107456E-16,-1.22464679914735E-16));
#1258=DIRECTION('center_axis',(1.22464679914735E-16,-2.22044604925031E-16,
-1.));
#1259=DIRECTION('ref_axis',(-1.,9.24446373305873E-32,-1.22464679914735E-16));
#1260=DIRECTION('',(-7.59645419660783E-65,1.,-2.22044604925031E-16));
#1261=DIRECTION('',(-1.,1.56990324107456E-16,-1.22464679914735E-16));
#1262=DIRECTION('center_axis',(-1.22464679914735E-16,2.22044604925031E-16,
1.));
#1263=DIRECTION('ref_axis',(-1.,8.85927774418128E-32,-1.22464679914735E-16));
#1264=DIRECTION('center_axis',(-1.22464679914735E-16,2.22044604925031E-16,
1.));
#1265=DIRECTION('ref_axis',(-1.,8.85927774418128E-32,-1.22464679914735E-16));
#1266=DIRECTION('center_axis',(1.22464679914735E-16,-2.22044604925031E-16,
-1.));
#1267=DIRECTION('ref_axis',(-1.,9.24446373305873E-32,-1.22464679914735E-16));
#1268=DIRECTION('center_axis',(1.80301478820782E-16,0.974937724821807,-0.222477937601188));
#1269=DIRECTION('ref_axis',(-1.,2.06440642609816E-16,9.42353737275581E-17));
#1270=DIRECTION('center_axis',(1.22464679914735E-16,-2.22044604925031E-16,
-1.));
#1271=DIRECTION('ref_axis',(-1.,-6.45523448357753E-98,-1.22464679914735E-16));
#1272=CARTESIAN_POINT('',(0.,0.,0.));
#1273=CARTESIAN_POINT('Ctrl Pts',(-1.31255204053245,65.1644770129374,59.814159112017));
#1274=CARTESIAN_POINT('Ctrl Pts',(-2.53303378927276,65.8094402840631,60.855578090791));
#1275=CARTESIAN_POINT('Ctrl Pts',(-4.97552457449554,67.1101957135408,62.9302654773341));
#1276=CARTESIAN_POINT('Ctrl Pts',(-9.24961359130054,69.3896498127343,66.5586382208618));
#1277=CARTESIAN_POINT('Ctrl Pts',(-12.3031996223773,71.0197433600386,69.1489324746671));
#1278=CARTESIAN_POINT('Ctrl Pts',(-14.1350388471307,71.9976925664459,70.7031749434703));
#1279=CARTESIAN_POINT('Ctrl Pts',(-1.32297711693092,65.0000126081962,59.9739729731312));
#1280=CARTESIAN_POINT('Ctrl Pts',(-2.54292469068242,65.5560943543201,61.0897953697807));
#1281=CARTESIAN_POINT('Ctrl Pts',(-4.9849789757291,66.6688604728053,63.3207198271048));
#1282=CARTESIAN_POINT('Ctrl Pts',(-9.25860951485441,68.6161732861294,67.2245565961879));
#1283=CARTESIAN_POINT('Ctrl Pts',(-12.3120816047305,70.0072008149619,70.0128869771695));
#1284=CARTESIAN_POINT('Ctrl Pts',(-14.1438129430733,70.8418059835302,71.6858682900974));
#1285=CARTESIAN_POINT('Ctrl Pts',(-1.23482882797714,64.6635469342782,60.2979363440906));
#1286=CARTESIAN_POINT('Ctrl Pts',(-2.38996371303979,65.0396045434166,61.5612863156401));
#1287=CARTESIAN_POINT('Ctrl Pts',(-4.69362670188023,65.773742741936,64.1025697998557));
#1288=CARTESIAN_POINT('Ctrl Pts',(-8.72171593406942,67.0535265626054,68.5543559759385));
#1289=CARTESIAN_POINT('Ctrl Pts',(-11.5978973310917,67.9645485751959,71.7367937746456));
#1290=CARTESIAN_POINT('Ctrl Pts',(-13.3234163402742,68.5113594387046,73.6461384698299));
#1291=CARTESIAN_POINT('Ctrl Pts',(-0.819177782398928,64.2775647664485,60.6773059512187));
#1292=CARTESIAN_POINT('Ctrl Pts',(-1.68746366137113,64.4171748379059,62.1285717185783));
#1293=CARTESIAN_POINT('Ctrl Pts',(-3.39680927101619,64.681126588834,65.0479225682867));
#1294=CARTESIAN_POINT('Ctrl Pts',(-6.38267384229912,65.1422528966085,70.1586350421534));
#1295=CARTESIAN_POINT('Ctrl Pts',(-8.51173467750228,65.4691179351247,73.8119240461482));
#1296=CARTESIAN_POINT('Ctrl Pts',(-9.7892359916845,65.6657823619109,76.0034051282491));
#1297=CARTESIAN_POINT('Ctrl Pts',(-0.248771343035542,64.0929535677158,60.8816666466924));
#1298=CARTESIAN_POINT('Ctrl Pts',(-0.663526499853635,64.0863286557044,62.4502105255581));
#1299=CARTESIAN_POINT('Ctrl Pts',(-1.49963530813232,64.0835953455456,65.5777885148641));
#1300=CARTESIAN_POINT('Ctrl Pts',(-2.96422747244635,64.0789927609852,71.0501193857766));
#1301=CARTESIAN_POINT('Ctrl Pts',(-4.01180421396114,64.0773688960928,74.9573802291666));
#1302=CARTESIAN_POINT('Ctrl Pts',(-4.64004921124702,64.0760221969119,77.3020107855215));
#1303=CARTESIAN_POINT('Ctrl Pts',(0.356281855882988,64.1227290173814,60.9118697638121));
#1304=CARTESIAN_POINT('Ctrl Pts',(0.468695453858444,64.1251242226351,62.4720464026252));
#1305=CARTESIAN_POINT('Ctrl Pts',(0.604177136788618,64.1156950736308,65.5891723548071));
#1306=CARTESIAN_POINT('Ctrl Pts',(0.833390359035496,64.1004664967351,71.0436387796726));
#1307=CARTESIAN_POINT('Ctrl Pts',(0.984052329173043,64.0879585264194,74.9390272287755));
#1308=CARTESIAN_POINT('Ctrl Pts',(1.07634398222252,64.0807667709463,77.2764242303943));
#1309=CARTESIAN_POINT('Ctrl Pts',(0.922272113703015,64.3625544831316,60.770182347915));
#1310=CARTESIAN_POINT('Ctrl Pts',(1.46906148938442,64.5193416780628,62.1955598563536));
#1311=CARTESIAN_POINT('Ctrl Pts',(2.47630050192867,64.7680313352562,65.0833903867313));
#1312=CARTESIAN_POINT('Ctrl Pts',(4.22327903649562,65.198736206474,70.1424849897145));
#1313=CARTESIAN_POINT('Ctrl Pts',(5.45574355386746,65.4971830557547,73.7617376661553));
#1314=CARTESIAN_POINT('Ctrl Pts',(6.19764376355224,65.677721679932,75.9326008185951));
#1315=CARTESIAN_POINT('Ctrl Pts',(1.29009582789135,64.7400824855443,60.4779475733605));
#1316=CARTESIAN_POINT('Ctrl Pts',(2.06696947353845,65.0960970999292,61.7302363625031));
#1317=CARTESIAN_POINT('Ctrl Pts',(3.59488008873897,65.7559762223942,64.2694158263427));
#1318=CARTESIAN_POINT('Ctrl Pts',(6.2560469683994,66.8982265861198,68.7231685968077));
#1319=CARTESIAN_POINT('Ctrl Pts',(8.15343416959633,67.7056898737496,71.9103357873268));
#1320=CARTESIAN_POINT('Ctrl Pts',(9.29081797390109,68.190703679504,73.8224043163896));
#1321=CARTESIAN_POINT('Ctrl Pts',(1.47459492310972,65.2417649043819,60.0302327264052));
#1322=CARTESIAN_POINT('Ctrl Pts',(2.3653893499511,65.8410394412117,61.0738047882261));
#1323=CARTESIAN_POINT('Ctrl Pts',(4.15506634047571,67.0405904929749,63.1614951901405));
#1324=CARTESIAN_POINT('Ctrl Pts',(7.29355621175135,69.1385664456254,66.8150152463455));
#1325=CARTESIAN_POINT('Ctrl Pts',(9.53593233648488,70.636750725743,69.4248948176417));
#1326=CARTESIAN_POINT('Ctrl Pts',(10.8823266954138,71.5357363040163,70.9906984406449));
#1327=CARTESIAN_POINT('Ctrl Pts',(1.34632481477665,65.672913384488,59.5736157965364));
#1328=CARTESIAN_POINT('Ctrl Pts',(2.18396180400897,66.4945670221341,60.4297590345221));
#1329=CARTESIAN_POINT('Ctrl Pts',(3.85612446760518,68.1977939797193,62.0974951840443));
#1330=CARTESIAN_POINT('Ctrl Pts',(6.77525655244051,71.1990216862205,65.0031816559487));
#1331=CARTESIAN_POINT('Ctrl Pts',(8.85972588207068,73.3538552939916,67.070829647309));
#1332=CARTESIAN_POINT('Ctrl Pts',(10.1095408740679,74.646257537642,68.3119706785947));
#1333=CARTESIAN_POINT('Ctrl Pts',(0.910340708551588,66.0101224927399,59.1087490440363));
#1334=CARTESIAN_POINT('Ctrl Pts',(1.50376410423825,67.0928699451712,59.7552778413237));
#1335=CARTESIAN_POINT('Ctrl Pts',(2.60464924552312,69.3423355237021,60.9804129381385));
#1336=CARTESIAN_POINT('Ctrl Pts',(4.50742299548844,73.2906204975325,63.1200624457395));
#1337=CARTESIAN_POINT('Ctrl Pts',(5.85281868908327,76.1233087888211,64.638984458538));
#1338=CARTESIAN_POINT('Ctrl Pts',(6.66057809859352,77.8214284206767,65.5518283473374));
#1339=CARTESIAN_POINT('Ctrl Pts',(0.395651603482042,66.1248171797786,58.8476395731672));
#1340=CARTESIAN_POINT('Ctrl Pts',(0.571928245661491,67.4127536799982,59.3435489296604));
#1341=CARTESIAN_POINT('Ctrl Pts',(0.817580350372476,69.9892454669648,60.3188186547488));
#1342=CARTESIAN_POINT('Ctrl Pts',(1.23790912948983,74.4959541956498,62.0272105693945));
#1343=CARTESIAN_POINT('Ctrl Pts',(1.52364384268278,77.7149391254704,63.2452072104779));
#1344=CARTESIAN_POINT('Ctrl Pts',(1.69677683785809,79.6461807277625,63.9766054649023));
#1345=CARTESIAN_POINT('Ctrl Pts',(-0.194295254260576,66.1095750725931,58.8213487364993));
#1346=CARTESIAN_POINT('Ctrl Pts',(-0.627477208295536,67.4064135618596,59.3093595297266));
#1347=CARTESIAN_POINT('Ctrl Pts',(-1.46959385817732,69.9907167826843,60.2952126219693));
#1348=CARTESIAN_POINT('Ctrl Pts',(-2.94255222279402,74.51277969993,62.0197910613515));
#1349=CARTESIAN_POINT('Ctrl Pts',(-3.99153127152477,77.7412695189647,63.2532490912442));
#1350=CARTESIAN_POINT('Ctrl Pts',(-4.6214113787988,79.6787115693202,63.9928438791301));
#1351=CARTESIAN_POINT('Ctrl Pts',(-0.729743165646553,65.9762047695237,58.9903677334777));
#1352=CARTESIAN_POINT('Ctrl Pts',(-1.61239037632834,67.1131083215048,59.6075937320482));
#1353=CARTESIAN_POINT('Ctrl Pts',(-3.32941079062658,69.4377671110834,60.8168520707764));
#1354=CARTESIAN_POINT('Ctrl Pts',(-6.32196526157762,73.512268254306,62.9324560934036));
#1355=CARTESIAN_POINT('Ctrl Pts',(-8.4526615539717,76.4304701626942,64.439960788016));
#1356=CARTESIAN_POINT('Ctrl Pts',(-9.73103410577444,78.180305673073,65.3451782416982));
#1357=CARTESIAN_POINT('Ctrl Pts',(-1.17227836958631,65.6503333627249,59.3390531774054));
#1358=CARTESIAN_POINT('Ctrl Pts',(-2.33061830458181,66.5596801218743,60.1559826417019));
#1359=CARTESIAN_POINT('Ctrl Pts',(-4.63690029447888,68.4217541863487,61.7598437012319));
#1360=CARTESIAN_POINT('Ctrl Pts',(-8.66774039274615,71.694385722235,64.5588457239821));
#1361=CARTESIAN_POINT('Ctrl Pts',(-11.5446054369726,74.0398038456563,66.5530667596312));
#1362=CARTESIAN_POINT('Ctrl Pts',(-13.2707717646185,75.4466789361992,67.7499783900673));
#1363=CARTESIAN_POINT('Ctrl Pts',(-1.30212696413398,65.3289414176785,59.6543452509028));
#1364=CARTESIAN_POINT('Ctrl Pts',(-2.52314288786309,66.062786213806,60.6213608118013));
#1365=CARTESIAN_POINT('Ctrl Pts',(-4.96607017326198,67.5515309542762,62.5398111275635));
#1366=CARTESIAN_POINT('Ctrl Pts',(-9.24061766774666,70.1631263393392,65.8927198455357));
#1367=CARTESIAN_POINT('Ctrl Pts',(-12.2943176400241,72.0322859051153,68.2849779721647));
#1368=CARTESIAN_POINT('Ctrl Pts',(-14.1262647511881,73.1535791493617,69.7204815968432));
#1369=CARTESIAN_POINT('Ctrl Pts',(-1.31255204053245,65.1644770129374,59.814159112017));
#1370=CARTESIAN_POINT('Ctrl Pts',(-2.53303378927276,65.8094402840631,60.855578090791));
#1371=CARTESIAN_POINT('Ctrl Pts',(-4.97552457449554,67.1101957135408,62.9302654773341));
#1372=CARTESIAN_POINT('Ctrl Pts',(-9.24961359130054,69.3896498127343,66.5586382208618));
#1373=CARTESIAN_POINT('Ctrl Pts',(-12.3031996223773,71.0197433600386,69.1489324746671));
#1374=CARTESIAN_POINT('Ctrl Pts',(-14.1350388471307,71.9976925664459,70.7031749434703));
#1375=CARTESIAN_POINT('',(-13.9073156495602,71.8766344377549,70.510906696639));
#1376=CARTESIAN_POINT('',(-12.8952702944607,71.5635784370242,69.4681845820576));
#1377=CARTESIAN_POINT('Ctrl Pts',(-13.9058513390868,71.8758526997353,70.5096642487179));
#1378=CARTESIAN_POINT('Ctrl Pts',(-13.8879681556269,71.9099843661756,70.4577875704849));
#1379=CARTESIAN_POINT('Ctrl Pts',(-13.8629796554712,71.9365252501592,70.4038236539533));
#1380=CARTESIAN_POINT('Ctrl Pts',(-13.789373603351,71.9839870404231,70.2711526727698));
#1381=CARTESIAN_POINT('Ctrl Pts',(-13.7358674988242,71.9968364680027,70.1932068971587));
#1382=CARTESIAN_POINT('Ctrl Pts',(-13.6776991118772,71.9976381101942,70.1190958707379));
#1383=CARTESIAN_POINT('Ctrl Pts',(-13.6260636381679,71.9983497196522,70.0533082813416));
#1384=CARTESIAN_POINT('Ctrl Pts',(-13.5704866155264,71.9895895938788,69.9901970867973));
#1385=CARTESIAN_POINT('Ctrl Pts',(-13.4604622332399,71.9581663726596,69.8761062517423));
#1386=CARTESIAN_POINT('Ctrl Pts',(-13.405828740829,71.9364229339014,69.8241900327793));
#1387=CARTESIAN_POINT('Ctrl Pts',(-13.2452907677697,71.8569197513438,69.6834025852479));
#1388=CARTESIAN_POINT('Ctrl Pts',(-13.1366373896642,71.7833551908116,69.6029137137254));
#1389=CARTESIAN_POINT('Ctrl Pts',(-12.9864370527652,71.6543144734904,69.5129210416991));
#1390=CARTESIAN_POINT('Ctrl Pts',(-12.940116152698,71.6104930831358,69.4883202051144));
#1391=CARTESIAN_POINT('Ctrl Pts',(-12.8952702944607,71.5635784370242,69.4681845820576));
#1392=CARTESIAN_POINT('',(-12.9004059659132,71.3391015562409,69.6565430499308));
#1393=CARTESIAN_POINT('Ctrl Pts',(-12.8952702944607,71.5635784370242,69.4681845820576));
#1394=CARTESIAN_POINT('Ctrl Pts',(-12.8988121588476,71.488740796865,69.5309808183134));
#1395=CARTESIAN_POINT('Ctrl Pts',(-12.900522430301,71.4139061285641,69.593774560884));
#1396=CARTESIAN_POINT('Ctrl Pts',(-12.9004059659132,71.3391015562408,69.6565430499308));
#1397=CARTESIAN_POINT('',(-1.37992908680502,65.2001596496636,59.8716674509377));
#1398=CARTESIAN_POINT('Ctrl Pts',(-1.37995714191342,65.2001022879188,59.8716701073358));
#1399=CARTESIAN_POINT('Ctrl Pts',(-2.57799811236906,65.833386321085,60.8937713425713));
#1400=CARTESIAN_POINT('Ctrl Pts',(-4.99800532318715,67.1221851303631,62.9493499033922));
#1401=CARTESIAN_POINT('Ctrl Pts',(-8.83827064253934,69.1702726853415,66.2094397044858));
#1402=CARTESIAN_POINT('Ctrl Pts',(-11.4803465199034,70.5805085677924,68.4508874325709));
#1403=CARTESIAN_POINT('Ctrl Pts',(-12.9009105216152,71.3388531726142,69.6561046283037));
#1404=CARTESIAN_POINT('Ctrl Pts',(-1.37992947193308,65.2001596341826,59.8716674359887));
#1405=CARTESIAN_POINT('Ctrl Pts',(-1.37967407943562,65.1581878507415,59.9085530415115));
#1406=CARTESIAN_POINT('Ctrl Pts',(-1.37651835917719,65.1163020023039,59.945578143131));
#1407=CARTESIAN_POINT('Ctrl Pts',(-1.34789857243035,64.9196180653965,60.1204603986265));
#1408=CARTESIAN_POINT('Ctrl Pts',(-1.28529803464545,64.7701157483381,60.2564185526696));
#1409=CARTESIAN_POINT('Ctrl Pts',(-1.09060206903106,64.5092728951427,60.4999658839539));
#1410=CARTESIAN_POINT('Ctrl Pts',(-0.963465116892459,64.3980388882017,60.607093956244));
#1411=CARTESIAN_POINT('Ctrl Pts',(-0.667607411803635,64.2307102997914,60.7759996715855));
#1412=CARTESIAN_POINT('Ctrl Pts',(-0.50574679935626,64.1725195586987,60.8391100256862));
#1413=CARTESIAN_POINT('Ctrl Pts',(-0.16702388221153,64.1116704982031,60.9176647850623));
#1414=CARTESIAN_POINT('Ctrl Pts',(0.00424077577868796,64.1067915585304,
60.9346448024587));
#1415=CARTESIAN_POINT('Ctrl Pts',(0.343969614182261,64.147764678873,60.9238367683883));
#1416=CARTESIAN_POINT('Ctrl Pts',(0.507700266973628,64.1929977887822,60.8962415234847));
#1417=CARTESIAN_POINT('Ctrl Pts',(0.81742939910242,64.3307137297667,60.7982340386956));
#1418=CARTESIAN_POINT('Ctrl Pts',(0.95781599429717,64.4241057397509,60.7266072399127));
#1419=CARTESIAN_POINT('Ctrl Pts',(1.20043113345385,64.6529432665806,60.5435868252621));
#1420=CARTESIAN_POINT('Ctrl Pts',(1.29588531686315,64.7894941265397,60.4307201808032));
#1421=CARTESIAN_POINT('Ctrl Pts',(1.42139897640707,65.0870041996526,60.1787001740404));
#1422=CARTESIAN_POINT('Ctrl Pts',(1.4466369473758,65.2477028052761,60.0394183405085));
#1423=CARTESIAN_POINT('Ctrl Pts',(1.41512841937022,65.5589260259705,59.7637143131974));
#1424=CARTESIAN_POINT('Ctrl Pts',(1.3603258010515,65.708217758771,59.6285191285594));
#1425=CARTESIAN_POINT('Ctrl Pts',(1.18000124483702,65.9672926598673,59.3875899504023));
#1426=CARTESIAN_POINT('Ctrl Pts',(1.0616348426532,66.0766446346824,59.2827650874507));
#1427=CARTESIAN_POINT('Ctrl Pts',(0.777147076070969,66.2468753831129,59.1121529721599));
#1428=CARTESIAN_POINT('Ctrl Pts',(0.617159980731975,66.3075924845156,59.0469624129428));
#1429=CARTESIAN_POINT('Ctrl Pts',(0.273599411960064,66.377114521047,58.9604310108085));
#1430=CARTESIAN_POINT('Ctrl Pts',(0.0939369104491256,66.3858526821289,58.9394387099533));
#1431=CARTESIAN_POINT('Ctrl Pts',(-0.261206331233248,66.3507095141087,58.943983350521));
#1432=CARTESIAN_POINT('Ctrl Pts',(-0.433144087815819,66.3076844004429,58.9690308334098));
#1433=CARTESIAN_POINT('Ctrl Pts',(-0.6816881092559,66.2033694180638,59.0422351567129));
#1434=CARTESIAN_POINT('Ctrl Pts',(-0.766559024456174,66.1582421853471,59.0755826593825));
#1435=CARTESIAN_POINT('Ctrl Pts',(-0.924198949409538,66.0544041476101,59.155106060949));
#1436=CARTESIAN_POINT('Ctrl Pts',(-0.996100441987121,65.9959008670736,59.2011639792592));
#1437=CARTESIAN_POINT('Ctrl Pts',(-1.05954615167846,65.9323973561087,59.2522407016147));
#1438=CARTESIAN_POINT('Ctrl Pts',(-1.17853216746491,65.8133029398758,59.3480299318411));
#1439=CARTESIAN_POINT('Ctrl Pts',(-1.26592785472723,65.678518430595,59.4599423836426));
#1440=CARTESIAN_POINT('Ctrl Pts',(-1.36035681645652,65.4263636451361,59.6744278190517));
#1441=CARTESIAN_POINT('Ctrl Pts',(-1.38061579387108,65.3129513412175,59.7725439279828));
#1442=CARTESIAN_POINT('Ctrl Pts',(-1.37992947193308,65.2001596341826,59.8716674359887));
#1443=CARTESIAN_POINT('',(-12.841693048904,70.6125287953677,70.2662099856029));
#1444=CARTESIAN_POINT('Ctrl Pts',(-12.9004059659132,71.3391015562409,69.6565430499308));
#1445=CARTESIAN_POINT('Ctrl Pts',(-12.9000279183247,71.0962832259834,69.8602918212929));
#1446=CARTESIAN_POINT('Ctrl Pts',(-12.8804019674006,70.8537823460589,70.0637742201977));
#1447=CARTESIAN_POINT('Ctrl Pts',(-12.841693048904,70.6125287953677,70.2662099856029));
#1448=CARTESIAN_POINT('',(-13.8952589047292,71.5367326958501,70.7961181229078));
#1449=CARTESIAN_POINT('Ctrl Pts',(-12.841693048904,70.6125287953677,70.2662099856029));
#1450=CARTESIAN_POINT('Ctrl Pts',(-12.8519314489016,70.6145033857948,70.2785509094943));
#1451=CARTESIAN_POINT('Ctrl Pts',(-12.8622672802565,70.6167482631838,70.2907460742916));
#1452=CARTESIAN_POINT('Ctrl Pts',(-12.9878917837522,70.6469148603814,70.4359319788999));
#1453=CARTESIAN_POINT('Ctrl Pts',(-13.1169047975399,70.7066650156438,70.5543736337507));
#1454=CARTESIAN_POINT('Ctrl Pts',(-13.3449255726956,70.8543700555101,70.7184692133895));
#1455=CARTESIAN_POINT('Ctrl Pts',(-13.4462408085653,70.9343180076069,70.776067898402));
#1456=CARTESIAN_POINT('Ctrl Pts',(-13.6106294262951,71.0947885978592,70.8391822231063));
#1457=CARTESIAN_POINT('Ctrl Pts',(-13.6772067261778,71.1697985123171,70.8548814777537));
#1458=CARTESIAN_POINT('Ctrl Pts',(-13.7799875187471,71.3103362391895,70.8563602180113));
#1459=CARTESIAN_POINT('Ctrl Pts',(-13.8195685880283,71.373361702406,70.8487519649752));
#1460=CARTESIAN_POINT('Ctrl Pts',(-13.8685368677478,71.4707417766095,70.8220731837713));
#1461=CARTESIAN_POINT('Ctrl Pts',(-13.8831102719263,71.5038766940191,70.8104388900587));
#1462=CARTESIAN_POINT('Ctrl Pts',(-13.895258904729,71.53673269585,70.7961181229074));
#1463=CARTESIAN_POINT('',(-2.39759955790249,64.1538873171061,76.9910609572507));
#1464=CARTESIAN_POINT('Ctrl Pts',(-13.8952589047294,71.5367326958501,70.7961181229078));
#1465=CARTESIAN_POINT('Ctrl Pts',(-13.8864343460882,71.4107615484829,70.9018204662026));
#1466=CARTESIAN_POINT('Ctrl Pts',(-13.8727580038217,71.2847614704045,71.0075470852465));
#1467=CARTESIAN_POINT('Ctrl Pts',(-13.7332097370993,70.3378770210875,71.8020774774359));
#1468=CARTESIAN_POINT('Ctrl Pts',(-13.4089662709569,69.5475435648372,72.4652459890825));
#1469=CARTESIAN_POINT('Ctrl Pts',(-12.2889980080914,67.8955023083912,73.851473198056));
#1470=CARTESIAN_POINT('Ctrl Pts',(-11.4142598152733,67.0922614842385,74.5254722773491));
#1471=CARTESIAN_POINT('Ctrl Pts',(-9.10684767967379,65.6122227487591,75.767372234418));
#1472=CARTESIAN_POINT('Ctrl Pts',(-7.6115538541924,65.013677658034,76.2696111992884));
#1473=CARTESIAN_POINT('Ctrl Pts',(-5.15561096341719,64.4270433645718,76.7618558185685));
#1474=CARTESIAN_POINT('Ctrl Pts',(-4.25781529063807,64.2853412979219,76.8807579704314));
#1475=CARTESIAN_POINT('Ctrl Pts',(-3.03434435406522,64.1828911157504,76.9667238805056));
#1476=CARTESIAN_POINT('Ctrl Pts',(-2.71623243724131,64.1643778462661,76.9822583581018));
#1477=CARTESIAN_POINT('Ctrl Pts',(-2.39759955790361,64.1538873171046,76.991060957252));
#1478=CARTESIAN_POINT('',(-2.7665804324364,64.1753538327975,76.0434894153779));
#1479=CARTESIAN_POINT('Ctrl Pts',(-2.39759955789956,64.1538873171044,76.9910609572471));
#1480=CARTESIAN_POINT('Ctrl Pts',(-2.42762319257083,64.1549346658095,76.966492715301));
#1481=CARTESIAN_POINT('Ctrl Pts',(-2.45557467308186,64.1560084068838,76.9393462810889));
#1482=CARTESIAN_POINT('Ctrl Pts',(-2.53817042402526,64.1594316412246,76.8467994597371));
#1483=CARTESIAN_POINT('Ctrl Pts',(-2.58513808746327,64.1617816120727,76.7741313460784));
#1484=CARTESIAN_POINT('Ctrl Pts',(-2.68994466197601,64.1676779584615,76.5642649044914));
#1485=CARTESIAN_POINT('Ctrl Pts',(-2.73489708134788,64.1711144684552,76.4084406569701));
#1486=CARTESIAN_POINT('Ctrl Pts',(-2.76269394985085,64.1742202182434,76.1761759081384));
#1487=CARTESIAN_POINT('Ctrl Pts',(-2.7665804324364,64.1748994943734,76.1098958436525));
#1488=CARTESIAN_POINT('Ctrl Pts',(-2.7665804324364,64.1753538327968,76.0434894153786));
#1489=CARTESIAN_POINT('',(-1.73150317129364,64.1436438904248,76.9996562128011));
#1490=CARTESIAN_POINT('Ctrl Pts',(-2.76658043243641,64.1753538327967,76.0434894153786));
#1491=CARTESIAN_POINT('Ctrl Pts',(-2.76658043243641,64.1762924052794,75.9063069913376));
#1492=CARTESIAN_POINT('Ctrl Pts',(-2.75000265124069,64.1762535777698,75.7685851851647));
#1493=CARTESIAN_POINT('Ctrl Pts',(-2.68416677144153,64.1740444732324,75.5047416427529));
#1494=CARTESIAN_POINT('Ctrl Pts',(-2.63339819811128,64.1717951297526,75.3742027551921));
#1495=CARTESIAN_POINT('Ctrl Pts',(-2.5177053679816,64.1664138109325,75.1835083184301));
#1496=CARTESIAN_POINT('Ctrl Pts',(-2.46299749119179,64.1638268939598,75.1130964310144));
#1497=CARTESIAN_POINT('Ctrl Pts',(-2.35457336056688,64.1589951264338,75.0136640424587));
#1498=CARTESIAN_POINT('Ctrl Pts',(-2.30549443874176,64.1568826792374,74.978336647736));
#1499=CARTESIAN_POINT('Ctrl Pts',(-2.21202758446593,64.1531888675504,74.9315053779793));
#1500=CARTESIAN_POINT('Ctrl Pts',(-2.16994871856566,64.1516246726438,74.9164566879964));
#1501=CARTESIAN_POINT('Ctrl Pts',(-2.10684879131482,64.1494929605755,74.9036415394959));
#1502=CARTESIAN_POINT('Ctrl Pts',(-2.08727854741643,64.148859999476,74.9009511394861));
#1503=CARTESIAN_POINT('Ctrl Pts',(-2.05310226215158,64.1478087486627,74.8985271707993));
#1504=CARTESIAN_POINT('Ctrl Pts',(-2.03860911438227,64.1473797510645,74.8982058909435));
#1505=CARTESIAN_POINT('Ctrl Pts',(-2.01080201707173,64.1465902550261,74.8989441365524));
#1506=CARTESIAN_POINT('Ctrl Pts',(-1.99752686460019,64.1462282209158,74.899896330854));
#1507=CARTESIAN_POINT('Ctrl Pts',(-1.9665143027452,64.1454178077576,74.9035097423565));
#1508=CARTESIAN_POINT('Ctrl Pts',(-1.94890415513566,64.1449852000322,74.9066443303306));
#1509=CARTESIAN_POINT('Ctrl Pts',(-1.88974600277799,64.1436243449511,74.9207419493871));
#1510=CARTESIAN_POINT('Ctrl Pts',(-1.8498441092667,64.14286631101,74.9363856485166));
#1511=CARTESIAN_POINT('Ctrl Pts',(-1.74501547865889,64.1412536030058,74.9925333068219));
#1512=CARTESIAN_POINT('Ctrl Pts',(-1.6859724556594,64.140798050975,75.0422109837648));
#1513=CARTESIAN_POINT('Ctrl Pts',(-1.57478901261017,64.1405169563762,75.1659890261739));
#1514=CARTESIAN_POINT('Ctrl Pts',(-1.52518482947684,64.1408159898831,75.2438414577791));
#1515=CARTESIAN_POINT('Ctrl Pts',(-1.41463178496317,64.1420240484662,75.4688434085127));
#1516=CARTESIAN_POINT('Ctrl Pts',(-1.36738863916928,64.1433052634664,75.6377887871033));
#1517=CARTESIAN_POINT('Ctrl Pts',(-1.32631777801252,64.1452090535203,76.0094144734121));
#1518=CARTESIAN_POINT('Ctrl Pts',(-1.33731230726064,64.145708350529,76.209778585287));
#1519=CARTESIAN_POINT('Ctrl Pts',(-1.38232694053601,64.1455306915594,76.3970396180451));
#1520=CARTESIAN_POINT('Ctrl Pts',(-1.41699727729508,64.1453938583598,76.5412683409108));
#1521=CARTESIAN_POINT('Ctrl Pts',(-1.47036386902517,64.1448963919442,76.6717587953466));
#1522=CARTESIAN_POINT('Ctrl Pts',(-1.58334826396245,64.1441223031903,76.8516909847113));
#1523=CARTESIAN_POINT('Ctrl Pts',(-1.63601205207087,64.1438142817765,76.9169300563798));
#1524=CARTESIAN_POINT('Ctrl Pts',(-1.70861508860157,64.1436682339728,76.9812176445791));
#1525=CARTESIAN_POINT('Ctrl Pts',(-1.71991952654585,64.1436522431961,76.9906301711326));
#1526=CARTESIAN_POINT('Ctrl Pts',(-1.73150317134643,64.1436438903954,76.9996562127333));
#1527=CARTESIAN_POINT('Ctrl Pts',(-1.73150317129353,64.1436438903956,76.9996562128255));
#1528=CARTESIAN_POINT('Ctrl Pts',(-0.442367671851273,64.1464064628564,76.9973381392926));
#1529=CARTESIAN_POINT('Ctrl Pts',(0.846754855011714,64.2801924592916,76.8850783590271));
#1530=CARTESIAN_POINT('Ctrl Pts',(3.60774286038313,64.8705888556569,76.3896769605886));
#1531=CARTESIAN_POINT('Ctrl Pts',(5.05723063323327,65.3943857286252,75.9501591976691));
#1532=CARTESIAN_POINT('Ctrl Pts',(7.36766812712018,66.7108182398211,74.8455411630548));
#1533=CARTESIAN_POINT('Ctrl Pts',(8.27906941756189,67.4378127484804,74.2355203389709));
#1534=CARTESIAN_POINT('Ctrl Pts',(9.58120267634043,69.0137265909856,72.9131716149576));
#1535=CARTESIAN_POINT('Ctrl Pts',(10.0108814146345,69.8199629135083,72.2366590140871));
#1536=CARTESIAN_POINT('Ctrl Pts',(10.4282001699593,71.5047850193303,70.8229254064925));
#1537=CARTESIAN_POINT('Ctrl Pts',(10.4182423459253,72.3527554360878,70.1113937425421));
#1538=CARTESIAN_POINT('Ctrl Pts',(9.94870754420126,74.0803013424574,68.6618106096655));
#1539=CARTESIAN_POINT('Ctrl Pts',(9.46212176571973,74.9227578164805,67.9549056930298));
#1540=CARTESIAN_POINT('Ctrl Pts',(7.97306929486584,76.5873089866456,66.5581814200686));
#1541=CARTESIAN_POINT('Ctrl Pts',(6.90999408073132,77.349150362791,65.9189206023294));
#1542=CARTESIAN_POINT('Ctrl Pts',(4.25133175973407,78.6703342254006,64.8103157104963));
#1543=CARTESIAN_POINT('Ctrl Pts',(2.60272052892096,79.1536808124199,64.4047397675976));
#1544=CARTESIAN_POINT('Ctrl Pts',(-0.931403196493969,79.6632841681797,63.9771317797328));
#1545=CARTESIAN_POINT('Ctrl Pts',(-2.83331209531388,79.6545232914406,63.9844830281736));
#1546=CARTESIAN_POINT('Ctrl Pts',(-6.25864350424325,79.1245903377305,64.4291495741804));
#1547=CARTESIAN_POINT('Ctrl Pts',(-7.80531094269886,78.6655495140696,64.8143305600098));
#1548=CARTESIAN_POINT('Ctrl Pts',(-10.3108348694229,77.4402744612655,65.8424584049084));
#1549=CARTESIAN_POINT('Ctrl Pts',(-11.3186993274583,76.7444859075946,66.4262943236707));
#1550=CARTESIAN_POINT('Ctrl Pts',(-12.8007057507282,75.2091009586606,67.7146352680364));
#1551=CARTESIAN_POINT('Ctrl Pts',(-13.3166660842372,74.4163382867301,68.3798421336643));
#1552=CARTESIAN_POINT('Ctrl Pts',(-13.6154618666083,73.5651255045662,69.0940944652314));
#1553=CARTESIAN_POINT('Ctrl Pts',(-13.8097067747364,73.011758427706,69.5584245753305));
#1554=CARTESIAN_POINT('Ctrl Pts',(-13.9078390204427,72.4455118671751,70.0335618554273));
#1555=CARTESIAN_POINT('Ctrl Pts',(-13.9073156495602,71.8766344377549,70.510906696639));
#1556=CARTESIAN_POINT('',(-2.61610374205109,78.4978569749972,63.6497514310026));
#1557=CARTESIAN_POINT('',(-1.51402896422474,78.5242437011544,63.6275696568105));
#1558=CARTESIAN_POINT('Ctrl Pts',(-2.61610374205109,78.4978569749972,63.6497514310026));
#1559=CARTESIAN_POINT('Ctrl Pts',(-2.59546405965366,78.5466959016558,63.666650666779));
#1560=CARTESIAN_POINT('Ctrl Pts',(-2.57202154107113,78.5949318755213,63.6832317940731));
#1561=CARTESIAN_POINT('Ctrl Pts',(-2.54551222734443,78.6412283456082,63.6990272722427));
#1562=CARTESIAN_POINT('Ctrl Pts',(-2.52648693650452,78.6744545474384,63.7103634225947));
#1563=CARTESIAN_POINT('Ctrl Pts',(-2.50588283326731,78.706681609991,63.7212950606238));
#1564=CARTESIAN_POINT('Ctrl Pts',(-2.48361881719974,78.7374131917867,63.7316515874083));
#1565=CARTESIAN_POINT('Ctrl Pts',(-2.4596595359207,78.7704847908262,63.7427966987643));
#1566=CARTESIAN_POINT('Ctrl Pts',(-2.43324901338732,78.8025271152923,63.7535115932252));
#1567=CARTESIAN_POINT('Ctrl Pts',(-2.40431427046244,78.832197527386,63.7633258764012));
#1568=CARTESIAN_POINT('Ctrl Pts',(-2.38524897451728,78.8517475606746,63.7697925733311));
#1569=CARTESIAN_POINT('Ctrl Pts',(-2.36508870142707,78.8702677579545,63.7758683207513));
#1570=CARTESIAN_POINT('Ctrl Pts',(-2.34382508614627,78.8873737495718,63.7814189851699));
#1571=CARTESIAN_POINT('Ctrl Pts',(-2.31531030757786,78.9103131019217,63.7888624967607));
#1572=CARTESIAN_POINT('Ctrl Pts',(-2.28458604969249,78.9308761446608,63.795415502178));
#1573=CARTESIAN_POINT('Ctrl Pts',(-2.25175320130514,78.9477904005645,63.8006311490827));
#1574=CARTESIAN_POINT('Ctrl Pts',(-2.2437406908374,78.9519181463781,63.8019039727173));
#1575=CARTESIAN_POINT('Ctrl Pts',(-2.23560284470897,78.9558286027757,63.8030971401526));
#1576=CARTESIAN_POINT('Ctrl Pts',(-2.22734160435683,78.9595033086781,63.8042041354071));
#1577=CARTESIAN_POINT('Ctrl Pts',(-2.19713430599881,78.9729399032865,63.8082518733384));
#1578=CARTESIAN_POINT('Ctrl Pts',(-2.16558411271163,78.9830813456591,63.8111043556541));
#1579=CARTESIAN_POINT('Ctrl Pts',(-2.13287708309301,78.9891959809583,63.8125009871077));
#1580=CARTESIAN_POINT('Ctrl Pts',(-2.11932838575164,78.9917289331703,63.8130795335879));
#1581=CARTESIAN_POINT('Ctrl Pts',(-2.1056695675386,78.9935541392365,63.813404319053));
#1582=CARTESIAN_POINT('Ctrl Pts',(-2.09191759094683,78.9946465774881,63.8134661307472));
#1583=CARTESIAN_POINT('Ctrl Pts',(-2.08203414802659,78.9954317047046,63.8135105543504));
#1584=CARTESIAN_POINT('Ctrl Pts',(-2.07213324294121,78.9958359049647,63.8134190031682));
#1585=CARTESIAN_POINT('Ctrl Pts',(-2.06222145419947,78.995856970385,63.8131905262523));
#1586=CARTESIAN_POINT('Ctrl Pts',(-2.052014042276,78.9958786640902,63.8129552349184));
#1587=CARTESIAN_POINT('Ctrl Pts',(-2.04182379458217,78.995493967884,63.8125753894898));
#1588=CARTESIAN_POINT('Ctrl Pts',(-2.03165785997912,78.9947073262875,63.8120523563821));
#1589=CARTESIAN_POINT('Ctrl Pts',(-2.0164570181128,78.993531082786,63.8112702793896));
#1590=CARTESIAN_POINT('Ctrl Pts',(-2.00138649520826,78.9914620525004,63.8101719723789));
#1591=CARTESIAN_POINT('Ctrl Pts',(-1.98646884700686,78.9885419117753,63.8087714759399));
#1592=CARTESIAN_POINT('Ctrl Pts',(-1.950492605336,78.9814995357237,63.8053939597476));
#1593=CARTESIAN_POINT('Ctrl Pts',(-1.91604655133293,78.9696360401303,63.8003199621614));
#1594=CARTESIAN_POINT('Ctrl Pts',(-1.88335854988769,78.9540390753541,63.7939266599782));
#1595=CARTESIAN_POINT('Ctrl Pts',(-1.88075434678204,78.9527964890131,63.7934173153666));
#1596=CARTESIAN_POINT('Ctrl Pts',(-1.87816127517847,78.9515302039524,63.7928995985098));
#1597=CARTESIAN_POINT('Ctrl Pts',(-1.87557943663847,78.9502407690112,63.7923737009222));
#1598=CARTESIAN_POINT('Ctrl Pts',(-1.84039428656148,78.9326684223225,63.785206798245));
#1599=CARTESIAN_POINT('Ctrl Pts',(-1.80755896097098,78.9109408007608,63.7765779816899));
#1600=CARTESIAN_POINT('Ctrl Pts',(-1.7771509096421,78.8865163905276,63.7669985635926));
#1601=CARTESIAN_POINT('Ctrl Pts',(-1.75873819274131,78.8717268946067,63.7611980237425));
#1602=CARTESIAN_POINT('Ctrl Pts',(-1.74121427007093,78.8559484009914,63.7550491011167));
#1603=CARTESIAN_POINT('Ctrl Pts',(-1.72458759875275,78.8395029378418,63.7486667393783));
#1604=CARTESIAN_POINT('Ctrl Pts',(-1.68909489402251,78.8043970554587,63.7350424079455));
#1605=CARTESIAN_POINT('Ctrl Pts',(-1.65696391261817,78.7655423185463,63.7200775168007));
#1606=CARTESIAN_POINT('Ctrl Pts',(-1.62804821620539,78.7248405036167,63.7044469761261));
#1607=CARTESIAN_POINT('Ctrl Pts',(-1.61243041096137,78.7028568373901,63.6960046845545));
#1608=CARTESIAN_POINT('Ctrl Pts',(-1.59774956548592,78.6803339930117,63.6873684889745));
#1609=CARTESIAN_POINT('Ctrl Pts',(-1.58397730922819,78.6575694823567,63.6786465233631));
#1610=CARTESIAN_POINT('Ctrl Pts',(-1.5580994889897,78.6147953788603,63.6622581078417));
#1611=CARTESIAN_POINT('Ctrl Pts',(-1.53474752314234,78.5700485813339,63.6451374550128));
#1612=CARTESIAN_POINT('Ctrl Pts',(-1.51373074398978,78.5242224137152,63.6276031531687));
#1613=CARTESIAN_POINT('Ctrl Pts',(-1.51373074399005,78.5242224137163,63.6276031531691));
#1614=CARTESIAN_POINT('Ctrl Pts',(-1.79397668613361,78.5261761976426,63.6259747719754));
#1615=CARTESIAN_POINT('Ctrl Pts',(-2.07436544276543,78.5215373543816,63.6298749171757));
#1616=CARTESIAN_POINT('Ctrl Pts',(-2.35427653971588,78.5103014656838,63.6393067618043));
#1617=CARTESIAN_POINT('Ctrl Pts',(-2.4416051430581,78.5067960152819,63.6422493740384));
#1618=CARTESIAN_POINT('Ctrl Pts',(-2.52888721451126,78.5026481531134,63.6457306703584));
#1619=CARTESIAN_POINT('Ctrl Pts',(-2.61610374205122,78.4978569749984,63.6497514310031));
#1620=CARTESIAN_POINT('',(4.09591438146417,74.1555664459259,63.3770265317755));
#1621=CARTESIAN_POINT('',(5.19833016270449,73.5004315683528,63.9267499659185));
#1622=CARTESIAN_POINT('Ctrl Pts',(4.09591438146416,74.1555664459259,63.3770265317755));
#1623=CARTESIAN_POINT('Ctrl Pts',(4.10974263460518,74.2153501521873,63.4026515618446));
#1624=CARTESIAN_POINT('Ctrl Pts',(4.12544695945605,74.274266396109,63.4291039545243));
#1625=CARTESIAN_POINT('Ctrl Pts',(4.21562364573925,74.5733158680867,63.5693034307883));
#1626=CARTESIAN_POINT('Ctrl Pts',(4.31907598953077,74.79635737327,63.6941518525512));
#1627=CARTESIAN_POINT('Ctrl Pts',(4.51324598977382,75.0751085164121,63.887069040943));
#1628=CARTESIAN_POINT('Ctrl Pts',(4.59627150644265,75.1704089188355,63.9624966509853));
#1629=CARTESIAN_POINT('Ctrl Pts',(4.74358694107643,75.2840404135603,64.0810780657166));
#1630=CARTESIAN_POINT('Ctrl Pts',(4.80293764410633,75.3195325456758,64.1260292886478));
#1631=CARTESIAN_POINT('Ctrl Pts',(4.92249142324801,75.3617761293623,64.2090653494994));
#1632=CARTESIAN_POINT('Ctrl Pts',(4.98295497365937,75.3715323704796,64.2480789302825));
#1633=CARTESIAN_POINT('Ctrl Pts',(5.0663071878195,75.361117781087,64.2961211237744));
#1634=CARTESIAN_POINT('Ctrl Pts',(5.08815249705449,75.3561708368748,64.3081805443167));
#1635=CARTESIAN_POINT('Ctrl Pts',(5.12197948876386,75.3446104314932,64.3259374330076));
#1636=CARTESIAN_POINT('Ctrl Pts',(5.13406472189287,75.3396698090523,64.3320908577177));
#1637=CARTESIAN_POINT('Ctrl Pts',(5.1562431519025,75.329027957352,64.343016699001));
#1638=CARTESIAN_POINT('Ctrl Pts',(5.16633926927631,75.3235440019391,64.3478414748266));
#1639=CARTESIAN_POINT('Ctrl Pts',(5.18837340835184,75.3101250150967,64.3580358067656));
#1640=CARTESIAN_POINT('Ctrl Pts',(5.20015137391032,75.3019556334127,64.3632545985431));
#1641=CARTESIAN_POINT('Ctrl Pts',(5.23352046551568,75.275890942512,64.3773698660539));
#1642=CARTESIAN_POINT('Ctrl Pts',(5.25384057903792,75.2562089627117,64.385090750131));
#1643=CARTESIAN_POINT('Ctrl Pts',(5.31422827640291,75.1860288261127,64.4053727028161));
#1644=CARTESIAN_POINT('Ctrl Pts',(5.34693951147754,75.1285517839277,64.4119303579206));
#1645=CARTESIAN_POINT('Ctrl Pts',(5.40287781493034,74.9950258840371,64.4151108328382));
#1646=CARTESIAN_POINT('Ctrl Pts',(5.42329947321296,74.9162714338788,64.4094224789777));
#1647=CARTESIAN_POINT('Ctrl Pts',(5.45383803113502,74.7347925952623,64.3861823573247));
#1648=CARTESIAN_POINT('Ctrl Pts',(5.45911801822163,74.6278275745823,64.3646764582318));
#1649=CARTESIAN_POINT('Ctrl Pts',(5.45188799471044,74.3504461033831,64.2954690911655));
#1650=CARTESIAN_POINT('Ctrl Pts',(5.42449213487123,74.1756713591185,64.2371672528088));
#1651=CARTESIAN_POINT('Ctrl Pts',(5.33902349335804,73.8349074038897,64.1009991345805));
#1652=CARTESIAN_POINT('Ctrl Pts',(5.27587114607629,73.6606426765523,64.0177457012955));
#1653=CARTESIAN_POINT('Ctrl Pts',(5.1983301627045,73.5004315683528,63.9267499659185));
#1654=CARTESIAN_POINT('Ctrl Pts',(5.19833016270449,73.5004315683528,63.9267499659185));
#1655=CARTESIAN_POINT('Ctrl Pts',(4.85640507174676,73.7420371022676,63.7240188515201));
#1656=CARTESIAN_POINT('Ctrl Pts',(4.48674892118704,73.9606943720566,63.540543617086));
#1657=CARTESIAN_POINT('Ctrl Pts',(4.09591438146416,74.1555664459259,63.3770265317755));
#1658=CARTESIAN_POINT('',(9.6393562346546,71.448798587594,69.5641710487147));
#1659=CARTESIAN_POINT('',(9.59366240263061,70.6675899588488,70.2199966940998));
#1660=CARTESIAN_POINT('Ctrl Pts',(9.63924977957242,71.4487656591113,69.5641772652166));
#1661=CARTESIAN_POINT('Ctrl Pts',(9.66388555481916,71.4499066054358,69.6066414389438));
#1662=CARTESIAN_POINT('Ctrl Pts',(9.68756686334532,71.4479463526336,69.6500393516933));
#1663=CARTESIAN_POINT('Ctrl Pts',(9.70945554905803,71.4421298626713,69.6936576250406));
#1664=CARTESIAN_POINT('Ctrl Pts',(9.72275958255657,71.4385945760709,69.7201689915693));
#1665=CARTESIAN_POINT('Ctrl Pts',(9.73540075103095,71.433635109432,69.7467614110676));
#1666=CARTESIAN_POINT('Ctrl Pts',(9.74718443514861,71.4270874051867,69.7732700409164));
#1667=CARTESIAN_POINT('Ctrl Pts',(9.7641517228348,71.4176593875562,69.8114397291328));
#1668=CARTESIAN_POINT('Ctrl Pts',(9.77934453725118,71.4049273432253,69.8494500335658));
#1669=CARTESIAN_POINT('Ctrl Pts',(9.79202132317578,71.3884245072499,69.8865322479546));
#1670=CARTESIAN_POINT('Ctrl Pts',(9.80283395297762,71.374348458546,69.9181614210592));
#1671=CARTESIAN_POINT('Ctrl Pts',(9.81181579326123,71.3575293884064,69.9491151371758));
#1672=CARTESIAN_POINT('Ctrl Pts',(9.81849748784488,71.3376996377289,69.9788979279579));
#1673=CARTESIAN_POINT('Ctrl Pts',(9.8239673835887,71.3214662305483,70.0032792818943));
#1674=CARTESIAN_POINT('Ctrl Pts',(9.8278296759005,71.3033838150256,70.0266067600878));
#1675=CARTESIAN_POINT('Ctrl Pts',(9.82990185539575,71.2834300774956,70.048622135137));
#1676=CARTESIAN_POINT('Ctrl Pts',(9.83116869877295,71.2712312017232,70.0620814093657));
#1677=CARTESIAN_POINT('Ctrl Pts',(9.8317590192181,71.2584034633976,70.0749721964455));
#1678=CARTESIAN_POINT('Ctrl Pts',(9.8316542211083,71.2449645709766,70.08725256189));
#1679=CARTESIAN_POINT('Ctrl Pts',(9.83155952757013,71.2328214485962,70.0983488617782));
#1680=CARTESIAN_POINT('Ctrl Pts',(9.83089769606545,71.2202319646181,70.108898677586));
#1681=CARTESIAN_POINT('Ctrl Pts',(9.82967005140728,71.2072213846956,70.1188841649773));
#1682=CARTESIAN_POINT('Ctrl Pts',(9.8281019228774,71.1906023561919,70.131639099851));
#1683=CARTESIAN_POINT('Ctrl Pts',(9.82561978790955,71.1733938039122,70.1433984957633));
#1684=CARTESIAN_POINT('Ctrl Pts',(9.82225954105735,71.1556703368125,70.1541578033126));
#1685=CARTESIAN_POINT('Ctrl Pts',(9.81542399864771,71.1196165835217,70.1760447974194));
#1686=CARTESIAN_POINT('Ctrl Pts',(9.80506432302671,71.082006768796,70.1934484330649));
#1687=CARTESIAN_POINT('Ctrl Pts',(9.79181656947789,71.0436076982115,70.2067238300279));
#1688=CARTESIAN_POINT('Ctrl Pts',(9.77828760031039,71.004393514457,70.2202810294079));
#1689=CARTESIAN_POINT('Ctrl Pts',(9.76192362563227,70.96483495535,70.2293866483817));
#1690=CARTESIAN_POINT('Ctrl Pts',(9.74351832663999,70.9256040489784,70.234710483267));
#1691=CARTESIAN_POINT('Ctrl Pts',(9.72964450312026,70.8960319854249,70.2387235637217));
#1692=CARTESIAN_POINT('Ctrl Pts',(9.71461089684942,70.8666451597986,70.240588589477));
#1693=CARTESIAN_POINT('Ctrl Pts',(9.69875717674084,70.8377164472391,70.240604916763));
#1694=CARTESIAN_POINT('Ctrl Pts',(9.67456328503308,70.7935691976272,70.2406298333496));
#1695=CARTESIAN_POINT('Ctrl Pts',(9.64835159372528,70.750280986882,70.2363585741189));
#1696=CARTESIAN_POINT('Ctrl Pts',(9.62094263839629,70.7083394017679,70.2286467987572));
#1697=CARTESIAN_POINT('Ctrl Pts',(9.61196831495626,70.6946067605241,70.2261217858349));
#1698=CARTESIAN_POINT('Ctrl Pts',(9.60286546873705,70.6810181832121,70.2232281788464));
#1699=CARTESIAN_POINT('Ctrl Pts',(9.59366240263061,70.6675899588488,70.2199966940998));
#1700=CARTESIAN_POINT('Ctrl Pts',(9.59366240263131,70.6675899588509,70.2199966940988));
#1701=CARTESIAN_POINT('Ctrl Pts',(9.62054198423001,70.8535668169411,70.0638741168595));
#1702=CARTESIAN_POINT('Ctrl Pts',(9.63592813338402,71.0401975585385,69.9071833715015));
#1703=CARTESIAN_POINT('Ctrl Pts',(9.63989536182318,71.2270962432674,69.7502738696678));
#1704=CARTESIAN_POINT('Ctrl Pts',(9.64146307695417,71.300952311932,69.6882685165624));
#1705=CARTESIAN_POINT('Ctrl Pts',(9.64124708635637,71.3748501608014,69.626229047377));
#1706=CARTESIAN_POINT('Ctrl Pts',(9.63924977957237,71.4487656591105,69.5641772652172));
#1707=CARTESIAN_POINT('Origin',(-0.0333756743486086,20.,1.59907100110235));
#1708=CARTESIAN_POINT('',(5.87505566927934,31.7466653822923,26.928589932729));
#1709=CARTESIAN_POINT('',(4.17289121973092,35.,27.2661980134068));
#1710=CARTESIAN_POINT('Ctrl Pts',(5.87505578360544,31.7466654072455,26.9285899224009));
#1711=CARTESIAN_POINT('Ctrl Pts',(5.81867350875802,31.9181428196021,26.9417454276712));
#1712=CARTESIAN_POINT('Ctrl Pts',(5.75888053354213,32.0887605600485,26.9555617282789));
#1713=CARTESIAN_POINT('Ctrl Pts',(5.69554394066486,32.2580296929301,26.9699649929838));
#1714=CARTESIAN_POINT('Ctrl Pts',(5.63321944506465,32.4245939624664,26.9841380984027));
#1715=CARTESIAN_POINT('Ctrl Pts',(5.56746357520205,32.5898525128981,26.9988796096692));
#1716=CARTESIAN_POINT('Ctrl Pts',(5.49815633632155,32.7532908953765,27.0141096834858));
#1717=CARTESIAN_POINT('Ctrl Pts',(5.43044067400637,32.9129760667383,27.0289900127595));
#1718=CARTESIAN_POINT('Ctrl Pts',(5.35933478792681,33.0709237738488,27.0443367602006));
#1719=CARTESIAN_POINT('Ctrl Pts',(5.28473456173776,33.2266060897987,27.0600656978837));
#1720=CARTESIAN_POINT('Ctrl Pts',(5.25320154035981,33.2924119733436,27.0667142156369));
#1721=CARTESIAN_POINT('Ctrl Pts',(5.22104429095095,33.3578124967089,27.0734308947875));
#1722=CARTESIAN_POINT('Ctrl Pts',(5.18825544540672,33.4227650648629,27.0802088058045));
#1723=CARTESIAN_POINT('Ctrl Pts',(5.11809970032779,33.5617390280509,27.094710975356));
#1724=CARTESIAN_POINT('Ctrl Pts',(5.04448970728063,33.6997775587434,27.1096102554121));
#1725=CARTESIAN_POINT('Ctrl Pts',(4.96730106129059,33.8361799167673,27.1248252854494));
#1726=CARTESIAN_POINT('Ctrl Pts',(4.89156758739366,33.9700107967935,27.1397534794266));
#1727=CARTESIAN_POINT('Ctrl Pts',(4.81238902175635,34.1022665989502,27.1549856559848));
#1728=CARTESIAN_POINT('Ctrl Pts',(4.72966622828699,34.2322401249863,27.1704326430476));
#1729=CARTESIAN_POINT('Ctrl Pts',(4.64455923346664,34.3659596929943,27.1863248366355));
#1730=CARTESIAN_POINT('Ctrl Pts',(4.55570049264519,34.4972639153375,27.202444539589));
#1731=CARTESIAN_POINT('Ctrl Pts',(4.46300469648248,34.6253308998874,27.2186800934111));
#1732=CARTESIAN_POINT('Ctrl Pts',(4.37498221884868,34.7469413045641,27.2340971212844));
#1733=CARTESIAN_POINT('Ctrl Pts',(4.28349987102896,34.8656323794202,27.2496185574563));
#1734=CARTESIAN_POINT('Ctrl Pts',(4.18850591703097,34.9806547340447,27.2651355800383));
#1735=CARTESIAN_POINT('Ctrl Pts',(4.18346246657051,34.9867615389831,27.2659594149393));
#1736=CARTESIAN_POINT('Ctrl Pts',(4.1784091227635,34.9928579918832,27.2667832342616));
#1737=CARTESIAN_POINT('Ctrl Pts',(4.17334587961969,34.9989439769895,27.267607020656));
#1738=CARTESIAN_POINT('',(-2.11053117055314,35.,27.5254960399423));
#1739=CARTESIAN_POINT('Origin',(-0.0333756743486086,35.,1.59907100110235));
#1740=CARTESIAN_POINT('Ctrl Pts',(-2.11053117055314,35.,27.5254960399423));
#1741=CARTESIAN_POINT('Ctrl Pts',(-2.88563754421967,34.2178544918892,27.4633966004017));
#1742=CARTESIAN_POINT('Ctrl Pts',(-3.6003353461248,33.1901661872479,27.3707054040618));
#1743=CARTESIAN_POINT('Ctrl Pts',(-5.27746201893285,29.9619060871306,27.0965514718649));
#1744=CARTESIAN_POINT('Ctrl Pts',(-6.05114734755967,27.5027994542659,26.9059077531353));
#1745=CARTESIAN_POINT('Ctrl Pts',(-6.80168670526985,22.6388032561197,26.7153703394535));
#1746=CARTESIAN_POINT('Ctrl Pts',(-6.80202318552706,20.2692220853015,26.7169372649585));
#1747=CARTESIAN_POINT('Ctrl Pts',(-6.07861082985424,17.1703295094508,26.8977132633385));
#1748=CARTESIAN_POINT('Ctrl Pts',(-5.68320699874759,16.2286775680116,26.9929590689043));
#1749=CARTESIAN_POINT('Ctrl Pts',(-4.80316198160002,14.9516002520232,27.1701843641147));
#1750=CARTESIAN_POINT('Ctrl Pts',(-4.35670903613452,14.4886934975411,27.2525175358481));
#1751=CARTESIAN_POINT('Ctrl Pts',(-3.36480044592719,13.8492732204346,27.3984037376346));
#1752=CARTESIAN_POINT('Ctrl Pts',(-2.86711784786636,13.6527949763786,27.4592732973078));
#1753=CARTESIAN_POINT('Ctrl Pts',(-1.79886030322314,13.4654472201071,27.5541510202927));
#1754=CARTESIAN_POINT('Ctrl Pts',(-1.25387535172029,13.4801146145479,27.5854590614711));
#1755=CARTESIAN_POINT('Ctrl Pts',(-0.0431575747196662,13.7123358415334,
27.6173156038095));
#1756=CARTESIAN_POINT('Ctrl Pts',(0.601948121979303,13.9775656946043,27.6075906008951));
#1757=CARTESIAN_POINT('Ctrl Pts',(1.98546370510845,14.7924270483384,27.5421706604227));
#1758=CARTESIAN_POINT('Ctrl Pts',(2.74993541114232,15.4462705939788,27.4687393664122));
#1759=CARTESIAN_POINT('Ctrl Pts',(4.33865967262428,17.3376882228289,27.2543210660717));
#1760=CARTESIAN_POINT('Ctrl Pts',(5.10039685021142,18.6674736309917,27.1033944715726));
#1761=CARTESIAN_POINT('Ctrl Pts',(6.38980987875353,22.2150022598878,26.8139909193457));
#1762=CARTESIAN_POINT('Ctrl Pts',(6.71978183973157,24.3965042650886,26.7165860417093));
#1763=CARTESIAN_POINT('Ctrl Pts',(6.67648331964632,28.2864135484275,26.728183386216));
#1764=CARTESIAN_POINT('Ctrl Pts',(6.42097450941473,29.9517192900727,26.7990629814012));
#1765=CARTESIAN_POINT('Ctrl Pts',(5.94740324036142,31.5218404215202,26.9116290503227));
#1766=CARTESIAN_POINT('Ctrl Pts',(5.91196569669367,31.6344104017107,26.9199802009983));
#1767=CARTESIAN_POINT('Ctrl Pts',(5.87505566927934,31.7466653822923,26.928589932729));
#1768=CARTESIAN_POINT('',(-0.0941490344814574,33.9344597725087,27.6085));
#1769=CARTESIAN_POINT('',(-0.033375674348612,33.96580230839,27.60857147));
#1770=CARTESIAN_POINT('Ctrl Pts',(-0.0941490344816,33.9344597725086,27.6085));
#1771=CARTESIAN_POINT('Ctrl Pts',(-0.0886614963557136,33.9373441030046,
27.6085128221243));
#1772=CARTESIAN_POINT('Ctrl Pts',(-0.0831678880518782,33.9402169473601,
27.6085239217517));
#1773=CARTESIAN_POINT('Ctrl Pts',(-0.0694899575750365,33.9473329841781,
27.6085472144623));
#1774=CARTESIAN_POINT('Ctrl Pts',(-0.0612982166645693,33.9515621601713,
27.6085573071412));
#1775=CARTESIAN_POINT('Ctrl Pts',(-0.0493867097485319,33.9576639102359,
27.6085663371291));
#1776=CARTESIAN_POINT('Ctrl Pts',(-0.0456774912221634,33.9595572685892,
27.6085683567562));
#1777=CARTESIAN_POINT('Ctrl Pts',(-0.0396775193931189,33.962609033569,27.6085703383034));
#1778=CARTESIAN_POINT('Ctrl Pts',(-0.037388446312015,33.9637707640848,27.6085707923757));
#1779=CARTESIAN_POINT('Ctrl Pts',(-0.0345241835154024,33.9652211986768,
27.608570982082));
#1780=CARTESIAN_POINT('Ctrl Pts',(-0.0339499614573331,33.9655118177838,
27.60857147));
#1781=CARTESIAN_POINT('Ctrl Pts',(-0.033375674348612,33.96580230839,27.60857147));
#1782=CARTESIAN_POINT('',(0.0273976857848226,33.9959397631404,27.6085));
#1783=CARTESIAN_POINT('Ctrl Pts',(-0.033375674348612,33.96580230839,27.60857147));
#1784=CARTESIAN_POINT('Ctrl Pts',(-0.0318663362740409,33.9665657741296,
27.60857147));
#1785=CARTESIAN_POINT('Ctrl Pts',(-0.0303565488683026,33.9673283522617,
27.6085708697214));
#1786=CARTESIAN_POINT('Ctrl Pts',(-0.0261630418334799,33.9694433482791,
27.6085701394533));
#1787=CARTESIAN_POINT('Ctrl Pts',(-0.0234783507922411,33.9707938479036,
27.608569256704));
#1788=CARTESIAN_POINT('Ctrl Pts',(-0.0152395489438335,33.9749274260462,
27.608565270761));
#1789=CARTESIAN_POINT('Ctrl Pts',(-0.00968077654739817,33.9777012745284,
27.6085608032652));
#1790=CARTESIAN_POINT('Ctrl Pts',(0.00636708543168818,33.9856653709681,
27.608542750022));
#1791=CARTESIAN_POINT('Ctrl Pts',(0.0168717577674701,33.9908246409585,27.6085245947735));
#1792=CARTESIAN_POINT('Ctrl Pts',(0.0273976857848016,33.9959397631404,27.6085));
#1793=CARTESIAN_POINT('',(1.72262838107029,34.3078418076866,27.5492259140764));
#1794=CARTESIAN_POINT('Ctrl Pts',(0.0273976857823726,33.9959397631392,27.6085));
#1795=CARTESIAN_POINT('Ctrl Pts',(0.31463806190501,34.135525519095,27.6078288371374));
#1796=CARTESIAN_POINT('Ctrl Pts',(0.619875330011589,34.2433014268862,27.6022713971343));
#1797=CARTESIAN_POINT('Ctrl Pts',(1.19656162380889,34.3416947677717,27.5807983567664));
#1798=CARTESIAN_POINT('Ctrl Pts',(1.45970598241604,34.3478952156282,27.5670174378591));
#1799=CARTESIAN_POINT('Ctrl Pts',(1.72262838107029,34.3078418076866,27.5492259140764));
#1800=CARTESIAN_POINT('',(5.51364826622982,28.4461154978171,27.0101830517909));
#1801=CARTESIAN_POINT('Ctrl Pts',(1.72262838107029,34.3078418076866,27.5492259140764));
#1802=CARTESIAN_POINT('Ctrl Pts',(2.03733828766543,34.2598991282625,27.5279300152999));
#1803=CARTESIAN_POINT('Ctrl Pts',(2.33128520712925,34.1487011424367,27.5023238480072));
#1804=CARTESIAN_POINT('Ctrl Pts',(2.98584238369521,33.7700220601873,27.4355663183721));
#1805=CARTESIAN_POINT('Ctrl Pts',(3.31982341875001,33.4640112669012,27.3931205925153));
#1806=CARTESIAN_POINT('Ctrl Pts',(4.02425292037509,32.6353590596537,27.2936067835819));
#1807=CARTESIAN_POINT('Ctrl Pts',(4.40618608961295,31.9984843042723,27.2289827406849));
#1808=CARTESIAN_POINT('Ctrl Pts',(5.09906799748375,30.3494219205636,27.0999262600278));
#1809=CARTESIAN_POINT('Ctrl Pts',(5.35143427569052,29.3939378294121,27.0455929499183));
#1810=CARTESIAN_POINT('Ctrl Pts',(5.51364826622983,28.4461154978171,27.0101830517909));
#1811=CARTESIAN_POINT('',(0.0273976857853417,14.8291455751669,27.6085));
#1812=CARTESIAN_POINT('Ctrl Pts',(5.51364826622982,28.4461154978171,27.0101830517909));
#1813=CARTESIAN_POINT('Ctrl Pts',(5.55764567846907,27.9390739160688,27.0005788007637));
#1814=CARTESIAN_POINT('Ctrl Pts',(5.57688587098495,27.4373214311892,26.9962963543363));
#1815=CARTESIAN_POINT('Ctrl Pts',(5.57688587098495,26.9535870362576,26.9962963543363));
#1816=CARTESIAN_POINT('Ctrl Pts',(5.57688587098495,25.5697667275265,26.9962963543363));
#1817=CARTESIAN_POINT('Ctrl Pts',(5.41547990473525,24.0640744904882,27.0336583897352));
#1818=CARTESIAN_POINT('Ctrl Pts',(4.75290246330462,21.1376212915342,27.1666247322354));
#1819=CARTESIAN_POINT('Ctrl Pts',(4.25322148669026,19.7164675444452,27.2610041749327));
#1820=CARTESIAN_POINT('Ctrl Pts',(3.24579554348578,17.7839791810274,27.4037235746882));
#1821=CARTESIAN_POINT('Ctrl Pts',(2.77846530102701,17.0436055072707,27.4622332871585));
#1822=CARTESIAN_POINT('Ctrl Pts',(1.65925673113911,15.7644818364458,27.5595141527335));
#1823=CARTESIAN_POINT('Ctrl Pts',(1.01202467826994,15.2216600168169,27.5981026948646));
#1824=CARTESIAN_POINT('Ctrl Pts',(0.193111924676199,14.8865168239524,27.6077030775469));
#1825=CARTESIAN_POINT('Ctrl Pts',(0.111472874183105,14.8563533957593,27.6083035507929));
#1826=CARTESIAN_POINT('Ctrl Pts',(0.0273976857853417,14.8291455751669,27.6085));
#1827=CARTESIAN_POINT('',(-0.0333756743486088,14.8101281075539,27.60857147));
#1828=CARTESIAN_POINT('Ctrl Pts',(0.0273976857853417,14.8291455751669,27.6085));
#1829=CARTESIAN_POINT('Ctrl Pts',(0.00727793328806376,14.8226345625039,
27.6085470116035));
#1830=CARTESIAN_POINT('Ctrl Pts',(-0.0129885750486025,14.8162896903268,
27.6085710011024));
#1831=CARTESIAN_POINT('Ctrl Pts',(-0.0333756743487305,14.8101281075539,
27.6085710011024));
#1832=CARTESIAN_POINT('',(-0.0941490344825573,14.7924114302299,27.6085));
#1833=CARTESIAN_POINT('Ctrl Pts',(-0.0333756743487305,14.8101281075539,
27.6085710011024));
#1834=CARTESIAN_POINT('Ctrl Pts',(-0.053509396096182,14.8040431029513,27.6085710011024));
#1835=CARTESIAN_POINT('Ctrl Pts',(-0.0737769826080515,14.7981319760805,
27.6085476011236));
#1836=CARTESIAN_POINT('Ctrl Pts',(-0.0941490344825572,14.7924114302299,
27.6085));
#1837=CARTESIAN_POINT('',(-3.64185958584684,29.8408589384229,27.3570393625717));
#1838=CARTESIAN_POINT('Ctrl Pts',(-0.094149034482557,14.7924114302299,27.6085));
#1839=CARTESIAN_POINT('Ctrl Pts',(-0.254041079532705,14.7475131656619,27.6081263979176));
#1840=CARTESIAN_POINT('Ctrl Pts',(-0.42098654166561,14.7144577931285,27.6062260921939));
#1841=CARTESIAN_POINT('Ctrl Pts',(-0.89089741835324,14.6657660747621,27.5961839729035));
#1842=CARTESIAN_POINT('Ctrl Pts',(-1.19699931577249,14.6876560229602,27.5839793752542));
#1843=CARTESIAN_POINT('Ctrl Pts',(-1.76663606343772,14.822844306518,27.5524421507213));
#1844=CARTESIAN_POINT('Ctrl Pts',(-2.0693045042472,14.953206429652,27.5302317680758));
#1845=CARTESIAN_POINT('Ctrl Pts',(-2.6185396137875,15.3070259038426,27.4812469595047));
#1846=CARTESIAN_POINT('Ctrl Pts',(-2.86592593417073,15.5292392791843,27.454689032861));
#1847=CARTESIAN_POINT('Ctrl Pts',(-3.46347114846257,16.1855670594363,27.3844441746471));
#1848=CARTESIAN_POINT('Ctrl Pts',(-3.76968470130664,16.6881622389972,27.340071012653));
#1849=CARTESIAN_POINT('Ctrl Pts',(-4.27354299578004,17.7721894154916,27.2618858875102));
#1850=CARTESIAN_POINT('Ctrl Pts',(-4.46879155145908,18.35473162278,27.2280471133587));
#1851=CARTESIAN_POINT('Ctrl Pts',(-4.9189756870301,20.1603878583841,27.1474166778203));
#1852=CARTESIAN_POINT('Ctrl Pts',(-5.03384333130436,21.4386154335829,27.1233616565102));
#1853=CARTESIAN_POINT('Ctrl Pts',(-5.03384333130436,23.9952857071594,27.1233616565102));
#1854=CARTESIAN_POINT('Ctrl Pts',(-4.87236231043309,25.5015380949137,27.1566854488129));
#1855=CARTESIAN_POINT('Ctrl Pts',(-4.31566163601333,27.9593688254176,27.2546427166282));
#1856=CARTESIAN_POINT('Ctrl Pts',(-4.01340695432262,28.9341619709239,27.3049885687091));
#1857=CARTESIAN_POINT('Ctrl Pts',(-3.64185958584684,29.8408589384229,27.3570393625717));
#1858=CARTESIAN_POINT('Ctrl Pts',(-3.64185958584686,29.8408589384229,27.3570393625717));
#1859=CARTESIAN_POINT('Ctrl Pts',(-3.03999587290569,31.0202842563544,27.4413556213149));
#1860=CARTESIAN_POINT('Ctrl Pts',(-2.35165147916403,32.0043937000281,27.5153556900968));
#1861=CARTESIAN_POINT('Ctrl Pts',(-1.11312577439121,33.2758183817745,27.5911531560935));
#1862=CARTESIAN_POINT('Ctrl Pts',(-0.597319225818755,33.6699861425711,27.6073242977865));
#1863=CARTESIAN_POINT('Ctrl Pts',(-0.0941490344806317,33.9344597725091,
27.6085));
#1864=CARTESIAN_POINT('Ctrl Pts',(1.72262838107029,34.3078418076866,26.0095));
#1865=CARTESIAN_POINT('Ctrl Pts',(1.72262838107029,34.3078418076866,27.6085));
#1866=CARTESIAN_POINT('Ctrl Pts',(1.09464548012178,34.4035082683638,26.0095));
#1867=CARTESIAN_POINT('Ctrl Pts',(1.09464548012178,34.4035082683638,27.6085));
#1868=CARTESIAN_POINT('Ctrl Pts',(0.381322682973709,34.261742530742,26.0095));
#1869=CARTESIAN_POINT('Ctrl Pts',(0.381322682973709,34.261742530742,27.6085));
#1870=CARTESIAN_POINT('Ctrl Pts',(-0.459191634924654,33.7210678009873,26.0095));
#1871=CARTESIAN_POINT('Ctrl Pts',(-0.459191634924654,33.7210678009873,27.6085));
#1872=CARTESIAN_POINT('Ctrl Pts',(-1.52213777545192,33.0373101242468,26.0095));
#1873=CARTESIAN_POINT('Ctrl Pts',(-1.52213777545192,33.0373101242468,27.6085));
#1874=CARTESIAN_POINT('Ctrl Pts',(-2.7048293113926,31.6770839933593,26.0095));
#1875=CARTESIAN_POINT('Ctrl Pts',(-2.7048293113926,31.6770839933593,27.6085));
#1876=CARTESIAN_POINT('Ctrl Pts',(-3.64185958584687,29.8408589384229,26.0095));
#1877=CARTESIAN_POINT('Ctrl Pts',(-3.64185958584687,29.8408589384229,27.6085));
#1878=CARTESIAN_POINT('',(-3.64185958584684,29.8408589384229,26.0095));
#1879=CARTESIAN_POINT('',(-3.64185958584684,29.8408589384229,26.0095));
#1880=CARTESIAN_POINT('',(1.72262838107029,34.3078418076866,26.0095));
#1881=CARTESIAN_POINT('Ctrl Pts',(1.72262838107029,34.3078418076866,26.0095));
#1882=CARTESIAN_POINT('Ctrl Pts',(1.09464548012178,34.4035082683638,26.0095));
#1883=CARTESIAN_POINT('Ctrl Pts',(0.381322682973709,34.261742530742,26.0095));
#1884=CARTESIAN_POINT('Ctrl Pts',(-0.459191634924654,33.7210678009873,26.0095));
#1885=CARTESIAN_POINT('Ctrl Pts',(-1.52215422569879,33.0372995423535,26.0095));
#1886=CARTESIAN_POINT('Ctrl Pts',(-2.70260362691936,31.6758856863788,26.0095));
#1887=CARTESIAN_POINT('Ctrl Pts',(-3.64177163915523,29.8407064127207,26.0095));
#1888=CARTESIAN_POINT('',(1.72262838107029,34.3078418076866,26.0095));
#1889=CARTESIAN_POINT('Ctrl Pts',(5.51364826622983,28.4461154978171,26.0095));
#1890=CARTESIAN_POINT('Ctrl Pts',(5.51364826622983,28.4461154978171,27.6085));
#1891=CARTESIAN_POINT('Ctrl Pts',(5.21553041481413,30.1880291026763,26.0095));
#1892=CARTESIAN_POINT('Ctrl Pts',(5.21553041481413,30.1880291026763,27.6085));
#1893=CARTESIAN_POINT('Ctrl Pts',(4.64558133290564,31.658657732478,26.0095));
#1894=CARTESIAN_POINT('Ctrl Pts',(4.64558133290564,31.658657732478,27.6085));
#1895=CARTESIAN_POINT('Ctrl Pts',(3.97229092041206,32.6451945274102,26.0095));
#1896=CARTESIAN_POINT('Ctrl Pts',(3.97229092041206,32.6451945274102,27.6085));
#1897=CARTESIAN_POINT('Ctrl Pts',(3.34411274649673,33.565630747563,26.0095));
#1898=CARTESIAN_POINT('Ctrl Pts',(3.34411274649673,33.565630747563,27.6085));
#1899=CARTESIAN_POINT('Ctrl Pts',(2.6667214355342,34.0505640496789,26.0095));
#1900=CARTESIAN_POINT('Ctrl Pts',(2.6667214355342,34.0505640496789,27.6085));
#1901=CARTESIAN_POINT('Ctrl Pts',(2.03747543830914,34.2373505254303,26.0095));
#1902=CARTESIAN_POINT('Ctrl Pts',(2.03747543830914,34.2373505254303,27.6085));
#1903=CARTESIAN_POINT('Ctrl Pts',(1.93284673540209,34.2684086914967,26.0095));
#1904=CARTESIAN_POINT('Ctrl Pts',(1.93284673540209,34.2684086914967,27.6085));
#1905=CARTESIAN_POINT('Ctrl Pts',(1.82828256630794,34.2917465255664,26.0095));
#1906=CARTESIAN_POINT('Ctrl Pts',(1.82828256630794,34.2917465255664,27.6085));
#1907=CARTESIAN_POINT('Ctrl Pts',(1.72262838107029,34.3078418076866,26.0095));
#1908=CARTESIAN_POINT('Ctrl Pts',(1.72262838107029,34.3078418076866,27.6085));
#1909=CARTESIAN_POINT('',(5.51364826622982,28.4461154978171,26.0095));
#1910=CARTESIAN_POINT('Ctrl Pts',(5.51290579285043,28.4455649430867,26.0095));
#1911=CARTESIAN_POINT('Ctrl Pts',(5.21111781427806,30.1870222193309,26.0095));
#1912=CARTESIAN_POINT('Ctrl Pts',(4.64563411960222,31.6585803869262,26.0095));
#1913=CARTESIAN_POINT('Ctrl Pts',(3.97229092041206,32.6451945274101,26.0095));
#1914=CARTESIAN_POINT('Ctrl Pts',(3.34411274649673,33.565630747563,26.0095));
#1915=CARTESIAN_POINT('Ctrl Pts',(2.6667214355342,34.0505640496789,26.0095));
#1916=CARTESIAN_POINT('Ctrl Pts',(2.03747543830914,34.2373505254303,26.0095));
#1917=CARTESIAN_POINT('Ctrl Pts',(1.93284673540209,34.2684086914967,26.0095));
#1918=CARTESIAN_POINT('Ctrl Pts',(1.82828256630794,34.2917465255664,26.0095));
#1919=CARTESIAN_POINT('Ctrl Pts',(1.72262838107029,34.3078418076866,26.0095));
#1920=CARTESIAN_POINT('',(5.51364826622982,28.4461154978171,26.0095));
#1921=CARTESIAN_POINT('Ctrl Pts',(-3.64185958584684,29.8408589384229,26.0095));
#1922=CARTESIAN_POINT('Ctrl Pts',(-6.49683394482768,22.8737887524738,26.0095));
#1923=CARTESIAN_POINT('Ctrl Pts',(-4.09350807633664,17.389466976591,26.0095));
#1924=CARTESIAN_POINT('Ctrl Pts',(-1.69018220784565,11.9051452007081,26.0095));
#1925=CARTESIAN_POINT('Ctrl Pts',(2.23718096598569,16.4250543892224,26.0095));
#1926=CARTESIAN_POINT('Ctrl Pts',(6.16454413981697,20.9449635777367,26.0095));
#1927=CARTESIAN_POINT('Ctrl Pts',(5.51364826622982,28.4461154978171,26.0095));
#1928=CARTESIAN_POINT('Ctrl Pts',(-3.64185958584684,29.8408589384229,27.6085710011024));
#1929=CARTESIAN_POINT('Ctrl Pts',(-6.49683394482768,22.8737887524738,27.6085710011024));
#1930=CARTESIAN_POINT('Ctrl Pts',(-4.09350807633664,17.389466976591,27.6085710011024));
#1931=CARTESIAN_POINT('Ctrl Pts',(-1.69018220784565,11.9051452007081,27.6085710011024));
#1932=CARTESIAN_POINT('Ctrl Pts',(2.23718096598569,16.4250543892224,27.6085710011024));
#1933=CARTESIAN_POINT('Ctrl Pts',(6.16454413981697,20.9449635777367,27.6085710011024));
#1934=CARTESIAN_POINT('Ctrl Pts',(5.51364826622982,28.4461154978171,27.6085710011024));
#1935=CARTESIAN_POINT('Origin',(0.271521269840296,24.7823461758178,26.0095));
#1936=CARTESIAN_POINT('Origin',(0.0599214115423918,22.9974495332244,26.0095));
#1937=CARTESIAN_POINT('Ctrl Pts',(-3.64177163915523,29.8407064127207,26.0095));
#1938=CARTESIAN_POINT('Ctrl Pts',(-3.67917284227746,29.7676226706367,26.0095));
#1939=CARTESIAN_POINT('Ctrl Pts',(-3.71619138952474,29.6937875688179,26.0095));
#1940=CARTESIAN_POINT('Ctrl Pts',(-3.75280462189481,29.6192139838835,26.0095));
#1941=CARTESIAN_POINT('Ctrl Pts',(-4.90466665331252,27.2731091613317,26.0095));
#1942=CARTESIAN_POINT('Ctrl Pts',(-5.64781315301814,24.2331880449738,26.0095));
#1943=CARTESIAN_POINT('Ctrl Pts',(-5.7500488270727,21.3483386273427,26.0095));
#1944=CARTESIAN_POINT('Ctrl Pts',(-5.83458955165462,18.9627989189032,26.0095));
#1945=CARTESIAN_POINT('Ctrl Pts',(-5.48361215358707,16.6975796012517,26.0095));
#1946=CARTESIAN_POINT('Ctrl Pts',(-4.82972742369583,15.0187481754599,26.0095));
#1947=CARTESIAN_POINT('Ctrl Pts',(-4.27725361225519,13.6002865503845,26.0095));
#1948=CARTESIAN_POINT('Ctrl Pts',(-3.52104367062217,12.6281350689151,26.0095));
#1949=CARTESIAN_POINT('Ctrl Pts',(-2.81022463318277,12.1394467447251,26.0095));
#1950=CARTESIAN_POINT('Ctrl Pts',(-2.19184344850082,11.7143094749897,26.0095));
#1951=CARTESIAN_POINT('Ctrl Pts',(-1.6321356933682,11.5913907980851,26.0095));
#1952=CARTESIAN_POINT('Ctrl Pts',(-0.963188596008237,11.6982793697041,26.0095));
#1953=CARTESIAN_POINT('Ctrl Pts',(-0.217225399574945,11.8174740576874,26.0095));
#1954=CARTESIAN_POINT('Ctrl Pts',(0.713944528907378,12.3049766777288,26.0095));
#1955=CARTESIAN_POINT('Ctrl Pts',(1.65135644999187,13.2768588940987,26.0095));
#1956=CARTESIAN_POINT('Ctrl Pts',(2.9078125332178,14.5795170910676,26.0095));
#1957=CARTESIAN_POINT('Ctrl Pts',(4.10705678337074,16.7247699892619,26.0095));
#1958=CARTESIAN_POINT('Ctrl Pts',(4.85511713950976,19.215009766224,26.0095));
#1959=CARTESIAN_POINT('Ctrl Pts',(5.68038199644912,21.9622578410803,26.0095));
#1960=CARTESIAN_POINT('Ctrl Pts',(5.9544323747394,25.1023975303972,26.0095));
#1961=CARTESIAN_POINT('Ctrl Pts',(5.61729803088044,27.7499940538506,26.0095));
#1962=CARTESIAN_POINT('Ctrl Pts',(5.58722886144011,27.9861344231826,26.0095));
#1963=CARTESIAN_POINT('Ctrl Pts',(5.55231576835492,28.2181510185044,26.0095));
#1964=CARTESIAN_POINT('Ctrl Pts',(5.51290579285043,28.4455649430867,26.0095));
#1965=CARTESIAN_POINT('Ctrl Pts',(1.72262838107029,34.3078418076866,26.0095));
#1966=CARTESIAN_POINT('Ctrl Pts',(1.72262838107029,34.3078418076866,11.0095));
#1967=CARTESIAN_POINT('Ctrl Pts',(1.82828256630794,34.2917465255664,26.0095));
#1968=CARTESIAN_POINT('Ctrl Pts',(1.82828256630794,34.2917465255664,11.0095));
#1969=CARTESIAN_POINT('Ctrl Pts',(1.93284673540209,34.2684086914967,26.0095));
#1970=CARTESIAN_POINT('Ctrl Pts',(1.93284673540209,34.2684086914967,11.0095));
#1971=CARTESIAN_POINT('Ctrl Pts',(2.03747543830914,34.2373505254303,26.0095));
#1972=CARTESIAN_POINT('Ctrl Pts',(2.03747543830914,34.2373505254303,11.0095));
#1973=CARTESIAN_POINT('Ctrl Pts',(2.6667214355342,34.0505640496789,26.0095));
#1974=CARTESIAN_POINT('Ctrl Pts',(2.6667214355342,34.0505640496789,11.0095));
#1975=CARTESIAN_POINT('Ctrl Pts',(3.34411274649673,33.565630747563,26.0095));
#1976=CARTESIAN_POINT('Ctrl Pts',(3.34411274649673,33.565630747563,11.0095));
#1977=CARTESIAN_POINT('Ctrl Pts',(3.97229092041206,32.6451945274102,26.0095));
#1978=CARTESIAN_POINT('Ctrl Pts',(3.97229092041206,32.6451945274102,11.0095));
#1979=CARTESIAN_POINT('Ctrl Pts',(4.73356485531849,31.5297401352608,26.0095));
#1980=CARTESIAN_POINT('Ctrl Pts',(4.73356485531849,31.5297401352608,11.0095));
#1981=CARTESIAN_POINT('Ctrl Pts',(5.35696954900496,29.7944157988443,26.0095));
#1982=CARTESIAN_POINT('Ctrl Pts',(5.35696954900496,29.7944157988443,11.0095));
#1983=CARTESIAN_POINT('Ctrl Pts',(5.61729803088045,27.7499940538506,26.0095));
#1984=CARTESIAN_POINT('Ctrl Pts',(5.61729803088045,27.7499940538506,11.0095));
#1985=CARTESIAN_POINT('Ctrl Pts',(5.9544323747394,25.1023975303972,26.0095));
#1986=CARTESIAN_POINT('Ctrl Pts',(5.9544323747394,25.1023975303972,11.0095));
#1987=CARTESIAN_POINT('Ctrl Pts',(5.68038199644912,21.9622578410803,26.0095));
#1988=CARTESIAN_POINT('Ctrl Pts',(5.68038199644912,21.9622578410803,11.0095));
#1989=CARTESIAN_POINT('Ctrl Pts',(4.85511713950976,19.215009766224,26.0095));
#1990=CARTESIAN_POINT('Ctrl Pts',(4.85511713950976,19.215009766224,11.0095));
#1991=CARTESIAN_POINT('Ctrl Pts',(4.10705678337074,16.7247699892619,26.0095));
#1992=CARTESIAN_POINT('Ctrl Pts',(4.10705678337074,16.7247699892619,11.0095));
#1993=CARTESIAN_POINT('Ctrl Pts',(2.9078125332178,14.5795170910676,26.0095));
#1994=CARTESIAN_POINT('Ctrl Pts',(2.9078125332178,14.5795170910676,11.0095));
#1995=CARTESIAN_POINT('Ctrl Pts',(1.65135644999187,13.2768588940987,26.0095));
#1996=CARTESIAN_POINT('Ctrl Pts',(1.65135644999187,13.2768588940987,11.0095));
#1997=CARTESIAN_POINT('Ctrl Pts',(0.713944528907379,12.3049766777288,26.0095));
#1998=CARTESIAN_POINT('Ctrl Pts',(0.713944528907379,12.3049766777288,11.0095));
#1999=CARTESIAN_POINT('Ctrl Pts',(-0.217225399574945,11.8174740576874,26.0095));
#2000=CARTESIAN_POINT('Ctrl Pts',(-0.217225399574945,11.8174740576874,11.0095));
#2001=CARTESIAN_POINT('Ctrl Pts',(-0.963188596008237,11.6982793697041,26.0095));
#2002=CARTESIAN_POINT('Ctrl Pts',(-0.963188596008237,11.6982793697041,11.0095));
#2003=CARTESIAN_POINT('Ctrl Pts',(-1.6321356933682,11.5913907980851,26.0095));
#2004=CARTESIAN_POINT('Ctrl Pts',(-1.6321356933682,11.5913907980851,11.0095));
#2005=CARTESIAN_POINT('Ctrl Pts',(-2.19184344850082,11.7143094749897,26.0095));
#2006=CARTESIAN_POINT('Ctrl Pts',(-2.19184344850082,11.7143094749897,11.0095));
#2007=CARTESIAN_POINT('Ctrl Pts',(-2.81022463318278,12.1394467447251,26.0095));
#2008=CARTESIAN_POINT('Ctrl Pts',(-2.81022463318278,12.1394467447251,11.0095));
#2009=CARTESIAN_POINT('Ctrl Pts',(-3.52104367062217,12.6281350689151,26.0095));
#2010=CARTESIAN_POINT('Ctrl Pts',(-3.52104367062217,12.6281350689151,11.0095));
#2011=CARTESIAN_POINT('Ctrl Pts',(-4.27725361225519,13.6002865503845,26.0095));
#2012=CARTESIAN_POINT('Ctrl Pts',(-4.27725361225519,13.6002865503845,11.0095));
#2013=CARTESIAN_POINT('Ctrl Pts',(-4.82972742369583,15.0187481754599,26.0095));
#2014=CARTESIAN_POINT('Ctrl Pts',(-4.82972742369583,15.0187481754599,11.0095));
#2015=CARTESIAN_POINT('Ctrl Pts',(-5.48361215358707,16.6975796012517,26.0095));
#2016=CARTESIAN_POINT('Ctrl Pts',(-5.48361215358707,16.6975796012517,11.0095));
#2017=CARTESIAN_POINT('Ctrl Pts',(-5.83458955165462,18.9627989189032,26.0095));
#2018=CARTESIAN_POINT('Ctrl Pts',(-5.83458955165462,18.9627989189032,11.0095));
#2019=CARTESIAN_POINT('Ctrl Pts',(-5.7500488270727,21.3483386273427,26.0095));
#2020=CARTESIAN_POINT('Ctrl Pts',(-5.7500488270727,21.3483386273427,11.0095));
#2021=CARTESIAN_POINT('Ctrl Pts',(-5.64781315301814,24.2331880449738,26.0095));
#2022=CARTESIAN_POINT('Ctrl Pts',(-5.64781315301814,24.2331880449738,11.0095));
#2023=CARTESIAN_POINT('Ctrl Pts',(-4.90466665331252,27.2731091613317,26.0095));
#2024=CARTESIAN_POINT('Ctrl Pts',(-4.90466665331252,27.2731091613317,11.0095));
#2025=CARTESIAN_POINT('Ctrl Pts',(-3.75280462189481,29.6192139838835,26.0095));
#2026=CARTESIAN_POINT('Ctrl Pts',(-3.75280462189481,29.6192139838835,11.0095));
#2027=CARTESIAN_POINT('Ctrl Pts',(-2.79680982433426,31.5663777445735,26.0095));
#2028=CARTESIAN_POINT('Ctrl Pts',(-2.79680982433426,31.5663777445735,11.0095));
#2029=CARTESIAN_POINT('Ctrl Pts',(-1.56448539461737,33.0100693181588,26.0095));
#2030=CARTESIAN_POINT('Ctrl Pts',(-1.56448539461737,33.0100693181588,11.0095));
#2031=CARTESIAN_POINT('Ctrl Pts',(-0.459191634924654,33.7210678009873,26.0095));
#2032=CARTESIAN_POINT('Ctrl Pts',(-0.459191634924654,33.7210678009873,11.0095));
#2033=CARTESIAN_POINT('Ctrl Pts',(0.381322682973709,34.261742530742,26.0095));
#2034=CARTESIAN_POINT('Ctrl Pts',(0.381322682973709,34.261742530742,11.0095));
#2035=CARTESIAN_POINT('Ctrl Pts',(1.09464548012178,34.4035082683638,26.0095));
#2036=CARTESIAN_POINT('Ctrl Pts',(1.09464548012178,34.4035082683638,11.0095));
#2037=CARTESIAN_POINT('Ctrl Pts',(1.72262838107029,34.3078418076866,26.0095));
#2038=CARTESIAN_POINT('Ctrl Pts',(1.72262838107029,34.3078418076866,11.0095));
#2039=CARTESIAN_POINT('',(1.72262838107029,34.3078418076866,17.5119758272915));
#2040=CARTESIAN_POINT('Ctrl Pts',(1.72262838107032,34.3078418076866,17.5119758272914));
#2041=CARTESIAN_POINT('Ctrl Pts',(1.50451314567659,34.3410693248027,17.5360450492269));
#2042=CARTESIAN_POINT('Ctrl Pts',(1.28232800084665,34.3431047487801,17.5560345184384));
#2043=CARTESIAN_POINT('Ctrl Pts',(0.671425299820641,34.2670121547623,17.5976827472181));
#2044=CARTESIAN_POINT('Ctrl Pts',(0.294754104643281,34.1345158139895,17.6090953128155));
#2045=CARTESIAN_POINT('Ctrl Pts',(-0.559490385128103,33.695549339409,17.6077797574149));
#2046=CARTESIAN_POINT('Ctrl Pts',(-1.08161152068059,33.3047062192515,17.5828214274726));
#2047=CARTESIAN_POINT('Ctrl Pts',(-2.26260720217817,32.10003978128,17.4664366400094));
#2048=CARTESIAN_POINT('Ctrl Pts',(-2.83608812799806,31.2887528607034,17.3688878068195));
#2049=CARTESIAN_POINT('Ctrl Pts',(-3.85243235039618,29.5032758503308,17.1561181269357));
#2050=CARTESIAN_POINT('Ctrl Pts',(-4.29420880655009,28.4804905012458,17.035501392004));
#2051=CARTESIAN_POINT('Ctrl Pts',(-4.64474420654643,27.4442327668762,16.930064788521));
#2052=CARTESIAN_POINT('Ctrl Pts',(-5.27471593979625,25.5819013703291,16.7405772792855));
#2053=CARTESIAN_POINT('Ctrl Pts',(-5.65416574682465,23.5524469894286,16.5897302241943));
#2054=CARTESIAN_POINT('Ctrl Pts',(-5.81609669547984,19.8585414952987,16.5279135149171));
#2055=CARTESIAN_POINT('Ctrl Pts',(-5.6890174181214,18.2931480571225,16.5797406154439));
#2056=CARTESIAN_POINT('Ctrl Pts',(-5.08239494581277,15.4937983861946,16.7949916821659));
#2057=CARTESIAN_POINT('Ctrl Pts',(-4.60664402759186,14.3081035370509,16.9535789687194));
#2058=CARTESIAN_POINT('Ctrl Pts',(-3.65580639488282,12.8779111808158,17.1978064778141));
#2059=CARTESIAN_POINT('Ctrl Pts',(-3.24955809097401,12.4415832164504,17.2885230441533));
#2060=CARTESIAN_POINT('Ctrl Pts',(-2.52259826518959,11.9416415345494,17.4165736994224));
#2061=CARTESIAN_POINT('Ctrl Pts',(-2.20324647972326,11.7894643280764,17.4648040234564));
#2062=CARTESIAN_POINT('Ctrl Pts',(-1.5426428186958,11.6505940518912,17.5402910749877));
#2063=CARTESIAN_POINT('Ctrl Pts',(-1.22917410226755,11.6501126207221,17.5670194671113));
#2064=CARTESIAN_POINT('Ctrl Pts',(-0.507116110491597,11.7795086468498,17.6066841719904));
#2065=CARTESIAN_POINT('Ctrl Pts',(-0.113224167743746,11.9419855324158,17.6125273475603));
#2066=CARTESIAN_POINT('Ctrl Pts',(0.781284783536411,12.4576905288304,17.5966074936596));
#2067=CARTESIAN_POINT('Ctrl Pts',(1.32792872061434,12.9074386697989,17.5599737670774));
#2068=CARTESIAN_POINT('Ctrl Pts',(2.64587634727808,14.3773804700054,17.4020549737394));
#2069=CARTESIAN_POINT('Ctrl Pts',(3.36676718734508,15.5086703182188,17.2559573885343));
#2070=CARTESIAN_POINT('Ctrl Pts',(4.88908427619814,18.8706969273686,16.8622454762748));
#2071=CARTESIAN_POINT('Ctrl Pts',(5.52142050324479,21.3039317334542,16.6153305600153));
#2072=CARTESIAN_POINT('Ctrl Pts',(5.81275126622441,25.3137979019758,16.5034197010038));
#2073=CARTESIAN_POINT('Ctrl Pts',(5.7754536864769,26.8130274201222,16.5196359546879));
#2074=CARTESIAN_POINT('Ctrl Pts',(5.2892460856782,29.857516425163,16.7002921741126));
#2075=CARTESIAN_POINT('Ctrl Pts',(4.82920134897287,31.2129775429558,16.8650198704251));
#2076=CARTESIAN_POINT('Ctrl Pts',(3.85795432877599,32.8725621955953,17.1331800465177));
#2077=CARTESIAN_POINT('Ctrl Pts',(3.43474605056766,33.3810749873282,17.2353554584102));
#2078=CARTESIAN_POINT('Ctrl Pts',(2.68570996937854,33.9654912867827,17.3787620748227));
#2079=CARTESIAN_POINT('Ctrl Pts',(2.35695876649948,34.1501158772458,17.4334317295927));
#2080=CARTESIAN_POINT('Ctrl Pts',(1.90177038518006,34.2751476840001,17.4914362385298));
#2081=CARTESIAN_POINT('Ctrl Pts',(1.81254510246418,34.2941439594196,17.502053432283));
#2082=CARTESIAN_POINT('Ctrl Pts',(1.72262838107032,34.3078418076866,17.5119758272914));
#2083=CARTESIAN_POINT('',(1.72262838107029,34.3078418076866,26.0095));
#2084=CARTESIAN_POINT('Ctrl Pts',(5.88223737028437,31.6936703525416,26.8797853469325));
#2085=CARTESIAN_POINT('Ctrl Pts',(5.20621471345008,36.6821068391592,31.4737532566812));
#2086=CARTESIAN_POINT('Ctrl Pts',(3.64154666959796,48.3169116714834,42.2002300597586));
#2087=CARTESIAN_POINT('Ctrl Pts',(2.08257063734589,59.9146142198622,52.9680323480134));
#2088=CARTESIAN_POINT('Ctrl Pts',(1.29982098929883,66.5152077572675,59.1662510139673));
#2089=CARTESIAN_POINT('Ctrl Pts',(5.4053280090956,33.1235268939034,26.9587036276442));
#2090=CARTESIAN_POINT('Ctrl Pts',(4.76214687305832,37.9236546601261,31.5258310185876));
#2091=CARTESIAN_POINT('Ctrl Pts',(3.27411798226088,49.1219052162261,42.1868824151945));
#2092=CARTESIAN_POINT('Ctrl Pts',(1.80503588301304,60.2868120839503,52.8860860860715));
#2093=CARTESIAN_POINT('Ctrl Pts',(1.06961231556694,66.6532064345789,59.028114692039));
#2094=CARTESIAN_POINT('Ctrl Pts',(4.08515838607786,35.4267500178897,27.1322946346044));
#2095=CARTESIAN_POINT('Ctrl Pts',(3.55365909864774,39.9175567557083,31.653438101871));
#2096=CARTESIAN_POINT('Ctrl Pts',(2.32550200121764,50.3949563972712,42.2051739512735));
#2097=CARTESIAN_POINT('Ctrl Pts',(1.12782314503014,60.8596570482223,52.7724500810314));
#2098=CARTESIAN_POINT('Ctrl Pts',(0.520163093927885,66.8445469685896,58.8143095613723));
#2099=CARTESIAN_POINT('Ctrl Pts',(1.4087153002345,36.6784056072874,27.2372228996386));
#2100=CARTESIAN_POINT('Ctrl Pts',(1.1386799069273,40.9824198466454,31.7405947488861));
#2101=CARTESIAN_POINT('Ctrl Pts',(0.514943103666284,51.0268783901404,42.2467979077831));
#2102=CARTESIAN_POINT('Ctrl Pts',(-0.0997598931893333,61.0710678970344,
52.7534186635009));
#2103=CARTESIAN_POINT('Ctrl Pts',(-0.407322650461445,66.8227844979005,58.7477844010375));
#2104=CARTESIAN_POINT('Ctrl Pts',(-1.64760564187461,35.4580749195647,27.1640025740355));
#2105=CARTESIAN_POINT('Ctrl Pts',(-1.59755342558912,39.8884887116544,31.707227407563));
#2106=CARTESIAN_POINT('Ctrl Pts',(-1.47641889243577,50.2287858562444,42.3057225519109));
#2107=CARTESIAN_POINT('Ctrl Pts',(-1.3522578391433,60.5688986928877,52.904420703482));
#2108=CARTESIAN_POINT('Ctrl Pts',(-1.2518551285736,66.4934315852572,58.9449174943355));
#2109=CARTESIAN_POINT('Ctrl Pts',(-4.44224916515507,31.9135195659726,27.0319191165657));
#2110=CARTESIAN_POINT('Ctrl Pts',(-4.07807739701316,36.7646920942663,31.6570836222828));
#2111=CARTESIAN_POINT('Ctrl Pts',(-3.22405528078062,48.0898392303154,42.4431280031619));
#2112=CARTESIAN_POINT('Ctrl Pts',(-2.36728428095314,59.4117464939922,53.2325119053188));
#2113=CARTESIAN_POINT('Ctrl Pts',(-1.84709753523049,65.9184585387851,59.3570644360622));
#2114=CARTESIAN_POINT('Ctrl Pts',(-6.33750362339507,26.7467377677541,26.8627718165519));
#2115=CARTESIAN_POINT('Ctrl Pts',(-5.73159993429468,32.2298901454721,31.5958346916498));
#2116=CARTESIAN_POINT('Ctrl Pts',(-4.31877477571924,45.0322738607354,42.6299740235029));
#2117=CARTESIAN_POINT('Ctrl Pts',(-2.89185890909516,57.8329098603167,53.6647779754613));
#2118=CARTESIAN_POINT('Ctrl Pts',(-2.08176212986352,65.2076070316185,59.9012865376655));
#2119=CARTESIAN_POINT('Ctrl Pts',(-6.86887378746511,21.6534907045933,26.6802479016123));
#2120=CARTESIAN_POINT('Ctrl Pts',(-6.15699687670749,27.7734578359871,31.5139100742305));
#2121=CARTESIAN_POINT('Ctrl Pts',(-4.50147313783232,42.0608807357407,42.7841620411462));
#2122=CARTESIAN_POINT('Ctrl Pts',(-2.83407354057865,56.3584916162031,54.0402844489963));
#2123=CARTESIAN_POINT('Ctrl Pts',(-1.9271720089714,64.5788420730721,60.4145042331597));
#2124=CARTESIAN_POINT('Ctrl Pts',(-6.32013034598334,16.4089153981373,26.4564995330774));
#2125=CARTESIAN_POINT('Ctrl Pts',(-5.60930107565058,23.197870776152,31.3911923038089));
#2126=CARTESIAN_POINT('Ctrl Pts',(-3.95876956660159,39.0432771225439,42.9007002341384));
#2127=CARTESIAN_POINT('Ctrl Pts',(-2.31509267472698,54.9033549316284,54.39122417962));
#2128=CARTESIAN_POINT('Ctrl Pts',(-1.43684484337927,63.9913256542806,60.9304642750763));
#2129=CARTESIAN_POINT('Ctrl Pts',(-4.30363215296995,12.0275007801956,26.2356907893091));
#2130=CARTESIAN_POINT('Ctrl Pts',(-3.75202163832713,19.3926383504001,31.2520493957539));
#2131=CARTESIAN_POINT('Ctrl Pts',(-2.4722367901481,36.5790604789741,42.956109104995));
#2132=CARTESIAN_POINT('Ctrl Pts',(-1.20765221917182,53.7706825574207,54.6540104909913));
#2133=CARTESIAN_POINT('Ctrl Pts',(-0.531429109732823,63.5980722676412,61.3374967670466));
#2134=CARTESIAN_POINT('Ctrl Pts',(-1.03755467326002,11.061190026538,26.2045085005665));
#2135=CARTESIAN_POINT('Ctrl Pts',(-0.803358751955735,18.5819571389677,31.2262753159497));
#2136=CARTESIAN_POINT('Ctrl Pts',(-0.263198117148158,36.1298205605127,42.9449699266282));
#2137=CARTESIAN_POINT('Ctrl Pts',(0.267710540444948,53.6789603146941,54.6621996456298));
#2138=CARTESIAN_POINT('Ctrl Pts',(0.52942959095175,63.7017797888356,61.3677476113986));
#2139=CARTESIAN_POINT('Ctrl Pts',(2.03032189387876,12.7278965051894,26.2655144415661));
#2140=CARTESIAN_POINT('Ctrl Pts',(1.94205556902037,20.0699153839392,31.2413692835869));
#2141=CARTESIAN_POINT('Ctrl Pts',(1.72920973824733,37.1991171548852,42.8566513289731));
#2142=CARTESIAN_POINT('Ctrl Pts',(1.5070856175189,54.3300992850285,54.470113652632));
#2143=CARTESIAN_POINT('Ctrl Pts',(1.33090686106771,64.0945311889677,61.1408023431916));
#2144=CARTESIAN_POINT('Ctrl Pts',(4.51480317810273,15.9116322693294,26.3562964234325));
#2145=CARTESIAN_POINT('Ctrl Pts',(4.14713904393961,22.8798182891387,31.2606106768305));
#2146=CARTESIAN_POINT('Ctrl Pts',(3.28263478788363,39.1304735213517,42.7141319708651));
#2147=CARTESIAN_POINT('Ctrl Pts',(2.40314404428073,55.3839488610124,54.1620138031729));
#2148=CARTESIAN_POINT('Ctrl Pts',(1.85541566649408,64.6177713410016,60.7788982905384));
#2149=CARTESIAN_POINT('Ctrl Pts',(6.38824281427858,21.1075025109167,26.4888326196779));
#2150=CARTESIAN_POINT('Ctrl Pts',(5.77879645959178,27.4419993105676,31.2861394399516));
#2151=CARTESIAN_POINT('Ctrl Pts',(4.35891883719264,42.2111019254298,42.4956890580025));
#2152=CARTESIAN_POINT('Ctrl Pts',(2.90091980376231,56.9779933742695,53.7047267887813));
#2153=CARTESIAN_POINT('Ctrl Pts',(2.08156483958591,65.3261126949041,60.2299257945782));
#2154=CARTESIAN_POINT('Ctrl Pts',(6.93514371107829,26.8529250922793,26.6543816467698));
#2155=CARTESIAN_POINT('Ctrl Pts',(6.20685226179826,32.4693967228952,31.3399202665834));
#2156=CARTESIAN_POINT('Ctrl Pts',(4.51898264134553,45.5644581995011,42.2856926661328));
#2157=CARTESIAN_POINT('Ctrl Pts',(2.78945100695016,58.6271095976461,53.2647470573426));
#2158=CARTESIAN_POINT('Ctrl Pts',(1.90109058663142,66.0166655112136,59.6428685826911));
#2159=CARTESIAN_POINT('Ctrl Pts',(6.35914673147314,30.2638138111798,26.8008670662208));
#2160=CARTESIAN_POINT('Ctrl Pts',(5.64997544918972,35.4397538181696,31.4219967613183));
#2161=CARTESIAN_POINT('Ctrl Pts',(4.00857463915655,47.5117621378761,42.2134301856935));
#2162=CARTESIAN_POINT('Ctrl Pts',(2.3594388607675,59.5430485967964,53.0500037095087));
#2163=CARTESIAN_POINT('Ctrl Pts',(1.53002966303072,66.3772090799561,59.3043873358956));
#2164=CARTESIAN_POINT('Ctrl Pts',(5.88223737028437,31.6936703525415,26.8797853469325));
#2165=CARTESIAN_POINT('Ctrl Pts',(5.20621471345009,36.6821068391592,31.4737532566812));
#2166=CARTESIAN_POINT('Ctrl Pts',(3.64154666959796,48.3169116714834,42.2002300597586));
#2167=CARTESIAN_POINT('Ctrl Pts',(2.08257063734589,59.9146142198622,52.9680323480134));
#2168=CARTESIAN_POINT('Ctrl Pts',(1.29982098929883,66.5152077572675,59.1662510139673));
#2169=CARTESIAN_POINT('',(1.31614389743476,66.3777321201742,59.0371642177663));
#2170=CARTESIAN_POINT('Ctrl Pts',(5.87505566927934,31.7466653822923,26.928589932729));
#2171=CARTESIAN_POINT('Ctrl Pts',(5.67896879395194,33.1936402123717,28.2611550804028));
#2172=CARTESIAN_POINT('Ctrl Pts',(5.48308254852198,34.640383562502,29.5940026464292));
#2173=CARTESIAN_POINT('Ctrl Pts',(5.28747285026157,36.0868349482522,30.9272099239532));
#2174=CARTESIAN_POINT('Ctrl Pts',(5.11057465902652,37.3949226152961,32.1328861150254));
#2175=CARTESIAN_POINT('Ctrl Pts',(4.93390222716499,38.7027715655999,33.3388563620203));
#2176=CARTESIAN_POINT('Ctrl Pts',(4.75753886379246,40.0103226028728,34.5451976535723));
#2177=CARTESIAN_POINT('Ctrl Pts',(4.5967457278501,41.2024365865673,35.645037187));
#2178=CARTESIAN_POINT('Ctrl Pts',(4.43620903970034,42.3943029771193,36.745185030562));
#2179=CARTESIAN_POINT('Ctrl Pts',(4.27602155136478,43.585863570363,37.8457184967812));
#2180=CARTESIAN_POINT('Ctrl Pts',(4.12949627083583,44.6757973224082,38.8523887214336));
#2181=CARTESIAN_POINT('Ctrl Pts',(3.98326268109227,45.7654752132638,39.8593815250148));
#2182=CARTESIAN_POINT('Ctrl Pts',(3.83742408774898,46.8548407490535,40.866773925842));
#2183=CARTESIAN_POINT('Ctrl Pts',(3.70357638196613,47.8546383635378,41.7913382581131));
#2184=CARTESIAN_POINT('Ctrl Pts',(3.57006088384851,48.8541728236722,42.7162391599352));
#2185=CARTESIAN_POINT('Ctrl Pts',(3.43699263980892,49.8533902924924,43.6415524994782));
#2186=CARTESIAN_POINT('Ctrl Pts',(3.3144457903534,50.773601974916,44.4937034791396));
#2187=CARTESIAN_POINT('Ctrl Pts',(3.19227774448447,51.6935446997898,45.3462042987746));
#2188=CARTESIAN_POINT('Ctrl Pts',(3.07061650837394,52.6131685316802,46.1991285000857));
#2189=CARTESIAN_POINT('Ctrl Pts',(2.95818090968112,53.4630567903926,46.9873749973257));
#2190=CARTESIAN_POINT('Ctrl Pts',(2.84617765114264,54.3126725012009,47.7759832244233));
#2191=CARTESIAN_POINT('Ctrl Pts',(2.73474885920553,55.1619712592145,48.5650227922242));
#2192=CARTESIAN_POINT('Ctrl Pts',(2.63140203062047,55.9496701262316,49.2968330859802));
#2193=CARTESIAN_POINT('Ctrl Pts',(2.52854885976684,56.7370960792666,50.0290146406403));
#2194=CARTESIAN_POINT('Ctrl Pts',(2.42634652743014,57.5242123580817,50.7616309688487));
#2195=CARTESIAN_POINT('Ctrl Pts',(2.33039386016785,58.2631965345784,51.4494478626932));
#2196=CARTESIAN_POINT('Ctrl Pts',(2.23501434100954,59.0019073645324,52.1376483273857));
#2197=CARTESIAN_POINT('Ctrl Pts',(2.14038538789058,59.7403177712768,52.8262883247982));
#2198=CARTESIAN_POINT('Ctrl Pts',(2.05546996257335,60.4029313972413,53.4442404033467));
#2199=CARTESIAN_POINT('Ctrl Pts',(1.9711589261294,61.0653027333137,54.0625468230961));
#2200=CARTESIAN_POINT('Ctrl Pts',(1.88762265837584,61.7274201138806,54.6812456846398));
#2201=CARTESIAN_POINT('Ctrl Pts',(1.80851302225631,62.354451539316,55.2671593616631));
#2202=CARTESIAN_POINT('Ctrl Pts',(1.73009802706528,62.9812546774751,55.8534255440329));
#2203=CARTESIAN_POINT('Ctrl Pts',(1.65256422121329,63.607833499459,56.4400676809096));
#2204=CARTESIAN_POINT('Ctrl Pts',(1.58103697925858,64.1858710988165,56.9812625004355));
#2205=CARTESIAN_POINT('Ctrl Pts',(1.51025991202809,64.7637173092103,57.5227778403472));
#2206=CARTESIAN_POINT('Ctrl Pts',(1.44041548514973,65.3413943114446,58.0646166753797));
#2207=CARTESIAN_POINT('Ctrl Pts',(1.39864223106912,65.6868971564016,58.3886850704999));
#2208=CARTESIAN_POINT('Ctrl Pts',(1.35720329562308,66.032339857772,58.7128688690929));
#2209=CARTESIAN_POINT('Ctrl Pts',(1.31614389743476,66.3777321201742,59.0371642177663));
#2210=CARTESIAN_POINT('Ctrl Pts',(1.31613920556228,66.3777308551337,59.0371648991661));
#2211=CARTESIAN_POINT('Ctrl Pts',(1.37280967617582,66.3434151946746,59.0715092430998));
#2212=CARTESIAN_POINT('Ctrl Pts',(1.42675798722002,66.30661969359,59.1078272240057));
#2213=CARTESIAN_POINT('Ctrl Pts',(1.47778578995065,66.2675474571889,59.1459289073659));
#2214=CARTESIAN_POINT('Ctrl Pts',(1.52226513247479,66.2334894085749,59.1791409551954));
#2215=CARTESIAN_POINT('Ctrl Pts',(1.56452516584397,66.1977007711826,59.213708866574));
#2216=CARTESIAN_POINT('Ctrl Pts',(1.60440759475148,66.1603011080151,59.2495166294233));
#2217=CARTESIAN_POINT('Ctrl Pts',(1.65005518406062,66.1174951779017,59.2905005438287));
#2218=CARTESIAN_POINT('Ctrl Pts',(1.69240013302827,66.0727565716446,59.3329390966464));
#2219=CARTESIAN_POINT('Ctrl Pts',(1.73124415399288,66.0262920175557,59.3766344661017));
#2220=CARTESIAN_POINT('Ctrl Pts',(1.77007162696933,65.9798472578875,59.4203112208401));
#2221=CARTESIAN_POINT('Ctrl Pts',(1.80540172930854,65.9316774668931,59.4652442943484));
#2222=CARTESIAN_POINT('Ctrl Pts',(1.83699058598284,65.8819675999926,59.5112481138902));
#2223=CARTESIAN_POINT('Ctrl Pts',(1.842955908962,65.8725802576659,59.5199355964627));
#2224=CARTESIAN_POINT('Ctrl Pts',(1.8487843094595,65.8631432336454,59.5286563991207));
#2225=CARTESIAN_POINT('Ctrl Pts',(1.85447439829794,65.853657874109,59.5374091686771));
#2226=CARTESIAN_POINT('Ctrl Pts',(1.88476134847003,65.803169626948,59.5839980186844));
#2227=CARTESIAN_POINT('Ctrl Pts',(1.911133638073,65.7513134373014,59.6314919114743));
#2228=CARTESIAN_POINT('Ctrl Pts',(1.9335510057815,65.6983545719736,59.6796639501239));
#2229=CARTESIAN_POINT('Ctrl Pts',(1.95140991441376,65.6561646257918,59.7180404467785));
#2230=CARTESIAN_POINT('Ctrl Pts',(1.96675790339787,65.6132742809808,59.7568476839202));
#2231=CARTESIAN_POINT('Ctrl Pts',(1.97955173067611,65.5698118018627,59.7959722539713));
#2232=CARTESIAN_POINT('Ctrl Pts',(1.99576547067403,65.5147313852867,59.8455551967876));
#2233=CARTESIAN_POINT('Ctrl Pts',(2.00780984345855,65.4589663669941,59.8954387669934));
#2234=CARTESIAN_POINT('Ctrl Pts',(2.01565499103737,65.4027869414169,59.945377546423));
#2235=CARTESIAN_POINT('Ctrl Pts',(2.02349054086283,65.3466762457477,59.995255230751));
#2236=CARTESIAN_POINT('Ctrl Pts',(2.0271372840732,65.2901514427596,60.0451886209235));
#2237=CARTESIAN_POINT('Ctrl Pts',(2.02651535409349,65.2334702064131,60.0949335068885));
#2238=CARTESIAN_POINT('Ctrl Pts',(2.02638624729016,65.2217037158557,60.1052600764681));
#2239=CARTESIAN_POINT('Ctrl Pts',(2.02607300989158,65.2099304655143,60.1155785049326));
#2240=CARTESIAN_POINT('Ctrl Pts',(2.0255746464714,65.1981527420234,60.1258865702852));
#2241=CARTESIAN_POINT('Ctrl Pts',(2.02317123042368,65.1413532890603,60.175598424498));
#2242=CARTESIAN_POINT('Ctrl Pts',(2.01646617144745,65.0844493118457,60.2250703460039));
#2243=CARTESIAN_POINT('Ctrl Pts',(2.00551479117454,65.0277150512447,60.2740802094244));
#2244=CARTESIAN_POINT('Ctrl Pts',(2.00274312877103,65.0133562934279,60.2864840153794));
#2245=CARTESIAN_POINT('Ctrl Pts',(1.99969922866434,64.9990084452825,60.2988581502745));
#2246=CARTESIAN_POINT('Ctrl Pts',(1.99638349368744,64.9846760554881,60.311198842945));
#2247=CARTESIAN_POINT('Ctrl Pts',(1.98312136767304,64.9273500143945,60.3605585844323));
#2248=CARTESIAN_POINT('Ctrl Pts',(1.9655894604622,64.870594238667,60.4091042425565));
#2249=CARTESIAN_POINT('Ctrl Pts',(1.94392838323194,64.8146858719418,60.4566051791684));
#2250=CARTESIAN_POINT('Ctrl Pts',(1.92218620650947,64.75856818321,60.5042839602059));
#2251=CARTESIAN_POINT('Ctrl Pts',(1.89628367622166,64.7033034972745,60.5509107482056));
#2252=CARTESIAN_POINT('Ctrl Pts',(1.86631196226596,64.6491724637912,60.5962424060518));
#2253=CARTESIAN_POINT('Ctrl Pts',(1.84613043990896,64.612723208201,60.6267665818682));
#2254=CARTESIAN_POINT('Ctrl Pts',(1.82410288631977,64.5767879719449,60.6567033299196));
#2255=CARTESIAN_POINT('Ctrl Pts',(1.80024486796943,64.5414551880285,60.685973935489));
#2256=CARTESIAN_POINT('Ctrl Pts',(1.77476454250704,64.5037198312834,60.7172348954497));
#2257=CARTESIAN_POINT('Ctrl Pts',(1.74719633412712,64.466671465422,60.7477361602588));
#2258=CARTESIAN_POINT('Ctrl Pts',(1.71761949250145,64.4303986706671,60.7774068094225));
#2259=CARTESIAN_POINT('Ctrl Pts',(1.67702595551345,64.3806150915353,60.8181290951055));
#2260=CARTESIAN_POINT('Ctrl Pts',(1.63288623333974,64.3325790696451,60.8570503089199));
#2261=CARTESIAN_POINT('Ctrl Pts',(1.585493287083,64.2864777113789,60.8940301885417));
#2262=CARTESIAN_POINT('Ctrl Pts',(1.53754524849002,64.2398363885677,60.9314431969177));
#2263=CARTESIAN_POINT('Ctrl Pts',(1.48626680459622,64.1951746584516,60.9668695476312));
#2264=CARTESIAN_POINT('Ctrl Pts',(1.43191300168336,64.1527003237508,61.0001460641953));
#2265=CARTESIAN_POINT('Ctrl Pts',(1.37772281589486,64.1103538463135,61.0333224109892));
#2266=CARTESIAN_POINT('Ctrl Pts',(1.32047513834175,64.0701809879644,61.0643622288008));
#2267=CARTESIAN_POINT('Ctrl Pts',(1.26038375830755,64.032411144295,61.0930801472296));
#2268=CARTESIAN_POINT('Ctrl Pts',(1.24830811437964,64.0248211175206,61.0988511472816));
#2269=CARTESIAN_POINT('Ctrl Pts',(1.23611752491523,64.0173282247935,61.1045282951878));
#2270=CARTESIAN_POINT('Ctrl Pts',(1.22381356822668,64.0099344775221,61.1101099494853));
#2271=CARTESIAN_POINT('Ctrl Pts',(1.21107642035701,64.0022804151182,61.1158881197067));
#2272=CARTESIAN_POINT('Ctrl Pts',(1.19821778172422,63.9947326018148,61.1215639541513));
#2273=CARTESIAN_POINT('Ctrl Pts',(1.18524036002153,63.9872928522878,61.1271360170012));
#2274=CARTESIAN_POINT('Ctrl Pts',(1.12506437053935,63.952794914289,61.1529735372061));
#2275=CARTESIAN_POINT('Ctrl Pts',(1.06267148698857,63.9208101332153,61.1764383331669));
#2276=CARTESIAN_POINT('Ctrl Pts',(0.998381257763093,63.8914533165469,61.1974548037904));
#2277=CARTESIAN_POINT('Ctrl Pts',(0.933298739397015,63.8617347172665,61.2187302736686));
#2278=CARTESIAN_POINT('Ctrl Pts',(0.866271098441954,63.8347087305046,61.2374970118325));
#2279=CARTESIAN_POINT('Ctrl Pts',(0.797591994360923,63.8105219542129,61.2536517759208));
#2280=CARTESIAN_POINT('Ctrl Pts',(0.763990310910528,63.7986884218524,61.2615555958145));
#2281=CARTESIAN_POINT('Ctrl Pts',(0.729992812109423,63.7875349800065,61.2688337797308));
#2282=CARTESIAN_POINT('Ctrl Pts',(0.695631455061483,63.7770817382569,61.2754717644794));
#2283=CARTESIAN_POINT('Ctrl Pts',(0.623351783077432,63.7550931746569,61.2894348730843));
#2284=CARTESIAN_POINT('Ctrl Pts',(0.549462929115066,63.7361998579666,61.3005675069523));
#2285=CARTESIAN_POINT('Ctrl Pts',(0.474364923591329,63.7204305908121,61.3088636688049));
#2286=CARTESIAN_POINT('Ctrl Pts',(0.403608074215651,63.7055728904906,61.3166802582138));
#2287=CARTESIAN_POINT('Ctrl Pts',(0.332144006128973,63.6935667914441,61.3219394118162));
#2288=CARTESIAN_POINT('Ctrl Pts',(0.260310158306557,63.6843845623596,61.3246849500355));
#2289=CARTESIAN_POINT('Ctrl Pts',(0.187671225869654,63.6750994225779,61.327461259133));
#2290=CARTESIAN_POINT('Ctrl Pts',(0.114653252002306,63.6687016395804,61.3276673255758));
#2291=CARTESIAN_POINT('Ctrl Pts',(0.0415860846090959,63.6652021776261,61.3253175119889));
#2292=CARTESIAN_POINT('Ctrl Pts',(-0.0310637517872217,63.6617227032258,
61.3229811196154));
#2293=CARTESIAN_POINT('Ctrl Pts',(-0.103763166284033,63.6611084600669,61.3181179212742));
#2294=CARTESIAN_POINT('Ctrl Pts',(-0.176192570513947,63.6634108363346,61.3107117963529));
#2295=CARTESIAN_POINT('Ctrl Pts',(-0.221565679437326,63.664853150686,61.3060722591881));
#2296=CARTESIAN_POINT('Ctrl Pts',(-0.266832868870371,63.6674408561599,61.3004341922972));
#2297=CARTESIAN_POINT('Ctrl Pts',(-0.311914009895465,63.6711950142129,61.2937876139925));
#2298=CARTESIAN_POINT('Ctrl Pts',(-0.375517015384921,63.6764915912254,61.2844102480522));
#2299=CARTESIAN_POINT('Ctrl Pts',(-0.438471951083208,63.6840864233991,61.2730674733731));
#2300=CARTESIAN_POINT('Ctrl Pts',(-0.500566683171524,63.693996075109,61.2597639535553));
#2301=CARTESIAN_POINT('Ctrl Pts',(-0.569875932025398,63.7050570861372,61.2449147556495));
#2302=CARTESIAN_POINT('Ctrl Pts',(-0.638114365439012,63.7190011752502,61.2276232729956));
#2303=CARTESIAN_POINT('Ctrl Pts',(-0.705044388956773,63.7356670113127,61.2080378839681));
#2304=CARTESIAN_POINT('Ctrl Pts',(-0.772723362913021,63.7525193389462,61.1882333334203));
#2305=CARTESIAN_POINT('Ctrl Pts',(-0.839065297889719,63.7721549630884,61.1660829340815));
#2306=CARTESIAN_POINT('Ctrl Pts',(-0.903806324565026,63.7944482950018,61.1417121134734));
#2307=CARTESIAN_POINT('Ctrl Pts',(-0.954156647363049,63.8117862415208,61.1227584646439));
#2308=CARTESIAN_POINT('Ctrl Pts',(-1.00353842383812,63.8307325696383,61.1024611883679));
#2309=CARTESIAN_POINT('Ctrl Pts',(-1.05181518100557,63.8512433854312,61.0808696749713));
#2310=CARTESIAN_POINT('Ctrl Pts',(-1.11427439519496,63.8777797460315,61.052935135888));
#2311=CARTESIAN_POINT('Ctrl Pts',(-1.17457718716552,63.9068013024308,61.0229716285301));
#2312=CARTESIAN_POINT('Ctrl Pts',(-1.23246051474823,63.9381649998378,60.9911238053802));
#2313=CARTESIAN_POINT('Ctrl Pts',(-1.28976463323335,63.9692148566341,60.9595946672416));
#2314=CARTESIAN_POINT('Ctrl Pts',(-1.3446981941194,64.00256064797,60.9262183282123));
#2315=CARTESIAN_POINT('Ctrl Pts',(-1.39697710163818,64.0380981642879,60.891112882428));
#2316=CARTESIAN_POINT('Ctrl Pts',(-1.44073511979851,64.0678434546587,60.8617292398259));
#2317=CARTESIAN_POINT('Ctrl Pts',(-1.48263305217193,64.0991249428629,60.8311337168349));
#2318=CARTESIAN_POINT('Ctrl Pts',(-1.52248286337635,64.1318972828196,60.799386405009));
#2319=CARTESIAN_POINT('Ctrl Pts',(-1.56100480419179,64.1635775869927,60.7686969731086));
#2320=CARTESIAN_POINT('Ctrl Pts',(-1.59761275972908,64.196651419777,60.736930967918));
#2321=CARTESIAN_POINT('Ctrl Pts',(-1.63221389287614,64.2310181677152,60.7041799399515));
#2322=CARTESIAN_POINT('Ctrl Pts',(-1.67637631740977,64.2748814396444,60.6623788580382));
#2323=CARTESIAN_POINT('Ctrl Pts',(-1.71703809391184,64.3206152747249,60.6191919186761));
#2324=CARTESIAN_POINT('Ctrl Pts',(-1.75406531279509,64.3679693248862,60.5748534031603));
#2325=CARTESIAN_POINT('Ctrl Pts',(-1.78812751397406,64.4115314187156,60.5340653698964));
#2326=CARTESIAN_POINT('Ctrl Pts',(-1.81911375806303,64.4564653940245,60.4923022476387));
#2327=CARTESIAN_POINT('Ctrl Pts',(-1.84688559026503,64.5025922992767,60.4497368440997));
#2328=CARTESIAN_POINT('Ctrl Pts',(-1.8771076485597,64.5527888440833,60.4034160217018));
#2329=CARTESIAN_POINT('Ctrl Pts',(-1.9035238234684,64.6043986434155,60.3561446827052));
#2330=CARTESIAN_POINT('Ctrl Pts',(-1.92604284317962,64.6571869904577,60.3081234105219));
#2331=CARTESIAN_POINT('Ctrl Pts',(-1.93927717039278,64.6882104660244,60.2799015235386));
#2332=CARTESIAN_POINT('Ctrl Pts',(-1.95116452414953,64.7196411460047,60.2514205673231));
#2333=CARTESIAN_POINT('Ctrl Pts',(-1.96167794898978,64.7514315601653,60.2227216064246));
#2334=CARTESIAN_POINT('Ctrl Pts',(-1.98016193478709,64.807323295995,60.1722650526654));
#2335=CARTESIAN_POINT('Ctrl Pts',(-1.99429385548166,64.8639993883916,60.1214295013266));
#2336=CARTESIAN_POINT('Ctrl Pts',(-2.00403128793935,64.9211821547199,60.0704720680195));
#2337=CARTESIAN_POINT('Ctrl Pts',(-2.01370291845711,64.9779785012223,60.0198589860576));
#2338=CARTESIAN_POINT('Ctrl Pts',(-2.01903932926072,65.0352754851828,59.9691250885155));
#2339=CARTESIAN_POINT('Ctrl Pts',(-2.01994836249265,65.0928043882535,59.9185190682421));
#2340=CARTESIAN_POINT('Ctrl Pts',(-2.0202818835194,65.1139115360951,59.8999519012257));
#2341=CARTESIAN_POINT('Ctrl Pts',(-2.02001892245014,65.1350498775607,59.8814019593042));
#2342=CARTESIAN_POINT('Ctrl Pts',(-2.01915316761894,65.156205936131,59.862881648631));
#2343=CARTESIAN_POINT('Ctrl Pts',(-2.01675748821468,65.2147480683441,59.8116330442439));
#2344=CARTESIAN_POINT('Ctrl Pts',(-2.00974967411969,65.2734272874972,59.7606103510345));
#2345=CARTESIAN_POINT('Ctrl Pts',(-1.9981858106776,65.3319496163576,59.7100617066548));
#2346=CARTESIAN_POINT('Ctrl Pts',(-1.98677472304399,65.3896987783477,59.6601808849324));
#2347=CARTESIAN_POINT('Ctrl Pts',(-1.97099479346729,65.4469558854958,59.6110622950954));
#2348=CARTESIAN_POINT('Ctrl Pts',(-1.95100531856021,65.5034467877618,59.5629333148732));
#2349=CARTESIAN_POINT('Ctrl Pts',(-1.93097610187446,65.5600500015791,59.5147086477314));
#2350=CARTESIAN_POINT('Ctrl Pts',(-1.90672028514725,65.6158847175886,59.4674769744656));
#2351=CARTESIAN_POINT('Ctrl Pts',(-1.87834734934878,65.6706665511047,59.4214727088666));
#2352=CARTESIAN_POINT('Ctrl Pts',(-1.85320140808822,65.719217775325,59.3807007362831));
#2353=CARTESIAN_POINT('Ctrl Pts',(-1.8248207679352,65.7669422152996,59.3408926777231));
#2354=CARTESIAN_POINT('Ctrl Pts',(-1.79325116261053,65.8136291148632,59.3022207079118));
#2355=CARTESIAN_POINT('Ctrl Pts',(-1.7758069751867,65.8394265557197,59.2808520185507));
#2356=CARTESIAN_POINT('Ctrl Pts',(-1.7573885993271,65.8649069424199,59.2598303911901));
#2357=CARTESIAN_POINT('Ctrl Pts',(-1.73802168611269,65.8900426109785,59.2391811015101));
#2358=CARTESIAN_POINT('Ctrl Pts',(-1.69942982843028,65.9401296916105,59.19803389133));
#2359=CARTESIAN_POINT('Ctrl Pts',(-1.65728784390919,65.9885753896738,59.1585945461334));
#2360=CARTESIAN_POINT('Ctrl Pts',(-1.6118816342745,66.0351940130471,59.1210066854486));
#2361=CARTESIAN_POINT('Ctrl Pts',(-1.56606838287726,66.082230546807,59.0830818702109));
#2362=CARTESIAN_POINT('Ctrl Pts',(-1.51693154468279,66.1274077083937,59.0470414054116));
#2363=CARTESIAN_POINT('Ctrl Pts',(-1.46471745763083,66.170516767796,59.0130493659693));
#2364=CARTESIAN_POINT('Ctrl Pts',(-1.41295077014897,66.2132564446096,58.9793485893776));
#2365=CARTESIAN_POINT('Ctrl Pts',(-1.35815868451,66.2539638431473,58.9476608657768));
#2366=CARTESIAN_POINT('Ctrl Pts',(-1.30054437786195,66.2924094969863,58.9181689127658));
#2367=CARTESIAN_POINT('Ctrl Pts',(-1.27357290308653,66.3104073874943,58.9043625942836));
#2368=CARTESIAN_POINT('Ctrl Pts',(-1.24598246048388,66.3279091856524,58.8910378526578));
#2369=CARTESIAN_POINT('Ctrl Pts',(-1.21779169115613,66.3448888543708,58.8782155746004));
#2370=CARTESIAN_POINT('Ctrl Pts',(-1.2158912926726,66.3460334892088,58.8773511981269));
#2371=CARTESIAN_POINT('Ctrl Pts',(-1.21398848230041,66.3471755586222,58.8764892483722));
#2372=CARTESIAN_POINT('Ctrl Pts',(-1.21208326805072,66.3483150564849,58.8756297292143));
#2373=CARTESIAN_POINT('Ctrl Pts',(-1.15257942581197,66.3839039678441,58.8487851408001));
#2374=CARTESIAN_POINT('Ctrl Pts',(-1.0907342865655,66.4169865237326,58.8243094484219));
#2375=CARTESIAN_POINT('Ctrl Pts',(-1.02690329579615,66.4474872115155,58.8022463550316));
#2376=CARTESIAN_POINT('Ctrl Pts',(-0.962291217233373,66.4783611304613,58.7799132797293));
#2377=CARTESIAN_POINT('Ctrl Pts',(-0.895643548763735,66.5065900090979,58.7600519039467));
#2378=CARTESIAN_POINT('Ctrl Pts',(-0.827292765250236,66.5320667495015,58.7427350608781));
#2379=CARTESIAN_POINT('Ctrl Pts',(-0.75927416566254,66.5574196732755,58.7255023774432));
#2380=CARTESIAN_POINT('Ctrl Pts',(-0.689568053589192,66.5800474703773,58.710789316069));
#2381=CARTESIAN_POINT('Ctrl Pts',(-0.618479762753948,66.5998109334056,58.6986986869221));
#2382=CARTESIAN_POINT('Ctrl Pts',(-0.583470993598532,66.609543823404,58.692744428636));
#2383=CARTESIAN_POINT('Ctrl Pts',(-0.548126753347642,66.618581492192,58.6874266755891));
#2384=CARTESIAN_POINT('Ctrl Pts',(-0.512482529928825,66.626903915579,58.6827607707295));
#2385=CARTESIAN_POINT('Ctrl Pts',(-0.471110079896537,66.6365637990805,58.6773450287902));
#2386=CARTESIAN_POINT('Ctrl Pts',(-0.429458070783008,66.6452300296381,58.6728226978661));
#2387=CARTESIAN_POINT('Ctrl Pts',(-0.387587055990463,66.6528850656691,58.6692049237323));
#2388=CARTESIAN_POINT('Ctrl Pts',(-0.31431497219848,66.6662809779552,58.6628740084015));
#2389=CARTESIAN_POINT('Ctrl Pts',(-0.240372983208289,66.6765825191113,58.6593110878725));
#2390=CARTESIAN_POINT('Ctrl Pts',(-0.166114021515564,66.6838215215276,58.6584601718863));
#2391=CARTESIAN_POINT('Ctrl Pts',(-0.0914096302669567,66.6911039458496,
58.6576041518275));
#2392=CARTESIAN_POINT('Ctrl Pts',(-0.0163834551361562,66.6952870484031,
58.6594927956511));
#2393=CARTESIAN_POINT('Ctrl Pts',(0.05861360538002,66.6963648338779,58.6641036915316));
#2394=CARTESIAN_POINT('Ctrl Pts',(0.129553709047131,66.6973843166787,58.6684651615613));
#2395=CARTESIAN_POINT('Ctrl Pts',(0.20046854877348,66.6956250885695,58.6752626316277));
#2396=CARTESIAN_POINT('Ctrl Pts',(0.271055808993402,66.6910499141421,58.6845050684993));
#2397=CARTESIAN_POINT('Ctrl Pts',(0.345822416264123,66.6862038517147,58.6942947337399));
#2398=CARTESIAN_POINT('Ctrl Pts',(0.419818261156797,66.6782239694942,58.7067735481391));
#2399=CARTESIAN_POINT('Ctrl Pts',(0.492694500132738,66.6671374093901,58.7219058249194));
#2400=CARTESIAN_POINT('Ctrl Pts',(0.500341564625373,66.6659740721856,58.7234936880979));
#2401=CARTESIAN_POINT('Ctrl Pts',(0.507976301551294,66.6647764924503,58.7251107989966));
#2402=CARTESIAN_POINT('Ctrl Pts',(0.515598306657239,66.6635446764955,58.7267571381411));
#2403=CARTESIAN_POINT('Ctrl Pts',(0.588128194296184,66.6518228957371,58.7424234610451));
#2404=CARTESIAN_POINT('Ctrl Pts',(0.659506304591732,66.6370041774094,58.7607337273519));
#2405=CARTESIAN_POINT('Ctrl Pts',(0.729434814509771,66.6192133567341,58.781549945831));
#2406=CARTESIAN_POINT('Ctrl Pts',(0.799317637905836,66.6014341593683,58.8023525644117));
#2407=CARTESIAN_POINT('Ctrl Pts',(0.867753630444651,66.5806864571871,58.8256582171));
#2408=CARTESIAN_POINT('Ctrl Pts',(0.934424336575272,66.5570586237891,58.8513588875722));
#2409=CARTESIAN_POINT('Ctrl Pts',(0.96117782372374,66.547577294224,58.8616720010382));
#2410=CARTESIAN_POINT('Ctrl Pts',(0.98764674553393,66.5376318099508,58.8723710750888));
#2411=CARTESIAN_POINT('Ctrl Pts',(1.01380907158592,66.5272263958419,58.8834502811633));
#2412=CARTESIAN_POINT('Ctrl Pts',(1.07888419211169,66.5013443861188,58.911008253998));
#2413=CARTESIAN_POINT('Ctrl Pts',(1.14171658366934,66.4727597501858,58.9407712610313));
#2414=CARTESIAN_POINT('Ctrl Pts',(1.2020184652663,66.4416057736932,58.972603637393));
#2415=CARTESIAN_POINT('Ctrl Pts',(1.24115293121041,66.421387594761,58.993262081469));
#2416=CARTESIAN_POINT('Ctrl Pts',(1.27922131130416,66.4000864894462,59.0147927419981));
#2417=CARTESIAN_POINT('Ctrl Pts',(1.31613920556226,66.3777308551337,59.0371648991661));
#2418=CARTESIAN_POINT('Ctrl Pts',(4.17289121973094,35.,27.2661980134068));
#2419=CARTESIAN_POINT('Ctrl Pts',(3.86604608483173,35.3684471220077,27.3164830543433));
#2420=CARTESIAN_POINT('Ctrl Pts',(3.50599356755189,35.6819642391354,27.3288635837785));
#2421=CARTESIAN_POINT('Ctrl Pts',(2.98416405876853,35.9808906279599,27.3356964766158));
#2422=CARTESIAN_POINT('Ctrl Pts',(2.87765884318809,36.035281818978,27.3366005401106));
#2423=CARTESIAN_POINT('Ctrl Pts',(2.32985948776475,36.2825126882421,27.340979528938));
#2424=CARTESIAN_POINT('Ctrl Pts',(1.86034155029617,36.3921450803432,27.3458598850098));
#2425=CARTESIAN_POINT('Ctrl Pts',(0.834497607373172,36.4459005706234,27.3862036817367));
#2426=CARTESIAN_POINT('Ctrl Pts',(0.28826412170906,36.3651640630626,27.4250956470032));
#2427=CARTESIAN_POINT('Ctrl Pts',(-0.559341923172079,36.0787158631486,27.4889604436157));
#2428=CARTESIAN_POINT('Ctrl Pts',(-0.876736465749576,35.9286524645984,27.5130717893194));
#2429=CARTESIAN_POINT('Ctrl Pts',(-1.51625625824454,35.5353146798429,27.5442343814689));
#2430=CARTESIAN_POINT('Ctrl Pts',(-1.82891505318787,35.284173616283,27.5480583664153));
#2431=CARTESIAN_POINT('Ctrl Pts',(-2.11053117055315,35.,27.5254960399423));
#2432=CARTESIAN_POINT('Ctrl Pts',(6.56829258291666,31.6281362268762,26.4666801780418));
#2433=CARTESIAN_POINT('Ctrl Pts',(4.96806053265734,43.3510187406993,37.2119685436509));
#2434=CARTESIAN_POINT('Ctrl Pts',(3.36782848239803,55.0739012545224,47.9572569092599));
#2435=CARTESIAN_POINT('Ctrl Pts',(1.76759643213871,66.7967837683455,58.702545274869));
#2436=CARTESIAN_POINT('Ctrl Pts',(6.04508126208631,33.1427234896586,26.4640544536562));
#2437=CARTESIAN_POINT('Ctrl Pts',(4.51554636903742,44.4229768211433,37.1475698595356));
#2438=CARTESIAN_POINT('Ctrl Pts',(2.98672969936505,55.7041037603642,47.8312637970076));
#2439=CARTESIAN_POINT('Ctrl Pts',(1.45719480631616,66.984357091849,58.514779202887));
#2440=CARTESIAN_POINT('Ctrl Pts',(4.55079777423804,35.6221429856276,26.4600432561688));
#2441=CARTESIAN_POINT('Ctrl Pts',(3.27256472983862,46.1642072415699,37.0493417996691));
#2442=CARTESIAN_POINT('Ctrl Pts',(1.99423064180623,56.7063078502876,47.6386391309048));
#2443=CARTESIAN_POINT('Ctrl Pts',(0.715997597406818,67.24837210623,58.2279376744051));
#2444=CARTESIAN_POINT('Ctrl Pts',(1.4070278574495,36.9598966537897,26.4589316139424));
#2445=CARTESIAN_POINT('Ctrl Pts',(0.758604321726152,47.0511441170458,37.02212943431));
#2446=CARTESIAN_POINT('Ctrl Pts',(0.1103053046044,57.1417961461794,47.5852460977858));
#2447=CARTESIAN_POINT('Ctrl Pts',(-0.538118231118947,67.2330436094355,58.1484439181534));
#2448=CARTESIAN_POINT('Ctrl Pts',(-2.01435557845523,35.6468179518228,26.4629528664857));
#2449=CARTESIAN_POINT('Ctrl Pts',(-1.90460808592582,46.0339043535061,37.1205953148403));
#2450=CARTESIAN_POINT('Ctrl Pts',(-1.79479844647338,56.4217913674823,47.7783620373249));
#2451=CARTESIAN_POINT('Ctrl Pts',(-1.68505095394398,66.8088777691655,58.4360044856795));
#2452=CARTESIAN_POINT('Ctrl Pts',(-5.03859786476848,31.9463989800263,26.4713053953659));
#2453=CARTESIAN_POINT('Ctrl Pts',(-4.19204243480006,43.3174309723464,37.3252677984052));
#2454=CARTESIAN_POINT('Ctrl Pts',(-3.34551806453112,54.6891620233555,48.179333080707));
#2455=CARTESIAN_POINT('Ctrl Pts',(-2.4989626345627,66.0601940156756,59.0332954837463));
#2456=CARTESIAN_POINT('Ctrl Pts',(-7.06124672816207,26.5934277790384,26.4823288778139));
#2457=CARTESIAN_POINT('Ctrl Pts',(-5.64638996068363,39.4408206181567,37.5954017332287));
#2458=CARTESIAN_POINT('Ctrl Pts',(-4.23165568415724,52.2885301905994,48.7085140461775));
#2459=CARTESIAN_POINT('Ctrl Pts',(-2.8167989166788,65.1359230297176,59.8215869015923));
#2460=CARTESIAN_POINT('Ctrl Pts',(-7.76302851911982,19.9783977249367,26.4951418373723));
#2461=CARTESIAN_POINT('Ctrl Pts',(-6.02625981479283,34.6905446067513,37.9093616247147));
#2462=CARTESIAN_POINT('Ctrl Pts',(-4.28938966252864,49.4029332453317,49.3236243954394));
#2463=CARTESIAN_POINT('Ctrl Pts',(-2.55262095820165,64.1150801271462,60.7378441827818));
#2464=CARTESIAN_POINT('Ctrl Pts',(-6.60091000046295,14.7197413394118,26.5045530723208));
#2465=CARTESIAN_POINT('Ctrl Pts',(-4.97186410147349,30.9533110985377,38.1400298175467));
#2466=CARTESIAN_POINT('Ctrl Pts',(-3.3431153309,47.1860798240044,49.775366716706));
#2467=CARTESIAN_POINT('Ctrl Pts',(-1.71406943191054,63.4196495831303,61.410843461932));
#2468=CARTESIAN_POINT('Ctrl Pts',(-4.46504856955948,11.7835528341491,26.509138290313));
#2469=CARTESIAN_POINT('Ctrl Pts',(-3.21101439733255,28.8990891051024,38.2522481852543));
#2470=CARTESIAN_POINT('Ctrl Pts',(-1.95650470050044,46.0161840035902,49.9956234157054));
#2471=CARTESIAN_POINT('Ctrl Pts',(-0.702470528273512,63.1317202745435,61.7387333106467));
#2472=CARTESIAN_POINT('Ctrl Pts',(-1.80923904357478,10.2208209276777,26.5108946798465));
#2473=CARTESIAN_POINT('Ctrl Pts',(-1.07569465278631,27.8412076105158,38.2954308418091));
#2474=CARTESIAN_POINT('Ctrl Pts',(-0.342507922776157,45.4606183787824,50.0797969128468));
#2475=CARTESIAN_POINT('Ctrl Pts',(0.391036468012319,63.0810050616206,61.8643330748094));
#2476=CARTESIAN_POINT('Ctrl Pts',(1.67874688855902,11.1130450968474,26.507638504988));
#2477=CARTESIAN_POINT('Ctrl Pts',(1.65092065498675,28.5578484649604,38.2155693188048));
#2478=CARTESIAN_POINT('Ctrl Pts',(1.62325700069072,46.0029295650631,49.9235525505551));
#2479=CARTESIAN_POINT('Ctrl Pts',(1.59543076711845,63.4477329331761,61.6314833643719));
#2480=CARTESIAN_POINT('Ctrl Pts',(5.03747441313307,15.2349868693009,26.4983390299831));
#2481=CARTESIAN_POINT('Ctrl Pts',(4.19106360756761,31.5836366217805,37.9877101604791));
#2482=CARTESIAN_POINT('Ctrl Pts',(3.34480872751452,47.9323753044366,49.4771049304803));
#2483=CARTESIAN_POINT('Ctrl Pts',(2.49839792194906,64.2810250569162,60.9664760609762));
#2484=CARTESIAN_POINT('Ctrl Pts',(7.06279454168133,20.5848338660729,26.4873202468606));
#2485=CARTESIAN_POINT('Ctrl Pts',(5.64753957270864,35.4582328903208,37.71771172824));
#2486=CARTESIAN_POINT('Ctrl Pts',(4.23271122234897,50.3316175586524,48.9481292114525));
#2487=CARTESIAN_POINT('Ctrl Pts',(2.81745625337627,65.2050165829003,60.1785206928319));
#2488=CARTESIAN_POINT('Ctrl Pts',(7.68919369858991,26.5375807750718,26.4757924005953));
#2489=CARTESIAN_POINT('Ctrl Pts',(5.98544315246351,39.7327078206829,37.4352335033695));
#2490=CARTESIAN_POINT('Ctrl Pts',(4.28160617112178,52.9281820603819,48.3947210155242));
#2491=CARTESIAN_POINT('Ctrl Pts',(2.57785562499538,66.123309105993,59.3541621182985));
#2492=CARTESIAN_POINT('Ctrl Pts',(7.09150390374701,30.1135489640938,26.4693059024275));
#2493=CARTESIAN_POINT('Ctrl Pts',(5.42009895389987,42.278638125377,37.2762724061739));
#2494=CARTESIAN_POINT('Ctrl Pts',(3.74940300780841,54.4441212835589,48.0833448431046));
#2495=CARTESIAN_POINT('Ctrl Pts',(2.07799805796126,66.609210444842,58.890311346851));
#2496=CARTESIAN_POINT('Ctrl Pts',(6.56829258291666,31.6281362268762,26.4666801780418));
#2497=CARTESIAN_POINT('Ctrl Pts',(4.96806053265735,43.3510187406993,37.2119685436509));
#2498=CARTESIAN_POINT('Ctrl Pts',(3.36782848239803,55.0739012545224,47.9572569092599));
#2499=CARTESIAN_POINT('Ctrl Pts',(1.76759643213871,66.7967837683455,58.702545274869));
#2500=CARTESIAN_POINT('',(6.52333401608043,31.9574909582263,26.7685693728505));
#2501=CARTESIAN_POINT('',(-3.18245197527501,35.,27.4172314448858));
#2502=CARTESIAN_POINT('Ctrl Pts',(6.52333401608043,31.9574909582263,26.7685693728505));
#2503=CARTESIAN_POINT('Ctrl Pts',(6.59895774328024,31.726103184166,26.7488692255677));
#2504=CARTESIAN_POINT('Ctrl Pts',(6.67031250131242,31.4899044652293,26.7299177776293));
#2505=CARTESIAN_POINT('Ctrl Pts',(7.31230384043121,29.1823693744756,26.5568317467813));
#2506=CARTESIAN_POINT('Ctrl Pts',(7.56466595769808,26.789431978063,26.4748380099169));
#2507=CARTESIAN_POINT('Ctrl Pts',(7.1852528318753,21.9543372314329,26.5875463094267));
#2508=CARTESIAN_POINT('Ctrl Pts',(6.58672911827352,19.7261589100032,26.7711081543551));
#2509=CARTESIAN_POINT('Ctrl Pts',(4.85989558932085,16.2971929269891,27.1562758073849));
#2510=CARTESIAN_POINT('Ctrl Pts',(3.89171379800526,15.0477815024501,27.3335576169476));
#2511=CARTESIAN_POINT('Ctrl Pts',(1.97694029255536,13.3940665677492,27.5444272338869));
#2512=CARTESIAN_POINT('Ctrl Pts',(1.08448865137654,12.8723134348647,27.6000057807967));
#2513=CARTESIAN_POINT('Ctrl Pts',(-0.503206278314826,12.3268218033829,27.6135064102348));
#2514=CARTESIAN_POINT('Ctrl Pts',(-1.22719448180668,12.2058672464863,27.5913536901806));
#2515=CARTESIAN_POINT('Ctrl Pts',(-2.57221065369077,12.2776287528692,27.4918067492034));
#2516=CARTESIAN_POINT('Ctrl Pts',(-3.16836518466447,12.425894771479,27.4250518037898));
#2517=CARTESIAN_POINT('Ctrl Pts',(-4.28985326036178,12.9641661144805,27.2642804325092));
#2518=CARTESIAN_POINT('Ctrl Pts',(-4.78505954714739,13.3443010975308,27.174544839987));
#2519=CARTESIAN_POINT('Ctrl Pts',(-5.75712047938643,14.3947338436985,26.9770719463372));
#2520=CARTESIAN_POINT('Ctrl Pts',(-6.17386839754074,15.0980680029219,26.8754354965785));
#2521=CARTESIAN_POINT('Ctrl Pts',(-6.94924425125622,16.9289730097493,26.6767522648011));
#2522=CARTESIAN_POINT('Ctrl Pts',(-7.24312332427173,18.2172500193863,26.5896791963273));
#2523=CARTESIAN_POINT('Ctrl Pts',(-7.56121410882765,21.9180555993944,26.4961874531658));
#2524=CARTESIAN_POINT('Ctrl Pts',(-7.33312112892103,24.398158362004,26.5693068646106));
#2525=CARTESIAN_POINT('Ctrl Pts',(-6.44803063018484,28.3290739039353,26.8077828655784));
#2526=CARTESIAN_POINT('Ctrl Pts',(-5.94979347777852,29.9001462429001,26.9351524285549));
#2527=CARTESIAN_POINT('Ctrl Pts',(-4.75154777546579,32.6347596690399,27.1834055721566));
#2528=CARTESIAN_POINT('Ctrl Pts',(-4.04426655849326,33.9169639092916,27.3121147427987));
#2529=CARTESIAN_POINT('Ctrl Pts',(-3.18245197527501,35.,27.4172314448858));
#2530=CARTESIAN_POINT('',(1.76759643213871,66.7967837683455,58.702545274869));
#2531=CARTESIAN_POINT('',(6.63637771462772,31.1293623147692,26.0095));
#2532=CARTESIAN_POINT('',(-2.72571635473119,65.0716188224877,59.8848209047684));
#2533=CARTESIAN_POINT('Origin',(0.,65.1705033179913,60.));
#2534=CARTESIAN_POINT('Origin',(0.,65.1705033179913,60.));
#2535=CARTESIAN_POINT('',(5.0954704901901,35.,27.0978754293593));
#2536=CARTESIAN_POINT('Ctrl Pts',(5.0954704901901,35.,27.0978754293593));
#2537=CARTESIAN_POINT('Ctrl Pts',(5.66431987888631,34.1426966639098,26.9834566920564));
#2538=CARTESIAN_POINT('Ctrl Pts',(6.14674622843235,33.1097458542589,26.8666713199017));
#2539=CARTESIAN_POINT('Ctrl Pts',(6.52333401608043,31.9574909582263,26.7685693728505));
#2540=CARTESIAN_POINT('Ctrl Pts',(-3.18245197527502,35.,27.4172314448858));
#2541=CARTESIAN_POINT('Ctrl Pts',(-2.74916524401876,35.5445082697756,27.4700800194338));
#2542=CARTESIAN_POINT('Ctrl Pts',(-2.23099328786408,36.0089852160049,27.4332101754061));
#2543=CARTESIAN_POINT('Ctrl Pts',(-1.06877207757437,36.7036127305079,27.3077289699867));
#2544=CARTESIAN_POINT('Ctrl Pts',(-0.447541998697782,36.9361212410035,27.2251113484137));
#2545=CARTESIAN_POINT('Ctrl Pts',(0.853121392379927,37.1673772948783,27.1091311814889));
#2546=CARTESIAN_POINT('Ctrl Pts',(1.52645060735287,37.1643981414439,27.0788493134288));
#2547=CARTESIAN_POINT('Ctrl Pts',(2.73325484413072,36.9090774878991,27.0878395844793));
#2548=CARTESIAN_POINT('Ctrl Pts',(3.25668927982758,36.6958071893915,27.1163740589506));
#2549=CARTESIAN_POINT('Ctrl Pts',(3.98603361817007,36.2161796722956,27.1485405232888));
#2550=CARTESIAN_POINT('Ctrl Pts',(4.22175895126891,36.023108226404,27.1567423638449));
#2551=CARTESIAN_POINT('Ctrl Pts',(4.68583625157644,35.5606905859776,27.1523378178959));
#2552=CARTESIAN_POINT('Ctrl Pts',(4.90344174678522,35.2894032860324,27.1365002161357));
#2553=CARTESIAN_POINT('Ctrl Pts',(5.09547049019011,35.,27.0978754293593));
#2554=CARTESIAN_POINT('Origin',(-2.0518596378757,63.3474970667299,75.0568881402618));
#2555=CARTESIAN_POINT('',(-1.38906004917901,63.1426367184044,75.228786276005));
#2556=CARTESIAN_POINT('',(-2.73103256298447,63.1777425271641,75.199328299539));
#2557=CARTESIAN_POINT('Ctrl Pts',(-1.38904341623118,63.1426685330846,75.2287595762803));
#2558=CARTESIAN_POINT('Ctrl Pts',(-1.68142810694494,63.1395578318852,75.2313694218749));
#2559=CARTESIAN_POINT('Ctrl Pts',(-1.9739736378391,63.1434575097805,75.2280969775473));
#2560=CARTESIAN_POINT('Ctrl Pts',(-2.26605459565256,63.1543807594757,75.218931192018));
#2561=CARTESIAN_POINT('Ctrl Pts',(-2.42120994404603,63.1601832624007,75.2140622657527));
#2562=CARTESIAN_POINT('Ctrl Pts',(-2.57623416034383,63.1679683470786,75.2075297923088));
#2563=CARTESIAN_POINT('Ctrl Pts',(-2.73103256298748,63.1777425271642,75.1993282995456));
#2564=CARTESIAN_POINT('',(-2.76658043243641,63.3474970667299,75.0568881402618));
#2565=CARTESIAN_POINT('Origin',(-2.0518596378757,63.3474970667299,75.0568881402618));
#2566=CARTESIAN_POINT('Origin',(-2.0518596378757,63.3474970667299,75.0568881402618));
#2567=CARTESIAN_POINT('Origin',(-2.0518596378757,65.9186475054761,78.1210659127377));
#2568=CARTESIAN_POINT('',(-2.76658043243641,65.2758598957896,77.3550214696187));
#2569=CARTESIAN_POINT('Origin',(-2.0518596378757,65.2758598957896,77.3550214696187));
#2570=CARTESIAN_POINT('',(-2.76658043243641,64.633072286103,76.5889770264998));
#2571=CARTESIAN_POINT('',(-2.76658043243641,65.9186475054761,78.1210659127377));
#2572=CARTESIAN_POINT('Origin',(-2.0518596378757,64.633072286103,76.5889770264998));
#2573=CARTESIAN_POINT('',(-2.76658043243641,65.9186475054761,78.1210659127377));
#2574=CARTESIAN_POINT('Ctrl Pts',(-2.73103256298447,63.1777425271641,75.199328299539));
#2575=CARTESIAN_POINT('Ctrl Pts',(-2.71657501930855,63.1763537262134,75.2663895928111));
#2576=CARTESIAN_POINT('Ctrl Pts',(-2.6974847413629,63.1747355072553,75.3324804696612));
#2577=CARTESIAN_POINT('Ctrl Pts',(-2.67340142815919,63.1729397225216,75.396288317985));
#2578=CARTESIAN_POINT('Ctrl Pts',(-2.66440146078719,63.172268635289,75.4201333989394));
#2579=CARTESIAN_POINT('Ctrl Pts',(-2.65470460134995,63.1715729752544,75.443659467339));
#2580=CARTESIAN_POINT('Ctrl Pts',(-2.64429368174445,63.1708562688079,75.4667973608134));
#2581=CARTESIAN_POINT('Ctrl Pts',(-2.62187201292832,63.1693127207648,75.5166287113804));
#2582=CARTESIAN_POINT('Ctrl Pts',(-2.59587297827663,63.1676529070997,75.5652053081235));
#2583=CARTESIAN_POINT('Ctrl Pts',(-2.56606898960956,63.1659250378273,75.6111515407895));
#2584=CARTESIAN_POINT('Ctrl Pts',(-2.54353083600523,63.1646184012054,75.6458966636967));
#2585=CARTESIAN_POINT('Ctrl Pts',(-2.51881746030101,63.1632730968669,75.6791373948077));
#2586=CARTESIAN_POINT('Ctrl Pts',(-2.49184966504216,63.1619144902605,75.7102753988109));
#2587=CARTESIAN_POINT('Ctrl Pts',(-2.45251112582312,63.1599326597566,75.7556971168238));
#2588=CARTESIAN_POINT('Ctrl Pts',(-2.41016717883817,63.1580150371193,75.7945431224805));
#2589=CARTESIAN_POINT('Ctrl Pts',(-2.36551816192075,63.1562258897988,75.8263144107146));
#2590=CARTESIAN_POINT('Ctrl Pts',(-2.33926314587063,63.1551738153108,75.84499692021));
#2591=CARTESIAN_POINT('Ctrl Pts',(-2.3122120841385,63.1541658563385,75.8612334046229));
#2592=CARTESIAN_POINT('Ctrl Pts',(-2.28451462655142,63.1532120435956,75.8749250694493));
#2593=CARTESIAN_POINT('Ctrl Pts',(-2.24635969158455,63.1518981084425,75.8937861717509));
#2594=CARTESIAN_POINT('Ctrl Pts',(-2.20630576098956,63.1506642362375,75.908140034952));
#2595=CARTESIAN_POINT('Ctrl Pts',(-2.16471414370936,63.1495424408142,75.9171513486502));
#2596=CARTESIAN_POINT('Ctrl Pts',(-2.14532407740859,63.1490194583227,75.9213524348663));
#2597=CARTESIAN_POINT('Ctrl Pts',(-2.12572360295457,63.1485240384066,75.9243649403097));
#2598=CARTESIAN_POINT('Ctrl Pts',(-2.10596207071331,63.148057667353,75.9261463283119));
#2599=CARTESIAN_POINT('Ctrl Pts',(-2.09097242860614,63.1477039126392,75.9274975579777));
#2600=CARTESIAN_POINT('Ctrl Pts',(-2.07594052927037,63.1473680480327,75.928135887364));
#2601=CARTESIAN_POINT('Ctrl Pts',(-2.06088930856313,63.1470501447988,75.9280569642906));
#2602=CARTESIAN_POINT('Ctrl Pts',(-2.044719772798,63.1467086211569,75.9279721771838));
#2603=CARTESIAN_POINT('Ctrl Pts',(-2.02858183745595,63.1463889650642,75.9270598807779));
#2604=CARTESIAN_POINT('Ctrl Pts',(-2.01250371173061,63.1460906092748,75.9253311498241));
#2605=CARTESIAN_POINT('Ctrl Pts',(-1.98727041137101,63.1456223643203,75.9226180483008));
#2606=CARTESIAN_POINT('Ctrl Pts',(-1.96234760101759,63.1452096335731,75.9179117050486));
#2607=CARTESIAN_POINT('Ctrl Pts',(-1.93783392070012,63.1448472912532,75.9113311226841));
#2608=CARTESIAN_POINT('Ctrl Pts',(-1.89508993294518,63.1442154825862,75.899856699898));
#2609=CARTESIAN_POINT('Ctrl Pts',(-1.85430391220856,63.1437469500259,75.8828915045917));
#2610=CARTESIAN_POINT('Ctrl Pts',(-1.81577018763839,63.1433973522581,75.8615301032334));
#2611=CARTESIAN_POINT('Ctrl Pts',(-1.79282275091939,63.14318916131,75.8488090540391));
#2612=CARTESIAN_POINT('Ctrl Pts',(-1.77067298858484,63.1430231939809,75.8345288833842));
#2613=CARTESIAN_POINT('Ctrl Pts',(-1.749374429234,63.1428906697989,75.8189201203859));
#2614=CARTESIAN_POINT('Ctrl Pts',(-1.7092942208872,63.1426412821882,75.7895471255885));
#2615=CARTESIAN_POINT('Ctrl Pts',(-1.6724970343569,63.1425108610123,75.7556832630675));
#2616=CARTESIAN_POINT('Ctrl Pts',(-1.63897982032032,63.1424445397814,75.7187630386314));
#2617=CARTESIAN_POINT('Ctrl Pts',(-1.61768303910382,63.1424023993833,75.695303990352));
#2618=CARTESIAN_POINT('Ctrl Pts',(-1.59770927423008,63.142386457697,75.670610705308));
#2619=CARTESIAN_POINT('Ctrl Pts',(-1.57904795671125,63.1423857810462,75.6450483748586));
#2620=CARTESIAN_POINT('Ctrl Pts',(-1.54153281873657,63.1423844207646,75.5936600228413));
#2621=CARTESIAN_POINT('Ctrl Pts',(-1.50891763953724,63.1424429345106,75.5382412749489));
#2622=CARTESIAN_POINT('Ctrl Pts',(-1.48089478747848,63.1425017629711,75.4805441326088));
#2623=CARTESIAN_POINT('Ctrl Pts',(-1.46064210362518,63.1425442794934,75.4388452369859));
#2624=CARTESIAN_POINT('Ctrl Pts',(-1.44278671142486,63.1425876995007,75.3959556356621));
#2625=CARTESIAN_POINT('Ctrl Pts',(-1.42720151963432,63.1426188097599,75.3525287253383));
#2626=CARTESIAN_POINT('Ctrl Pts',(-1.41278432032064,63.14264758854,75.3123563341268));
#2627=CARTESIAN_POINT('Ctrl Pts',(-1.4000586613559,63.1426665467002,75.2710150147512));
#2628=CARTESIAN_POINT('Ctrl Pts',(-1.38904341623853,63.1426685330845,75.2287595762755));
#2629=CARTESIAN_POINT('Origin',(-2.0518596378757,64.633072286103,76.5889770264998));
#2630=CARTESIAN_POINT('Origin',(-2.00000002980232,71.6967679591237,70.6618325925196));
#2631=CARTESIAN_POINT('',(-13.9073109946016,71.8730186643146,70.5139406907991));
#2632=CARTESIAN_POINT('Origin',(-13.2213856990324,71.7191746947617,70.6430311089098));
#2633=CARTESIAN_POINT('Ctrl Pts',(-13.9073156495603,71.8766344377549,70.510906696639));
#2634=CARTESIAN_POINT('Ctrl Pts',(-13.9073145407256,71.8754291910589,70.5119180186971));
#2635=CARTESIAN_POINT('Ctrl Pts',(-13.9073129890663,71.8742239325548,70.5129293506633));
#2636=CARTESIAN_POINT('Ctrl Pts',(-13.907310994558,71.8730186623402,70.5139406924558));
#2637=CARTESIAN_POINT('',(-8.93610649359312,76.3154413534756,66.7863054507905));
#2638=CARTESIAN_POINT('Origin',(-8.22138569903241,76.3154413534756,66.7863054507905));
#2639=CARTESIAN_POINT('',(-2.76658043243641,78.8052771034205,64.6970851913198));
#2640=CARTESIAN_POINT('Origin',(-2.0518596378757,78.8052771034205,64.6970851913198));
#2641=CARTESIAN_POINT('',(4.02764827460144,76.4932025241877,66.6371461180084));
#2642=CARTESIAN_POINT('Origin',(4.74236906916215,76.4932025241877,66.6371461180084));
#2643=CARTESIAN_POINT('',(-2.76658043243641,71.7191746947617,70.6430311089098));
#2644=CARTESIAN_POINT('Origin',(-2.0518596378757,71.7191746947617,70.6430311089098));
#2645=CARTESIAN_POINT('',(8.40294562872031,71.7191746947617,70.6430311089098));
#2646=CARTESIAN_POINT('Origin',(9.11766642328102,71.7191746947617,70.6430311089098));
#2647=CARTESIAN_POINT('',(4.15810885482895,67.5661266754206,74.1278521702005));
#2648=CARTESIAN_POINT('Origin',(4.87282964938966,67.5661266754206,74.1278521702005));
#2649=CARTESIAN_POINT('Origin',(4.87282964938966,68.8517018947936,75.6599410564384));
#2650=CARTESIAN_POINT('',(4.15810885482895,68.2089142851071,74.8938966133194));
#2651=CARTESIAN_POINT('Origin',(4.87282964938966,68.2089142851072,74.8938966133194));
#2652=CARTESIAN_POINT('',(4.15810885482895,68.8517018947936,75.6599410564384));
#2653=CARTESIAN_POINT('Origin',(9.11766642328102,71.0763870850752,69.8769866657908));
#2654=CARTESIAN_POINT('Origin',(9.11766642328102,71.0763870850752,69.8769866657908));
#2655=CARTESIAN_POINT('Origin',(9.11766642328102,73.0047499141348,72.1751199951477));
#2656=CARTESIAN_POINT('',(8.40294562872031,72.3619623044483,71.4090755520288));
#2657=CARTESIAN_POINT('Origin',(9.11766642328102,72.3619623044483,71.4090755520287));
#2658=CARTESIAN_POINT('',(8.40294562872031,73.0047499141348,72.1751199951477));
#2659=CARTESIAN_POINT('Origin',(9.11766642328102,73.0047499141348,72.1751199951477));
#2660=CARTESIAN_POINT('Origin',(-2.0518596378757,73.0047499141348,72.1751199951477));
#2661=CARTESIAN_POINT('',(-2.76658043243641,72.3619623044483,71.4090755520288));
#2662=CARTESIAN_POINT('Origin',(-2.0518596378757,72.3619623044483,71.4090755520287));
#2663=CARTESIAN_POINT('',(-2.76658043243641,73.0047499141348,72.1751199951477));
#2664=CARTESIAN_POINT('Origin',(4.74236906916215,73.9220520854416,63.5729683455325));
#2665=CARTESIAN_POINT('Origin',(4.74236906916215,73.9220520854416,63.5729683455325));
#2666=CARTESIAN_POINT('Origin',(4.74236906916215,77.7787777435608,68.1692350042463));
#2667=CARTESIAN_POINT('',(4.02764827460144,77.1359901338743,67.4031905611274));
#2668=CARTESIAN_POINT('Origin',(4.74236906916215,77.1359901338743,67.4031905611273));
#2669=CARTESIAN_POINT('',(4.02764827460144,77.7787777435608,68.1692350042463));
#2670=CARTESIAN_POINT('Origin',(4.74236906916215,77.7787777435608,68.1692350042463));
#2671=CARTESIAN_POINT('Origin',(-2.0518596378757,78.162489493734,63.9310407482008));
#2672=CARTESIAN_POINT('Origin',(-2.0518596378757,78.162489493734,63.9310407482008));
#2673=CARTESIAN_POINT('Origin',(-2.0518596378757,80.0908523227936,66.2291740775577));
#2674=CARTESIAN_POINT('',(-2.76658043243641,79.4480647131071,65.4631296344388));
#2675=CARTESIAN_POINT('Origin',(-2.0518596378757,79.448064713107,65.4631296344388));
#2676=CARTESIAN_POINT('',(-2.76658043243641,80.0908523227936,66.2291740775577));
#2677=CARTESIAN_POINT('Origin',(-2.0518596378757,80.0908523227936,66.2291740775577));
#2678=CARTESIAN_POINT('Origin',(-8.22138569903241,77.6010165728487,68.3183943370285));
#2679=CARTESIAN_POINT('',(-8.93610649359312,76.9582289631622,67.5523498939095));
#2680=CARTESIAN_POINT('Origin',(-8.22138569903241,76.9582289631622,67.5523498939095));
#2681=CARTESIAN_POINT('',(-8.93610649359312,77.6010165728487,68.3183943370285));
#2682=CARTESIAN_POINT('Origin',(-13.2213856990324,71.0763870850752,69.8769866657908));
#2683=CARTESIAN_POINT('',(-13.9361064935931,71.0763870850752,69.8769866657908));
#2684=CARTESIAN_POINT('Origin',(-13.2213856990324,71.0763870850752,69.8769866657908));
#2685=CARTESIAN_POINT('Origin',(-13.2213856990324,71.0763870850752,69.8769866657908));
#2686=CARTESIAN_POINT('Origin',(-13.2213856990324,73.0047499141348,72.1751199951477));
#2687=CARTESIAN_POINT('',(-13.9361064935931,72.3619623044483,71.4090755520288));
#2688=CARTESIAN_POINT('Origin',(-13.2213856990324,72.3619623044483,71.4090755520287));
#2689=CARTESIAN_POINT('',(-13.9361064935931,73.0047499141348,72.1751199951477));
#2690=CARTESIAN_POINT('Ctrl Pts',(-13.9073109945813,71.8730186643276,70.5139406908142));
#2691=CARTESIAN_POINT('Ctrl Pts',(-13.9068299075445,71.8739693930897,70.5125166382131));
#2692=CARTESIAN_POINT('Ctrl Pts',(-13.9063432887869,71.8749137730097,70.5110913247431));
#2693=CARTESIAN_POINT('Ctrl Pts',(-13.9058513390868,71.8758526997353,70.5096642487179));
#2694=CARTESIAN_POINT('Ctrl Pts',(-13.905851120268,71.8758805680759,70.5096405473926));
#2695=CARTESIAN_POINT('Ctrl Pts',(-13.9063436825957,71.8761435287463,70.5100584791901));
#2696=CARTESIAN_POINT('Ctrl Pts',(-13.9068362449244,71.8764064894286,70.5104764109791));
#2697=CARTESIAN_POINT('Ctrl Pts',(-13.9073288072541,71.8766694501226,70.5108943427593));
#2698=CARTESIAN_POINT('Ctrl Pts',(-13.9058606151872,71.8746717615426,70.5106686071422));
#2699=CARTESIAN_POINT('Ctrl Pts',(-13.9063531774926,71.8749346812741,70.5110865728516));
#2700=CARTESIAN_POINT('Ctrl Pts',(-13.906845739799,71.8751976010174,70.5115045385523));
#2701=CARTESIAN_POINT('Ctrl Pts',(-13.9073383021065,71.8754605207726,70.5119225042443));
#2702=CARTESIAN_POINT('Ctrl Pts',(-13.9058696521067,71.8734629455801,70.5116966639677));
#2703=CARTESIAN_POINT('Ctrl Pts',(-13.906362214374,71.8737258243725,70.5121146635887));
#2704=CARTESIAN_POINT('Ctrl Pts',(-13.9068547766424,71.8739887031767,70.5125326632011));
#2705=CARTESIAN_POINT('Ctrl Pts',(-13.9073473389118,71.8742515819928,70.5129506628048));
#2706=CARTESIAN_POINT('Ctrl Pts',(-13.9058782310208,71.8722541203236,70.5127247177564));
#2707=CARTESIAN_POINT('Ctrl Pts',(-13.9063707932342,71.8725169581768,70.5131427512889));
#2708=CARTESIAN_POINT('Ctrl Pts',(-13.9068633554486,71.8727797960418,70.5135607848127));
#2709=CARTESIAN_POINT('Ctrl Pts',(-13.9073559176641,71.8730426339187,70.5139788183278));
#2710=CARTESIAN_POINT('Origin',(-9.0518596378757,68.982825277952,75.5499154739915));
#2711=CARTESIAN_POINT('',(-9.76658043243641,68.3400376682654,74.7838710308726));
#2712=CARTESIAN_POINT('Origin',(-9.0518596378757,68.3400376682655,74.7838710308726));
#2713=CARTESIAN_POINT('',(-9.76658043243641,68.2114801463281,74.6306621422488));
#2714=CARTESIAN_POINT('',(-9.76658043243641,68.982825277952,75.5499154739915));
#2715=CARTESIAN_POINT('Origin',(-9.0518596378757,68.2114801463281,74.6306621422488));
#2716=CARTESIAN_POINT('Origin',(-9.0518596378757,68.2114801463281,74.6306621422488));
#2717=CARTESIAN_POINT('Origin',(-2.00000002980232,72.3395555688102,71.4278770356385));
#2718=CARTESIAN_POINT('',(-16.333333576719,72.3395555688102,71.4278770356385));
#2719=CARTESIAN_POINT('Origin',(-2.00000002980232,72.3395555688102,71.4278770356385));
#2720=CARTESIAN_POINT('Origin',(0.,65.1705033179913,60.));
#2721=CARTESIAN_POINT('Ctrl Pts',(-2.72571635473119,65.0716188224877,59.8848209047684));
#2722=CARTESIAN_POINT('Ctrl Pts',(-7.26158876206046,67.4942644045952,63.7325062817251));
#2723=CARTESIAN_POINT('Ctrl Pts',(-11.7974611693897,69.9169099867027,67.5801916586818));
#2724=CARTESIAN_POINT('Ctrl Pts',(-16.333333576719,72.3395555688102,71.4278770356385));
#2725=CARTESIAN_POINT('Ctrl Pts',(-2.72597280188953,64.7647712701301,60.1543269949371));
#2726=CARTESIAN_POINT('Ctrl Pts',(-7.2623393571777,66.8313385308488,64.2967976986102));
#2727=CARTESIAN_POINT('Ctrl Pts',(-11.7969670214308,68.8977885191275,68.4393359676801));
#2728=CARTESIAN_POINT('Ctrl Pts',(-16.333333576719,70.9643557798462,72.5818066713533));
#2729=CARTESIAN_POINT('Ctrl Pts',(-2.54047643172771,64.1580538048144,60.7009976545592));
#2730=CARTESIAN_POINT('Ctrl Pts',(-6.81195200805002,65.5103046239147,65.4303136708792));
#2731=CARTESIAN_POINT('Ctrl Pts',(-11.0837187760696,66.8627340992398,70.1594867308927));
#2732=CARTESIAN_POINT('Ctrl Pts',(-15.3551943523919,68.2149849183401,74.8888027472127));
#2733=CARTESIAN_POINT('Ctrl Pts',(-1.75894405345993,63.4480942729502,61.3825323485794));
#2734=CARTESIAN_POINT('Ctrl Pts',(-4.92004600677779,63.9342606074245,66.8099816727865));
#2735=CARTESIAN_POINT('Ctrl Pts',(-8.08111535195242,64.4198216199381,72.237931555004));
#2736=CARTESIAN_POINT('Ctrl Pts',(-11.2422173052703,64.9059879544125,77.665380879211));
#2737=CARTESIAN_POINT('Ctrl Pts',(-0.629071853987821,63.0798144996738,61.7897661578874));
#2738=CARTESIAN_POINT('Ctrl Pts',(-2.18573870158293,63.0769338423302,67.5948342281046));
#2739=CARTESIAN_POINT('Ctrl Pts',(-3.74225489667937,63.0745876145363,73.3994573172365));
#2740=CARTESIAN_POINT('Ctrl Pts',(-5.29892174427448,63.0717069571927,79.2045253874537));
#2741=CARTESIAN_POINT('Ctrl Pts',(0.625842485850714,63.1252850105282,61.8428433182215));
#2742=CARTESIAN_POINT('Ctrl Pts',(0.850546018766597,63.1072582879216,67.6302110935285));
#2743=CARTESIAN_POINT('Ctrl Pts',(1.07541296899235,63.0894839855963,73.4173671304602));
#2744=CARTESIAN_POINT('Ctrl Pts',(1.30011650190823,63.0714572629897,79.2047349057673));
#2745=CARTESIAN_POINT('Ctrl Pts',(1.75545018364425,63.5758924806393,61.5307730978923));
#2746=CARTESIAN_POINT('Ctrl Pts',(3.58340862461209,64.0195148873,66.9087525436125));
#2747=CARTESIAN_POINT('Ctrl Pts',(5.41046370592126,64.4637180723238,72.2862665306212));
#2748=CARTESIAN_POINT('Ctrl Pts',(7.23842214688911,64.9073404789845,77.6642459763415));
#2749=CARTESIAN_POINT('Ctrl Pts',(2.62731239072412,64.4273568246887,60.8474983290257));
#2750=CARTESIAN_POINT('Ctrl Pts',(5.69113838431196,65.8123958901428,65.4251536842892));
#2751=CARTESIAN_POINT('Ctrl Pts',(8.75572971856414,67.1966686130624,70.0034304591408));
#2752=CARTESIAN_POINT('Ctrl Pts',(11.819555712152,68.5817076785166,74.5810858144043));
#2753=CARTESIAN_POINT('Ctrl Pts',(2.79788605880274,65.2786702646395,60.1123750632653));
#2754=CARTESIAN_POINT('Ctrl Pts',(6.10392136057291,67.6421635019639,63.8759124854175));
#2755=CARTESIAN_POINT('Ctrl Pts',(9.40677739511655,70.0059304451204,67.6392772903515));
#2756=CARTESIAN_POINT('Ctrl Pts',(12.7128126968867,72.3694236824448,71.4028147125038));
#2757=CARTESIAN_POINT('Ctrl Pts',(2.61472838226598,65.8721612594911,59.5774954623532));
#2758=CARTESIAN_POINT('Ctrl Pts',(5.6582948039147,68.9347609857516,62.7667379091467));
#2759=CARTESIAN_POINT('Ctrl Pts',(8.7034637062505,71.9965356427388,65.9566361815493));
#2760=CARTESIAN_POINT('Ctrl Pts',(11.7470301278992,75.0591353689993,69.1458786283428));
#2761=CARTESIAN_POINT('Ctrl Pts',(2.41605271112327,66.2465873393473,59.2338852646587));
#2762=CARTESIAN_POINT('Ctrl Pts',(5.1774477904637,69.7539410567261,62.0597311161033));
#2763=CARTESIAN_POINT('Ctrl Pts',(7.93921053499774,73.2622026744031,64.8848191275234));
#2764=CARTESIAN_POINT('Ctrl Pts',(10.7006056143382,76.7695563917819,67.710664978968));
#2765=CARTESIAN_POINT('Ctrl Pts',(1.8756853891425,66.8267448183739,58.6842402353804));
#2766=CARTESIAN_POINT('Ctrl Pts',(3.86907531478249,71.0372397460511,60.9410325013409));
#2767=CARTESIAN_POINT('Ctrl Pts',(5.86302765074768,75.2470945278014,63.1983451606673));
#2768=CARTESIAN_POINT('Ctrl Pts',(7.85641757638766,79.4575894554786,65.4551374266278));
#2769=CARTESIAN_POINT('Ctrl Pts',(0.769493230584908,67.2676261222746,58.2149907748848));
#2770=CARTESIAN_POINT('Ctrl Pts',(1.19202234292828,72.0492335438745,60.0256570196227));
#2771=CARTESIAN_POINT('Ctrl Pts',(1.61480043168024,76.8318012133846,61.8355241034816));
#2772=CARTESIAN_POINT('Ctrl Pts',(2.03732954402361,81.6134086349844,63.6461903482195));
#2773=CARTESIAN_POINT('Ctrl Pts',(-0.625797542025156,67.2153130025817,58.157518934406));
#2774=CARTESIAN_POINT('Ctrl Pts',(-2.18410778828812,72.0122311175848,59.9891351845122));
#2775=CARTESIAN_POINT('Ctrl Pts',(-3.74156817255519,76.808897069904,61.8209457592725));
#2776=CARTESIAN_POINT('Ctrl Pts',(-5.29987841881815,81.6058151849071,63.6525620093787));
#2777=CARTESIAN_POINT('Ctrl Pts',(-1.75578261900064,66.7654790016322,58.4688817919312));
#2778=CARTESIAN_POINT('Ctrl Pts',(-4.91751245902512,71.1014930313553,60.7092723877388));
#2779=CARTESIAN_POINT('Ctrl Pts',(-8.07844215307379,75.4374458633386,62.9497000631444));
#2780=CARTESIAN_POINT('Ctrl Pts',(-11.2401719930983,79.7734598930617,65.190090658952));
#2781=CARTESIAN_POINT('Ctrl Pts',(-2.5389853318185,65.9985822246772,59.0844467447558));
#2782=CARTESIAN_POINT('Ctrl Pts',(-6.81120036166105,69.4868890991589,62.0454563039878));
#2783=CARTESIAN_POINT('Ctrl Pts',(-11.0832271007181,72.9753886035439,65.0063031996604));
#2784=CARTESIAN_POINT('Ctrl Pts',(-15.3554421305607,76.4636954780256,67.9673127588924));
#2785=CARTESIAN_POINT('Ctrl Pts',(-2.72545990757285,65.3784663748453,59.6153148145998));
#2786=CARTESIAN_POINT('Ctrl Pts',(-7.26187409140174,68.1573269789503,63.1681192830746));
#2787=CARTESIAN_POINT('Ctrl Pts',(-11.7969193928901,70.9358947536692,66.721142931449));
#2788=CARTESIAN_POINT('Ctrl Pts',(-16.333333576719,73.7147553577742,70.2739473999238));
#2789=CARTESIAN_POINT('Ctrl Pts',(-2.72571635473119,65.0716188224877,59.8848209047684));
#2790=CARTESIAN_POINT('Ctrl Pts',(-7.26158876206046,67.4942644045952,63.7325062817251));
#2791=CARTESIAN_POINT('Ctrl Pts',(-11.7974611693897,69.9169099867027,67.5801916586818));
#2792=CARTESIAN_POINT('Ctrl Pts',(-16.333333576719,72.3395555688102,71.4278770356385));
#2793=CARTESIAN_POINT('',(-2.72571635473119,65.0716188224877,59.8848209047684));
#2794=CARTESIAN_POINT('Origin',(-0.0333756743486086,35.,1.59907100110235));
#2795=CARTESIAN_POINT('',(-0.0333756743486112,40.,-19.4104289988977));
#2796=CARTESIAN_POINT('Origin',(-0.0333756743486086,40.,1.59907100110235));
#2797=CARTESIAN_POINT('',(-0.0333756743486118,35.,-24.4104289988977));
#2798=CARTESIAN_POINT('Origin',(-0.0333756743486112,35.,-19.4104289988977));
#2799=CARTESIAN_POINT('',(-26.0428756743486,35.,1.59907100110235));
#2800=CARTESIAN_POINT('Origin',(-0.0333756743486086,35.,1.59907100110235));
#2801=CARTESIAN_POINT('Origin',(-0.0333756743486086,35.,1.59907100110235));
#2802=CARTESIAN_POINT('Origin',(-0.0333756743486086,35.,1.59907100110235));
#2803=CARTESIAN_POINT('Origin',(-0.0333756743486086,35.,1.59907100110235));
#2804=CARTESIAN_POINT('Origin',(-0.0333756743486086,20.,1.59907100110235));
#2805=CARTESIAN_POINT('',(-26.0428756743486,10.,1.59907100110235));
#2806=CARTESIAN_POINT('',(-26.0428756743486,20.,1.59907100110235));
#2807=CARTESIAN_POINT('',(-0.0333756743486118,10.,27.6085710011024));
#2808=CARTESIAN_POINT('Origin',(-0.0333756743486086,10.,1.59907100110235));
#2809=CARTESIAN_POINT('',(2.47870771256211,9.99999999999999,-24.288832106473));
#2810=CARTESIAN_POINT('Origin',(-0.0333756743486086,10.,1.59907100110235));
#2811=CARTESIAN_POINT('',(3.95417111077413,13.0701677175194,-24.102943723165));
#2812=CARTESIAN_POINT('Ctrl Pts',(3.95417111077413,13.0701677175194,-24.102943723165));
#2813=CARTESIAN_POINT('Ctrl Pts',(3.90792833205879,12.4494360679292,-24.1101180729419));
#2814=CARTESIAN_POINT('Ctrl Pts',(3.73462419883333,11.8364287536249,-24.1376260865081));
#2815=CARTESIAN_POINT('Ctrl Pts',(3.20666984637132,10.8002888053712,-24.2090189400962));
#2816=CARTESIAN_POINT('Ctrl Pts',(2.87860647326562,10.362266457674,-24.2500271469119));
#2817=CARTESIAN_POINT('Ctrl Pts',(2.47870771256211,10.,-24.288832106473));
#2818=CARTESIAN_POINT('',(-0.0333756743486054,13.0000004768372,-24.4104289988977));
#2819=CARTESIAN_POINT('Origin',(-0.0333756743486086,18.9352923121138,1.59907100110235));
#2820=CARTESIAN_POINT('',(-0.0333756743486047,17.0000004768371,-24.4104289988977));
#2821=CARTESIAN_POINT('',(-0.0333756743486054,20.,-24.4104289988977));
#2822=CARTESIAN_POINT('',(-4.02092245947134,13.0701677175194,-24.102943723165));
#2823=CARTESIAN_POINT('Origin',(-0.0333756743486086,18.9352923121138,1.59907100110235));
#2824=CARTESIAN_POINT('',(-2.54545906125933,9.99999999999999,-24.288832106473));
#2825=CARTESIAN_POINT('Ctrl Pts',(-2.54545906125932,9.99999999999999,-24.288832106473));
#2826=CARTESIAN_POINT('Ctrl Pts',(-2.98780151259643,10.4007160028273,-24.2459085402532));
#2827=CARTESIAN_POINT('Ctrl Pts',(-3.34218217107869,10.8940161861073,-24.2003580875895));
#2828=CARTESIAN_POINT('Ctrl Pts',(-3.83208154186882,11.9491257774511,-24.1326538305554));
#2829=CARTESIAN_POINT('Ctrl Pts',(-3.9789255956361,12.5064303451065,-24.109459339204));
#2830=CARTESIAN_POINT('Ctrl Pts',(-4.02092245947134,13.0701677175194,-24.102943723165));
#2831=CARTESIAN_POINT('Origin',(-0.0333756743486086,10.,1.59907100110235));
#2832=CARTESIAN_POINT('',(-4.02092245947135,29.929833236155,-24.102943723165));
#2833=CARTESIAN_POINT('',(-0.0333756743486054,34.0000004768372,-24.4104289988977));
#2834=CARTESIAN_POINT('Ctrl Pts',(-4.02092245947134,29.929833236155,-24.102943723165));
#2835=CARTESIAN_POINT('Ctrl Pts',(-3.97757681610098,30.5116757088458,-24.1096685960096));
#2836=CARTESIAN_POINT('Ctrl Pts',(-3.82255734184863,31.0866875320592,-24.1341912737241));
#2837=CARTESIAN_POINT('Ctrl Pts',(-3.36158433721307,32.0501119679565,-24.1974733029473));
#2838=CARTESIAN_POINT('Ctrl Pts',(-3.08522614912715,32.4544074102407,-24.2329729524158));
#2839=CARTESIAN_POINT('Ctrl Pts',(-2.46002232146514,33.1021484209986,-24.2986120868528));
#2840=CARTESIAN_POINT('Ctrl Pts',(-2.1285411634685,33.3582049045224,-24.3285043482503));
#2841=CARTESIAN_POINT('Ctrl Pts',(-1.45827996967661,33.7204950450258,-24.373154998672));
#2842=CARTESIAN_POINT('Ctrl Pts',(-1.1340843309343,33.8427624809025,-24.3893249186567));
#2843=CARTESIAN_POINT('Ctrl Pts',(-0.586757751856282,33.96299120552,-24.4053864480943));
#2844=CARTESIAN_POINT('Ctrl Pts',(-0.373775030305345,33.9901177327292,-24.4090858874856));
#2845=CARTESIAN_POINT('Ctrl Pts',(-0.117309890391904,33.9992537045996,-24.4103274427802));
#2846=CARTESIAN_POINT('Ctrl Pts',(-0.0753345278004436,34.0000004768372,
-24.4104289988977));
#2847=CARTESIAN_POINT('Ctrl Pts',(-0.0333756743486055,34.0000004768372,
-24.4104289988977));
#2848=CARTESIAN_POINT('',(-0.0333756743486054,30.0000004768372,-24.4104289988977));
#2849=CARTESIAN_POINT('Origin',(-0.0333756743486086,24.0647086415605,1.59907100110235));
#2850=CARTESIAN_POINT('',(-0.0333756743486054,26.0000004768372,-24.4104289988977));
#2851=CARTESIAN_POINT('',(-0.0333756743486054,20.,-24.4104289988977));
#2852=CARTESIAN_POINT('',(3.95417111077413,29.929833236155,-24.102943723165));
#2853=CARTESIAN_POINT('Origin',(-0.0333756743486086,24.0647086415605,1.59907100110235));
#2854=CARTESIAN_POINT('Ctrl Pts',(-0.0333756743486057,34.0000004768372,
-24.4104289988977));
#2855=CARTESIAN_POINT('Ctrl Pts',(0.12334175068214,34.0000004768372,-24.4104289988977));
#2856=CARTESIAN_POINT('Ctrl Pts',(0.279828866294258,33.9895832399976,-24.4090080644551));
#2857=CARTESIAN_POINT('Ctrl Pts',(0.693397371446085,33.9344003256301,-24.4015543720273));
#2858=CARTESIAN_POINT('Ctrl Pts',(0.946319389840028,33.8718319129445,-24.3931245393204));
#2859=CARTESIAN_POINT('Ctrl Pts',(1.67450077097885,33.6073965531608,-24.3588114180424));
#2860=CARTESIAN_POINT('Ctrl Pts',(2.11447002299719,33.3333138497314,-24.3243976852805));
#2861=CARTESIAN_POINT('Ctrl Pts',(2.89475962965629,32.619420458837,-24.248216893308));
#2862=CARTESIAN_POINT('Ctrl Pts',(3.22255549519227,32.176390178426,-24.2070043156553));
#2863=CARTESIAN_POINT('Ctrl Pts',(3.74043677183756,31.1428325864658,-24.1366813849847));
#2864=CARTESIAN_POINT('Ctrl Pts',(3.9087100319703,30.5400718771276,-24.1099967958746));
#2865=CARTESIAN_POINT('Ctrl Pts',(3.95417111077413,29.929833236155,-24.102943723165));
#2866=CARTESIAN_POINT('Origin',(-0.0333756743486086,10.,1.59907100110235));
#2867=CARTESIAN_POINT('',(-0.0333756743486106,3.99785760052396E-15,17.6085710011024));
#2868=CARTESIAN_POINT('Origin',(-0.0333756743486086,0.,1.59907100110235));
#2869=CARTESIAN_POINT('Origin',(-0.0333756743486106,10.,17.6085710011024));
#2870=CARTESIAN_POINT('Ctrl Pts',(2.47870771256213,10.,-24.288832106473));
#2871=CARTESIAN_POINT('Ctrl Pts',(2.15156612577618,9.70364393329377,-24.3205769311472));
#2872=CARTESIAN_POINT('Ctrl Pts',(1.77468986229069,9.46924226768109,-24.3379740926188));
#2873=CARTESIAN_POINT('Ctrl Pts',(0.956156361365895,9.14388313312836,-24.3593884024493));
#2874=CARTESIAN_POINT('Ctrl Pts',(0.521947197738568,9.05475971841066,-24.3634326834218));
#2875=CARTESIAN_POINT('Ctrl Pts',(-0.40248523772401,9.02650009890454,-24.3648607862012));
#2876=CARTESIAN_POINT('Ctrl Pts',(-0.888139055106913,9.10458630631124,-24.3616177794757));
#2877=CARTESIAN_POINT('Ctrl Pts',(-1.78790971859348,9.43652378613693,-24.3404118513996));
#2878=CARTESIAN_POINT('Ctrl Pts',(-2.19509808541541,9.68260959498127,-24.3228300700462));
#2879=CARTESIAN_POINT('Ctrl Pts',(-2.54545906125934,10.,-24.288832106473));
#2880=CARTESIAN_POINT('Origin',(-0.0333756743486086,40.,1.59907100110235));
#2881=CARTESIAN_POINT('',(-0.0333756743486109,40.,20.1085710011023));
#2882=CARTESIAN_POINT('Origin',(-0.0333756743486086,40.,1.59907100110235));
#2883=CARTESIAN_POINT('Origin',(-0.0333756743486086,37.5,1.59907100110235));
#2884=CARTESIAN_POINT('',(-0.0333756743486106,37.5,17.6085710011023));
#2885=CARTESIAN_POINT('Origin',(-0.0333756743486109,37.5,20.1085710011023));
#2886=CARTESIAN_POINT('',(-16.0428756743486,37.5,1.59907100110234));
#2887=CARTESIAN_POINT('Origin',(-0.0333756743486086,37.5,1.59907100110235));
#2888=CARTESIAN_POINT('Origin',(-0.0333756743486086,37.5,1.59907100110235));
#2889=CARTESIAN_POINT('Origin',(-0.0333756743486086,20.,1.59907100110235));
#2890=CARTESIAN_POINT('',(-16.0428756743486,10.,1.59907100110235));
#2891=CARTESIAN_POINT('Origin',(-0.0333756743486086,10.,1.59907100110235));
#2892=CARTESIAN_POINT('',(-16.0428756743486,20.,1.59907100110235));
#2893=CARTESIAN_POINT('Origin',(-0.0333756743486086,10.,1.59907100110235));
#2894=CARTESIAN_POINT('Origin',(-0.0333756743486086,0.,1.59907100110235));
#2895=CARTESIAN_POINT('Origin',(-0.0333756743486054,30.0000004768372,-24.4104289988977));
#2896=CARTESIAN_POINT('',(-0.0333756743486054,20.,-24.4104289988977));
#2897=CARTESIAN_POINT('',(-4.03337567434861,30.0000004768372,-24.4104289988977));
#2898=CARTESIAN_POINT('',(-0.0333756743486057,30.0000004768372,-24.4104289988977));
#2899=CARTESIAN_POINT('Origin',(-0.0333756743486054,30.0000004768372,-24.4104289988977));
#2900=CARTESIAN_POINT('Origin',(-0.033375674348606,30.0000004768372,-24.4104289988977));
#2901=CARTESIAN_POINT('Origin',(-0.033375674348606,30.0000004768372,-24.4104289988977));
#2902=CARTESIAN_POINT('Origin',(-0.033375674348606,30.0000004768372,-24.4104289988977));
#2903=CARTESIAN_POINT('',(3.9666243256514,30.0000004768372,-24.4104289988977));
#2904=CARTESIAN_POINT('',(-0.0333756743486057,30.0000004768372,-24.4104289988977));
#2905=CARTESIAN_POINT('Origin',(-0.033375674348606,30.0000004768372,-24.4104289988977));
#2906=CARTESIAN_POINT('Ctrl Pts',(3.96662432565139,30.0000004768372,-24.4104289988977));
#2907=CARTESIAN_POINT('Ctrl Pts',(3.96662432565139,37.5622946579944,-30.4414301782546));
#2908=CARTESIAN_POINT('Ctrl Pts',(3.96662432565139,34.3675012690119,-39.5713022315467));
#2909=CARTESIAN_POINT('Ctrl Pts',(3.96662432565139,31.1727078800294,-48.7011742848388));
#2910=CARTESIAN_POINT('Ctrl Pts',(3.96662432565139,21.5000004768372,-48.7011742848388));
#2911=CARTESIAN_POINT('Ctrl Pts',(3.96662432565139,11.8272930736449,-48.7011742848388));
#2912=CARTESIAN_POINT('Ctrl Pts',(3.96662432565139,8.63249968466241,-39.5713022315467));
#2913=CARTESIAN_POINT('Ctrl Pts',(3.96662432565139,5.4377062956799,-30.4414301782546));
#2914=CARTESIAN_POINT('Ctrl Pts',(3.96662432565139,13.0000004768371,-24.4104289988977));
#2915=CARTESIAN_POINT('Ctrl Pts',(3.96662432565139,30.8899122272419,-28.3101798981849));
#2916=CARTESIAN_POINT('Ctrl Pts',(3.96662432565139,35.6852179057168,-34.9725997618024));
#2917=CARTESIAN_POINT('Ctrl Pts',(3.96662432565139,30.9805340831317,-41.699318510096));
#2918=CARTESIAN_POINT('Ctrl Pts',(3.96662432565139,26.2758502605467,-48.4260372583897));
#2919=CARTESIAN_POINT('Ctrl Pts',(3.96662432565139,18.372729541851,-46.2071461175579));
#2920=CARTESIAN_POINT('Ctrl Pts',(3.96662432565139,10.4696088231553,-43.988254976726));
#2921=CARTESIAN_POINT('Ctrl Pts',(3.96662432565139,9.95365755941758,-35.7957834764652));
#2922=CARTESIAN_POINT('Ctrl Pts',(3.9666243256514,9.4377062956799,-27.6033119762043));
#2923=CARTESIAN_POINT('Ctrl Pts',(3.9666243256514,17.0000004768371,-24.4104289988977));
#2924=CARTESIAN_POINT('Ctrl Pts',(-0.0333756743486066,30.8899122272419,
-28.3101798981849));
#2925=CARTESIAN_POINT('Ctrl Pts',(-0.0333756743486075,35.6852179057168,
-34.9725997618024));
#2926=CARTESIAN_POINT('Ctrl Pts',(-0.0333756743486081,30.9805340831317,
-41.699318510096));
#2927=CARTESIAN_POINT('Ctrl Pts',(-0.0333756743486087,26.2758502605467,
-48.4260372583897));
#2928=CARTESIAN_POINT('Ctrl Pts',(-0.0333756743486082,18.372729541851,-46.2071461175579));
#2929=CARTESIAN_POINT('Ctrl Pts',(-0.0333756743486077,10.4696088231553,
-43.988254976726));
#2930=CARTESIAN_POINT('Ctrl Pts',(-0.0333756743486067,9.95365755941758,
-35.7957834764652));
#2931=CARTESIAN_POINT('Ctrl Pts',(-0.0333756743486058,9.4377062956799,-27.6033119762043));
#2932=CARTESIAN_POINT('Ctrl Pts',(-0.0333756743486057,17.0000004768371,
-24.4104289988977));
#2933=CARTESIAN_POINT('Ctrl Pts',(-4.03337567434861,30.8899122272419,-28.3101798981849));
#2934=CARTESIAN_POINT('Ctrl Pts',(-4.03337567434861,35.6852179057168,-34.9725997618024));
#2935=CARTESIAN_POINT('Ctrl Pts',(-4.03337567434861,30.9805340831317,-41.699318510096));
#2936=CARTESIAN_POINT('Ctrl Pts',(-4.03337567434861,26.2758502605467,-48.4260372583897));
#2937=CARTESIAN_POINT('Ctrl Pts',(-4.03337567434861,18.372729541851,-46.2071461175579));
#2938=CARTESIAN_POINT('Ctrl Pts',(-4.03337567434861,10.4696088231553,-43.988254976726));
#2939=CARTESIAN_POINT('Ctrl Pts',(-4.03337567434861,9.95365755941758,-35.7957834764652));
#2940=CARTESIAN_POINT('Ctrl Pts',(-4.0333756743486,9.4377062956799,-27.6033119762043));
#2941=CARTESIAN_POINT('Ctrl Pts',(-4.03337567434861,17.0000004768371,-24.4104289988977));
#2942=CARTESIAN_POINT('Ctrl Pts',(-4.03337567434861,30.0000004768372,-24.4104289988977));
#2943=CARTESIAN_POINT('Ctrl Pts',(-4.03337567434861,37.5622946579944,-30.4414301782546));
#2944=CARTESIAN_POINT('Ctrl Pts',(-4.03337567434861,34.3675012690119,-39.5713022315467));
#2945=CARTESIAN_POINT('Ctrl Pts',(-4.03337567434861,31.1727078800294,-48.7011742848388));
#2946=CARTESIAN_POINT('Ctrl Pts',(-4.03337567434861,21.5000004768372,-48.7011742848388));
#2947=CARTESIAN_POINT('Ctrl Pts',(-4.03337567434861,11.8272930736449,-48.7011742848388));
#2948=CARTESIAN_POINT('Ctrl Pts',(-4.03337567434861,8.63249968466241,-39.5713022315467));
#2949=CARTESIAN_POINT('Ctrl Pts',(-4.03337567434861,5.4377062956799,-30.4414301782546));
#2950=CARTESIAN_POINT('Ctrl Pts',(-4.03337567434861,13.0000004768371,-24.4104289988977));
#2951=CARTESIAN_POINT('Ctrl Pts',(-4.03337567434861,29.1100887264324,-20.5106780996104));
#2952=CARTESIAN_POINT('Ctrl Pts',(-4.03337567434861,39.439371410272,-25.9102605947068));
#2953=CARTESIAN_POINT('Ctrl Pts',(-4.03337567434861,37.7544684548921,-37.4432859529973));
#2954=CARTESIAN_POINT('Ctrl Pts',(-4.03337567434861,36.0695654995121,-48.9763113112878));
#2955=CARTESIAN_POINT('Ctrl Pts',(-4.03337567434861,24.6272714118234,-51.1952024521197));
#2956=CARTESIAN_POINT('Ctrl Pts',(-4.03337567434861,13.1849773241346,-53.4140935929515));
#2957=CARTESIAN_POINT('Ctrl Pts',(-4.03337567434861,7.31134180990724,-43.3468209866282));
#2958=CARTESIAN_POINT('Ctrl Pts',(-4.03337567434861,1.4377062956799,-33.279548380305));
#2959=CARTESIAN_POINT('Ctrl Pts',(-4.03337567434861,9.00000047683715,-24.4104289988977));
#2960=CARTESIAN_POINT('Ctrl Pts',(-0.0333756743486059,29.1100887264324,
-20.5106780996104));
#2961=CARTESIAN_POINT('Ctrl Pts',(-0.0333756743486068,39.439371410272,-25.9102605947068));
#2962=CARTESIAN_POINT('Ctrl Pts',(-0.0333756743486081,37.7544684548921,
-37.4432859529973));
#2963=CARTESIAN_POINT('Ctrl Pts',(-0.0333756743486094,36.0695654995121,
-48.9763113112878));
#2964=CARTESIAN_POINT('Ctrl Pts',(-0.0333756743486093,24.6272714118234,
-51.1952024521197));
#2965=CARTESIAN_POINT('Ctrl Pts',(-0.0333756743486091,13.1849773241346,
-53.4140935929515));
#2966=CARTESIAN_POINT('Ctrl Pts',(-0.0333756743486078,7.31134180990724,
-43.3468209866282));
#2967=CARTESIAN_POINT('Ctrl Pts',(-0.0333756743486064,1.4377062956799,-33.279548380305));
#2968=CARTESIAN_POINT('Ctrl Pts',(-0.0333756743486057,9.00000047683715,
-24.4104289988977));
#2969=CARTESIAN_POINT('Ctrl Pts',(3.96662432565139,29.1100887264324,-20.5106780996104));
#2970=CARTESIAN_POINT('Ctrl Pts',(3.96662432565139,39.439371410272,-25.9102605947068));
#2971=CARTESIAN_POINT('Ctrl Pts',(3.96662432565139,37.7544684548921,-37.4432859529973));
#2972=CARTESIAN_POINT('Ctrl Pts',(3.96662432565139,36.0695654995121,-48.9763113112878));
#2973=CARTESIAN_POINT('Ctrl Pts',(3.96662432565139,24.6272714118234,-51.1952024521197));
#2974=CARTESIAN_POINT('Ctrl Pts',(3.96662432565139,13.1849773241346,-53.4140935929515));
#2975=CARTESIAN_POINT('Ctrl Pts',(3.96662432565139,7.31134180990724,-43.3468209866282));
#2976=CARTESIAN_POINT('Ctrl Pts',(3.96662432565139,1.4377062956799,-33.279548380305));
#2977=CARTESIAN_POINT('Ctrl Pts',(3.96662432565139,9.00000047683715,-24.4104289988977));
#2978=CARTESIAN_POINT('Ctrl Pts',(3.96662432565139,30.0000004768372,-24.4104289988977));
#2979=CARTESIAN_POINT('Ctrl Pts',(3.96662432565139,37.5622946579944,-30.4414301782546));
#2980=CARTESIAN_POINT('Ctrl Pts',(3.96662432565139,34.3675012690119,-39.5713022315467));
#2981=CARTESIAN_POINT('Ctrl Pts',(3.96662432565139,31.1727078800294,-48.7011742848388));
#2982=CARTESIAN_POINT('Ctrl Pts',(3.96662432565139,21.5000004768372,-48.7011742848388));
#2983=CARTESIAN_POINT('Ctrl Pts',(3.96662432565139,11.8272930736449,-48.7011742848388));
#2984=CARTESIAN_POINT('Ctrl Pts',(3.96662432565139,8.63249968466241,-39.5713022315467));
#2985=CARTESIAN_POINT('Ctrl Pts',(3.96662432565139,5.4377062956799,-30.4414301782546));
#2986=CARTESIAN_POINT('Ctrl Pts',(3.96662432565139,13.0000004768371,-24.4104289988977));
#2987=CARTESIAN_POINT('Origin',(-0.0333756743486054,30.0000004768372,-24.4104289988977));
#2988=CARTESIAN_POINT('Ctrl Pts',(3.9666243256514,30.0000004768372,-24.4104289988977));
#2989=CARTESIAN_POINT('Ctrl Pts',(3.96662432565139,37.5622946579944,-30.4414301782546));
#2990=CARTESIAN_POINT('Ctrl Pts',(3.96662432565139,34.3675012690119,-39.5713022315467));
#2991=CARTESIAN_POINT('Ctrl Pts',(3.96662432565139,31.1727078800294,-48.7011742848388));
#2992=CARTESIAN_POINT('Ctrl Pts',(3.96662432565139,21.5000004768372,-48.7011742848388));
#2993=CARTESIAN_POINT('Ctrl Pts',(3.96662432565139,11.8272930736449,-48.7011742848388));
#2994=CARTESIAN_POINT('Ctrl Pts',(3.96662432565139,8.63249968466241,-39.5713022315467));
#2995=CARTESIAN_POINT('Ctrl Pts',(3.9666243256514,5.43770629567991,-30.4414301782546));
#2996=CARTESIAN_POINT('Ctrl Pts',(3.9666243256514,13.0000004768372,-24.4104289988977));
#2997=CARTESIAN_POINT('Ctrl Pts',(3.96662432565139,26.0000004768372,-24.4104289988977));
#2998=CARTESIAN_POINT('Ctrl Pts',(3.96662432565139,33.5622946579944,-27.6033119762043));
#2999=CARTESIAN_POINT('Ctrl Pts',(3.96662432565139,33.0463433942567,-35.7957834764652));
#3000=CARTESIAN_POINT('Ctrl Pts',(3.96662432565139,32.5303921305191,-43.988254976726));
#3001=CARTESIAN_POINT('Ctrl Pts',(3.96662432565139,24.6272714118234,-46.2071461175579));
#3002=CARTESIAN_POINT('Ctrl Pts',(3.96662432565139,16.7241506931277,-48.4260372583897));
#3003=CARTESIAN_POINT('Ctrl Pts',(3.96662432565139,12.0194668705426,-41.6993185100961));
#3004=CARTESIAN_POINT('Ctrl Pts',(3.96662432565139,7.31478304795747,-34.9725997618024));
#3005=CARTESIAN_POINT('Ctrl Pts',(3.96662432565139,12.1100887264324,-28.3101798981849));
#3006=CARTESIAN_POINT('Ctrl Pts',(-0.0333756743486057,26.0000004768372,
-24.4104289988977));
#3007=CARTESIAN_POINT('Ctrl Pts',(-0.0333756743486063,33.5622946579944,
-27.6033119762043));
#3008=CARTESIAN_POINT('Ctrl Pts',(-0.0333756743486072,33.0463433942567,
-35.7957834764652));
#3009=CARTESIAN_POINT('Ctrl Pts',(-0.0333756743486081,32.5303921305191,
-43.988254976726));
#3010=CARTESIAN_POINT('Ctrl Pts',(-0.0333756743486081,24.6272714118234,
-46.2071461175579));
#3011=CARTESIAN_POINT('Ctrl Pts',(-0.0333756743486081,16.7241506931277,
-48.4260372583897));
#3012=CARTESIAN_POINT('Ctrl Pts',(-0.0333756743486072,12.0194668705426,
-41.6993185100961));
#3013=CARTESIAN_POINT('Ctrl Pts',(-0.0333756743486063,7.31478304795747,
-34.9725997618024));
#3014=CARTESIAN_POINT('Ctrl Pts',(-0.0333756743486056,12.1100887264324,
-28.3101798981849));
#3015=CARTESIAN_POINT('Ctrl Pts',(-4.03337567434861,26.0000004768372,-24.4104289988977));
#3016=CARTESIAN_POINT('Ctrl Pts',(-4.03337567434861,33.5622946579944,-27.6033119762043));
#3017=CARTESIAN_POINT('Ctrl Pts',(-4.03337567434861,33.0463433942567,-35.7957834764652));
#3018=CARTESIAN_POINT('Ctrl Pts',(-4.03337567434861,32.5303921305191,-43.988254976726));
#3019=CARTESIAN_POINT('Ctrl Pts',(-4.03337567434861,24.6272714118234,-46.2071461175579));
#3020=CARTESIAN_POINT('Ctrl Pts',(-4.03337567434861,16.7241506931277,-48.4260372583897));
#3021=CARTESIAN_POINT('Ctrl Pts',(-4.03337567434861,12.0194668705426,-41.6993185100961));
#3022=CARTESIAN_POINT('Ctrl Pts',(-4.03337567434861,7.31478304795747,-34.9725997618024));
#3023=CARTESIAN_POINT('Ctrl Pts',(-4.03337567434861,12.1100887264324,-28.3101798981849));
#3024=CARTESIAN_POINT('Ctrl Pts',(-4.03337567434861,30.0000004768372,-24.4104289988977));
#3025=CARTESIAN_POINT('Ctrl Pts',(-4.03337567434861,37.5622946579944,-30.4414301782546));
#3026=CARTESIAN_POINT('Ctrl Pts',(-4.03337567434861,34.3675012690119,-39.5713022315467));
#3027=CARTESIAN_POINT('Ctrl Pts',(-4.03337567434861,31.1727078800294,-48.7011742848388));
#3028=CARTESIAN_POINT('Ctrl Pts',(-4.03337567434861,21.5000004768372,-48.7011742848388));
#3029=CARTESIAN_POINT('Ctrl Pts',(-4.03337567434861,11.8272930736449,-48.7011742848388));
#3030=CARTESIAN_POINT('Ctrl Pts',(-4.03337567434861,8.63249968466241,-39.5713022315467));
#3031=CARTESIAN_POINT('Ctrl Pts',(-4.03337567434861,5.43770629567991,-30.4414301782546));
#3032=CARTESIAN_POINT('Ctrl Pts',(-4.03337567434861,13.0000004768372,-24.4104289988977));
#3033=CARTESIAN_POINT('Ctrl Pts',(-4.03337567434861,34.0000004768372,-24.4104289988977));
#3034=CARTESIAN_POINT('Ctrl Pts',(-4.03337567434861,41.5622946579944,-33.279548380305));
#3035=CARTESIAN_POINT('Ctrl Pts',(-4.03337567434861,35.6886591437671,-43.3468209866282));
#3036=CARTESIAN_POINT('Ctrl Pts',(-4.03337567434861,29.8150236295397,-53.4140935929515));
#3037=CARTESIAN_POINT('Ctrl Pts',(-4.03337567434861,18.372729541851,-51.1952024521197));
#3038=CARTESIAN_POINT('Ctrl Pts',(-4.03337567434861,6.93043545416218,-48.9763113112878));
#3039=CARTESIAN_POINT('Ctrl Pts',(-4.03337567434861,5.24553249878226,-37.4432859529973));
#3040=CARTESIAN_POINT('Ctrl Pts',(-4.0333756743486,3.56062954340234,-25.9102605947069));
#3041=CARTESIAN_POINT('Ctrl Pts',(-4.0333756743486,13.8899122272419,-20.5106780996104));
#3042=CARTESIAN_POINT('Ctrl Pts',(-0.0333756743486057,34.0000004768372,
-24.4104289988977));
#3043=CARTESIAN_POINT('Ctrl Pts',(-0.0333756743486069,41.5622946579944,
-33.279548380305));
#3044=CARTESIAN_POINT('Ctrl Pts',(-0.0333756743486079,35.6886591437671,
-43.3468209866282));
#3045=CARTESIAN_POINT('Ctrl Pts',(-0.0333756743486089,29.8150236295397,
-53.4140935929515));
#3046=CARTESIAN_POINT('Ctrl Pts',(-0.0333756743486082,18.372729541851,-51.1952024521197));
#3047=CARTESIAN_POINT('Ctrl Pts',(-0.0333756743486076,6.93043545416218,
-48.9763113112878));
#3048=CARTESIAN_POINT('Ctrl Pts',(-0.0333756743486062,5.24553249878226,
-37.4432859529973));
#3049=CARTESIAN_POINT('Ctrl Pts',(-0.0333756743486048,3.56062954340234,
-25.9102605947069));
#3050=CARTESIAN_POINT('Ctrl Pts',(-0.0333756743486045,13.8899122272419,
-20.5106780996104));
#3051=CARTESIAN_POINT('Ctrl Pts',(3.96662432565139,34.0000004768372,-24.4104289988977));
#3052=CARTESIAN_POINT('Ctrl Pts',(3.96662432565139,41.5622946579944,-33.279548380305));
#3053=CARTESIAN_POINT('Ctrl Pts',(3.96662432565139,35.6886591437671,-43.3468209866282));
#3054=CARTESIAN_POINT('Ctrl Pts',(3.96662432565139,29.8150236295397,-53.4140935929515));
#3055=CARTESIAN_POINT('Ctrl Pts',(3.96662432565139,18.372729541851,-51.1952024521197));
#3056=CARTESIAN_POINT('Ctrl Pts',(3.96662432565139,6.93043545416218,-48.9763113112878));
#3057=CARTESIAN_POINT('Ctrl Pts',(3.96662432565139,5.24553249878226,-37.4432859529973));
#3058=CARTESIAN_POINT('Ctrl Pts',(3.9666243256514,3.56062954340234,-25.9102605947069));
#3059=CARTESIAN_POINT('Ctrl Pts',(3.9666243256514,13.8899122272419,-20.5106780996104));
#3060=CARTESIAN_POINT('Ctrl Pts',(3.9666243256514,30.0000004768372,-24.4104289988977));
#3061=CARTESIAN_POINT('Ctrl Pts',(3.96662432565139,37.5622946579944,-30.4414301782546));
#3062=CARTESIAN_POINT('Ctrl Pts',(3.96662432565139,34.3675012690119,-39.5713022315467));
#3063=CARTESIAN_POINT('Ctrl Pts',(3.96662432565139,31.1727078800294,-48.7011742848388));
#3064=CARTESIAN_POINT('Ctrl Pts',(3.96662432565139,21.5000004768372,-48.7011742848388));
#3065=CARTESIAN_POINT('Ctrl Pts',(3.96662432565139,11.8272930736449,-48.7011742848388));
#3066=CARTESIAN_POINT('Ctrl Pts',(3.96662432565139,8.63249968466241,-39.5713022315467));
#3067=CARTESIAN_POINT('Ctrl Pts',(3.9666243256514,5.43770629567991,-30.4414301782546));
#3068=CARTESIAN_POINT('Ctrl Pts',(3.9666243256514,13.0000004768372,-24.4104289988977));
#3069=CARTESIAN_POINT('',(-4.03337567434861,13.0000004768372,-24.4104289988977));
#3070=CARTESIAN_POINT('Origin',(-0.0333756743486049,13.0000004768372,-24.4104289988977));
#3071=CARTESIAN_POINT('',(3.9666243256514,13.0000004768371,-24.4104289988977));
#3072=CARTESIAN_POINT('Origin',(-0.0333756743486049,13.0000004768372,-24.4104289988977));
#3073=CARTESIAN_POINT('Origin',(3.96662432565139,21.5000004768372,-35.0686097268096));
#3074=CARTESIAN_POINT('Origin',(-0.0333756743486054,30.0000004768372,-24.4104289988977));
#3075=CARTESIAN_POINT('Origin',(-0.0333756743486054,30.0000004768372,-24.4104289988977));
#3076=CARTESIAN_POINT('Origin',(-0.0333756743486049,13.0000004768372,-24.4104289988977));
#3077=CARTESIAN_POINT('Origin',(-0.0333756743486049,13.0000004768372,-24.4104289988977));
#3078=CARTESIAN_POINT('',(-0.0333756743486051,13.0000004768372,-24.4104289988977));
#3079=CARTESIAN_POINT('Origin',(-0.0333756743486054,13.0000004768371,-24.4104289988977));
#3080=CARTESIAN_POINT('',(-0.0333756743486054,20.,-24.4104289988977));
#3081=CARTESIAN_POINT('',(-0.0333756743486051,13.0000004768372,-24.4104289988977));
#3082=CARTESIAN_POINT('Origin',(-0.0333756743486054,13.0000004768371,-24.4104289988977));
#3083=CARTESIAN_POINT('Ctrl Pts',(3.96662432565139,30.0000004768372,-24.4104289988977));
#3084=CARTESIAN_POINT('Ctrl Pts',(3.96662432565139,37.5622946579944,-30.4414301782546));
#3085=CARTESIAN_POINT('Ctrl Pts',(3.96662432565139,34.3675012690119,-39.5713022315467));
#3086=CARTESIAN_POINT('Ctrl Pts',(3.96662432565139,31.1727078800294,-48.7011742848388));
#3087=CARTESIAN_POINT('Ctrl Pts',(3.96662432565139,21.5000004768372,-48.7011742848388));
#3088=CARTESIAN_POINT('Ctrl Pts',(3.96662432565139,11.8272930736449,-48.7011742848388));
#3089=CARTESIAN_POINT('Ctrl Pts',(3.96662432565139,8.63249968466241,-39.5713022315467));
#3090=CARTESIAN_POINT('Ctrl Pts',(3.96662432565139,5.4377062956799,-30.4414301782546));
#3091=CARTESIAN_POINT('Ctrl Pts',(3.96662432565139,13.0000004768371,-24.4104289988977));
#3092=CARTESIAN_POINT('Ctrl Pts',(3.96662432565139,30.8899122272419,-28.3101798981849));
#3093=CARTESIAN_POINT('Ctrl Pts',(3.96662432565139,35.6852179057168,-34.9725997618024));
#3094=CARTESIAN_POINT('Ctrl Pts',(3.96662432565139,30.9805340831317,-41.699318510096));
#3095=CARTESIAN_POINT('Ctrl Pts',(3.96662432565139,26.2758502605467,-48.4260372583897));
#3096=CARTESIAN_POINT('Ctrl Pts',(3.96662432565139,18.372729541851,-46.2071461175579));
#3097=CARTESIAN_POINT('Ctrl Pts',(3.96662432565139,10.4696088231553,-43.988254976726));
#3098=CARTESIAN_POINT('Ctrl Pts',(3.96662432565139,9.95365755941758,-35.7957834764652));
#3099=CARTESIAN_POINT('Ctrl Pts',(3.9666243256514,9.4377062956799,-27.6033119762043));
#3100=CARTESIAN_POINT('Ctrl Pts',(3.9666243256514,17.0000004768371,-24.4104289988977));
#3101=CARTESIAN_POINT('Ctrl Pts',(-0.0333756743486066,30.8899122272419,
-28.3101798981849));
#3102=CARTESIAN_POINT('Ctrl Pts',(-0.0333756743486075,35.6852179057168,
-34.9725997618024));
#3103=CARTESIAN_POINT('Ctrl Pts',(-0.0333756743486081,30.9805340831317,
-41.699318510096));
#3104=CARTESIAN_POINT('Ctrl Pts',(-0.0333756743486087,26.2758502605467,
-48.4260372583897));
#3105=CARTESIAN_POINT('Ctrl Pts',(-0.0333756743486082,18.372729541851,-46.2071461175579));
#3106=CARTESIAN_POINT('Ctrl Pts',(-0.0333756743486077,10.4696088231553,
-43.988254976726));
#3107=CARTESIAN_POINT('Ctrl Pts',(-0.0333756743486067,9.95365755941758,
-35.7957834764652));
#3108=CARTESIAN_POINT('Ctrl Pts',(-0.0333756743486058,9.4377062956799,-27.6033119762043));
#3109=CARTESIAN_POINT('Ctrl Pts',(-0.0333756743486057,17.0000004768371,
-24.4104289988977));
#3110=CARTESIAN_POINT('Ctrl Pts',(-4.03337567434861,30.8899122272419,-28.3101798981849));
#3111=CARTESIAN_POINT('Ctrl Pts',(-4.03337567434861,35.6852179057168,-34.9725997618024));
#3112=CARTESIAN_POINT('Ctrl Pts',(-4.03337567434861,30.9805340831317,-41.699318510096));
#3113=CARTESIAN_POINT('Ctrl Pts',(-4.03337567434861,26.2758502605467,-48.4260372583897));
#3114=CARTESIAN_POINT('Ctrl Pts',(-4.03337567434861,18.372729541851,-46.2071461175579));
#3115=CARTESIAN_POINT('Ctrl Pts',(-4.03337567434861,10.4696088231553,-43.988254976726));
#3116=CARTESIAN_POINT('Ctrl Pts',(-4.03337567434861,9.95365755941758,-35.7957834764652));
#3117=CARTESIAN_POINT('Ctrl Pts',(-4.0333756743486,9.4377062956799,-27.6033119762043));
#3118=CARTESIAN_POINT('Ctrl Pts',(-4.03337567434861,17.0000004768371,-24.4104289988977));
#3119=CARTESIAN_POINT('Ctrl Pts',(-4.03337567434861,30.0000004768372,-24.4104289988977));
#3120=CARTESIAN_POINT('Ctrl Pts',(-4.03337567434861,37.5622946579944,-30.4414301782546));
#3121=CARTESIAN_POINT('Ctrl Pts',(-4.03337567434861,34.3675012690119,-39.5713022315467));
#3122=CARTESIAN_POINT('Ctrl Pts',(-4.03337567434861,31.1727078800294,-48.7011742848388));
#3123=CARTESIAN_POINT('Ctrl Pts',(-4.03337567434861,21.5000004768372,-48.7011742848388));
#3124=CARTESIAN_POINT('Ctrl Pts',(-4.03337567434861,11.8272930736449,-48.7011742848388));
#3125=CARTESIAN_POINT('Ctrl Pts',(-4.03337567434861,8.63249968466241,-39.5713022315467));
#3126=CARTESIAN_POINT('Ctrl Pts',(-4.03337567434861,5.4377062956799,-30.4414301782546));
#3127=CARTESIAN_POINT('Ctrl Pts',(-4.03337567434861,13.0000004768371,-24.4104289988977));
#3128=CARTESIAN_POINT('Ctrl Pts',(-4.03337567434861,29.1100887264324,-20.5106780996104));
#3129=CARTESIAN_POINT('Ctrl Pts',(-4.03337567434861,39.439371410272,-25.9102605947068));
#3130=CARTESIAN_POINT('Ctrl Pts',(-4.03337567434861,37.7544684548921,-37.4432859529973));
#3131=CARTESIAN_POINT('Ctrl Pts',(-4.03337567434861,36.0695654995121,-48.9763113112878));
#3132=CARTESIAN_POINT('Ctrl Pts',(-4.03337567434861,24.6272714118234,-51.1952024521197));
#3133=CARTESIAN_POINT('Ctrl Pts',(-4.03337567434861,13.1849773241346,-53.4140935929515));
#3134=CARTESIAN_POINT('Ctrl Pts',(-4.03337567434861,7.31134180990724,-43.3468209866282));
#3135=CARTESIAN_POINT('Ctrl Pts',(-4.03337567434861,1.4377062956799,-33.279548380305));
#3136=CARTESIAN_POINT('Ctrl Pts',(-4.03337567434861,9.00000047683715,-24.4104289988977));
#3137=CARTESIAN_POINT('Ctrl Pts',(-0.0333756743486059,29.1100887264324,
-20.5106780996104));
#3138=CARTESIAN_POINT('Ctrl Pts',(-0.0333756743486068,39.439371410272,-25.9102605947068));
#3139=CARTESIAN_POINT('Ctrl Pts',(-0.0333756743486081,37.7544684548921,
-37.4432859529973));
#3140=CARTESIAN_POINT('Ctrl Pts',(-0.0333756743486094,36.0695654995121,
-48.9763113112878));
#3141=CARTESIAN_POINT('Ctrl Pts',(-0.0333756743486093,24.6272714118234,
-51.1952024521197));
#3142=CARTESIAN_POINT('Ctrl Pts',(-0.0333756743486091,13.1849773241346,
-53.4140935929515));
#3143=CARTESIAN_POINT('Ctrl Pts',(-0.0333756743486078,7.31134180990724,
-43.3468209866282));
#3144=CARTESIAN_POINT('Ctrl Pts',(-0.0333756743486064,1.4377062956799,-33.279548380305));
#3145=CARTESIAN_POINT('Ctrl Pts',(-0.0333756743486057,9.00000047683715,
-24.4104289988977));
#3146=CARTESIAN_POINT('Ctrl Pts',(3.96662432565139,29.1100887264324,-20.5106780996104));
#3147=CARTESIAN_POINT('Ctrl Pts',(3.96662432565139,39.439371410272,-25.9102605947068));
#3148=CARTESIAN_POINT('Ctrl Pts',(3.96662432565139,37.7544684548921,-37.4432859529973));
#3149=CARTESIAN_POINT('Ctrl Pts',(3.96662432565139,36.0695654995121,-48.9763113112878));
#3150=CARTESIAN_POINT('Ctrl Pts',(3.96662432565139,24.6272714118234,-51.1952024521197));
#3151=CARTESIAN_POINT('Ctrl Pts',(3.96662432565139,13.1849773241346,-53.4140935929515));
#3152=CARTESIAN_POINT('Ctrl Pts',(3.96662432565139,7.31134180990724,-43.3468209866282));
#3153=CARTESIAN_POINT('Ctrl Pts',(3.96662432565139,1.4377062956799,-33.279548380305));
#3154=CARTESIAN_POINT('Ctrl Pts',(3.96662432565139,9.00000047683715,-24.4104289988977));
#3155=CARTESIAN_POINT('Ctrl Pts',(3.96662432565139,30.0000004768372,-24.4104289988977));
#3156=CARTESIAN_POINT('Ctrl Pts',(3.96662432565139,37.5622946579944,-30.4414301782546));
#3157=CARTESIAN_POINT('Ctrl Pts',(3.96662432565139,34.3675012690119,-39.5713022315467));
#3158=CARTESIAN_POINT('Ctrl Pts',(3.96662432565139,31.1727078800294,-48.7011742848388));
#3159=CARTESIAN_POINT('Ctrl Pts',(3.96662432565139,21.5000004768372,-48.7011742848388));
#3160=CARTESIAN_POINT('Ctrl Pts',(3.96662432565139,11.8272930736449,-48.7011742848388));
#3161=CARTESIAN_POINT('Ctrl Pts',(3.96662432565139,8.63249968466241,-39.5713022315467));
#3162=CARTESIAN_POINT('Ctrl Pts',(3.96662432565139,5.4377062956799,-30.4414301782546));
#3163=CARTESIAN_POINT('Ctrl Pts',(3.96662432565139,13.0000004768371,-24.4104289988977));
#3164=CARTESIAN_POINT('Ctrl Pts',(3.96662432565139,30.0000004768372,-24.4104289988977));
#3165=CARTESIAN_POINT('Ctrl Pts',(3.96662432565139,37.5622946579944,-30.4414301782546));
#3166=CARTESIAN_POINT('Ctrl Pts',(3.96662432565139,34.3675012690119,-39.5713022315467));
#3167=CARTESIAN_POINT('Ctrl Pts',(3.96662432565139,31.1727078800294,-48.7011742848388));
#3168=CARTESIAN_POINT('Ctrl Pts',(3.96662432565139,21.5000004768372,-48.7011742848388));
#3169=CARTESIAN_POINT('Ctrl Pts',(3.96662432565139,11.8272930736449,-48.7011742848388));
#3170=CARTESIAN_POINT('Ctrl Pts',(3.96662432565139,8.63249968466241,-39.5713022315467));
#3171=CARTESIAN_POINT('Ctrl Pts',(3.96662432565139,5.4377062956799,-30.4414301782546));
#3172=CARTESIAN_POINT('Ctrl Pts',(3.96662432565139,13.0000004768371,-24.4104289988977));
#3173=CARTESIAN_POINT('Ctrl Pts',(3.96662432565139,30.8899122272419,-28.3101798981849));
#3174=CARTESIAN_POINT('Ctrl Pts',(3.96662432565139,35.6852179057168,-34.9725997618024));
#3175=CARTESIAN_POINT('Ctrl Pts',(3.96662432565139,30.9805340831317,-41.699318510096));
#3176=CARTESIAN_POINT('Ctrl Pts',(3.96662432565139,26.2758502605467,-48.4260372583897));
#3177=CARTESIAN_POINT('Ctrl Pts',(3.96662432565139,18.372729541851,-46.2071461175579));
#3178=CARTESIAN_POINT('Ctrl Pts',(3.96662432565139,10.4696088231553,-43.988254976726));
#3179=CARTESIAN_POINT('Ctrl Pts',(3.96662432565139,9.95365755941758,-35.7957834764652));
#3180=CARTESIAN_POINT('Ctrl Pts',(3.9666243256514,9.4377062956799,-27.6033119762043));
#3181=CARTESIAN_POINT('Ctrl Pts',(3.9666243256514,17.0000004768371,-24.4104289988977));
#3182=CARTESIAN_POINT('Ctrl Pts',(-0.0333756743486066,30.8899122272419,
-28.3101798981849));
#3183=CARTESIAN_POINT('Ctrl Pts',(-0.0333756743486075,35.6852179057168,
-34.9725997618024));
#3184=CARTESIAN_POINT('Ctrl Pts',(-0.0333756743486081,30.9805340831317,
-41.699318510096));
#3185=CARTESIAN_POINT('Ctrl Pts',(-0.0333756743486087,26.2758502605467,
-48.4260372583897));
#3186=CARTESIAN_POINT('Ctrl Pts',(-0.0333756743486082,18.372729541851,-46.2071461175579));
#3187=CARTESIAN_POINT('Ctrl Pts',(-0.0333756743486077,10.4696088231553,
-43.988254976726));
#3188=CARTESIAN_POINT('Ctrl Pts',(-0.0333756743486067,9.95365755941758,
-35.7957834764652));
#3189=CARTESIAN_POINT('Ctrl Pts',(-0.0333756743486058,9.4377062956799,-27.6033119762043));
#3190=CARTESIAN_POINT('Ctrl Pts',(-0.0333756743486057,17.0000004768371,
-24.4104289988977));
#3191=CARTESIAN_POINT('Ctrl Pts',(-4.03337567434861,30.8899122272419,-28.3101798981849));
#3192=CARTESIAN_POINT('Ctrl Pts',(-4.03337567434861,35.6852179057168,-34.9725997618024));
#3193=CARTESIAN_POINT('Ctrl Pts',(-4.03337567434861,30.9805340831317,-41.699318510096));
#3194=CARTESIAN_POINT('Ctrl Pts',(-4.03337567434861,26.2758502605467,-48.4260372583897));
#3195=CARTESIAN_POINT('Ctrl Pts',(-4.03337567434861,18.372729541851,-46.2071461175579));
#3196=CARTESIAN_POINT('Ctrl Pts',(-4.03337567434861,10.4696088231553,-43.988254976726));
#3197=CARTESIAN_POINT('Ctrl Pts',(-4.03337567434861,9.95365755941758,-35.7957834764652));
#3198=CARTESIAN_POINT('Ctrl Pts',(-4.0333756743486,9.4377062956799,-27.6033119762043));
#3199=CARTESIAN_POINT('Ctrl Pts',(-4.03337567434861,17.0000004768371,-24.4104289988977));
#3200=CARTESIAN_POINT('Ctrl Pts',(-4.03337567434861,30.0000004768372,-24.4104289988977));
#3201=CARTESIAN_POINT('Ctrl Pts',(-4.03337567434861,37.5622946579944,-30.4414301782546));
#3202=CARTESIAN_POINT('Ctrl Pts',(-4.03337567434861,34.3675012690119,-39.5713022315467));
#3203=CARTESIAN_POINT('Ctrl Pts',(-4.03337567434861,31.1727078800294,-48.7011742848388));
#3204=CARTESIAN_POINT('Ctrl Pts',(-4.03337567434861,21.5000004768372,-48.7011742848388));
#3205=CARTESIAN_POINT('Ctrl Pts',(-4.03337567434861,11.8272930736449,-48.7011742848388));
#3206=CARTESIAN_POINT('Ctrl Pts',(-4.03337567434861,8.63249968466241,-39.5713022315467));
#3207=CARTESIAN_POINT('Ctrl Pts',(-4.03337567434861,5.4377062956799,-30.4414301782546));
#3208=CARTESIAN_POINT('Ctrl Pts',(-4.03337567434861,13.0000004768371,-24.4104289988977));
#3209=CARTESIAN_POINT('Ctrl Pts',(-4.03337567434861,29.1100887264324,-20.5106780996104));
#3210=CARTESIAN_POINT('Ctrl Pts',(-4.03337567434861,39.439371410272,-25.9102605947068));
#3211=CARTESIAN_POINT('Ctrl Pts',(-4.03337567434861,37.7544684548921,-37.4432859529973));
#3212=CARTESIAN_POINT('Ctrl Pts',(-4.03337567434861,36.0695654995121,-48.9763113112878));
#3213=CARTESIAN_POINT('Ctrl Pts',(-4.03337567434861,24.6272714118234,-51.1952024521197));
#3214=CARTESIAN_POINT('Ctrl Pts',(-4.03337567434861,13.1849773241346,-53.4140935929515));
#3215=CARTESIAN_POINT('Ctrl Pts',(-4.03337567434861,7.31134180990724,-43.3468209866282));
#3216=CARTESIAN_POINT('Ctrl Pts',(-4.03337567434861,1.4377062956799,-33.279548380305));
#3217=CARTESIAN_POINT('Ctrl Pts',(-4.03337567434861,9.00000047683715,-24.4104289988977));
#3218=CARTESIAN_POINT('Ctrl Pts',(-0.0333756743486059,29.1100887264324,
-20.5106780996104));
#3219=CARTESIAN_POINT('Ctrl Pts',(-0.0333756743486068,39.439371410272,-25.9102605947068));
#3220=CARTESIAN_POINT('Ctrl Pts',(-0.0333756743486081,37.7544684548921,
-37.4432859529973));
#3221=CARTESIAN_POINT('Ctrl Pts',(-0.0333756743486094,36.0695654995121,
-48.9763113112878));
#3222=CARTESIAN_POINT('Ctrl Pts',(-0.0333756743486093,24.6272714118234,
-51.1952024521197));
#3223=CARTESIAN_POINT('Ctrl Pts',(-0.0333756743486091,13.1849773241346,
-53.4140935929515));
#3224=CARTESIAN_POINT('Ctrl Pts',(-0.0333756743486078,7.31134180990724,
-43.3468209866282));
#3225=CARTESIAN_POINT('Ctrl Pts',(-0.0333756743486064,1.4377062956799,-33.279548380305));
#3226=CARTESIAN_POINT('Ctrl Pts',(-0.0333756743486057,9.00000047683715,
-24.4104289988977));
#3227=CARTESIAN_POINT('Ctrl Pts',(3.96662432565139,29.1100887264324,-20.5106780996104));
#3228=CARTESIAN_POINT('Ctrl Pts',(3.96662432565139,39.439371410272,-25.9102605947068));
#3229=CARTESIAN_POINT('Ctrl Pts',(3.96662432565139,37.7544684548921,-37.4432859529973));
#3230=CARTESIAN_POINT('Ctrl Pts',(3.96662432565139,36.0695654995121,-48.9763113112878));
#3231=CARTESIAN_POINT('Ctrl Pts',(3.96662432565139,24.6272714118234,-51.1952024521197));
#3232=CARTESIAN_POINT('Ctrl Pts',(3.96662432565139,13.1849773241346,-53.4140935929515));
#3233=CARTESIAN_POINT('Ctrl Pts',(3.96662432565139,7.31134180990724,-43.3468209866282));
#3234=CARTESIAN_POINT('Ctrl Pts',(3.96662432565139,1.4377062956799,-33.279548380305));
#3235=CARTESIAN_POINT('Ctrl Pts',(3.96662432565139,9.00000047683715,-24.4104289988977));
#3236=CARTESIAN_POINT('Ctrl Pts',(3.96662432565139,30.0000004768372,-24.4104289988977));
#3237=CARTESIAN_POINT('Ctrl Pts',(3.96662432565139,37.5622946579944,-30.4414301782546));
#3238=CARTESIAN_POINT('Ctrl Pts',(3.96662432565139,34.3675012690119,-39.5713022315467));
#3239=CARTESIAN_POINT('Ctrl Pts',(3.96662432565139,31.1727078800294,-48.7011742848388));
#3240=CARTESIAN_POINT('Ctrl Pts',(3.96662432565139,21.5000004768372,-48.7011742848388));
#3241=CARTESIAN_POINT('Ctrl Pts',(3.96662432565139,11.8272930736449,-48.7011742848388));
#3242=CARTESIAN_POINT('Ctrl Pts',(3.96662432565139,8.63249968466241,-39.5713022315467));
#3243=CARTESIAN_POINT('Ctrl Pts',(3.96662432565139,5.4377062956799,-30.4414301782546));
#3244=CARTESIAN_POINT('Ctrl Pts',(3.96662432565139,13.0000004768371,-24.4104289988977));
#3245=CARTESIAN_POINT('Origin',(-0.0333756743486054,13.0000004768371,-24.4104289988977));
#3246=CARTESIAN_POINT('Origin',(-0.0333756743486054,13.0000004768371,-24.4104289988977));
#3247=CARTESIAN_POINT('Origin',(-0.0333756743486049,13.0000004768372,-24.4104289988977));
#3248=CARTESIAN_POINT('Origin',(-0.0333756743486054,30.0000004768372,-24.4104289988977));
#3249=UNCERTAINTY_MEASURE_WITH_UNIT(LENGTH_MEASURE(0.01),#3253,
'DISTANCE_ACCURACY_VALUE',
'Maximum model space distance between geometric entities at asserted c
onnectivities');
#3250=UNCERTAINTY_MEASURE_WITH_UNIT(LENGTH_MEASURE(0.01),#3253,
'DISTANCE_ACCURACY_VALUE',
'Maximum model space distance between geometric entities at asserted c
onnectivities');
#3251=(
GEOMETRIC_REPRESENTATION_CONTEXT(3)
GLOBAL_UNCERTAINTY_ASSIGNED_CONTEXT((#3249))
GLOBAL_UNIT_ASSIGNED_CONTEXT((#3253,#3255,#3256))
REPRESENTATION_CONTEXT('','3D')
);
#3252=(
GEOMETRIC_REPRESENTATION_CONTEXT(3)
GLOBAL_UNCERTAINTY_ASSIGNED_CONTEXT((#3250))
GLOBAL_UNIT_ASSIGNED_CONTEXT((#3253,#3255,#3256))
REPRESENTATION_CONTEXT('','3D')
);
#3253=(
LENGTH_UNIT()
NAMED_UNIT(*)
SI_UNIT(.MILLI.,.METRE.)
);
#3254=(
LENGTH_UNIT()
NAMED_UNIT(*)
SI_UNIT($,.METRE.)
);
#3255=(
NAMED_UNIT(*)
PLANE_ANGLE_UNIT()
SI_UNIT($,.RADIAN.)
);
#3256=(
NAMED_UNIT(*)
SI_UNIT($,.STERADIAN.)
SOLID_ANGLE_UNIT()
);
#3257=SHAPE_DEFINITION_REPRESENTATION(#3258,#3259);
#3258=PRODUCT_DEFINITION_SHAPE('',$,#3261);
#3259=SHAPE_REPRESENTATION('',(#937),#3251);
#3260=PRODUCT_DEFINITION_CONTEXT('part definition',#3265,'design');
#3261=PRODUCT_DEFINITION('2026-09-07-12-39-05-552','Plant Watering',#3262,
#3260);
#3262=PRODUCT_DEFINITION_FORMATION('',$,#3267);
#3263=PRODUCT_RELATED_PRODUCT_CATEGORY('Plant Watering',
'Plant Watering',(#3267));
#3264=APPLICATION_PROTOCOL_DEFINITION('international standard',
'automotive_design',2009,#3265);
#3265=APPLICATION_CONTEXT(
'Core Data for Automotive Mechanical Design Process');
#3266=PRODUCT_CONTEXT('part definition',#3265,'mechanical');
#3267=PRODUCT('2026-09-07-12-39-05-552','Plant Watering',$,(#3266));
#3268=PRESENTATION_STYLE_ASSIGNMENT((#3271));
#3269=PRESENTATION_STYLE_ASSIGNMENT((#3272));
#3270=PRESENTATION_STYLE_ASSIGNMENT((#3273));
#3271=SURFACE_STYLE_USAGE(.BOTH.,#3274);
#3272=SURFACE_STYLE_USAGE(.BOTH.,#3275);
#3273=SURFACE_STYLE_USAGE(.BOTH.,#3276);
#3274=SURFACE_SIDE_STYLE('',(#3277));
#3275=SURFACE_SIDE_STYLE('',(#3278));
#3276=SURFACE_SIDE_STYLE('',(#3279));
#3277=SURFACE_STYLE_FILL_AREA(#3280);
#3278=SURFACE_STYLE_FILL_AREA(#3281);
#3279=SURFACE_STYLE_FILL_AREA(#3282);
#3280=FILL_AREA_STYLE('Steel - Satin',(#3283));
#3281=FILL_AREA_STYLE('Paint - Enamel Glossy (Red)',(#3284));
#3282=FILL_AREA_STYLE('Paint - Enamel Glossy (White)',(#3285));
#3283=FILL_AREA_STYLE_COLOUR('Steel - Satin',#3286);
#3284=FILL_AREA_STYLE_COLOUR('Paint - Enamel Glossy (Red)',#3287);
#3285=FILL_AREA_STYLE_COLOUR('Paint - Enamel Glossy (White)',#3288);
#3286=COLOUR_RGB('Steel - Satin',0.627450980392157,0.627450980392157,0.627450980392157);
#3287=COLOUR_RGB('Paint - Enamel Glossy (Red)',0.768627450980392,0.207843137254902,
0.152941176470588);
#3288=COLOUR_RGB('Paint - Enamel Glossy (White)',0.964705882352941,0.964705882352941,
0.952941176470588);
ENDSEC;
END-ISO-10303-21;
